{"section_number":"103.105","edition_id":"1","section_id":"1602","structure_id":"33","catch_line":"Dancing Academies.","history":"","full_text":"\u00a0 DANCING ACADEMIES.\n\n\t(a)\tDefinitions.\u00a0 As used in this article:\n\n\t1.\t\u201cDANCING ACADEMY\u201d means a regularly established place of business maintained or conducted principally for the purpose of giving instructions in dancing.\n\n\t(b)\tPermit Required.\u00a0 No person shall engage in, manage, conduct, maintain, or carry on the business of furnishing a place where instruction in dancing is given without a written permit from the Board.\n\n\t(c)\tChange of Location.\u00a0 A change of location may be endorsed on a permit by the Board upon written application by the permittee accompanied by the change of location fee prescribed in Section 103.12.\n\n\t(d)\tInvitational Dance.\u00a0 Persons other than those receiving regular instruction therein may be admitted to a dance, ball or dance instruction at a dancing academy by bona fide written invitation.\u00a0 Such invitation must be issued to a person named therein prior to the date specified in the invitation.\u00a0 Only the named person and not more than two other guests may be admitted by such invitation.\u00a0 The invitation shall be surrendered to a doorkeeper or ticket taker at the entrance to the dancing academy.\n\n\tThe invitee shall write the names and addresses of his guests on the back of the invitation before presentation to the doorkeeper or ticket taker. Nothing in this section shall apply to the admission to a dancing academy of musicians or other persons regularly employed in the conduct of the dance, ball or dancing instruction.\n\n\t(e)\tPublic Dance \u2013 Unless Invitations.\u00a0 Every dance or ball given by a dancing academy for or to which former pupils of such academy are admitted shall be deemed to be a public dance unless all the provisions in this section concerning the issuance of invitations are complied with.\n\n\t(f)\tRegister Required.\u00a0 Every person conducting, maintaining or carrying on a dancing academy shall keep at all times a register of all persons instructed in dancing therein, in which shall be entered:\n\n\t1.\tThe name of each and every such person;\n\n\t2.\tThe time when such instruction begins;\n\n\t3.\tThe time when the same terminates;\n\n\t4.\tThe dates upon which instruction is given or contracted to be given;\n\n\t5.\tIn the case of a female minor under the age of 18 years or a male minor under the age of 17 years, the name of the parent or guardian or other person exercising parental control over such minor with whom the contract for instruction for dancing was made on behalf of such minor.\u00a0 Said register shall be at all time open to the inspection of the Chief of Police and the members of the Police Department.\n\n\t(g)\tIntoxicating Liquor, Sale of.\u00a0 No person shall sell, furnish, serve or give away any intoxicating liquor in any dancing academy or in any room or place connected with or used in connection with any such dancing academy or at any place upon the same premises or within the same enclosure in which such dancing academy is situated while dancing or dancing instruction is being carried on.\n\n\t(h)\tInvitations\u00a0 \u2013 Writing False Names.\u00a0 No person shall write upon an invitation a false name or any name other than the true name of the persons accompanying the holder of any invitation as provided in this section.\n\n\t(i)\tIllumination.\u00a0 No permittee or his employees shall hold or conduct any dance or instruction in dancing in any dancing academy after sunset unless the room or hall in which the dance or instruction in dancing is held is well lighted at all times. The intensity of such lighting shall not be less than a minimum of one foot candle at a plane three feet above the floor at all points on such floor\n\n\t(j)\tShutting Off Light.\u00a0 No person shall shut or turn off the lights or lighting or reduce the intensity below the minimum in Subsection (i).","order_by":"105","ancestry":{"1":{"id":"33","name":"Police Permit Regulation","identifier":"3","label":"article","url":"\/10\/3\/"},"2":{"id":"29","name":"Business Regulations","identifier":"10","label":"chapter","url":"\/10\/"}},"structure_contents":{"0":{"id":"1971","structure_id":"33","section_number":"103.00","catch_line":"Scope.","url":"\/103.00\/","token":"103.00"},"1":{"id":"2728","structure_id":"33","section_number":"103.01","catch_line":"Definitions.","url":"\/103.01\/","token":"103.01"},"2":{"id":"3947","structure_id":"33","section_number":"103.02","catch_line":"Permit Required.","url":"\/103.02\/","token":"103.02"},"3":{"id":"1237","structure_id":"33","section_number":"103.02.1","catch_line":"Permit Applications.","url":"\/103.02.1\/","token":"103.02.1"},"4":{"id":"3529","structure_id":"33","section_number":"103.03","catch_line":"Public Hearings.","url":"\/103.03\/","token":"103.03"},"5":{"id":"1633","structure_id":"33","section_number":"103.04","catch_line":"False Statements.","url":"\/103.04\/","token":"103.04"},"6":{"id":"3757","structure_id":"33","section_number":"103.05","catch_line":"Overlapping Business.","url":"\/103.05\/","token":"103.05"},"7":{"id":"3124","structure_id":"33","section_number":"103.06","catch_line":"Permits \u2013 Duration.","url":"\/103.06\/","token":"103.06"},"8":{"id":"2153","structure_id":"33","section_number":"103.06.1","catch_line":"Permits \u2013 Renewal.","url":"\/103.06.1\/","token":"103.06.1"},"9":{"id":"626","structure_id":"33","section_number":"103.06.2","catch_line":"Temporary Permits.","url":"\/103.06.2\/","token":"103.06.2"},"10":{"id":"2080","structure_id":"33","section_number":"103.07","catch_line":"Permits \u2013 Annual Fee.","url":"\/103.07\/","token":"103.07"},"11":{"id":"935","structure_id":"33","section_number":"103.08","catch_line":"Permits Non-Transferable.","url":"\/103.08\/","token":"103.08"},"12":{"id":"1789","structure_id":"33","section_number":"103.09","catch_line":"Permit For Each Location.","url":"\/103.09\/","token":"103.09"},"13":{"id":"1610","structure_id":"33","section_number":"103.10","catch_line":"Change Of Location.","url":"\/103.10\/","token":"103.10"},"14":{"id":"2237","structure_id":"33","section_number":"103.11","catch_line":"Additional Locations.","url":"\/103.11\/","token":"103.11"},"15":{"id":"4168","structure_id":"33","section_number":"103.12","catch_line":"Fees.","url":"\/103.12\/","token":"103.12"},"16":{"id":"2834","structure_id":"33","section_number":"103.13","catch_line":"Records.","url":"\/103.13\/","token":"103.13"},"17":{"id":"1926","structure_id":"33","section_number":"103.14","catch_line":"Inspection.","url":"\/103.14\/","token":"103.14"},"18":{"id":"3867","structure_id":"33","section_number":"103.15","catch_line":"Reports.","url":"\/103.15\/","token":"103.15"},"19":{"id":"1179","structure_id":"33","section_number":"103.16","catch_line":"Property.","url":"\/103.16\/","token":"103.16"},"20":{"id":"2714","structure_id":"33","section_number":"103.17","catch_line":"Advertising.","url":"\/103.17\/","token":"103.17"},"21":{"id":"4164","structure_id":"33","section_number":"103.18","catch_line":"Permittee \u2013 Responsibility.","url":"\/103.18\/","token":"103.18"},"22":{"id":"1396","structure_id":"33","section_number":"103.19","catch_line":"Signs Required.","url":"\/103.19\/","token":"103.19"},"23":{"id":"3238","structure_id":"33","section_number":"103.20","catch_line":"Display Of Permit.","url":"\/103.20\/","token":"103.20"},"24":{"id":"663","structure_id":"33","section_number":"103.21","catch_line":"Change In Owner Information.","url":"\/103.21\/","token":"103.21"},"25":{"id":"1862","structure_id":"33","section_number":"103.22","catch_line":"Identification Cards.","url":"\/103.22\/","token":"103.22"},"26":{"id":"57","structure_id":"33","section_number":"103.23","catch_line":"Surrender Of Permits.","url":"\/103.23\/","token":"103.23"},"27":{"id":"1606","structure_id":"33","section_number":"103.24","catch_line":"Hours Of Business.","url":"\/103.24\/","token":"103.24"},"28":{"id":"3896","structure_id":"33","section_number":"103.25","catch_line":"Doing Business With Minor.","url":"\/103.25\/","token":"103.25"},"29":{"id":"3138","structure_id":"33","section_number":"103.26","catch_line":"True Name, Age And Address.","url":"\/103.26\/","token":"103.26"},"30":{"id":"233","structure_id":"33","section_number":"103.27","catch_line":"Administration.","url":"\/103.27\/","token":"103.27"},"31":{"id":"2008","structure_id":"33","section_number":"103.28","catch_line":"Investigation By Board.","url":"\/103.28\/","token":"103.28"},"32":{"id":"3636","structure_id":"33","section_number":"103.29","catch_line":"Timing Of Action On Application.","url":"\/103.29\/","token":"103.29"},"33":{"id":"1985","structure_id":"33","section_number":"103.29.01","catch_line":"Executive Director Action On Application.","url":"\/103.29.01\/","token":"103.29.01"},"34":{"id":"3913","structure_id":"33","section_number":"103.30","catch_line":"Effect Of Granting Permit.","url":"\/103.30\/","token":"103.30"},"35":{"id":"1563","structure_id":"33","section_number":"103.31","catch_line":"Denial Of Application.","url":"\/103.31\/","token":"103.31"},"36":{"id":"608","structure_id":"33","section_number":"103.31.1","catch_line":"Final Decisions.","url":"\/103.31.1\/","token":"103.31.1"},"37":{"id":"2525","structure_id":"33","section_number":"103.31.2","catch_line":"Effective Date Of Notices.","url":"\/103.31.2\/","token":"103.31.2"},"38":{"id":"3821","structure_id":"33","section_number":"103.32","catch_line":"Denial \u2013Notice To Applicant.","url":"\/103.32\/","token":"103.32"},"39":{"id":"569","structure_id":"33","section_number":"103.33","catch_line":"Hearing On Denial \u2013 Request By Applicant.","url":"\/103.33\/","token":"103.33"},"40":{"id":"3240","structure_id":"33","section_number":"103.34","catch_line":"Suspension Or Revocation Of Permits Issued Under This Article.","url":"\/103.34\/","token":"103.34"},"41":{"id":"3508","structure_id":"33","section_number":"103.34.1","catch_line":"Suspension Or Revocation Of Permits Issued Pursuant To Sections 103.101.1, 103.102 And 103.109.","url":"\/103.34.1\/","token":"103.34.1"},"42":{"id":"3371","structure_id":"33","section_number":"103.34.2","catch_line":"Judicial Review Of Board Action On Applications And Permits Subject To Sections 103.101.1, 103.102 And 103.109.","url":"\/103.34.2\/","token":"103.34.2"},"43":{"id":"2882","structure_id":"33","section_number":"103.35","catch_line":"Disciplinary Action \u2013 Grounds.","url":"\/103.35\/","token":"103.35"},"44":{"id":"214","structure_id":"33","section_number":"103.36","catch_line":"Suspension Or Revocation Without Hearing.","url":"\/103.36\/","token":"103.36"},"45":{"id":"2189","structure_id":"33","section_number":"103.37","catch_line":"Suspension Or Revocation \u2013 Effect On Other Permits.","url":"\/103.37\/","token":"103.37"},"46":{"id":"4000","structure_id":"33","section_number":"103.38","catch_line":"New Permit Application After Denial Or Revocation.","url":"\/103.38\/","token":"103.38"},"47":{"id":"755","structure_id":"33","section_number":"103.39","catch_line":"Cancelled Or Suspended Permit \u2013 Jurisdiction Of The Board.","url":"\/103.39\/","token":"103.39"},"48":{"id":"3036","structure_id":"33","section_number":"103.40","catch_line":"Pending Revocation Or Suspension Proceedings \u2013 Effect On Permittee.","url":"\/103.40\/","token":"103.40"},"49":{"id":"2541","structure_id":"33","section_number":"103.40.1","catch_line":"Power Of Board To Limit And\/Or Condition A Permit.","url":"\/103.40.1\/","token":"103.40.1"},"50":{"id":"3520","structure_id":"33","section_number":"103.40.2","catch_line":"Subject Matter Of Limitations And\/Or Conditions To A Permit.","url":"\/103.40.2\/","token":"103.40.2"},"51":{"id":"982","structure_id":"33","section_number":"103.41","catch_line":"Prior Acts No Bar To Board Action.","url":"\/103.41\/","token":"103.41"},"52":{"id":"911","structure_id":"33","section_number":"103.42","catch_line":"Stolen Property \u2013 Investigation.","url":"\/103.42\/","token":"103.42"},"53":{"id":"2845","structure_id":"33","section_number":"103.43","catch_line":"Record Search \u2013 Charge Authorized.","url":"\/103.43\/","token":"103.43"},"54":{"id":"102","structure_id":"33","section_number":"103.44","catch_line":"Instructional Materials \u2013 Custody \u2013 Fees For Rental Or Sale.","url":"\/103.44\/","token":"103.44"},"55":{"id":"2184","structure_id":"33","section_number":"103.101","catch_line":"Picture Arcade.","url":"\/103.101\/","token":"103.101"},"56":{"id":"845","structure_id":"33","section_number":"103.101.1","catch_line":"Picture Arcade Permits And Regulations.","url":"\/103.101.1\/","token":"103.101.1"},"57":{"id":"3778","structure_id":"33","section_number":"103.101.2","catch_line":"Compliance By Existing Permittees.","url":"\/103.101.2\/","token":"103.101.2"},"58":{"id":"445","structure_id":"33","section_number":"103.101.3","catch_line":"Game Arcade.","url":"\/103.101.3\/","token":"103.101.3"},"59":{"id":"3234","structure_id":"33","section_number":"103.101.4","catch_line":"Cyber Caf\u00c9S.","url":"\/103.101.4\/","token":"103.101.4"},"60":{"id":"1486","structure_id":"33","section_number":"103.102","catch_line":"Cafe Entertainment And Shows.","url":"\/103.102\/","token":"103.102"},"61":{"id":"3379","structure_id":"33","section_number":"103.102.1","catch_line":"Additional Regulations.","url":"\/103.102.1\/","token":"103.102.1"},"62":{"id":"3638","structure_id":"33","section_number":"103.102.2","catch_line":"Compliance By Existing Permittees And Effect Of Noncompliance.","url":"\/103.102.2\/","token":"103.102.2"},"63":{"id":"2551","structure_id":"33","section_number":"103.103","catch_line":"Card Club \u2013 Social Card Club \u2013 Card School.","url":"\/103.103\/","token":"103.103"},"64":{"id":"2151","structure_id":"33","section_number":"103.104","catch_line":"Carnivals.","url":"\/103.104\/","token":"103.104"},"65":{"id":"1602","structure_id":"33","section_number":"103.105","catch_line":"Dancing Academies.","url":"\/103.105\/","token":"103.105"},"66":{"id":"1052","structure_id":"33","section_number":"103.106","catch_line":"Dance Halls, Dancing Clubs, Public Dances.","url":"\/103.106\/","token":"103.106"},"67":{"id":"2839","structure_id":"33","section_number":"103.106.1","catch_line":"Hostess Dance Hall.","url":"\/103.106.1\/","token":"103.106.1"},"68":{"id":"3668","structure_id":"33","section_number":"103.107","catch_line":"Escort Bureaus.","url":"\/103.107\/","token":"103.107"},"69":{"id":"268","structure_id":"33","section_number":"103.107.1","catch_line":"Escort \u2013 Permit Required.","url":"\/103.107.1\/","token":"103.107.1"},"70":{"id":"1084","structure_id":"33","section_number":"103.109","catch_line":"Motion Picture Shows.","url":"\/103.109\/","token":"103.109"},"71":{"id":"94","structure_id":"33","section_number":"103.111","catch_line":"Parades And Assemblies.","url":"\/103.111\/","token":"103.111"},"72":{"id":"3445","structure_id":"33","section_number":"103.112","catch_line":"Billiard Rooms, Poolrooms, Bowling Alleys.","url":"\/103.112\/","token":"103.112"},"73":{"id":"3049","structure_id":"33","section_number":"103.112.1","catch_line":"Family Billiard Rooms.","url":"\/103.112.1\/","token":"103.112.1"},"74":{"id":"277","structure_id":"33","section_number":"103.113","catch_line":"Rides.","url":"\/103.113\/","token":"103.113"},"75":{"id":"442","structure_id":"33","section_number":"103.115","catch_line":"Skating Rinks.","url":"\/103.115\/","token":"103.115"},"76":{"id":"2194","structure_id":"33","section_number":"103.116","catch_line":"Games Of Skill And Science.","url":"\/103.116\/","token":"103.116"},"77":{"id":"384","structure_id":"33","section_number":"103.117","catch_line":"Rifle Range \u2013 Shooting Gallery.","url":"\/103.117\/","token":"103.117"},"78":{"id":"1306","structure_id":"33","section_number":"103.118","catch_line":"Teenage Dances.","url":"\/103.118\/","token":"103.118"},"79":{"id":"2754","structure_id":"33","section_number":"103.120","catch_line":"Soundproofing Of Places Of Amusement \u2013 When Required.","url":"\/103.120\/","token":"103.120"},"80":{"id":"2832","structure_id":"33","section_number":"103.202","catch_line":"Automobile Parking Lots.","url":"\/103.202\/","token":"103.202"},"81":{"id":"2880","structure_id":"33","section_number":"103.204","catch_line":"Towing Operation.","url":"\/103.204\/","token":"103.204"},"82":{"id":"4074","structure_id":"33","section_number":"103.204.1","catch_line":"Tow Unit Operators.","url":"\/103.204.1\/","token":"103.204.1"},"83":{"id":"448","structure_id":"33","section_number":"103.205","catch_line":"Massage Therapy.","url":"\/103.205\/","token":"103.205"},"84":{"id":"3536","structure_id":"33","section_number":"103.205.1","catch_line":"Massage Therapists.","url":"\/103.205.1\/","token":"103.205.1"},"85":{"id":"2047","structure_id":"33","section_number":"103.205.2","catch_line":"Baths.","url":"\/103.205.2\/","token":"103.205.2"},"86":{"id":"687","structure_id":"33","section_number":"103.206","catch_line":"Alarm Systems.","url":"\/103.206\/","token":"103.206"},"87":{"id":"2780","structure_id":"33","section_number":"103.206.1","catch_line":"Alarm Company Operators.","url":"\/103.206.1\/","token":"103.206.1"},"88":{"id":"3551","structure_id":"33","section_number":"103.206.2","catch_line":"Commercial Unsecured Buildings.","url":"\/103.206.2\/","token":"103.206.2"},"89":{"id":"2339","structure_id":"33","section_number":"103.208","catch_line":"Key Duplicator.","url":"\/103.208\/","token":"103.208"},"90":{"id":"2609","structure_id":"33","section_number":"103.211","catch_line":"Handbill Distribution.","url":"\/103.211\/","token":"103.211"},"91":{"id":"1701","structure_id":"33","section_number":"103.212","catch_line":"Soliciting \u2013 Peace Officers\u2019 And Firefighters\u2019 Organizations \u2013 Permits.","url":"\/103.212\/","token":"103.212"},"92":{"id":"3677","structure_id":"33","section_number":"103.213","catch_line":"Figure Studios.","url":"\/103.213\/","token":"103.213"},"93":{"id":"966","structure_id":"33","section_number":"103.301","catch_line":"Antique Shops.","url":"\/103.301\/","token":"103.301"},"94":{"id":"1483","structure_id":"33","section_number":"103.301.1","catch_line":"Antique Show Or Collectors Exchange Show.","url":"\/103.301.1\/","token":"103.301.1"},"95":{"id":"3136","structure_id":"33","section_number":"103.304","catch_line":"Junk Collectors.","url":"\/103.304\/","token":"103.304"},"96":{"id":"3016","structure_id":"33","section_number":"103.305","catch_line":"Junk Dealers.","url":"\/103.305\/","token":"103.305"},"97":{"id":"3600","structure_id":"33","section_number":"103.306","catch_line":"Pawnbroker.","url":"\/103.306\/","token":"103.306"},"98":{"id":"1834","structure_id":"33","section_number":"103.307","catch_line":"Rummage Sale.","url":"\/103.307\/","token":"103.307"},"99":{"id":"1830","structure_id":"33","section_number":"103.308","catch_line":"Sales \u2013 Fire And Closing Out.","url":"\/103.308\/","token":"103.308"},"100":{"id":"236","structure_id":"33","section_number":"103.309","catch_line":"Secondhand Auto Parts Dealer.","url":"\/103.309\/","token":"103.309"},"101":{"id":"3361","structure_id":"33","section_number":"103.310","catch_line":"Secondhand Book Dealers.","url":"\/103.310\/","token":"103.310"},"102":{"id":"3558","structure_id":"33","section_number":"103.311","catch_line":"Secondhand Dealers.","url":"\/103.311\/","token":"103.311"},"103":{"id":"3738","structure_id":"33","section_number":"103.311.1","catch_line":"Firearms Sales By Secondhand Dealers Prohibited.","url":"\/103.311.1\/","token":"103.311.1"},"104":{"id":"2476","structure_id":"33","section_number":"103.314","catch_line":"Sellers Of Firearms.","url":"\/103.314\/","token":"103.314"},"105":{"id":"3698","structure_id":"33","section_number":"103.314.1","catch_line":"Sellers Of Firearm Ammunition.","url":"\/103.314.1\/","token":"103.314.1"}},"next_section":{"id":"1052","structure_id":"33","section_number":"103.106","catch_line":"Dance Halls, Dancing Clubs, Public Dances.","url":"\/103.106\/","token":"103.106"},"metadata":false,"references":false,"url":"\/103.105\/","token":"103.105","formats":{"txt":"\/103.105.txt","json":"\/103.105.xml"},"dublin_core":{"Title":"Dancing Academies.","Type":"Text","Format":"text\/html","Identifier":"\u00a7 103.105","Relation":"Los Angeles Municipal Code"},"plain_text":"                            LOS ANGELES MUNICIPAL CODE\n\nDANCING ACADEMIES. (\u00a7 103.105)\n\n\u00a0 DANCING ACADEMIES.\t(a)\tDefinitions.\u00a0 As used in this article:\t1.\t\u201cDANCING\nACADEMY\u201d means a regularly established place of business maintained or\nconducted principally for the purpose of giving instructions in\ndancing.\t(b)\tPermit Required.\u00a0 No person shall engage in, manage, conduct,\nmaintain, or carry on the business of furnishing a place where instruction in\ndancing is given without a written permit from the Board.\t(c)\tChange of\nLocation.\u00a0 A change of location may be endorsed on a permit by the Board upon\nwritten application by the permittee accompanied by the change of location fee\nprescribed in Section 103.12.\t(d)\tInvitational Dance.\u00a0 Persons other than those\nreceiving regular instruction therein may be admitted to a dance, ball or dance\ninstruction at a dancing academy by bona fide written invitation.\u00a0 Such\ninvitation must be issued to a person named therein prior to the date specified\nin the invitation.\u00a0 Only the named person and not more than two other guests\nmay be admitted by such invitation.\u00a0 The invitation shall be surrendered to a\ndoorkeeper or ticket taker at the entrance to the dancing academy.\tThe invitee\nshall write the names and addresses of his guests on the back of the invitation\nbefore presentation to the doorkeeper or ticket taker. Nothing in this section\nshall apply to the admission to a dancing academy of musicians or other persons\nregularly employed in the conduct of the dance, ball or dancing\ninstruction.\t(e)\tPublic Dance \u2013 Unless Invitations.\u00a0 Every dance or ball\ngiven by a dancing academy for or to which former pupils of such academy are\nadmitted shall be deemed to be a public dance unless all the provisions in this\nsection concerning the issuance of invitations are complied with.\t(f)\tRegister\nRequired.\u00a0 Every person conducting, maintaining or carrying on a dancing\nacademy shall keep at all times a register of all persons instructed in dancing\ntherein, in which shall be entered:\t1.\tThe name of each and every such\nperson;\t2.\tThe time when such instruction begins;\t3.\tThe time when the same\nterminates;\t4.\tThe dates upon which instruction is given or contracted to be\ngiven;\t5.\tIn the case of a female minor under the age of 18 years or a male\nminor under the age of 17 years, the name of the parent or guardian or other\nperson exercising parental control over such minor with whom the contract for\ninstruction for dancing was made on behalf of such minor.\u00a0 Said register shall\nbe at all time open to the inspection of the Chief of Police and the members of\nthe Police Department.\t(g)\tIntoxicating Liquor, Sale of.\u00a0 No person shall sell,\nfurnish, serve or give away any intoxicating liquor in any dancing academy or in\nany room or place connected with or used in connection with any such dancing\nacademy or at any place upon the same premises or within the same enclosure in\nwhich such dancing academy is situated while dancing or dancing instruction is\nbeing carried on.\t(h)\tInvitations\u00a0 \u2013 Writing False Names.\u00a0 No person shall\nwrite upon an invitation a false name or any name other than the true name of\nthe persons accompanying the holder of any invitation as provided in this\nsection.\t(i)\tIllumination.\u00a0 No permittee or his employees shall hold or conduct\nany dance or instruction in dancing in any dancing academy after sunset unless\nthe room or hall in which the dance or instruction in dancing is held is well\nlighted at all times. The intensity of such lighting shall not be less than a\nminimum of one foot candle at a plane three feet above the floor at all points\non such floor\t(j)\tShutting Off Light.\u00a0 No person shall shut or turn off the\nlights or lighting or reduce the intensity below the minimum in Subsection (i).\n","html":"\n\t\t\t\t\t<section><p>\u00a0 DANCING ACADEMIES.<br \/><br \/>\t(a)\tDefinitions.\u00a0 As used in this article:<br \/><br \/>\t1.\t\u201cDANCING ACADEMY\u201d means a regularly established place of business maintained or conducted principally for the purpose of giving instructions in dancing.<br \/><br \/>\t(b)\tPermit Required.\u00a0 No person shall engage in, manage, conduct, maintain, or carry on the business of furnishing a place where instruction in dancing is given without a written permit from the Board.<br \/><br \/>\t(c)\tChange of Location.\u00a0 A change of location may be endorsed on a permit by the Board upon written application by the permittee accompanied by the change of location fee prescribed in Section 103.12.<br \/><br \/>\t(d)\tInvitational Dance.\u00a0 Persons other than those receiving regular instruction therein may be admitted to a dance, ball or dance instruction at a dancing academy by bona fide written invitation.\u00a0 Such invitation must be issued to a person named therein prior to the date specified in the invitation.\u00a0 Only the named person and not more than two other guests may be admitted by such invitation.\u00a0 The invitation shall be surrendered to a doorkeeper or ticket taker at the entrance to the dancing academy.<br \/><br \/>\tThe invitee shall write the names and addresses of his guests on the back of the invitation before presentation to the doorkeeper or ticket taker. Nothing in this section shall apply to the admission to a dancing academy of musicians or other persons regularly employed in the conduct of the dance, ball or dancing instruction.<br \/><br \/>\t(e)\tPublic Dance \u2013 Unless Invitations.\u00a0 Every dance or ball given by a dancing academy for or to which former pupils of such academy are admitted shall be deemed to be a public dance unless all the provisions in this section concerning the issuance of invitations are complied with.<br \/><br \/>\t(f)\tRegister Required.\u00a0 Every person conducting, maintaining or carrying on a dancing academy shall keep at all times a register of all persons instructed in dancing therein, in which shall be entered:<br \/><br \/>\t1.\tThe name of each and every such person;<br \/><br \/>\t2.\tThe time when such instruction begins;<br \/><br \/>\t3.\tThe time when the same terminates;<br \/><br \/>\t4.\tThe dates upon which instruction is given or contracted to be given;<br \/><br \/>\t5.\tIn the case of a female <span class=\"dictionary\">minor<\/span> under the age of 18 years or a male <span class=\"dictionary\">minor<\/span> under the age of 17 years, the name of the parent or guardian or other person exercising parental control over such <span class=\"dictionary\">minor<\/span> with whom the <span class=\"dictionary\">contract<\/span> for instruction for dancing was made on behalf of such <span class=\"dictionary\">minor<\/span>.\u00a0 Said register shall be at all time open to the inspection of the Chief of Police and the members of the Police Department.<br \/><br \/>\t(g)\tIntoxicating Liquor, Sale of.\u00a0 No person shall sell, furnish, serve or give away any intoxicating liquor in any dancing academy or in any room or place connected with or used in connection with any such dancing academy or at any place upon the same premises or within the same enclosure in which such dancing academy is situated while dancing or dancing instruction is being carried on.<br \/><br \/>\t(h)\tInvitations\u00a0 \u2013 Writing False Names.\u00a0 No person shall write upon an invitation a false name or any name other than the true name of the persons accompanying the holder of any invitation as provided in this section.<br \/><br \/>\t(i)\tIllumination.\u00a0 No permittee or his employees shall hold or conduct any dance or instruction in dancing in any dancing academy after sunset unless the room or hall in which the dance or instruction in dancing is held is well lighted at all times. The intensity of such lighting shall not be less than a minimum of one foot candle at a plane three feet above the floor at all points on such floor<br \/><br \/>\t(j)\tShutting Off Light.\u00a0 No person shall shut or turn off the lights or lighting or reduce the intensity below the minimum in Subsection (i).<\/p><\/section>","previous_section":{"id":"2151","structure_id":"33","section_number":"103.104","catch_line":"Carnivals.","url":"\/103.104\/","token":"103.104"},"text":{"0":{"id":"1588","text":"\u00a0 DANCING ACADEMIES.\t(a)\tDefinitions.\u00a0 As used in this article:\t1.\t\u201cDANCING ACADEMY\u201d means a regularly established place of business maintained or conducted principally for the purpose of giving instructions in dancing.\t(b)\tPermit Required.\u00a0 No person shall engage in, manage, conduct, maintain, or carry on the business of furnishing a place where instruction in dancing is given without a written permit from the Board.\t(c)\tChange of Location.\u00a0 A change of location may be endorsed on a permit by the Board upon written application by the permittee accompanied by the change of location fee prescribed in Section 103.12.\t(d)\tInvitational Dance.\u00a0 Persons other than those receiving regular instruction therein may be admitted to a dance, ball or dance instruction at a dancing academy by bona fide written invitation.\u00a0 Such invitation must be issued to a person named therein prior to the date specified in the invitation.\u00a0 Only the named person and not more than two other guests may be admitted by such invitation.\u00a0 The invitation shall be surrendered to a doorkeeper or ticket taker at the entrance to the dancing academy.\tThe invitee shall write the names and addresses of his guests on the back of the invitation before presentation to the doorkeeper or ticket taker. Nothing in this section shall apply to the admission to a dancing academy of musicians or other persons regularly employed in the conduct of the dance, ball or dancing instruction.\t(e)\tPublic Dance \u2013 Unless Invitations.\u00a0 Every dance or ball given by a dancing academy for or to which former pupils of such academy are admitted shall be deemed to be a public dance unless all the provisions in this section concerning the issuance of invitations are complied with.\t(f)\tRegister Required.\u00a0 Every person conducting, maintaining or carrying on a dancing academy shall keep at all times a register of all persons instructed in dancing therein, in which shall be entered:\t1.\tThe name of each and every such person;\t2.\tThe time when such instruction begins;\t3.\tThe time when the same terminates;\t4.\tThe dates upon which instruction is given or contracted to be given;\t5.\tIn the case of a female minor under the age of 18 years or a male minor under the age of 17 years, the name of the parent or guardian or other person exercising parental control over such minor with whom the contract for instruction for dancing was made on behalf of such minor.\u00a0 Said register shall be at all time open to the inspection of the Chief of Police and the members of the Police Department.\t(g)\tIntoxicating Liquor, Sale of.\u00a0 No person shall sell, furnish, serve or give away any intoxicating liquor in any dancing academy or in any room or place connected with or used in connection with any such dancing academy or at any place upon the same premises or within the same enclosure in which such dancing academy is situated while dancing or dancing instruction is being carried on.\t(h)\tInvitations\u00a0 \u2013 Writing False Names.\u00a0 No person shall write upon an invitation a false name or any name other than the true name of the persons accompanying the holder of any invitation as provided in this section.\t(i)\tIllumination.\u00a0 No permittee or his employees shall hold or conduct any dance or instruction in dancing in any dancing academy after sunset unless the room or hall in which the dance or instruction in dancing is held is well lighted at all times. The intensity of such lighting shall not be less than a minimum of one foot candle at a plane three feet above the floor at all points on such floor\t(j)\tShutting Off Light.\u00a0 No person shall shut or turn off the lights or lighting or reduce the intensity below the minimum in Subsection (i).","type":"section","prefixes":[""],"prefix":"","entire_prefix":"","prefix_anchor":"","level":1}}}