{"section_number":"103.25","edition_id":"1","section_id":"3896","structure_id":"33","catch_line":"Doing Business With Minor.","history":"","full_text":"\u00a0 DOING BUSINESS WITH MINOR.\n\n\tNo permittee engaging in, managing conducting or carrying on the business of a junk dealer, junk collector, secondhand dealer, secondhand dealer-jewelry, or pawnbroker, or his employee or agent shall receive, buy, trade, exchange, or otherwise acquire an interest in any goods or thing, from any person under the age of 18 years. Any statement made to such permittee, employee or agent by a person under the age of 18 years to the effect that he is over the age of 18 years shall not excuse such permittee or employee from any violation of this provision.","order_by":"25","ancestry":{"1":{"id":"33","name":"Police Permit Regulation","identifier":"3","label":"article","url":"\/10\/3\/"},"2":{"id":"29","name":"Business Regulations","identifier":"10","label":"chapter","url":"\/10\/"}},"structure_contents":{"0":{"id":"1971","structure_id":"33","section_number":"103.00","catch_line":"Scope.","url":"\/103.00\/","token":"103.00"},"1":{"id":"2728","structure_id":"33","section_number":"103.01","catch_line":"Definitions.","url":"\/103.01\/","token":"103.01"},"2":{"id":"3947","structure_id":"33","section_number":"103.02","catch_line":"Permit Required.","url":"\/103.02\/","token":"103.02"},"3":{"id":"1237","structure_id":"33","section_number":"103.02.1","catch_line":"Permit Applications.","url":"\/103.02.1\/","token":"103.02.1"},"4":{"id":"3529","structure_id":"33","section_number":"103.03","catch_line":"Public Hearings.","url":"\/103.03\/","token":"103.03"},"5":{"id":"1633","structure_id":"33","section_number":"103.04","catch_line":"False Statements.","url":"\/103.04\/","token":"103.04"},"6":{"id":"3757","structure_id":"33","section_number":"103.05","catch_line":"Overlapping Business.","url":"\/103.05\/","token":"103.05"},"7":{"id":"3124","structure_id":"33","section_number":"103.06","catch_line":"Permits \u2013 Duration.","url":"\/103.06\/","token":"103.06"},"8":{"id":"2153","structure_id":"33","section_number":"103.06.1","catch_line":"Permits \u2013 Renewal.","url":"\/103.06.1\/","token":"103.06.1"},"9":{"id":"626","structure_id":"33","section_number":"103.06.2","catch_line":"Temporary Permits.","url":"\/103.06.2\/","token":"103.06.2"},"10":{"id":"2080","structure_id":"33","section_number":"103.07","catch_line":"Permits \u2013 Annual Fee.","url":"\/103.07\/","token":"103.07"},"11":{"id":"935","structure_id":"33","section_number":"103.08","catch_line":"Permits Non-Transferable.","url":"\/103.08\/","token":"103.08"},"12":{"id":"1789","structure_id":"33","section_number":"103.09","catch_line":"Permit For Each Location.","url":"\/103.09\/","token":"103.09"},"13":{"id":"1610","structure_id":"33","section_number":"103.10","catch_line":"Change Of Location.","url":"\/103.10\/","token":"103.10"},"14":{"id":"2237","structure_id":"33","section_number":"103.11","catch_line":"Additional Locations.","url":"\/103.11\/","token":"103.11"},"15":{"id":"4168","structure_id":"33","section_number":"103.12","catch_line":"Fees.","url":"\/103.12\/","token":"103.12"},"16":{"id":"2834","structure_id":"33","section_number":"103.13","catch_line":"Records.","url":"\/103.13\/","token":"103.13"},"17":{"id":"1926","structure_id":"33","section_number":"103.14","catch_line":"Inspection.","url":"\/103.14\/","token":"103.14"},"18":{"id":"3867","structure_id":"33","section_number":"103.15","catch_line":"Reports.","url":"\/103.15\/","token":"103.15"},"19":{"id":"1179","structure_id":"33","section_number":"103.16","catch_line":"Property.","url":"\/103.16\/","token":"103.16"},"20":{"id":"2714","structure_id":"33","section_number":"103.17","catch_line":"Advertising.","url":"\/103.17\/","token":"103.17"},"21":{"id":"4164","structure_id":"33","section_number":"103.18","catch_line":"Permittee \u2013 Responsibility.","url":"\/103.18\/","token":"103.18"},"22":{"id":"1396","structure_id":"33","section_number":"103.19","catch_line":"Signs Required.","url":"\/103.19\/","token":"103.19"},"23":{"id":"3238","structure_id":"33","section_number":"103.20","catch_line":"Display Of Permit.","url":"\/103.20\/","token":"103.20"},"24":{"id":"663","structure_id":"33","section_number":"103.21","catch_line":"Change In Owner Information.","url":"\/103.21\/","token":"103.21"},"25":{"id":"1862","structure_id":"33","section_number":"103.22","catch_line":"Identification Cards.","url":"\/103.22\/","token":"103.22"},"26":{"id":"57","structure_id":"33","section_number":"103.23","catch_line":"Surrender Of Permits.","url":"\/103.23\/","token":"103.23"},"27":{"id":"1606","structure_id":"33","section_number":"103.24","catch_line":"Hours Of Business.","url":"\/103.24\/","token":"103.24"},"28":{"id":"3896","structure_id":"33","section_number":"103.25","catch_line":"Doing Business With Minor.","url":"\/103.25\/","token":"103.25"},"29":{"id":"3138","structure_id":"33","section_number":"103.26","catch_line":"True Name, Age And Address.","url":"\/103.26\/","token":"103.26"},"30":{"id":"233","structure_id":"33","section_number":"103.27","catch_line":"Administration.","url":"\/103.27\/","token":"103.27"},"31":{"id":"2008","structure_id":"33","section_number":"103.28","catch_line":"Investigation By Board.","url":"\/103.28\/","token":"103.28"},"32":{"id":"3636","structure_id":"33","section_number":"103.29","catch_line":"Timing Of Action On Application.","url":"\/103.29\/","token":"103.29"},"33":{"id":"1985","structure_id":"33","section_number":"103.29.01","catch_line":"Executive Director Action On Application.","url":"\/103.29.01\/","token":"103.29.01"},"34":{"id":"3913","structure_id":"33","section_number":"103.30","catch_line":"Effect Of Granting Permit.","url":"\/103.30\/","token":"103.30"},"35":{"id":"1563","structure_id":"33","section_number":"103.31","catch_line":"Denial Of Application.","url":"\/103.31\/","token":"103.31"},"36":{"id":"608","structure_id":"33","section_number":"103.31.1","catch_line":"Final Decisions.","url":"\/103.31.1\/","token":"103.31.1"},"37":{"id":"2525","structure_id":"33","section_number":"103.31.2","catch_line":"Effective Date Of Notices.","url":"\/103.31.2\/","token":"103.31.2"},"38":{"id":"3821","structure_id":"33","section_number":"103.32","catch_line":"Denial \u2013Notice To Applicant.","url":"\/103.32\/","token":"103.32"},"39":{"id":"569","structure_id":"33","section_number":"103.33","catch_line":"Hearing On Denial \u2013 Request By Applicant.","url":"\/103.33\/","token":"103.33"},"40":{"id":"3240","structure_id":"33","section_number":"103.34","catch_line":"Suspension Or Revocation Of Permits Issued Under This Article.","url":"\/103.34\/","token":"103.34"},"41":{"id":"3508","structure_id":"33","section_number":"103.34.1","catch_line":"Suspension Or Revocation Of Permits Issued Pursuant To Sections 103.101.1, 103.102 And 103.109.","url":"\/103.34.1\/","token":"103.34.1"},"42":{"id":"3371","structure_id":"33","section_number":"103.34.2","catch_line":"Judicial Review Of Board Action On Applications And Permits Subject To Sections 103.101.1, 103.102 And 103.109.","url":"\/103.34.2\/","token":"103.34.2"},"43":{"id":"2882","structure_id":"33","section_number":"103.35","catch_line":"Disciplinary Action \u2013 Grounds.","url":"\/103.35\/","token":"103.35"},"44":{"id":"214","structure_id":"33","section_number":"103.36","catch_line":"Suspension Or Revocation Without Hearing.","url":"\/103.36\/","token":"103.36"},"45":{"id":"2189","structure_id":"33","section_number":"103.37","catch_line":"Suspension Or Revocation \u2013 Effect On Other Permits.","url":"\/103.37\/","token":"103.37"},"46":{"id":"4000","structure_id":"33","section_number":"103.38","catch_line":"New Permit Application After Denial Or Revocation.","url":"\/103.38\/","token":"103.38"},"47":{"id":"755","structure_id":"33","section_number":"103.39","catch_line":"Cancelled Or Suspended Permit \u2013 Jurisdiction Of The Board.","url":"\/103.39\/","token":"103.39"},"48":{"id":"3036","structure_id":"33","section_number":"103.40","catch_line":"Pending Revocation Or Suspension Proceedings \u2013 Effect On Permittee.","url":"\/103.40\/","token":"103.40"},"49":{"id":"2541","structure_id":"33","section_number":"103.40.1","catch_line":"Power Of Board To Limit And\/Or Condition A Permit.","url":"\/103.40.1\/","token":"103.40.1"},"50":{"id":"3520","structure_id":"33","section_number":"103.40.2","catch_line":"Subject Matter Of Limitations And\/Or Conditions To A Permit.","url":"\/103.40.2\/","token":"103.40.2"},"51":{"id":"982","structure_id":"33","section_number":"103.41","catch_line":"Prior Acts No Bar To Board Action.","url":"\/103.41\/","token":"103.41"},"52":{"id":"911","structure_id":"33","section_number":"103.42","catch_line":"Stolen Property \u2013 Investigation.","url":"\/103.42\/","token":"103.42"},"53":{"id":"2845","structure_id":"33","section_number":"103.43","catch_line":"Record Search \u2013 Charge Authorized.","url":"\/103.43\/","token":"103.43"},"54":{"id":"102","structure_id":"33","section_number":"103.44","catch_line":"Instructional Materials \u2013 Custody \u2013 Fees For Rental Or Sale.","url":"\/103.44\/","token":"103.44"},"55":{"id":"2184","structure_id":"33","section_number":"103.101","catch_line":"Picture Arcade.","url":"\/103.101\/","token":"103.101"},"56":{"id":"845","structure_id":"33","section_number":"103.101.1","catch_line":"Picture Arcade Permits And Regulations.","url":"\/103.101.1\/","token":"103.101.1"},"57":{"id":"3778","structure_id":"33","section_number":"103.101.2","catch_line":"Compliance By Existing Permittees.","url":"\/103.101.2\/","token":"103.101.2"},"58":{"id":"445","structure_id":"33","section_number":"103.101.3","catch_line":"Game Arcade.","url":"\/103.101.3\/","token":"103.101.3"},"59":{"id":"3234","structure_id":"33","section_number":"103.101.4","catch_line":"Cyber Caf\u00c9S.","url":"\/103.101.4\/","token":"103.101.4"},"60":{"id":"1486","structure_id":"33","section_number":"103.102","catch_line":"Cafe Entertainment And Shows.","url":"\/103.102\/","token":"103.102"},"61":{"id":"3379","structure_id":"33","section_number":"103.102.1","catch_line":"Additional Regulations.","url":"\/103.102.1\/","token":"103.102.1"},"62":{"id":"3638","structure_id":"33","section_number":"103.102.2","catch_line":"Compliance By Existing Permittees And Effect Of Noncompliance.","url":"\/103.102.2\/","token":"103.102.2"},"63":{"id":"2551","structure_id":"33","section_number":"103.103","catch_line":"Card Club \u2013 Social Card Club \u2013 Card School.","url":"\/103.103\/","token":"103.103"},"64":{"id":"2151","structure_id":"33","section_number":"103.104","catch_line":"Carnivals.","url":"\/103.104\/","token":"103.104"},"65":{"id":"1602","structure_id":"33","section_number":"103.105","catch_line":"Dancing Academies.","url":"\/103.105\/","token":"103.105"},"66":{"id":"1052","structure_id":"33","section_number":"103.106","catch_line":"Dance Halls, Dancing Clubs, Public Dances.","url":"\/103.106\/","token":"103.106"},"67":{"id":"2839","structure_id":"33","section_number":"103.106.1","catch_line":"Hostess Dance Hall.","url":"\/103.106.1\/","token":"103.106.1"},"68":{"id":"3668","structure_id":"33","section_number":"103.107","catch_line":"Escort Bureaus.","url":"\/103.107\/","token":"103.107"},"69":{"id":"268","structure_id":"33","section_number":"103.107.1","catch_line":"Escort \u2013 Permit Required.","url":"\/103.107.1\/","token":"103.107.1"},"70":{"id":"1084","structure_id":"33","section_number":"103.109","catch_line":"Motion Picture Shows.","url":"\/103.109\/","token":"103.109"},"71":{"id":"94","structure_id":"33","section_number":"103.111","catch_line":"Parades And Assemblies.","url":"\/103.111\/","token":"103.111"},"72":{"id":"3445","structure_id":"33","section_number":"103.112","catch_line":"Billiard Rooms, Poolrooms, Bowling Alleys.","url":"\/103.112\/","token":"103.112"},"73":{"id":"3049","structure_id":"33","section_number":"103.112.1","catch_line":"Family Billiard Rooms.","url":"\/103.112.1\/","token":"103.112.1"},"74":{"id":"277","structure_id":"33","section_number":"103.113","catch_line":"Rides.","url":"\/103.113\/","token":"103.113"},"75":{"id":"442","structure_id":"33","section_number":"103.115","catch_line":"Skating Rinks.","url":"\/103.115\/","token":"103.115"},"76":{"id":"2194","structure_id":"33","section_number":"103.116","catch_line":"Games Of Skill And Science.","url":"\/103.116\/","token":"103.116"},"77":{"id":"384","structure_id":"33","section_number":"103.117","catch_line":"Rifle Range \u2013 Shooting Gallery.","url":"\/103.117\/","token":"103.117"},"78":{"id":"1306","structure_id":"33","section_number":"103.118","catch_line":"Teenage Dances.","url":"\/103.118\/","token":"103.118"},"79":{"id":"2754","structure_id":"33","section_number":"103.120","catch_line":"Soundproofing Of Places Of Amusement \u2013 When Required.","url":"\/103.120\/","token":"103.120"},"80":{"id":"2832","structure_id":"33","section_number":"103.202","catch_line":"Automobile Parking Lots.","url":"\/103.202\/","token":"103.202"},"81":{"id":"2880","structure_id":"33","section_number":"103.204","catch_line":"Towing Operation.","url":"\/103.204\/","token":"103.204"},"82":{"id":"4074","structure_id":"33","section_number":"103.204.1","catch_line":"Tow Unit Operators.","url":"\/103.204.1\/","token":"103.204.1"},"83":{"id":"448","structure_id":"33","section_number":"103.205","catch_line":"Massage Therapy.","url":"\/103.205\/","token":"103.205"},"84":{"id":"3536","structure_id":"33","section_number":"103.205.1","catch_line":"Massage Therapists.","url":"\/103.205.1\/","token":"103.205.1"},"85":{"id":"2047","structure_id":"33","section_number":"103.205.2","catch_line":"Baths.","url":"\/103.205.2\/","token":"103.205.2"},"86":{"id":"687","structure_id":"33","section_number":"103.206","catch_line":"Alarm Systems.","url":"\/103.206\/","token":"103.206"},"87":{"id":"2780","structure_id":"33","section_number":"103.206.1","catch_line":"Alarm Company Operators.","url":"\/103.206.1\/","token":"103.206.1"},"88":{"id":"3551","structure_id":"33","section_number":"103.206.2","catch_line":"Commercial Unsecured Buildings.","url":"\/103.206.2\/","token":"103.206.2"},"89":{"id":"2339","structure_id":"33","section_number":"103.208","catch_line":"Key Duplicator.","url":"\/103.208\/","token":"103.208"},"90":{"id":"2609","structure_id":"33","section_number":"103.211","catch_line":"Handbill Distribution.","url":"\/103.211\/","token":"103.211"},"91":{"id":"1701","structure_id":"33","section_number":"103.212","catch_line":"Soliciting \u2013 Peace Officers\u2019 And Firefighters\u2019 Organizations \u2013 Permits.","url":"\/103.212\/","token":"103.212"},"92":{"id":"3677","structure_id":"33","section_number":"103.213","catch_line":"Figure Studios.","url":"\/103.213\/","token":"103.213"},"93":{"id":"966","structure_id":"33","section_number":"103.301","catch_line":"Antique Shops.","url":"\/103.301\/","token":"103.301"},"94":{"id":"1483","structure_id":"33","section_number":"103.301.1","catch_line":"Antique Show Or Collectors Exchange Show.","url":"\/103.301.1\/","token":"103.301.1"},"95":{"id":"3136","structure_id":"33","section_number":"103.304","catch_line":"Junk Collectors.","url":"\/103.304\/","token":"103.304"},"96":{"id":"3016","structure_id":"33","section_number":"103.305","catch_line":"Junk Dealers.","url":"\/103.305\/","token":"103.305"},"97":{"id":"3600","structure_id":"33","section_number":"103.306","catch_line":"Pawnbroker.","url":"\/103.306\/","token":"103.306"},"98":{"id":"1834","structure_id":"33","section_number":"103.307","catch_line":"Rummage Sale.","url":"\/103.307\/","token":"103.307"},"99":{"id":"1830","structure_id":"33","section_number":"103.308","catch_line":"Sales \u2013 Fire And Closing Out.","url":"\/103.308\/","token":"103.308"},"100":{"id":"236","structure_id":"33","section_number":"103.309","catch_line":"Secondhand Auto Parts Dealer.","url":"\/103.309\/","token":"103.309"},"101":{"id":"3361","structure_id":"33","section_number":"103.310","catch_line":"Secondhand Book Dealers.","url":"\/103.310\/","token":"103.310"},"102":{"id":"3558","structure_id":"33","section_number":"103.311","catch_line":"Secondhand Dealers.","url":"\/103.311\/","token":"103.311"},"103":{"id":"3738","structure_id":"33","section_number":"103.311.1","catch_line":"Firearms Sales By Secondhand Dealers Prohibited.","url":"\/103.311.1\/","token":"103.311.1"},"104":{"id":"2476","structure_id":"33","section_number":"103.314","catch_line":"Sellers Of Firearms.","url":"\/103.314\/","token":"103.314"},"105":{"id":"3698","structure_id":"33","section_number":"103.314.1","catch_line":"Sellers Of Firearm Ammunition.","url":"\/103.314.1\/","token":"103.314.1"}},"next_section":{"id":"3138","structure_id":"33","section_number":"103.26","catch_line":"True Name, Age And Address.","url":"\/103.26\/","token":"103.26"},"metadata":false,"references":false,"url":"\/103.25\/","token":"103.25","formats":{"txt":"\/103.25.txt","json":"\/103.25.xml"},"dublin_core":{"Title":"Doing Business With Minor.","Type":"Text","Format":"text\/html","Identifier":"\u00a7 103.25","Relation":"Los Angeles Municipal Code"},"plain_text":"                            LOS ANGELES MUNICIPAL CODE\n\nDOING BUSINESS WITH MINOR. (\u00a7 103.25)\n\n\u00a0 DOING BUSINESS WITH MINOR.\tNo permittee engaging in, managing conducting or\ncarrying on the business of a junk dealer, junk collector, secondhand dealer,\nsecondhand dealer-jewelry, or pawnbroker, or his employee or agent shall\nreceive, buy, trade, exchange, or otherwise acquire an interest in any goods or\nthing, from any person under the age of 18 years. Any statement made to such\npermittee, employee or agent by a person under the age of 18 years to the effect\nthat he is over the age of 18 years shall not excuse such permittee or employee\nfrom any violation of this provision.\n","html":"\n\t\t\t\t\t<section><p>\u00a0 DOING BUSINESS WITH <span class=\"dictionary\">MINOR<\/span>.<br \/><br \/>\tNo permittee engaging in, managing conducting or carrying on the business of a junk dealer, junk collector, secondhand dealer, secondhand dealer-jewelry, or pawnbroker, or his employee or agent shall receive, buy, trade, exchange, or otherwise acquire an interest in any goods or thing, from any person under the age of 18 years. Any statement made to such permittee, employee or agent by a person under the age of 18 years to the effect that he is over the age of 18 years shall not excuse such permittee or employee from any violation of this provision.<\/p><\/section>","previous_section":{"id":"1606","structure_id":"33","section_number":"103.24","catch_line":"Hours Of Business.","url":"\/103.24\/","token":"103.24"},"text":{"0":{"id":"3870","text":"\u00a0 DOING BUSINESS WITH MINOR.\tNo permittee engaging in, managing conducting or carrying on the business of a junk dealer, junk collector, secondhand dealer, secondhand dealer-jewelry, or pawnbroker, or his employee or agent shall receive, buy, trade, exchange, or otherwise acquire an interest in any goods or thing, from any person under the age of 18 years. Any statement made to such permittee, employee or agent by a person under the age of 18 years to the effect that he is over the age of 18 years shall not excuse such permittee or employee from any violation of this provision.","type":"section","prefixes":[""],"prefix":"","entire_prefix":"","prefix_anchor":"","level":1}}}