{"section_number":"104.110","edition_id":"1","section_id":"3516","structure_id":"76","catch_line":"Exemption For Collective Bargaining Agreement.","history":"","full_text":"\u00a0 EXEMPTION FOR COLLECTIVE BARGAINING AGREEMENT.\n\n\tAll of the provisions of this article, or any part of the article, may be waived in a bona fide collective bargaining agreement, but only if the waiver is explicitly set forth in that agreement in clear and unambiguous terms.\u00a0 Unilateral implementation of terms and conditions of employment by either party to a collective bargaining relationship shall not constitute or be permitted as a waiver of all or any part of the provisions of this article.","order_by":"110","ancestry":{"1":{"id":"76","name":"Airport Hospitality Enhancement Zone Ordinance","identifier":"4","label":"article","url":"\/10\/4\/"},"2":{"id":"29","name":"Business Regulations","identifier":"10","label":"chapter","url":"\/10\/"}},"structure_contents":{"0":{"id":"612","structure_id":"76","section_number":"104.101","catch_line":"Purpose.","url":"\/104.101\/","token":"104.101"},"1":{"id":"851","structure_id":"76","section_number":"104.102","catch_line":"Definitions.","url":"\/104.102\/","token":"104.102"},"2":{"id":"2419","structure_id":"76","section_number":"104.103","catch_line":"The Airport Hospitality Enhancement Zone.","url":"\/104.103\/","token":"104.103"},"3":{"id":"3794","structure_id":"76","section_number":"104.104","catch_line":"Payment Of Minimum Compensation To Hotel Workers.","url":"\/104.104\/","token":"104.104"},"4":{"id":"1375","structure_id":"76","section_number":"104.105","catch_line":"Health Benefits.","url":"\/104.105\/","token":"104.105"},"5":{"id":"285","structure_id":"76","section_number":"104.106","catch_line":"Incremental Application Of Living Wage Provisions.","url":"\/104.106\/","token":"104.106"},"6":{"id":"1250","structure_id":"76","section_number":"104.107","catch_line":"Notifying Hotel Workers Of Their Potential Right To The Federal Earned Income Credit.","url":"\/104.107\/","token":"104.107"},"7":{"id":"543","structure_id":"76","section_number":"104.108","catch_line":"Retaliatory Action Prohibited.","url":"\/104.108\/","token":"104.108"},"8":{"id":"1840","structure_id":"76","section_number":"104.109","catch_line":"Enforcement.","url":"\/104.109\/","token":"104.109"},"9":{"id":"3516","structure_id":"76","section_number":"104.110","catch_line":"Exemption For Collective Bargaining Agreement.","url":"\/104.110\/","token":"104.110"},"10":{"id":"2589","structure_id":"76","section_number":"104.111","catch_line":"One-Year Waiver For Certain Hotel Employers.","url":"\/104.111\/","token":"104.111"},"11":{"id":"3606","structure_id":"76","section_number":"104.112","catch_line":"No Waiver Of Rights.","url":"\/104.112\/","token":"104.112"},"12":{"id":"1257","structure_id":"76","section_number":"104.113","catch_line":"Coexistence With Other Available Relief For Specific Deprivations Of Protected Rights.","url":"\/104.113\/","token":"104.113"},"13":{"id":"2787","structure_id":"76","section_number":"104.114","catch_line":"Procedures For Further Regulation.","url":"\/104.114\/","token":"104.114"},"14":{"id":"3853","structure_id":"76","section_number":"104.115","catch_line":"Severability.","url":"\/104.115\/","token":"104.115"},"15":{"id":"479","structure_id":"76","section_number":"104.116","catch_line":"Administration.","url":"\/104.116\/","token":"104.116"}},"next_section":{"id":"2589","structure_id":"76","section_number":"104.111","catch_line":"One-Year Waiver For Certain Hotel Employers.","url":"\/104.111\/","token":"104.111"},"metadata":false,"references":false,"url":"\/104.110\/","token":"104.110","formats":{"txt":"\/104.110.txt","json":"\/104.110.xml"},"dublin_core":{"Title":"Exemption For Collective Bargaining Agreement.","Type":"Text","Format":"text\/html","Identifier":"\u00a7 104.110","Relation":"Los Angeles Municipal Code"},"plain_text":"                            LOS ANGELES MUNICIPAL CODE\n\nEXEMPTION FOR COLLECTIVE BARGAINING AGREEMENT. (\u00a7 104.110)\n\n\u00a0 EXEMPTION FOR COLLECTIVE BARGAINING AGREEMENT.\tAll of the provisions of this\narticle, or any part of the article, may be waived in a bona fide collective\nbargaining agreement, but only if the waiver is explicitly set forth in that\nagreement in clear and unambiguous terms.\u00a0 Unilateral implementation of terms\nand conditions of employment by either party to a collective bargaining\nrelationship shall not constitute or be permitted as a waiver of all or any part\nof the provisions of this article.\n","html":"\n\t\t\t\t\t<section><p>\u00a0 EXEMPTION FOR COLLECTIVE BARGAINING AGREEMENT.<br \/><br \/>\tAll of the provisions of this article, or any part of the article, may be waived in a bona fide collective bargaining agreement, but only if the <span class=\"dictionary\">waiver<\/span> is explicitly set forth in that agreement in clear and unambiguous terms.\u00a0 Unilateral implementation of terms and conditions of employment by either <span class=\"dictionary\">party<\/span> to a collective bargaining relationship shall not constitute or be permitted as a <span class=\"dictionary\">waiver<\/span> of all or any part of the provisions of this article.<\/p><\/section>","previous_section":{"id":"1840","structure_id":"76","section_number":"104.109","catch_line":"Enforcement.","url":"\/104.109\/","token":"104.109"},"text":{"0":{"id":"3490","text":"\u00a0 EXEMPTION FOR COLLECTIVE BARGAINING AGREEMENT.\tAll of the provisions of this article, or any part of the article, may be waived in a bona fide collective bargaining agreement, but only if the waiver is explicitly set forth in that agreement in clear and unambiguous terms.\u00a0 Unilateral implementation of terms and conditions of employment by either party to a collective bargaining relationship shall not constitute or be permitted as a waiver of all or any part of the provisions of this article.","type":"section","prefixes":[""],"prefix":"","entire_prefix":"","prefix_anchor":"","level":1}}}