{"section_number":"104.111","edition_id":"1","section_id":"2589","structure_id":"76","catch_line":"One-Year Waiver For Certain Hotel Employers.","history":"","full_text":"\u00a0 ONE-YEAR WAIVER FOR CERTAIN HOTEL EMPLOYERS.\n\n\tThis article is not intended to cause reduction in employment or work hours for Hotel Workers.\u00a0 Therefore, a Hotel Employer that demonstrates to the Controller, by compelling evidence, that compliance with this article would require the Hotel Employer to reduce its workforce by more than 20 percent or curtail its Hotel Workers\u2019 total work hours by more than 30 percent, in order to avoid bankruptcy or a shutdown of the Hotel, may receive a waiver, valid for no more than one year, from the requirements in this article.\u00a0 The Controller shall reach a determination only after reviewing and auditing, if necessary, the Hotel Employer\u2019s financial condition, with such review or audit paid for, at rates set by the Controller, by the Hotel Employer.\u00a0 The Controller\u2019s determination on a waiver application shall be subject to review and reversal by a two-thirds vote of the City Council within 10 business days of the Controller\u2019s determination.","order_by":"111","ancestry":{"1":{"id":"76","name":"Airport Hospitality Enhancement Zone Ordinance","identifier":"4","label":"article","url":"\/10\/4\/"},"2":{"id":"29","name":"Business Regulations","identifier":"10","label":"chapter","url":"\/10\/"}},"structure_contents":{"0":{"id":"612","structure_id":"76","section_number":"104.101","catch_line":"Purpose.","url":"\/104.101\/","token":"104.101"},"1":{"id":"851","structure_id":"76","section_number":"104.102","catch_line":"Definitions.","url":"\/104.102\/","token":"104.102"},"2":{"id":"2419","structure_id":"76","section_number":"104.103","catch_line":"The Airport Hospitality Enhancement Zone.","url":"\/104.103\/","token":"104.103"},"3":{"id":"3794","structure_id":"76","section_number":"104.104","catch_line":"Payment Of Minimum Compensation To Hotel Workers.","url":"\/104.104\/","token":"104.104"},"4":{"id":"1375","structure_id":"76","section_number":"104.105","catch_line":"Health Benefits.","url":"\/104.105\/","token":"104.105"},"5":{"id":"285","structure_id":"76","section_number":"104.106","catch_line":"Incremental Application Of Living Wage Provisions.","url":"\/104.106\/","token":"104.106"},"6":{"id":"1250","structure_id":"76","section_number":"104.107","catch_line":"Notifying Hotel Workers Of Their Potential Right To The Federal Earned Income Credit.","url":"\/104.107\/","token":"104.107"},"7":{"id":"543","structure_id":"76","section_number":"104.108","catch_line":"Retaliatory Action Prohibited.","url":"\/104.108\/","token":"104.108"},"8":{"id":"1840","structure_id":"76","section_number":"104.109","catch_line":"Enforcement.","url":"\/104.109\/","token":"104.109"},"9":{"id":"3516","structure_id":"76","section_number":"104.110","catch_line":"Exemption For Collective Bargaining Agreement.","url":"\/104.110\/","token":"104.110"},"10":{"id":"2589","structure_id":"76","section_number":"104.111","catch_line":"One-Year Waiver For Certain Hotel Employers.","url":"\/104.111\/","token":"104.111"},"11":{"id":"3606","structure_id":"76","section_number":"104.112","catch_line":"No Waiver Of Rights.","url":"\/104.112\/","token":"104.112"},"12":{"id":"1257","structure_id":"76","section_number":"104.113","catch_line":"Coexistence With Other Available Relief For Specific Deprivations Of Protected Rights.","url":"\/104.113\/","token":"104.113"},"13":{"id":"2787","structure_id":"76","section_number":"104.114","catch_line":"Procedures For Further Regulation.","url":"\/104.114\/","token":"104.114"},"14":{"id":"3853","structure_id":"76","section_number":"104.115","catch_line":"Severability.","url":"\/104.115\/","token":"104.115"},"15":{"id":"479","structure_id":"76","section_number":"104.116","catch_line":"Administration.","url":"\/104.116\/","token":"104.116"}},"next_section":{"id":"3606","structure_id":"76","section_number":"104.112","catch_line":"No Waiver Of Rights.","url":"\/104.112\/","token":"104.112"},"metadata":false,"references":false,"url":"\/104.111\/","token":"104.111","formats":{"txt":"\/104.111.txt","json":"\/104.111.xml"},"dublin_core":{"Title":"One-Year Waiver For Certain Hotel Employers.","Type":"Text","Format":"text\/html","Identifier":"\u00a7 104.111","Relation":"Los Angeles Municipal Code"},"plain_text":"                            LOS ANGELES MUNICIPAL CODE\n\nONE-YEAR WAIVER FOR CERTAIN HOTEL EMPLOYERS. (\u00a7 104.111)\n\n\u00a0 ONE-YEAR WAIVER FOR CERTAIN HOTEL EMPLOYERS.\tThis article is not intended to\ncause reduction in employment or work hours for Hotel Workers.\u00a0 Therefore, a\nHotel Employer that demonstrates to the Controller, by compelling evidence, that\ncompliance with this article would require the Hotel Employer to reduce its\nworkforce by more than 20 percent or curtail its Hotel Workers\u2019 total work\nhours by more than 30 percent, in order to avoid bankruptcy or a shutdown of the\nHotel, may receive a waiver, valid for no more than one year, from the\nrequirements in this article.\u00a0 The Controller shall reach a determination only\nafter reviewing and auditing, if necessary, the Hotel Employer\u2019s financial\ncondition, with such review or audit paid for, at rates set by the Controller,\nby the Hotel Employer.\u00a0 The Controller\u2019s determination on a waiver\napplication shall be subject to review and reversal by a two-thirds vote of the\nCity Council within 10 business days of the Controller\u2019s determination.\n","html":"\n\t\t\t\t\t<section><p>\u00a0 ONE-YEAR <span class=\"dictionary\">WAIVER<\/span> FOR CERTAIN HOTEL EMPLOYERS.<br \/><br \/>\tThis article is not intended to cause reduction in employment or work hours for Hotel Workers.\u00a0 Therefore, a Hotel Employer that demonstrates to the Controller, by compelling <span class=\"dictionary\">evidence<\/span>, that compliance with this article would require the Hotel Employer to reduce its workforce by more than 20 percent or curtail its Hotel Workers\u2019 total work hours by more than 30 percent, in <span class=\"dictionary\">order<\/span> to avoid <span class=\"dictionary\">bankruptcy<\/span> or a shutdown of the Hotel, may receive a <span class=\"dictionary\">waiver<\/span>, valid for no more than one year, from the requirements in this article.\u00a0 The Controller shall reach a determination only after reviewing and auditing, if necessary, the Hotel Employer\u2019s financial condition, with such review or audit paid for, at rates set by the Controller, by the Hotel Employer.\u00a0 The Controller\u2019s determination on a <span class=\"dictionary\">waiver<\/span> application shall be subject to review and reversal by a two-thirds vote of the City Council within 10 business days of the Controller\u2019s determination.<\/p><\/section>","previous_section":{"id":"3516","structure_id":"76","section_number":"104.110","catch_line":"Exemption For Collective Bargaining Agreement.","url":"\/104.110\/","token":"104.110"},"text":{"0":{"id":"2566","text":"\u00a0 ONE-YEAR WAIVER FOR CERTAIN HOTEL EMPLOYERS.\tThis article is not intended to cause reduction in employment or work hours for Hotel Workers.\u00a0 Therefore, a Hotel Employer that demonstrates to the Controller, by compelling evidence, that compliance with this article would require the Hotel Employer to reduce its workforce by more than 20 percent or curtail its Hotel Workers\u2019 total work hours by more than 30 percent, in order to avoid bankruptcy or a shutdown of the Hotel, may receive a waiver, valid for no more than one year, from the requirements in this article.\u00a0 The Controller shall reach a determination only after reviewing and auditing, if necessary, the Hotel Employer\u2019s financial condition, with such review or audit paid for, at rates set by the Controller, by the Hotel Employer.\u00a0 The Controller\u2019s determination on a waiver application shall be subject to review and reversal by a two-thirds vote of the City Council within 10 business days of the Controller\u2019s determination.","type":"section","prefixes":[""],"prefix":"","entire_prefix":"","prefix_anchor":"","level":1}}}