{"section_number":"12.04","edition_id":"1","section_id":"3734","structure_id":"20","catch_line":"Zones \u2013 Districts \u2013 Symbols.","history":"","full_text":"\u00a0 ZONES \u2013 DISTRICTS \u2013 SYMBOLS.\n\t(Amended by Ord. No. 173,268, Eff. 7\/1\/00, Oper. 7\/1\/00.)\n\n\tA.\t(Amended by Ord. No. 176,343, Eff. 1\/20\/05.)\u00a0 In order to regulate the use of property, as provided for in this article, the City is divided into the following Zones:\n\n\t1.\tOS Open Space Zone;\n\n\t2.\tA1 Agricultural Zone;\n\n\t3.\tA2 Agricultural Zone;\n\n\t4.\tRA Suburban Zone;\u00a0\n\n\t5.\tRE Residential Zone;\n\n\t6.\tRS Suburban Zone;\n\n\t7.\tR1 One-Family Zone;\n\n\t8.\tRU Residential Urban Zone;\n\n\t9.\tRZ Residential Zero Side Yard Zone;\n\n\t10.\tRW1 One-Family Residential Waterways Zone;\n\n\t11.\tR2 Two-Family Zone;\n\n\t12.\tRD Restricted Density Multiple Dwelling Zone;\n\n\t13.\tRMP Mobile Home Park Zone;\n\n\t14.\tRW2 Two-Family Residential Waterways Zone;\n\n\t15.\tR3 Multiple Dwelling Zone;\n\n\t16.\tRAS3 Residential\/Accessory Services Zone;\n\n\t17.\tR4 Multiple Dwelling Zone;\n\n\t18.\tRAS4 Residential\/Accessory Services Zone;\n\n\t19.\tR5 Multiple Dwelling Zone;\n\n\t20.\tP Automobile Parking Zone;\n\n\t21.\tPB Parking Building Zone;\n\n\t22.\tCR Limited Commercial Zone;\n\n\t23.\tC1 Limited Commercial Zone;\n\n\t24.\tC1.5 Limited Commercial Zone;\n\n\t25.\tC2 Commercial Zone;\n\n\t26.\tC4 Commercial Zone;\n\n\t27.\tC5 Commercial Zone;\n\n\t28.\tCM Commercial Manufacturing Zone;\n\n\t29.\tMR1 Restricted Industrial Zone;\n\n\t30.\tM1 Limited Industrial Zone;\n\n\t31.\tMR2 Restricted Light Industrial Zone;\n\n\t32.\tM2 Light Industrial Zone;\n\n\t33.\tM3 Heavy Industrial Zone;\n\n\t34.\tPF Public Facilities Zone; and\n\n\t35.\tSL Ocean-Submerged Land Zone.\n\n\tThe order of restrictiveness of these zones, the first being the most restrictive and last being the least restrictive, is as follows:\n\n\tOS, A1, A2, RA, RE, RS, R1, RU, RZ, RW1, R2, RD, RMP, RW2, R3, RAS3, R4, RAS4, R5, CR, C1, C1.5, C4, C2, C5, CM, MR1, M1, MR2, M2, M3 and PF.\n\n\tIn addition, there shall be the following Specific Plan Zones:\n\n\t1.\tCCS Century City South Studio Zone;\n\n\t2.\tCM (GM) Commercial Manufacturing (Glencoe\/Maxella) Zone;\n\n\t3.\tCW Central City West Specific Plan Zone;\n\n\t4.\tWC Warner Center Specific Plan Zone;\n\n\t5.\tADP Alameda District Specific Plan Zone;\n\n\t6.\tLASED Los Angeles Sports and Entertainment District Specific Plan Zone; and\n\n\t7.\tLAX Los Angeles International Airport Specific Plan Zone.\n\n\tB.\tThe Zone symbols and the boundaries of these Zones are shown on the \u201cZoning Map\u201d made up of separate map sheets and made a part of Article 2, Chapter 1 of the Los Angeles Municipal Code.\u00a0 The \u201cZoning Map\u201d and all of the notations, references, and other information, shown on the map are as much a part of this article as if fully set forth here.\u00a0 (Amended by Ord. No. 176,343, Eff. 1\/20\/05.)\n\n\tC.\tIn order to regulate more adequately and restrict the height and floor area of buildings and structures, each lot shall include a height district designation.\u00a0 Height district designations shall be numbered from 1 to 4, CRA 1 to 4, EZ 1 to 4, and CSA 1 to 4 and shall regulate the height or floor area of buildings and structures as provided in Sections 12.21.1, 12.21.2, 12.21.3, 12.21.4 and 12.21.5.\u00a0 The height districts and their boundaries are shown on the Zoning Map by a combination of zone symbols and height district number markings, e.g., R2-1, C2-2, M1-3, C1-CRA1, M2-EZ2, C2-CSA3, etc.\u00a0 Where a lot is located in more than one height district, the applicable zone symbol designations shall be separated by a slash mark, e.g., R2-CRA\/CSA, C2-EZ1\/CRA2, etc.\u00a0 The symbol \u201cHD\u201d preceding height district number markings, when shown on the Zoning Map or used in a zoning ordinance, is an abbreviation for the words \u201cheight district\u201d and refers to height districts.\u00a0 The height districts for the \u201cCW\u201d Zone are the height districts shown in Section 6 of the Central City West Specific Plan.\u00a0 The height districts for the \u201cADP\u201d Zone are height districts shown in Section 7 of the Alameda District Specific Plan.\u00a0 The height districts for the \u201cWC\u201d Zone are height districts shown in Section 7 of the Warner Center Specific Plan.\u00a0 The height districts for the \u201cLASED\u201d Zone are the height districts shown on Section 10 of the Los Angeles Sports and Entertainment District Specific Plan.\u00a0 (Amended by Ord. No. 177,103, Eff. 12\/18\/05.)\n\n\tD.\t(Amended by Ord. No. 182,242, Eff. 10\/9\/12.)\u00a0 Certain portions of the City are also designated as being in one or more of the following districts, by the provision of Article 3 of this chapter.\n\n\t\u201cO\u201d\tOil Drilling District\n\t\u201cS\u201d\tAnimal Slaughtering\n\t\u201cG\u201d\tSurface Mining District\n\t\u201cRPD\u201d\tResidential Planned Development District\n\t\u201cK\u201d\tEquinekeeping District\n\t\u201cCA\u201d\tCommercial and Artcraft District\n\t\u201cPOD\u201d\tPedestrian Oriented District\n\t\u201cCDO\u201d\tCommunity Design Overlay District\n\t\u201cMU\u201d\tMixed Use District\n\t\u201cFH\u201d\tFence Height District\n\t\u201cSN\u201d\tSign District\n\t\u201cRFA\u201d\tResidential Floor Area District\n\t\u201cNSO\u201d\tNeighborhood Stabilization Overlay District\n\t\u201cCPIO\u201d\tCommunity Plan Implementation Overlay District\n\t\u201cHS\u201d\tHillside Standards Overlay District\n\t\u201cMPR\u201d\tModified Parking Requirement District\n\n\tThe \u201cZoning Map\u201d is amended to indicate these districts and the boundaries of each district.\n\n\tLand classified in one or more of the Supplemental Use Districts listed above shall be classified in one or more zones.\u00a0 Land classified in the \u201cP\u201d Automobile Parking Zone may also be classified in an \u201cA\u201d or \u201cR\u201d Zone.\n\n\tThese classifications are indicated on the \u201cZoning Map\u201d with a combination of symbols, e.g., R2-2-O, C2-4-S, M1-3-G, M1-1-P and R2-O, C2-G, etc., where height districts have not been established.\n\n\tE.\tThe boundaries of Community Redevelopment areas, as defined in Section 12.21.3 and as specifically designated on Maps numbered 30 through 47; Enterprise Zones, as defined in Section 12.21.4 and as specifically designated on Maps numbered 48 through 50; and Centers Study Areas, as defined in Section 12.21.5, and as specifically designated on Maps numbered 1 through 3 and 5 through 28, shall be shown on the \u201cZoning Map.\u201d\u00a0 (Amended by Ord. No. 168,870, Eff. 8\/9\/93.)\n\n\tF.\tIn order to provide a practicable method for the development of land, the topography of which creates problems in development, to permit the efficient design and use of building sites and local streets, and to secure compliance with the General Plan in certain hillside or mountainous areas of the City of Los Angeles, certain portions of the city classified in the RA and RE Zones are also designated as being in an \u201cH\u201d Hillside or Mountainous Area. The boundaries of said Hillside or Mountainous Areas are shown by the use of the symbol \u201cH\u201d in conjunction with the applicable Zone symbols on portions of the \u201cZoning Map.\u201d\u00a0 (Amended by Ord. No. 141,821, Eff. 5\/24\/71.)","order_by":"04","ancestry":{"1":{"id":"20","name":"Specific Planning \u2013 Zoning\nComprehensive Zoning Plan","identifier":"2","label":"article","url":"\/1\/2\/"},"2":{"id":"7","name":"General Provisions and Zoning","identifier":"1","label":"chapter","url":"\/1\/"}},"structure_contents":{"0":{"id":"3095","structure_id":"20","section_number":"12.00","catch_line":"Title.","url":"\/12.00\/","token":"12.00"},"1":{"id":"1517","structure_id":"20","section_number":"12.01","catch_line":"Continuation Of Existing Regulations.","url":"\/12.01\/","token":"12.01"},"2":{"id":"1627","structure_id":"20","section_number":"12.02","catch_line":"Purpose.","url":"\/12.02\/","token":"12.02"},"3":{"id":"2312","structure_id":"20","section_number":"12.03","catch_line":"Definitions.","url":"\/12.03\/","token":"12.03"},"4":{"id":"3734","structure_id":"20","section_number":"12.04","catch_line":"Zones - Districts - Symbols.","url":"\/12.04\/","token":"12.04"},"5":{"id":"1459","structure_id":"20","section_number":"12.04.01","catch_line":"Violations Of Specific Plans.","url":"\/12.04.01\/","token":"12.04.01"},"6":{"id":"1812","structure_id":"20","section_number":"12.04.05","catch_line":"\u201cOs\u201d Open Space Zone.","url":"\/12.04.05\/","token":"12.04.05"},"7":{"id":"4037","structure_id":"20","section_number":"12.04.09","catch_line":"\u201cPf\u201d Public Facilities Zone.","url":"\/12.04.09\/","token":"12.04.09"},"8":{"id":"3058","structure_id":"20","section_number":"12.05","catch_line":"\u201cA1\u201d Agriculture Zone.","url":"\/12.05\/","token":"12.05"},"9":{"id":"1807","structure_id":"20","section_number":"12.06","catch_line":"\u201cA2\u201d Agricultural Zone.","url":"\/12.06\/","token":"12.06"},"10":{"id":"2434","structure_id":"20","section_number":"12.07","catch_line":"\u201cRa\u201d Suburban Zone.","url":"\/12.07\/","token":"12.07"},"11":{"id":"833","structure_id":"20","section_number":"12.07.01","catch_line":"\u201cRe\u201d Residential Estate Zone.","url":"\/12.07.01\/","token":"12.07.01"},"12":{"id":"3662","structure_id":"20","section_number":"12.07.1","catch_line":"\u201cRs\u201d Suburban Zone.","url":"\/12.07.1\/","token":"12.07.1"},"13":{"id":"1550","structure_id":"20","section_number":"12.08","catch_line":"\u201cR1\u201d One-Family Zone.","url":"\/12.08\/","token":"12.08"},"14":{"id":"1455","structure_id":"20","section_number":"12.08.1","catch_line":"Ru Residential Urban Zone.","url":"\/12.08.1\/","token":"12.08.1"},"15":{"id":"1635","structure_id":"20","section_number":"12.08.3","catch_line":"Rz Residential Zero Side Yard Zone.","url":"\/12.08.3\/","token":"12.08.3"},"16":{"id":"504","structure_id":"20","section_number":"12.08.5","catch_line":"\u201cRw1\u201d Residential Waterways Zone.","url":"\/12.08.5\/","token":"12.08.5"},"17":{"id":"2976","structure_id":"20","section_number":"12.09","catch_line":"\u201cR2\u201d Two-Family Zone.","url":"\/12.09\/","token":"12.09"},"18":{"id":"3015","structure_id":"20","section_number":"12.09.1","catch_line":"\u201cRd\u201d Restricted Density Multiple Dwelling Zone.","url":"\/12.09.1\/","token":"12.09.1"},"19":{"id":"3789","structure_id":"20","section_number":"12.09.3","catch_line":"\u201cRmp\u201d Mobilehome Park Zone.","url":"\/12.09.3\/","token":"12.09.3"},"20":{"id":"3264","structure_id":"20","section_number":"12.09.5","catch_line":"\u201cRw2\u201d Residential Waterways Zone.","url":"\/12.09.5\/","token":"12.09.5"},"21":{"id":"1735","structure_id":"20","section_number":"12.10","catch_line":"\u201cR3\u201d Multiple Dwelling Zone.","url":"\/12.10\/","token":"12.10"},"22":{"id":"2343","structure_id":"20","section_number":"12.10.5","catch_line":"Ras3 Residential\/Accessory Services Zone Purpose Statement.","url":"\/12.10.5\/","token":"12.10.5"},"23":{"id":"621","structure_id":"20","section_number":"12.11","catch_line":"\u201cR4\u201d Multiple Dwelling Zone.","url":"\/12.11\/","token":"12.11"},"24":{"id":"1231","structure_id":"20","section_number":"12.11.5","catch_line":"Ras4 Residential\/Accessory Services Zone Purpose Statement.","url":"\/12.11.5\/","token":"12.11.5"},"25":{"id":"1666","structure_id":"20","section_number":"12.12","catch_line":"\u201cR5\u201d Multiple Dwelling Zone.","url":"\/12.12\/","token":"12.12"},"26":{"id":"601","structure_id":"20","section_number":"12.12.1","catch_line":"\u201cP\u201d Automobile Parking Zone.","url":"\/12.12.1\/","token":"12.12.1"},"27":{"id":"286","structure_id":"20","section_number":"12.12.1.5","catch_line":"\u201cPb\u201d Parking Building Zone.*","url":"\/12.12.1.5\/","token":"12.12.1.5"},"28":{"id":"2454","structure_id":"20","section_number":"12.12.2","catch_line":"\u201cCr\u201d Limited Commercial Zone.","url":"\/12.12.2\/","token":"12.12.2"},"29":{"id":"3444","structure_id":"20","section_number":"12.13","catch_line":"\u201cC1\u201d Limited Commercial Zone.","url":"\/12.13\/","token":"12.13"},"30":{"id":"2973","structure_id":"20","section_number":"12.13.5","catch_line":"\u201cC1.5\u201d Limited Commercial Zone","url":"\/12.13.5\/","token":"12.13.5"},"31":{"id":"156","structure_id":"20","section_number":"12.14","catch_line":"\u201cC2\u201d Commercial Zone.","url":"\/12.14\/","token":"12.14"},"32":{"id":"1739","structure_id":"20","section_number":"12.16","catch_line":"\u201cC4\u201dCommercial Zone.","url":"\/12.16\/","token":"12.16"},"33":{"id":"24","structure_id":"20","section_number":"12.16.1","catch_line":"\u201cCw\u201d Central City West Specific Plan Zone.","url":"\/12.16.1\/","token":"12.16.1"},"34":{"id":"1075","structure_id":"20","section_number":"12.16.2","catch_line":"Adp Alameda District Specific Plan Zone.","url":"\/12.16.2\/","token":"12.16.2"},"35":{"id":"265","structure_id":"20","section_number":"12.16.3","catch_line":"Lased Los Angeles Sports And Entertainment District Specific Plan Zone.","url":"\/12.16.3\/","token":"12.16.3"},"36":{"id":"1579","structure_id":"20","section_number":"12.17","catch_line":"\u201cC5\u201d Commercial Zone.","url":"\/12.17\/","token":"12.17"},"37":{"id":"2695","structure_id":"20","section_number":"12.17.1","catch_line":"\u201cCm\u201d Commercial Manufacturing Zone.","url":"\/12.17.1\/","token":"12.17.1"},"38":{"id":"2925","structure_id":"20","section_number":"12.17.2","catch_line":"\u201cCm(Gm)\u201dCommercial Manufacturing (Glencoe\/Maxella) Specific Plan Zone.","url":"\/12.17.2\/","token":"12.17.2"},"39":{"id":"1704","structure_id":"20","section_number":"12.17.5","catch_line":"\u201cMr1\u201d Restricted Industrial Zone.","url":"\/12.17.5\/","token":"12.17.5"},"40":{"id":"383","structure_id":"20","section_number":"12.17.5.5","catch_line":"\u201cCcs\u201d Century City South Specific Plan Studio Zone.","url":"\/12.17.5.5\/","token":"12.17.5.5"},"41":{"id":"1032","structure_id":"20","section_number":"12.17.6","catch_line":"\u201cM1\u201d Limited Industrial Zone.","url":"\/12.17.6\/","token":"12.17.6"},"42":{"id":"65","structure_id":"20","section_number":"12.18","catch_line":"\u201cMr2\u201d Restricted Light Industrial Zone.","url":"\/12.18\/","token":"12.18"},"43":{"id":"2426","structure_id":"20","section_number":"12.18.1","catch_line":"\u201cWc\u201d Warner Center Specific Plan Zone.","url":"\/12.18.1\/","token":"12.18.1"},"44":{"id":"1290","structure_id":"20","section_number":"12.19","catch_line":"\u201cM2\u201d Light Industrial Zone.","url":"\/12.19\/","token":"12.19"},"45":{"id":"1435","structure_id":"20","section_number":"12.19.1","catch_line":"Lax Los Angeles International Airport Zone.","url":"\/12.19.1\/","token":"12.19.1"},"46":{"id":"3523","structure_id":"20","section_number":"12.20","catch_line":"\u201cM3\u201d Heavy Industrial Zone.","url":"\/12.20\/","token":"12.20"},"47":{"id":"3019","structure_id":"20","section_number":"12.20.1","catch_line":"Sl Ocean \u2013 Submerged Land Zone.","url":"\/12.20.1\/","token":"12.20.1"},"48":{"id":"3360","structure_id":"20","section_number":"12.20.2","catch_line":"Coastal Development Permits (Prior To Certification Of The Local Coastal Program.)","url":"\/12.20.2\/","token":"12.20.2"},"49":{"id":"2874","structure_id":"20","section_number":"12.20.2.1","catch_line":"Coastal Development Permit Procedures After Certification Of The Local Coastal Program.","url":"\/12.20.2.1\/","token":"12.20.2.1"},"50":{"id":"2479","structure_id":"20","section_number":"12.20.3","catch_line":"\u201cHp\u201d Historic Preservation Overlay Zone.","url":"\/12.20.3\/","token":"12.20.3"},"51":{"id":"3236","structure_id":"20","section_number":"12.21.1","catch_line":"Height Of Building Or Structures.","url":"\/12.21.1\/","token":"12.21.1"},"52":{"id":"488","structure_id":"20","section_number":"12.21.2","catch_line":"Height Of Buildings Or Structures In Century City.","url":"\/12.21.2\/","token":"12.21.2"},"53":{"id":"2253","structure_id":"20","section_number":"12.21.3","catch_line":"Height Of Buildings Or Structures In Community Redevelopment Plan Areas.","url":"\/12.21.3\/","token":"12.21.3"},"54":{"id":"3709","structure_id":"20","section_number":"12.21.4","catch_line":"Height Of Buildings Or Structures In Enterprise Zones.","url":"\/12.21.4\/","token":"12.21.4"},"55":{"id":"605","structure_id":"20","section_number":"12.21.5","catch_line":"Height Of Buildings Or Structures In Centers Study Areas.","url":"\/12.21.5\/","token":"12.21.5"},"56":{"id":"1399","structure_id":"20","section_number":"12.22","catch_line":"Exceptions.","url":"\/12.22\/","token":"12.22"},"57":{"id":"2993","structure_id":"20","section_number":"12.22.1","catch_line":"Safer Sex.","url":"\/12.22.1\/","token":"12.22.1"},"58":{"id":"3237","structure_id":"20","section_number":"12.23","catch_line":"Nonconforming Building And Uses.","url":"\/12.23\/","token":"12.23"},"59":{"id":"1191","structure_id":"20","section_number":"12.24","catch_line":"Conditional Use Permits And Other Similar Quasi-Judicial Approvals.","url":"\/12.24\/","token":"12.24"},"60":{"id":"546","structure_id":"20","section_number":"12.24.1","catch_line":"Land Use Determination By City Planning Commission.","url":"\/12.24.1\/","token":"12.24.1"},"61":{"id":"1889","structure_id":"20","section_number":"12.25","catch_line":"Time Limitations.","url":"\/12.25\/","token":"12.25"},"62":{"id":"2902","structure_id":"20","section_number":"12.26","catch_line":"Department Of Building And Safety.","url":"\/12.26\/","token":"12.26"},"63":{"id":"2923","structure_id":"20","section_number":"12.27","catch_line":"Variances.","url":"\/12.27\/","token":"12.27"},"64":{"id":"799","structure_id":"20","section_number":"12.27.1","catch_line":"Administrative Nuisance Abatement Proceedings.","url":"\/12.27.1\/","token":"12.27.1"},"65":{"id":"4040","structure_id":"20","section_number":"12.28","catch_line":"Adjustments And Slight Modifications.","url":"\/12.28\/","token":"12.28"},"66":{"id":"2103","structure_id":"20","section_number":"12.29","catch_line":"Violation Of Conditions \u2013 Penalty.","url":"\/12.29\/","token":"12.29"},"67":{"id":"339","structure_id":"20","section_number":"12.30","catch_line":"Boundaries Of Zones.","url":"\/12.30\/","token":"12.30"},"68":{"id":"1073","structure_id":"20","section_number":"12.31","catch_line":"Interpretation \u2013 Purpose \u2013 Conflict.","url":"\/12.31\/","token":"12.31"},"69":{"id":"3171","structure_id":"20","section_number":"12.32","catch_line":"Land Use Legislative Actions.","url":"\/12.32\/","token":"12.32"},"70":{"id":"511","structure_id":"20","section_number":"12.33","catch_line":"Dedication Of Land Or Payment For Park And Recreational Facilities As A Requirement For A Zone Change For A Multiple Residential Use In Any Multiple Residential Or Commercial Zone.","url":"\/12.33\/","token":"12.33"},"71":{"id":"1730","structure_id":"20","section_number":"12.34","catch_line":"Application Of Provisions.","url":"\/12.34\/","token":"12.34"},"72":{"id":"3843","structure_id":"20","section_number":"12.35","catch_line":"Zoning Of Annexed Or Unzoned Areas.","url":"\/12.35\/","token":"12.35"},"73":{"id":"1352","structure_id":"20","section_number":"12.36","catch_line":"Projects Requiring Multiple Approvals.(Charter \u00a7 564).","url":"\/12.36\/","token":"12.36"},"74":{"id":"1765","structure_id":"20","section_number":"12.37","catch_line":"Highway And Collector Street Dedication And Improvement.","url":"\/12.37\/","token":"12.37"},"75":{"id":"2301","structure_id":"20","section_number":"12.38","catch_line":"Dedication Of Streets By Long Term Leases.","url":"\/12.38\/","token":"12.38"},"76":{"id":"2657","structure_id":"20","section_number":"12.39","catch_line":"Low And Moderate Housing.","url":"\/12.39\/","token":"12.39"},"77":{"id":"1295","structure_id":"20","section_number":"12.40","catch_line":"Landscape - General Requirements.","url":"\/12.40\/","token":"12.40"},"78":{"id":"2364","structure_id":"20","section_number":"12.41","catch_line":"Landscape - Water Management.","url":"\/12.41\/","token":"12.41"},"79":{"id":"2169","structure_id":"20","section_number":"12.42","catch_line":"Landscape.","url":"\/12.42\/","token":"12.42"},"80":{"id":"4030","structure_id":"20","section_number":"12.43","catch_line":"Source Reduction Of Waste.","url":"\/12.43\/","token":"12.43"},"81":{"id":"1485","structure_id":"20","section_number":"12.50","catch_line":"Airport Approach Zoning Regulations.","url":"\/12.50\/","token":"12.50"},"82":{"id":"1328","structure_id":"20","section_number":"12.70","catch_line":"Adult Entertainment Zoning.","url":"\/12.70\/","token":"12.70"},"83":{"id":"481","structure_id":"20","section_number":"12.80","catch_line":"Homeless Shelters - Emergencies - Government Owned And Leased Property.","url":"\/12.80\/","token":"12.80"},"84":{"id":"737","structure_id":"20","section_number":"12.81","catch_line":"Homeless Shelters - Emergencies - Charitable\nOrganizations.","url":"\/12.81\/","token":"12.81"}},"next_section":{"id":"1459","structure_id":"20","section_number":"12.04.01","catch_line":"Violations Of Specific Plans.","url":"\/12.04.01\/","token":"12.04.01"},"metadata":false,"references":false,"url":"\/12.04\/","token":"12.04","formats":{"txt":"\/12.04.txt","json":"\/12.04.xml"},"dublin_core":{"Title":"Zones \u2013 Districts \u2013 Symbols.","Type":"Text","Format":"text\/html","Identifier":"\u00a7 12.04","Relation":"Los Angeles Municipal Code"},"plain_text":"                            LOS ANGELES MUNICIPAL CODE\n\nZONES \u2013 DISTRICTS \u2013 SYMBOLS. (\u00a7 12.04)\n\n\u00a0 ZONES \u2013 DISTRICTS \u2013 SYMBOLS.\n\t(Amended by Ord. No. 173,268, Eff. 7\/1\/00, Oper. 7\/1\/00.)\tA.\t(Amended by Ord.\nNo. 176,343, Eff. 1\/20\/05.)\u00a0 In order to regulate the use of property, as\nprovided for in this article, the City is divided into the following\nZones:\t1.\tOS Open Space Zone;\t2.\tA1 Agricultural Zone;\t3.\tA2 Agricultural\nZone;\t4.\tRA Suburban Zone;\u00a0\t5.\tRE Residential Zone;\t6.\tRS Suburban Zone;\t7.\tR1\nOne-Family Zone;\t8.\tRU Residential Urban Zone;\t9.\tRZ Residential Zero Side Yard\nZone;\t10.\tRW1 One-Family Residential Waterways Zone;\t11.\tR2 Two-Family\nZone;\t12.\tRD Restricted Density Multiple Dwelling Zone;\t13.\tRMP Mobile Home Park\nZone;\t14.\tRW2 Two-Family Residential Waterways Zone;\t15.\tR3 Multiple Dwelling\nZone;\t16.\tRAS3 Residential\/Accessory Services Zone;\t17.\tR4 Multiple Dwelling\nZone;\t18.\tRAS4 Residential\/Accessory Services Zone;\t19.\tR5 Multiple Dwelling\nZone;\t20.\tP Automobile Parking Zone;\t21.\tPB Parking Building Zone;\t22.\tCR\nLimited Commercial Zone;\t23.\tC1 Limited Commercial Zone;\t24.\tC1.5 Limited\nCommercial Zone;\t25.\tC2 Commercial Zone;\t26.\tC4 Commercial Zone;\t27.\tC5\nCommercial Zone;\t28.\tCM Commercial Manufacturing Zone;\t29.\tMR1 Restricted\nIndustrial Zone;\t30.\tM1 Limited Industrial Zone;\t31.\tMR2 Restricted Light\nIndustrial Zone;\t32.\tM2 Light Industrial Zone;\t33.\tM3 Heavy Industrial\nZone;\t34.\tPF Public Facilities Zone; and\t35.\tSL Ocean-Submerged Land Zone.\tThe\norder of restrictiveness of these zones, the first being the most restrictive\nand last being the least restrictive, is as follows:\tOS, A1, A2, RA, RE, RS, R1,\nRU, RZ, RW1, R2, RD, RMP, RW2, R3, RAS3, R4, RAS4, R5, CR, C1, C1.5, C4, C2, C5,\nCM, MR1, M1, MR2, M2, M3 and PF.\tIn addition, there shall be the following\nSpecific Plan Zones:\t1.\tCCS Century City South Studio Zone;\t2.\tCM (GM)\nCommercial Manufacturing (Glencoe\/Maxella) Zone;\t3.\tCW Central City West\nSpecific Plan Zone;\t4.\tWC Warner Center Specific Plan Zone;\t5.\tADP Alameda\nDistrict Specific Plan Zone;\t6.\tLASED Los Angeles Sports and Entertainment\nDistrict Specific Plan Zone; and\t7.\tLAX Los Angeles International Airport\nSpecific Plan Zone.\tB.\tThe Zone symbols and the boundaries of these Zones are\nshown on the \u201cZoning Map\u201d made up of separate map sheets and made a part of\nArticle 2, Chapter 1 of the Los Angeles Municipal Code.\u00a0 The \u201cZoning Map\u201d\nand all of the notations, references, and other information, shown on the map\nare as much a part of this article as if fully set forth here.\u00a0 (Amended by\nOrd. No. 176,343, Eff. 1\/20\/05.)\tC.\tIn order to regulate more adequately and\nrestrict the height and floor area of buildings and structures, each lot shall\ninclude a height district designation.\u00a0 Height district designations shall be\nnumbered from 1 to 4, CRA 1 to 4, EZ 1 to 4, and CSA 1 to 4 and shall regulate\nthe height or floor area of buildings and structures as provided in Sections\n12.21.1, 12.21.2, 12.21.3, 12.21.4 and 12.21.5.\u00a0 The height districts and their\nboundaries are shown on the Zoning Map by a combination of zone symbols and\nheight district number markings, e.g., R2-1, C2-2, M1-3, C1-CRA1, M2-EZ2,\nC2-CSA3, etc.\u00a0 Where a lot is located in more than one height district, the\napplicable zone symbol designations shall be separated by a slash mark, e.g.,\nR2-CRA\/CSA, C2-EZ1\/CRA2, etc.\u00a0 The symbol \u201cHD\u201d preceding height district\nnumber markings, when shown on the Zoning Map or used in a zoning ordinance, is\nan abbreviation for the words \u201cheight district\u201d and refers to height\ndistricts.\u00a0 The height districts for the \u201cCW\u201d Zone are the height districts\nshown in Section 6 of the Central City West Specific Plan.\u00a0 The height\ndistricts for the \u201cADP\u201d Zone are height districts shown in Section 7 of the\nAlameda District Specific Plan.\u00a0 The height districts for the \u201cWC\u201d Zone are\nheight districts shown in Section 7 of the Warner Center Specific Plan.\u00a0 The\nheight districts for the \u201cLASED\u201d Zone are the height districts shown on\nSection 10 of the Los Angeles Sports and Entertainment District Specific Plan.\u00a0\n(Amended by Ord. No. 177,103, Eff. 12\/18\/05.)\tD.\t(Amended by Ord. No. 182,242,\nEff. 10\/9\/12.)\u00a0 Certain portions of the City are also designated as being in\none or more of the following districts, by the provision of Article 3 of this\nchapter.\t\u201cO\u201d\tOil Drilling District\n\t\u201cS\u201d\tAnimal Slaughtering\n\t\u201cG\u201d\tSurface Mining District\n\t\u201cRPD\u201d\tResidential Planned Development District\n\t\u201cK\u201d\tEquinekeeping District\n\t\u201cCA\u201d\tCommercial and Artcraft District\n\t\u201cPOD\u201d\tPedestrian Oriented District\n\t\u201cCDO\u201d\tCommunity Design Overlay District\n\t\u201cMU\u201d\tMixed Use District\n\t\u201cFH\u201d\tFence Height District\n\t\u201cSN\u201d\tSign District\n\t\u201cRFA\u201d\tResidential Floor Area District\n\t\u201cNSO\u201d\tNeighborhood Stabilization Overlay District\n\t\u201cCPIO\u201d\tCommunity Plan Implementation Overlay District\n\t\u201cHS\u201d\tHillside Standards Overlay District\n\t\u201cMPR\u201d\tModified Parking Requirement District\tThe \u201cZoning Map\u201d is amended\nto indicate these districts and the boundaries of each district.\tLand classified\nin one or more of the Supplemental Use Districts listed above shall be\nclassified in one or more zones.\u00a0 Land classified in the \u201cP\u201d Automobile\nParking Zone may also be classified in an \u201cA\u201d or \u201cR\u201d Zone.\tThese\nclassifications are indicated on the \u201cZoning Map\u201d with a combination of\nsymbols, e.g., R2-2-O, C2-4-S, M1-3-G, M1-1-P and R2-O, C2-G, etc., where height\ndistricts have not been established.\tE.\tThe boundaries of Community\nRedevelopment areas, as defined in Section 12.21.3 and as specifically\ndesignated on Maps numbered 30 through 47; Enterprise Zones, as defined in\nSection 12.21.4 and as specifically designated on Maps numbered 48 through 50;\nand Centers Study Areas, as defined in Section 12.21.5, and as specifically\ndesignated on Maps numbered 1 through 3 and 5 through 28, shall be shown on the\n\u201cZoning Map.\u201d\u00a0 (Amended by Ord. No. 168,870, Eff. 8\/9\/93.)\tF.\tIn order to\nprovide a practicable method for the development of land, the topography of\nwhich creates problems in development, to permit the efficient design and use of\nbuilding sites and local streets, and to secure compliance with the General Plan\nin certain hillside or mountainous areas of the City of Los Angeles, certain\nportions of the city classified in the RA and RE Zones are also designated as\nbeing in an \u201cH\u201d Hillside or Mountainous Area. The boundaries of said\nHillside or Mountainous Areas are shown by the use of the symbol \u201cH\u201d in\nconjunction with the applicable Zone symbols on portions of the \u201cZoning\nMap.\u201d\u00a0 (Amended by Ord. No. 141,821, Eff. 5\/24\/71.)\n","html":"\n\t\t\t\t\t<section><p>\u00a0 ZONES \u2013 DISTRICTS \u2013 SYMBOLS.\n\t(Amended by Ord. No. 173,268, Eff. 7\/1\/00, Oper. 7\/1\/00.)<br \/><br \/>\tA.\t(Amended by Ord. No. 176,343, Eff. 1\/20\/05.)\u00a0 In <span class=\"dictionary\">order<\/span> to regulate the use of property, as provided for in this article, the City is divided into the following Zones:<br \/><br \/>\t1.\tOS Open Space Zone;<br \/><br \/>\t2.\tA1 Agricultural Zone;<br \/><br \/>\t3.\tA2 Agricultural Zone;<br \/><br \/>\t4.\tRA Suburban Zone;\u00a0<br \/><br \/>\t5.\tRE Residential Zone;<br \/><br \/>\t6.\tRS Suburban Zone;<br \/><br \/>\t7.\tR1 One-Family Zone;<br \/><br \/>\t8.\tRU Residential Urban Zone;<br \/><br \/>\t9.\tRZ Residential Zero Side Yard Zone;<br \/><br \/>\t10.\tRW1 One-Family Residential Waterways Zone;<br \/><br \/>\t11.\tR2 Two-Family Zone;<br \/><br \/>\t12.\tRD Restricted Density Multiple Dwelling Zone;<br \/><br \/>\t13.\tRMP Mobile Home Park Zone;<br \/><br \/>\t14.\tRW2 Two-Family Residential Waterways Zone;<br \/><br \/>\t15.\tR3 Multiple Dwelling Zone;<br \/><br \/>\t16.\tRAS3 Residential\/<span class=\"dictionary\">Accessory<\/span> Services Zone;<br \/><br \/>\t17.\tR4 Multiple Dwelling Zone;<br \/><br \/>\t18.\tRAS4 Residential\/<span class=\"dictionary\">Accessory<\/span> Services Zone;<br \/><br \/>\t19.\tR5 Multiple Dwelling Zone;<br \/><br \/>\t20.\tP Automobile Parking Zone;<br \/><br \/>\t21.\tPB Parking Building Zone;<br \/><br \/>\t22.\tCR Limited Commercial Zone;<br \/><br \/>\t23.\tC1 Limited Commercial Zone;<br \/><br \/>\t24.\tC1.5 Limited Commercial Zone;<br \/><br \/>\t25.\tC2 Commercial Zone;<br \/><br \/>\t26.\tC4 Commercial Zone;<br \/><br \/>\t27.\tC5 Commercial Zone;<br \/><br \/>\t28.\tCM Commercial Manufacturing Zone;<br \/><br \/>\t29.\tMR1 Restricted Industrial Zone;<br \/><br \/>\t30.\tM1 Limited Industrial Zone;<br \/><br \/>\t31.\tMR2 Restricted Light Industrial Zone;<br \/><br \/>\t32.\tM2 Light Industrial Zone;<br \/><br \/>\t33.\tM3 Heavy Industrial Zone;<br \/><br \/>\t34.\tPF Public Facilities Zone; and<br \/><br \/>\t35.\tSL Ocean-Submerged Land Zone.<br \/><br \/>\tThe <span class=\"dictionary\">order<\/span> of restrictiveness of these zones, the first being the most restrictive and last being the least restrictive, is as follows:<br \/><br \/>\tOS, A1, A2, RA, RE, RS, R1, RU, RZ, RW1, R2, RD, RMP, RW2, R3, RAS3, R4, RAS4, R5, CR, C1, C1.5, C4, C2, C5, CM, MR1, M1, MR2, M2, M3 and PF.<br \/><br \/>\tIn addition, there shall be the following Specific Plan Zones:<br \/><br \/>\t1.\tCCS Century City South Studio Zone;<br \/><br \/>\t2.\tCM (GM) Commercial Manufacturing (Glencoe\/Maxella) Zone;<br \/><br \/>\t3.\tCW Central City West Specific Plan Zone;<br \/><br \/>\t4.\tWC Warner Center Specific Plan Zone;<br \/><br \/>\t5.\tADP Alameda District Specific Plan Zone;<br \/><br \/>\t6.\tLASED Los Angeles Sports and Entertainment District Specific Plan Zone; and<br \/><br \/>\t7.\tLAX Los Angeles International Airport Specific Plan Zone.<br \/><br \/>\tB.\tThe Zone symbols and the boundaries of these Zones are shown on the \u201cZoning Map\u201d made up of separate map sheets and made a part of Article 2, Chapter 1 of the Los Angeles Municipal Code.\u00a0 The \u201cZoning Map\u201d and all of the notations, references, and other information, shown on the map are as much a part of this article as if fully set forth here.\u00a0 (Amended by Ord. No. 176,343, Eff. 1\/20\/05.)<br \/><br \/>\tC.\tIn <span class=\"dictionary\">order<\/span> to regulate more adequately and restrict the height and floor area of buildings and structures, each lot shall include a height district designation.\u00a0 Height district designations shall be numbered from 1 to 4, CRA 1 to 4, EZ 1 to 4, and CSA 1 to 4 and shall regulate the height or floor area of buildings and structures as provided in Sections 12.21.1, 12.21.2, 12.21.3, 12.21.4 and 12.21.5.\u00a0 The height districts and their boundaries are shown on the Zoning Map by a combination of zone symbols and height district number markings, e.g., R2-1, C2-2, M1-3, C1-CRA1, M2-EZ2, C2-CSA3, etc.\u00a0 Where a lot is located in more than one height district, the applicable zone symbol designations shall be separated by a slash mark, e.g., R2-CRA\/CSA, C2-EZ1\/CRA2, etc.\u00a0 The symbol \u201cHD\u201d preceding height district number markings, when shown on the Zoning Map or used in a zoning <span class=\"dictionary\">ordinance<\/span>, is an abbreviation for the words \u201cheight district\u201d and refers to height districts.\u00a0 The height districts for the \u201cCW\u201d Zone are the height districts shown in Section 6 of the Central City West Specific Plan.\u00a0 The height districts for the \u201cADP\u201d Zone are height districts shown in Section 7 of the Alameda District Specific Plan.\u00a0 The height districts for the \u201cWC\u201d Zone are height districts shown in Section 7 of the Warner Center Specific Plan.\u00a0 The height districts for the \u201cLASED\u201d Zone are the height districts shown on Section 10 of the Los Angeles Sports and Entertainment District Specific Plan.\u00a0 (Amended by Ord. No. 177,103, Eff. 12\/18\/05.)<br \/><br \/>\tD.\t(Amended by Ord. No. 182,242, Eff. 10\/9\/12.)\u00a0 Certain portions of the City are also designated as being in one or more of the following districts, by the provision of Article 3 of this chapter.<br \/><br \/>\t\u201cO\u201d\tOil Drilling District\n\t\u201cS\u201d\tAnimal Slaughtering\n\t\u201cG\u201d\tSurface Mining District\n\t\u201cRPD\u201d\tResidential Planned Development District\n\t\u201cK\u201d\tEquinekeeping District\n\t\u201cCA\u201d\tCommercial and Artcraft District\n\t\u201cPOD\u201d\tPedestrian Oriented District\n\t\u201cCDO\u201d\tCommunity Design Overlay District\n\t\u201cMU\u201d\tMixed Use District\n\t\u201cFH\u201d\tFence Height District\n\t\u201cSN\u201d\tSign District\n\t\u201cRFA\u201d\tResidential Floor Area District\n\t\u201cNSO\u201d\tNeighborhood Stabilization Overlay District\n\t\u201cCPIO\u201d\tCommunity Plan Implementation Overlay District\n\t\u201cHS\u201d\tHillside Standards Overlay District\n\t\u201cMPR\u201d\tModified Parking Requirement District<br \/><br \/>\tThe \u201cZoning Map\u201d is amended to indicate these districts and the boundaries of each district.<br \/><br \/>\tLand classified in one or more of the Supplemental Use Districts listed above shall be classified in one or more zones.\u00a0 Land classified in the \u201cP\u201d Automobile Parking Zone may also be classified in an \u201cA\u201d or \u201cR\u201d Zone.<br \/><br \/>\tThese classifications are indicated on the \u201cZoning Map\u201d with a combination of symbols, e.g., R2-2-O, C2-4-S, M1-3-G, M1-1-P and R2-O, C2-G, etc., where height districts have not been established.<br \/><br \/>\tE.\tThe boundaries of Community Redevelopment areas, as defined in Section 12.21.3 and as specifically designated on Maps numbered 30 through 47; Enterprise Zones, as defined in Section 12.21.4 and as specifically designated on Maps numbered 48 through 50; and Centers Study Areas, as defined in Section 12.21.5, and as specifically designated on Maps numbered 1 through 3 and 5 through 28, shall be shown on the \u201cZoning Map.\u201d\u00a0 (Amended by Ord. No. 168,870, Eff. 8\/9\/93.)<br \/><br \/>\tF.\tIn <span class=\"dictionary\">order<\/span> to provide a practicable method for the development of land, the topography of which creates problems in development, to permit the efficient design and use of building sites and local streets, and to secure compliance with the General Plan in certain hillside or mountainous areas of the City of Los Angeles, certain portions of the city classified in the RA and RE Zones are also designated as being in an \u201cH\u201d Hillside or Mountainous Area. The boundaries of said Hillside or Mountainous Areas are shown by the use of the symbol \u201cH\u201d in conjunction with the applicable Zone symbols on portions of the \u201cZoning Map.\u201d\u00a0 (Amended by Ord. No. 141,821, Eff. 5\/24\/71.)<\/p><\/section>","previous_section":{"id":"2312","structure_id":"20","section_number":"12.03","catch_line":"Definitions.","url":"\/12.03\/","token":"12.03"},"text":{"0":{"id":"3708","text":"\u00a0 ZONES \u2013 DISTRICTS \u2013 SYMBOLS.\n\t(Amended by Ord. No. 173,268, Eff. 7\/1\/00, Oper. 7\/1\/00.)\tA.\t(Amended by Ord. No. 176,343, Eff. 1\/20\/05.)\u00a0 In order to regulate the use of property, as provided for in this article, the City is divided into the following Zones:\t1.\tOS Open Space Zone;\t2.\tA1 Agricultural Zone;\t3.\tA2 Agricultural Zone;\t4.\tRA Suburban Zone;\u00a0\t5.\tRE Residential Zone;\t6.\tRS Suburban Zone;\t7.\tR1 One-Family Zone;\t8.\tRU Residential Urban Zone;\t9.\tRZ Residential Zero Side Yard Zone;\t10.\tRW1 One-Family Residential Waterways Zone;\t11.\tR2 Two-Family Zone;\t12.\tRD Restricted Density Multiple Dwelling Zone;\t13.\tRMP Mobile Home Park Zone;\t14.\tRW2 Two-Family Residential Waterways Zone;\t15.\tR3 Multiple Dwelling Zone;\t16.\tRAS3 Residential\/Accessory Services Zone;\t17.\tR4 Multiple Dwelling Zone;\t18.\tRAS4 Residential\/Accessory Services Zone;\t19.\tR5 Multiple Dwelling Zone;\t20.\tP Automobile Parking Zone;\t21.\tPB Parking Building Zone;\t22.\tCR Limited Commercial Zone;\t23.\tC1 Limited Commercial Zone;\t24.\tC1.5 Limited Commercial Zone;\t25.\tC2 Commercial Zone;\t26.\tC4 Commercial Zone;\t27.\tC5 Commercial Zone;\t28.\tCM Commercial Manufacturing Zone;\t29.\tMR1 Restricted Industrial Zone;\t30.\tM1 Limited Industrial Zone;\t31.\tMR2 Restricted Light Industrial Zone;\t32.\tM2 Light Industrial Zone;\t33.\tM3 Heavy Industrial Zone;\t34.\tPF Public Facilities Zone; and\t35.\tSL Ocean-Submerged Land Zone.\tThe order of restrictiveness of these zones, the first being the most restrictive and last being the least restrictive, is as follows:\tOS, A1, A2, RA, RE, RS, R1, RU, RZ, RW1, R2, RD, RMP, RW2, R3, RAS3, R4, RAS4, R5, CR, C1, C1.5, C4, C2, C5, CM, MR1, M1, MR2, M2, M3 and PF.\tIn addition, there shall be the following Specific Plan Zones:\t1.\tCCS Century City South Studio Zone;\t2.\tCM (GM) Commercial Manufacturing (Glencoe\/Maxella) Zone;\t3.\tCW Central City West Specific Plan Zone;\t4.\tWC Warner Center Specific Plan Zone;\t5.\tADP Alameda District Specific Plan Zone;\t6.\tLASED Los Angeles Sports and Entertainment District Specific Plan Zone; and\t7.\tLAX Los Angeles International Airport Specific Plan Zone.\tB.\tThe Zone symbols and the boundaries of these Zones are shown on the \u201cZoning Map\u201d made up of separate map sheets and made a part of Article 2, Chapter 1 of the Los Angeles Municipal Code.\u00a0 The \u201cZoning Map\u201d and all of the notations, references, and other information, shown on the map are as much a part of this article as if fully set forth here.\u00a0 (Amended by Ord. No. 176,343, Eff. 1\/20\/05.)\tC.\tIn order to regulate more adequately and restrict the height and floor area of buildings and structures, each lot shall include a height district designation.\u00a0 Height district designations shall be numbered from 1 to 4, CRA 1 to 4, EZ 1 to 4, and CSA 1 to 4 and shall regulate the height or floor area of buildings and structures as provided in Sections 12.21.1, 12.21.2, 12.21.3, 12.21.4 and 12.21.5.\u00a0 The height districts and their boundaries are shown on the Zoning Map by a combination of zone symbols and height district number markings, e.g., R2-1, C2-2, M1-3, C1-CRA1, M2-EZ2, C2-CSA3, etc.\u00a0 Where a lot is located in more than one height district, the applicable zone symbol designations shall be separated by a slash mark, e.g., R2-CRA\/CSA, C2-EZ1\/CRA2, etc.\u00a0 The symbol \u201cHD\u201d preceding height district number markings, when shown on the Zoning Map or used in a zoning ordinance, is an abbreviation for the words \u201cheight district\u201d and refers to height districts.\u00a0 The height districts for the \u201cCW\u201d Zone are the height districts shown in Section 6 of the Central City West Specific Plan.\u00a0 The height districts for the \u201cADP\u201d Zone are height districts shown in Section 7 of the Alameda District Specific Plan.\u00a0 The height districts for the \u201cWC\u201d Zone are height districts shown in Section 7 of the Warner Center Specific Plan.\u00a0 The height districts for the \u201cLASED\u201d Zone are the height districts shown on Section 10 of the Los Angeles Sports and Entertainment District Specific Plan.\u00a0 (Amended by Ord. No. 177,103, Eff. 12\/18\/05.)\tD.\t(Amended by Ord. No. 182,242, Eff. 10\/9\/12.)\u00a0 Certain portions of the City are also designated as being in one or more of the following districts, by the provision of Article 3 of this chapter.\t\u201cO\u201d\tOil Drilling District\n\t\u201cS\u201d\tAnimal Slaughtering\n\t\u201cG\u201d\tSurface Mining District\n\t\u201cRPD\u201d\tResidential Planned Development District\n\t\u201cK\u201d\tEquinekeeping District\n\t\u201cCA\u201d\tCommercial and Artcraft District\n\t\u201cPOD\u201d\tPedestrian Oriented District\n\t\u201cCDO\u201d\tCommunity Design Overlay District\n\t\u201cMU\u201d\tMixed Use District\n\t\u201cFH\u201d\tFence Height District\n\t\u201cSN\u201d\tSign District\n\t\u201cRFA\u201d\tResidential Floor Area District\n\t\u201cNSO\u201d\tNeighborhood Stabilization Overlay District\n\t\u201cCPIO\u201d\tCommunity Plan Implementation Overlay District\n\t\u201cHS\u201d\tHillside Standards Overlay District\n\t\u201cMPR\u201d\tModified Parking Requirement District\tThe \u201cZoning Map\u201d is amended to indicate these districts and the boundaries of each district.\tLand classified in one or more of the Supplemental Use Districts listed above shall be classified in one or more zones.\u00a0 Land classified in the \u201cP\u201d Automobile Parking Zone may also be classified in an \u201cA\u201d or \u201cR\u201d Zone.\tThese classifications are indicated on the \u201cZoning Map\u201d with a combination of symbols, e.g., R2-2-O, C2-4-S, M1-3-G, M1-1-P and R2-O, C2-G, etc., where height districts have not been established.\tE.\tThe boundaries of Community Redevelopment areas, as defined in Section 12.21.3 and as specifically designated on Maps numbered 30 through 47; Enterprise Zones, as defined in Section 12.21.4 and as specifically designated on Maps numbered 48 through 50; and Centers Study Areas, as defined in Section 12.21.5, and as specifically designated on Maps numbered 1 through 3 and 5 through 28, shall be shown on the \u201cZoning Map.\u201d\u00a0 (Amended by Ord. No. 168,870, Eff. 8\/9\/93.)\tF.\tIn order to provide a practicable method for the development of land, the topography of which creates problems in development, to permit the efficient design and use of building sites and local streets, and to secure compliance with the General Plan in certain hillside or mountainous areas of the City of Los Angeles, certain portions of the city classified in the RA and RE Zones are also designated as being in an \u201cH\u201d Hillside or Mountainous Area. The boundaries of said Hillside or Mountainous Areas are shown by the use of the symbol \u201cH\u201d in conjunction with the applicable Zone symbols on portions of the \u201cZoning Map.\u201d\u00a0 (Amended by Ord. No. 141,821, Eff. 5\/24\/71.)","type":"section","prefixes":[""],"prefix":"","entire_prefix":"","prefix_anchor":"","level":1}}}