{"section_number":"12.41","edition_id":"1","section_id":"2364","structure_id":"20","catch_line":"Landscape \u2013 Water Management.","history":"","full_text":"\u00a0 LANDSCAPE \u2013 WATER MANAGEMENT.\n\t(Added by Ord. No. 170,978, Eff. 5\/13\/96, Oper. 7\/13\/96.)\n\n\tA.\tPurpose.\u00a0 To contribute to conservation of the City\u2019s imported water resources mandated by state law by setting minimum standards for water delivery systems to landscapes.\n\n\tB.\tRequirements and Prohibitions.\n\n\t1.\tNo building permit, use of land permit, or grading permit for which landscape is required or for which landscape is provided shall be issued, except when the purpose is to construct a one-family dwelling, unless the Department of City Planning first determines that the required Water Management features and techniques, established by the City Planning Commission will be installed on the subject lot.\u00a0 No water management approval shall be required or issued for these permits unless a landscape approval required for the permits has first been issued by the Department of City Planning.\n\n\t2.\tAll permanent irrigation systems required under the provisions of this Code that use potable water shall meet the minimum specifications for features and techniques established by the City Planning Commission.\n\n\t3.\tNo irrigation system shall be required for undisturbed native or undisturbed natural vegetation, provided that the overall hydrologic regime that supported the vegetation remains unaltered.\u00a0 At the discretion of the Department of City Planning, an irrigation system may be required when the applicant proposes to establish native plantings, designed to take advantage of natural rainfall.\n\n\t4.\tNo portion of this section shall be construed to mandate any specific type of irrigation equipment, either existing or to be developed, except backflow preventers, nor any specific method of application of water, either existing or to be developed, provided it meets the criteria set forth in this section, unless specifically required by other sections of this Code.\u00a0 The provision of hose bibs or quick coupler valves shall be considered the provision of an irrigation system, provided all points of the irrigated area are less than 50 feet from a hose bib or quick coupler valve; no portion of the irrigated area slopes at more than a 5:1 grade; and the total area to be irrigated does not exceed 500 square feet.\n\n\t5.\tIrrigation Maintenance.\u00a0 All portions of every irrigation system shall be continuously maintained in a condition such that the intent of the irrigation design is fulfilled.\u00a0 Uncontrolled emission of water from any pipe, valve head, emitter, or other irrigation device shall be considered evidence of non-maintenance.\n\n\t6.\tFor the purposes of this section only, a Landscape practitioner is as defined in Section 12.40D and also includes any person certified by a professional organization in the field of water management, or any person with a bachelor\u2019s degree or equivalent from a California college or university, in the field of water management, when not in conflict with applicable State licensing laws and guidelines adopted by the Director of Planning.\u00a0 The Director is hereby authorized to adopt guidelines and procedures necessary to implement the provisions of this section.\n\n\t7.\tMulch.\u00a0 Owners of landscaping shall be encouraged to provide for plant mulching with planted areas provided with a layer of mulch a minimum of three inches deep, to aid the growth of the plants.","order_by":"41","ancestry":{"1":{"id":"20","name":"Specific Planning \u2013 Zoning\nComprehensive Zoning Plan","identifier":"2","label":"article","url":"\/1\/2\/"},"2":{"id":"7","name":"General Provisions and Zoning","identifier":"1","label":"chapter","url":"\/1\/"}},"structure_contents":{"0":{"id":"3095","structure_id":"20","section_number":"12.00","catch_line":"Title.","url":"\/12.00\/","token":"12.00"},"1":{"id":"1517","structure_id":"20","section_number":"12.01","catch_line":"Continuation Of Existing Regulations.","url":"\/12.01\/","token":"12.01"},"2":{"id":"1627","structure_id":"20","section_number":"12.02","catch_line":"Purpose.","url":"\/12.02\/","token":"12.02"},"3":{"id":"2312","structure_id":"20","section_number":"12.03","catch_line":"Definitions.","url":"\/12.03\/","token":"12.03"},"4":{"id":"3734","structure_id":"20","section_number":"12.04","catch_line":"Zones - Districts - Symbols.","url":"\/12.04\/","token":"12.04"},"5":{"id":"1459","structure_id":"20","section_number":"12.04.01","catch_line":"Violations Of Specific Plans.","url":"\/12.04.01\/","token":"12.04.01"},"6":{"id":"1812","structure_id":"20","section_number":"12.04.05","catch_line":"\u201cOs\u201d Open Space Zone.","url":"\/12.04.05\/","token":"12.04.05"},"7":{"id":"4037","structure_id":"20","section_number":"12.04.09","catch_line":"\u201cPf\u201d Public Facilities Zone.","url":"\/12.04.09\/","token":"12.04.09"},"8":{"id":"3058","structure_id":"20","section_number":"12.05","catch_line":"\u201cA1\u201d Agriculture Zone.","url":"\/12.05\/","token":"12.05"},"9":{"id":"1807","structure_id":"20","section_number":"12.06","catch_line":"\u201cA2\u201d Agricultural Zone.","url":"\/12.06\/","token":"12.06"},"10":{"id":"2434","structure_id":"20","section_number":"12.07","catch_line":"\u201cRa\u201d Suburban Zone.","url":"\/12.07\/","token":"12.07"},"11":{"id":"833","structure_id":"20","section_number":"12.07.01","catch_line":"\u201cRe\u201d Residential Estate Zone.","url":"\/12.07.01\/","token":"12.07.01"},"12":{"id":"3662","structure_id":"20","section_number":"12.07.1","catch_line":"\u201cRs\u201d Suburban Zone.","url":"\/12.07.1\/","token":"12.07.1"},"13":{"id":"1550","structure_id":"20","section_number":"12.08","catch_line":"\u201cR1\u201d One-Family Zone.","url":"\/12.08\/","token":"12.08"},"14":{"id":"1455","structure_id":"20","section_number":"12.08.1","catch_line":"Ru Residential Urban Zone.","url":"\/12.08.1\/","token":"12.08.1"},"15":{"id":"1635","structure_id":"20","section_number":"12.08.3","catch_line":"Rz Residential Zero Side Yard Zone.","url":"\/12.08.3\/","token":"12.08.3"},"16":{"id":"504","structure_id":"20","section_number":"12.08.5","catch_line":"\u201cRw1\u201d Residential Waterways Zone.","url":"\/12.08.5\/","token":"12.08.5"},"17":{"id":"2976","structure_id":"20","section_number":"12.09","catch_line":"\u201cR2\u201d Two-Family Zone.","url":"\/12.09\/","token":"12.09"},"18":{"id":"3015","structure_id":"20","section_number":"12.09.1","catch_line":"\u201cRd\u201d Restricted Density Multiple Dwelling Zone.","url":"\/12.09.1\/","token":"12.09.1"},"19":{"id":"3789","structure_id":"20","section_number":"12.09.3","catch_line":"\u201cRmp\u201d Mobilehome Park Zone.","url":"\/12.09.3\/","token":"12.09.3"},"20":{"id":"3264","structure_id":"20","section_number":"12.09.5","catch_line":"\u201cRw2\u201d Residential Waterways Zone.","url":"\/12.09.5\/","token":"12.09.5"},"21":{"id":"1735","structure_id":"20","section_number":"12.10","catch_line":"\u201cR3\u201d Multiple Dwelling Zone.","url":"\/12.10\/","token":"12.10"},"22":{"id":"2343","structure_id":"20","section_number":"12.10.5","catch_line":"Ras3 Residential\/Accessory Services Zone Purpose Statement.","url":"\/12.10.5\/","token":"12.10.5"},"23":{"id":"621","structure_id":"20","section_number":"12.11","catch_line":"\u201cR4\u201d Multiple Dwelling Zone.","url":"\/12.11\/","token":"12.11"},"24":{"id":"1231","structure_id":"20","section_number":"12.11.5","catch_line":"Ras4 Residential\/Accessory Services Zone Purpose Statement.","url":"\/12.11.5\/","token":"12.11.5"},"25":{"id":"1666","structure_id":"20","section_number":"12.12","catch_line":"\u201cR5\u201d Multiple Dwelling Zone.","url":"\/12.12\/","token":"12.12"},"26":{"id":"601","structure_id":"20","section_number":"12.12.1","catch_line":"\u201cP\u201d Automobile Parking Zone.","url":"\/12.12.1\/","token":"12.12.1"},"27":{"id":"286","structure_id":"20","section_number":"12.12.1.5","catch_line":"\u201cPb\u201d Parking Building Zone.*","url":"\/12.12.1.5\/","token":"12.12.1.5"},"28":{"id":"2454","structure_id":"20","section_number":"12.12.2","catch_line":"\u201cCr\u201d Limited Commercial Zone.","url":"\/12.12.2\/","token":"12.12.2"},"29":{"id":"3444","structure_id":"20","section_number":"12.13","catch_line":"\u201cC1\u201d Limited Commercial Zone.","url":"\/12.13\/","token":"12.13"},"30":{"id":"2973","structure_id":"20","section_number":"12.13.5","catch_line":"\u201cC1.5\u201d Limited Commercial Zone","url":"\/12.13.5\/","token":"12.13.5"},"31":{"id":"156","structure_id":"20","section_number":"12.14","catch_line":"\u201cC2\u201d Commercial Zone.","url":"\/12.14\/","token":"12.14"},"32":{"id":"1739","structure_id":"20","section_number":"12.16","catch_line":"\u201cC4\u201dCommercial Zone.","url":"\/12.16\/","token":"12.16"},"33":{"id":"24","structure_id":"20","section_number":"12.16.1","catch_line":"\u201cCw\u201d Central City West Specific Plan Zone.","url":"\/12.16.1\/","token":"12.16.1"},"34":{"id":"1075","structure_id":"20","section_number":"12.16.2","catch_line":"Adp Alameda District Specific Plan Zone.","url":"\/12.16.2\/","token":"12.16.2"},"35":{"id":"265","structure_id":"20","section_number":"12.16.3","catch_line":"Lased Los Angeles Sports And Entertainment District Specific Plan Zone.","url":"\/12.16.3\/","token":"12.16.3"},"36":{"id":"1579","structure_id":"20","section_number":"12.17","catch_line":"\u201cC5\u201d Commercial Zone.","url":"\/12.17\/","token":"12.17"},"37":{"id":"2695","structure_id":"20","section_number":"12.17.1","catch_line":"\u201cCm\u201d Commercial Manufacturing Zone.","url":"\/12.17.1\/","token":"12.17.1"},"38":{"id":"2925","structure_id":"20","section_number":"12.17.2","catch_line":"\u201cCm(Gm)\u201dCommercial Manufacturing (Glencoe\/Maxella) Specific Plan Zone.","url":"\/12.17.2\/","token":"12.17.2"},"39":{"id":"1704","structure_id":"20","section_number":"12.17.5","catch_line":"\u201cMr1\u201d Restricted Industrial Zone.","url":"\/12.17.5\/","token":"12.17.5"},"40":{"id":"383","structure_id":"20","section_number":"12.17.5.5","catch_line":"\u201cCcs\u201d Century City South Specific Plan Studio Zone.","url":"\/12.17.5.5\/","token":"12.17.5.5"},"41":{"id":"1032","structure_id":"20","section_number":"12.17.6","catch_line":"\u201cM1\u201d Limited Industrial Zone.","url":"\/12.17.6\/","token":"12.17.6"},"42":{"id":"65","structure_id":"20","section_number":"12.18","catch_line":"\u201cMr2\u201d Restricted Light Industrial Zone.","url":"\/12.18\/","token":"12.18"},"43":{"id":"2426","structure_id":"20","section_number":"12.18.1","catch_line":"\u201cWc\u201d Warner Center Specific Plan Zone.","url":"\/12.18.1\/","token":"12.18.1"},"44":{"id":"1290","structure_id":"20","section_number":"12.19","catch_line":"\u201cM2\u201d Light Industrial Zone.","url":"\/12.19\/","token":"12.19"},"45":{"id":"1435","structure_id":"20","section_number":"12.19.1","catch_line":"Lax Los Angeles International Airport Zone.","url":"\/12.19.1\/","token":"12.19.1"},"46":{"id":"3523","structure_id":"20","section_number":"12.20","catch_line":"\u201cM3\u201d Heavy Industrial Zone.","url":"\/12.20\/","token":"12.20"},"47":{"id":"3019","structure_id":"20","section_number":"12.20.1","catch_line":"Sl Ocean \u2013 Submerged Land Zone.","url":"\/12.20.1\/","token":"12.20.1"},"48":{"id":"3360","structure_id":"20","section_number":"12.20.2","catch_line":"Coastal Development Permits (Prior To Certification Of The Local Coastal Program.)","url":"\/12.20.2\/","token":"12.20.2"},"49":{"id":"2874","structure_id":"20","section_number":"12.20.2.1","catch_line":"Coastal Development Permit Procedures After Certification Of The Local Coastal Program.","url":"\/12.20.2.1\/","token":"12.20.2.1"},"50":{"id":"2479","structure_id":"20","section_number":"12.20.3","catch_line":"\u201cHp\u201d Historic Preservation Overlay Zone.","url":"\/12.20.3\/","token":"12.20.3"},"51":{"id":"3236","structure_id":"20","section_number":"12.21.1","catch_line":"Height Of Building Or Structures.","url":"\/12.21.1\/","token":"12.21.1"},"52":{"id":"488","structure_id":"20","section_number":"12.21.2","catch_line":"Height Of Buildings Or Structures In Century City.","url":"\/12.21.2\/","token":"12.21.2"},"53":{"id":"2253","structure_id":"20","section_number":"12.21.3","catch_line":"Height Of Buildings Or Structures In Community Redevelopment Plan Areas.","url":"\/12.21.3\/","token":"12.21.3"},"54":{"id":"3709","structure_id":"20","section_number":"12.21.4","catch_line":"Height Of Buildings Or Structures In Enterprise Zones.","url":"\/12.21.4\/","token":"12.21.4"},"55":{"id":"605","structure_id":"20","section_number":"12.21.5","catch_line":"Height Of Buildings Or Structures In Centers Study Areas.","url":"\/12.21.5\/","token":"12.21.5"},"56":{"id":"1399","structure_id":"20","section_number":"12.22","catch_line":"Exceptions.","url":"\/12.22\/","token":"12.22"},"57":{"id":"2993","structure_id":"20","section_number":"12.22.1","catch_line":"Safer Sex.","url":"\/12.22.1\/","token":"12.22.1"},"58":{"id":"3237","structure_id":"20","section_number":"12.23","catch_line":"Nonconforming Building And Uses.","url":"\/12.23\/","token":"12.23"},"59":{"id":"1191","structure_id":"20","section_number":"12.24","catch_line":"Conditional Use Permits And Other Similar Quasi-Judicial Approvals.","url":"\/12.24\/","token":"12.24"},"60":{"id":"546","structure_id":"20","section_number":"12.24.1","catch_line":"Land Use Determination By City Planning Commission.","url":"\/12.24.1\/","token":"12.24.1"},"61":{"id":"1889","structure_id":"20","section_number":"12.25","catch_line":"Time Limitations.","url":"\/12.25\/","token":"12.25"},"62":{"id":"2902","structure_id":"20","section_number":"12.26","catch_line":"Department Of Building And Safety.","url":"\/12.26\/","token":"12.26"},"63":{"id":"2923","structure_id":"20","section_number":"12.27","catch_line":"Variances.","url":"\/12.27\/","token":"12.27"},"64":{"id":"799","structure_id":"20","section_number":"12.27.1","catch_line":"Administrative Nuisance Abatement Proceedings.","url":"\/12.27.1\/","token":"12.27.1"},"65":{"id":"4040","structure_id":"20","section_number":"12.28","catch_line":"Adjustments And Slight Modifications.","url":"\/12.28\/","token":"12.28"},"66":{"id":"2103","structure_id":"20","section_number":"12.29","catch_line":"Violation Of Conditions \u2013 Penalty.","url":"\/12.29\/","token":"12.29"},"67":{"id":"339","structure_id":"20","section_number":"12.30","catch_line":"Boundaries Of Zones.","url":"\/12.30\/","token":"12.30"},"68":{"id":"1073","structure_id":"20","section_number":"12.31","catch_line":"Interpretation \u2013 Purpose \u2013 Conflict.","url":"\/12.31\/","token":"12.31"},"69":{"id":"3171","structure_id":"20","section_number":"12.32","catch_line":"Land Use Legislative Actions.","url":"\/12.32\/","token":"12.32"},"70":{"id":"511","structure_id":"20","section_number":"12.33","catch_line":"Dedication Of Land Or Payment For Park And Recreational Facilities As A Requirement For A Zone Change For A Multiple Residential Use In Any Multiple Residential Or Commercial Zone.","url":"\/12.33\/","token":"12.33"},"71":{"id":"1730","structure_id":"20","section_number":"12.34","catch_line":"Application Of Provisions.","url":"\/12.34\/","token":"12.34"},"72":{"id":"3843","structure_id":"20","section_number":"12.35","catch_line":"Zoning Of Annexed Or Unzoned Areas.","url":"\/12.35\/","token":"12.35"},"73":{"id":"1352","structure_id":"20","section_number":"12.36","catch_line":"Projects Requiring Multiple Approvals.(Charter \u00a7 564).","url":"\/12.36\/","token":"12.36"},"74":{"id":"1765","structure_id":"20","section_number":"12.37","catch_line":"Highway And Collector Street Dedication And Improvement.","url":"\/12.37\/","token":"12.37"},"75":{"id":"2301","structure_id":"20","section_number":"12.38","catch_line":"Dedication Of Streets By Long Term Leases.","url":"\/12.38\/","token":"12.38"},"76":{"id":"2657","structure_id":"20","section_number":"12.39","catch_line":"Low And Moderate Housing.","url":"\/12.39\/","token":"12.39"},"77":{"id":"1295","structure_id":"20","section_number":"12.40","catch_line":"Landscape - General Requirements.","url":"\/12.40\/","token":"12.40"},"78":{"id":"2364","structure_id":"20","section_number":"12.41","catch_line":"Landscape - Water Management.","url":"\/12.41\/","token":"12.41"},"79":{"id":"2169","structure_id":"20","section_number":"12.42","catch_line":"Landscape.","url":"\/12.42\/","token":"12.42"},"80":{"id":"4030","structure_id":"20","section_number":"12.43","catch_line":"Source Reduction Of Waste.","url":"\/12.43\/","token":"12.43"},"81":{"id":"1485","structure_id":"20","section_number":"12.50","catch_line":"Airport Approach Zoning Regulations.","url":"\/12.50\/","token":"12.50"},"82":{"id":"1328","structure_id":"20","section_number":"12.70","catch_line":"Adult Entertainment Zoning.","url":"\/12.70\/","token":"12.70"},"83":{"id":"481","structure_id":"20","section_number":"12.80","catch_line":"Homeless Shelters - Emergencies - Government Owned And Leased Property.","url":"\/12.80\/","token":"12.80"},"84":{"id":"737","structure_id":"20","section_number":"12.81","catch_line":"Homeless Shelters - Emergencies - Charitable\nOrganizations.","url":"\/12.81\/","token":"12.81"}},"next_section":{"id":"2169","structure_id":"20","section_number":"12.42","catch_line":"Landscape.","url":"\/12.42\/","token":"12.42"},"metadata":false,"references":false,"url":"\/12.41\/","token":"12.41","formats":{"txt":"\/12.41.txt","json":"\/12.41.xml"},"dublin_core":{"Title":"Landscape \u2013 Water Management.","Type":"Text","Format":"text\/html","Identifier":"\u00a7 12.41","Relation":"Los Angeles Municipal Code"},"plain_text":"                            LOS ANGELES MUNICIPAL CODE\n\nLANDSCAPE \u2013 WATER MANAGEMENT. (\u00a7 12.41)\n\n\u00a0 LANDSCAPE \u2013 WATER MANAGEMENT.\n\t(Added by Ord. No. 170,978, Eff. 5\/13\/96, Oper. 7\/13\/96.)\tA.\tPurpose.\u00a0 To\ncontribute to conservation of the City\u2019s imported water resources mandated by\nstate law by setting minimum standards for water delivery systems to\nlandscapes.\tB.\tRequirements and Prohibitions.\t1.\tNo building permit, use of land\npermit, or grading permit for which landscape is required or for which landscape\nis provided shall be issued, except when the purpose is to construct a\none-family dwelling, unless the Department of City Planning first determines\nthat the required Water Management features and techniques, established by the\nCity Planning Commission will be installed on the subject lot.\u00a0 No water\nmanagement approval shall be required or issued for these permits unless a\nlandscape approval required for the permits has first been issued by the\nDepartment of City Planning.\t2.\tAll permanent irrigation systems required under\nthe provisions of this Code that use potable water shall meet the minimum\nspecifications for features and techniques established by the City Planning\nCommission.\t3.\tNo irrigation system shall be required for undisturbed native or\nundisturbed natural vegetation, provided that the overall hydrologic regime that\nsupported the vegetation remains unaltered.\u00a0 At the discretion of the\nDepartment of City Planning, an irrigation system may be required when the\napplicant proposes to establish native plantings, designed to take advantage of\nnatural rainfall.\t4.\tNo portion of this section shall be construed to mandate\nany specific type of irrigation equipment, either existing or to be developed,\nexcept backflow preventers, nor any specific method of application of water,\neither existing or to be developed, provided it meets the criteria set forth in\nthis section, unless specifically required by other sections of this Code.\u00a0 The\nprovision of hose bibs or quick coupler valves shall be considered the provision\nof an irrigation system, provided all points of the irrigated area are less than\n50 feet from a hose bib or quick coupler valve; no portion of the irrigated area\nslopes at more than a 5:1 grade; and the total area to be irrigated does not\nexceed 500 square feet.\t5.\tIrrigation Maintenance.\u00a0 All portions of every\nirrigation system shall be continuously maintained in a condition such that the\nintent of the irrigation design is fulfilled.\u00a0 Uncontrolled emission of water\nfrom any pipe, valve head, emitter, or other irrigation device shall be\nconsidered evidence of non-maintenance.\t6.\tFor the purposes of this section\nonly, a Landscape practitioner is as defined in Section 12.40D and also includes\nany person certified by a professional organization in the field of water\nmanagement, or any person with a bachelor\u2019s degree or equivalent from a\nCalifornia college or university, in the field of water management, when not in\nconflict with applicable State licensing laws and guidelines adopted by the\nDirector of Planning.\u00a0 The Director is hereby authorized to adopt guidelines\nand procedures necessary to implement the provisions of this\nsection.\t7.\tMulch.\u00a0 Owners of landscaping shall be encouraged to provide for\nplant mulching with planted areas provided with a layer of mulch a minimum of\nthree inches deep, to aid the growth of the plants.\n","html":"\n\t\t\t\t\t<section><p>\u00a0 LANDSCAPE \u2013 WATER MANAGEMENT.\n\t(Added by Ord. No. 170,978, Eff. 5\/13\/96, Oper. 7\/13\/96.)<br \/><br \/>\tA.\tPurpose.\u00a0 To contribute to conservation of the City\u2019s imported water resources mandated by state <span class=\"dictionary\">law<\/span> by setting minimum standards for water delivery systems to landscapes.<br \/><br \/>\tB.\tRequirements and Prohibitions.<br \/><br \/>\t1.\tNo building permit, use of land permit, or grading permit for which landscape is required or for which landscape is provided shall be issued, except when the purpose is to construct a one-family dwelling, unless the Department of City Planning first determines that the required Water Management features and techniques, established by the City Planning Commission will be installed on the subject lot.\u00a0 No water management approval shall be required or issued for these permits unless a landscape approval required for the permits has first been issued by the Department of City Planning.<br \/><br \/>\t2.\tAll permanent irrigation systems required under the provisions of this Code that use potable water shall meet the minimum specifications for features and techniques established by the City Planning Commission.<br \/><br \/>\t3.\tNo irrigation system shall be required for undisturbed native or undisturbed natural vegetation, provided that the overall hydrologic regime that supported the vegetation remains unaltered.\u00a0 At the discretion of the Department of City Planning, an irrigation system may be required when the applicant proposes to establish native plantings, designed to take advantage of natural rainfall.<br \/><br \/>\t4.\tNo portion of this section shall be construed to <span class=\"dictionary\">mandate<\/span> any specific type of irrigation equipment, either existing or to be developed, except backflow preventers, nor any specific method of application of water, either existing or to be developed, provided it meets the criteria set forth in this section, unless specifically required by other sections of this Code.\u00a0 The provision of hose bibs or quick coupler valves shall be considered the provision of an irrigation system, provided all points of the irrigated area are less than 50 feet from a hose bib or quick coupler valve; no portion of the irrigated area slopes at more than a 5:1 grade; and the total area to be irrigated does not exceed 500 square feet.<br \/><br \/>\t5.\tIrrigation Maintenance.\u00a0 All portions of every irrigation system shall be continuously maintained in a condition such that the <span class=\"dictionary\">intent<\/span> of the irrigation design is fulfilled.\u00a0 Uncontrolled emission of water from any pipe, valve head, emitter, or other irrigation device shall be considered <span class=\"dictionary\">evidence<\/span> of non-maintenance.<br \/><br \/>\t6.\tFor the purposes of this section only, a Landscape practitioner is as defined in Section 12.40D and also includes any person certified by a professional organization in the field of water management, or any person with a bachelor\u2019s degree or equivalent from a California college or university, in the field of water management, when not in conflict with applicable State licensing <span class=\"dictionary\">laws<\/span> and guidelines adopted by the Director of Planning.\u00a0 The Director is hereby authorized to adopt guidelines and procedures necessary to implement the provisions of this section.<br \/><br \/>\t7.\tMulch.\u00a0 Owners of landscaping shall be encouraged to provide for plant mulching with planted areas provided with a layer of mulch a minimum of three inches deep, to aid the growth of the plants.<\/p><\/section>","previous_section":{"id":"1295","structure_id":"20","section_number":"12.40","catch_line":"Landscape - General Requirements.","url":"\/12.40\/","token":"12.40"},"text":{"0":{"id":"2342","text":"\u00a0 LANDSCAPE \u2013 WATER MANAGEMENT.\n\t(Added by Ord. No. 170,978, Eff. 5\/13\/96, Oper. 7\/13\/96.)\tA.\tPurpose.\u00a0 To contribute to conservation of the City\u2019s imported water resources mandated by state law by setting minimum standards for water delivery systems to landscapes.\tB.\tRequirements and Prohibitions.\t1.\tNo building permit, use of land permit, or grading permit for which landscape is required or for which landscape is provided shall be issued, except when the purpose is to construct a one-family dwelling, unless the Department of City Planning first determines that the required Water Management features and techniques, established by the City Planning Commission will be installed on the subject lot.\u00a0 No water management approval shall be required or issued for these permits unless a landscape approval required for the permits has first been issued by the Department of City Planning.\t2.\tAll permanent irrigation systems required under the provisions of this Code that use potable water shall meet the minimum specifications for features and techniques established by the City Planning Commission.\t3.\tNo irrigation system shall be required for undisturbed native or undisturbed natural vegetation, provided that the overall hydrologic regime that supported the vegetation remains unaltered.\u00a0 At the discretion of the Department of City Planning, an irrigation system may be required when the applicant proposes to establish native plantings, designed to take advantage of natural rainfall.\t4.\tNo portion of this section shall be construed to mandate any specific type of irrigation equipment, either existing or to be developed, except backflow preventers, nor any specific method of application of water, either existing or to be developed, provided it meets the criteria set forth in this section, unless specifically required by other sections of this Code.\u00a0 The provision of hose bibs or quick coupler valves shall be considered the provision of an irrigation system, provided all points of the irrigated area are less than 50 feet from a hose bib or quick coupler valve; no portion of the irrigated area slopes at more than a 5:1 grade; and the total area to be irrigated does not exceed 500 square feet.\t5.\tIrrigation Maintenance.\u00a0 All portions of every irrigation system shall be continuously maintained in a condition such that the intent of the irrigation design is fulfilled.\u00a0 Uncontrolled emission of water from any pipe, valve head, emitter, or other irrigation device shall be considered evidence of non-maintenance.\t6.\tFor the purposes of this section only, a Landscape practitioner is as defined in Section 12.40D and also includes any person certified by a professional organization in the field of water management, or any person with a bachelor\u2019s degree or equivalent from a California college or university, in the field of water management, when not in conflict with applicable State licensing laws and guidelines adopted by the Director of Planning.\u00a0 The Director is hereby authorized to adopt guidelines and procedures necessary to implement the provisions of this section.\t7.\tMulch.\u00a0 Owners of landscaping shall be encouraged to provide for plant mulching with planted areas provided with a layer of mulch a minimum of three inches deep, to aid the growth of the plants.","type":"section","prefixes":[""],"prefix":"","entire_prefix":"","prefix_anchor":"","level":1}}}