{"section_number":"12.70","edition_id":"1","section_id":"1328","structure_id":"20","catch_line":"Adult Entertainment Zoning.","history":"","full_text":"\u00a0 ADULT ENTERTAINMENT ZONING.\n\t(Added by Ord. No. 151,294, Eff. 9\/1\/78.)\n\n\tA.\tPurpose.\u00a0 It is the purpose and object of this section to establish reasonable and uniform regulations to prevent the continued concentration of adult entertainment businesses, as defined herein, within the City of Los Angeles.\n\n\tB.\tDefinitions.\u00a0 For the purpose of this section, certain terms and words are defined as follows:\n\n\t1.\t\u201cAdult Arcade\u201d \u2013 An establishment where, for any form of consideration, one or more motion picture projectors, slide projectors or similar machines, for viewing by five or fewer persons each, are used to show films, motion pictures, video cassettes, slides or other photographic reproductions which are characterized by an emphasis upon the depiction or description of \u201cspecified sexual activities\u201d or \u201cspecified anatomical areas.\u201d\n\n\t2.\t\u201cAdult Bookstores\u201d \u2013 An establishment which has as a substantial portion of its stock-in-trade and offers for sale for any form of consideration any one or more of the following:\n\n\t(a)\tBooks, magazines, periodicals or other printed matter, or photographs, films, motion pictures, video cassettes, slides or other visual representations which are characterized by an emphasis upon the depiction or description of \u201cspecified sexual activities\u201d or \u201cspecified anatomical areas;\u201d or\n\n\t(b)\tInstruments, devices or paraphernalia which are designed for use in connection with \u201cspecified sexual activities.\u201d\n\n\t3.\t\u201cAdult Cabaret\u201d \u2013 A nightclub, bar, restaurant or similar establishment which regularly features live performances which are characterized by the exposure of \u201cspecified anatomical areas\u201d or by \u201cspecified sexual activities,\u201d or films, motion pictures, video cassettes, slides or other photographic reproductions which are characterized by an emphasis upon the depiction or description of \u201cspecified sexual activities\u201d or \u201cspecified anatomical areas.\u201d\n\n\t4.\t\u201cAdult Motel\u201d \u2013 A motel or similar establishment offering public accommodations for any form of consideration which provides patrons with closed circuit television transmissions, films, motion pictures, video cassettes, slides or other photographic reproductions which are characterized by an emphasis upon the depiction or description of \u201cspecified sexual activities\u201d or \u201cspecified anatomical areas.\u201d\n\n\t5.\t\u201cAdult Motion Picture Theater\u201d \u2013 An establishment where, for any form of consideration, films, motion pictures, video cassettes, slides or similar reproductions are shown, and in which a substantial portion of the total presentation time is devoted to the showing of material which is characterized by an emphasis upon the depiction or description of \u201cspecified sexual activities\u201d or \u201cspecified anatomical areas\u201d\n\n\t6.\t\u201cAdult Theater\u201d \u2013 A theater concert hall, auditorium or similar establishment which, for any form of consideration, regularly features live performances which are characterized by the exposure of \u201cspecified anatomical areas\u201d or by \u201cspecified sexual activities.\u201d\n\n\t7.\t\u201cEstablishment\u201d (Amended by Ord. No. 157,538, Eff. 5\/13\/83.)\u00a0 \u2013 As used in Subsection C hereof, the \u201cestablishment\u201d of an adult entertainment business shall mean and include any of the following:\n\n\t(a)\tThe opening or commencement of any such business as a new business;\n\n\t(b)\tThe conversion of an existing business, whether or not an adult entertainment business, to any of the adult entertainment businesses defined herein; or\n\n\t(c)\tThe relocation of any such business.\n\n\t8.\t\u201cMassage Parlor\u201d\u00a0 \u2013\u00a0 An establishment where, for any form of consideration, massage, alcohol rub, fomentation, electric or magnetic treatment, or similar treatment or manipulation of the human body is administered, unless such treatment or manipulation is administered by a medical practitioner, chiropractor, acupuncturist, physical therapist or similar professional person licensed by the State of California. This definition does not include an athletic club, health club, school, gymnasium, state licensed cosmetology or barber establishment, reducing salon, spa or similar establishment where massage or similar manipulation of the human body is offered as an incidental or accessory service. (Amended by Ord. No. 155,718, Eff. 8\/6\/81.)\n\n\t9.\t\u201cPublic Park\u201d \u2013 A park, playground, swimming pool, beach, pier, reservoir, golf course or similar athletic field within the City of Los Angeles which is under the control, operation or management of the City Board of Recreation and Park Commissioners or the County Department of Beaches.\n\n\t10.\t\u201cReligious Institution\u201d \u2013 A building which is used primarily for religious worship and related religious activities.\n\n\t11.\t\u201cSchool\u201d\u00a0 \u2013 An institution of learning for minors, whether public or private which offers instruction in those courses of study required by the California Education Code or which is maintained pursuant to standards set by the State Board of Education. This definition includes a nursery school, kindergarten, elementary school, junior high school, senior high school or any special institution of learning under the jurisdiction of the State Department of Education, but it does not include a vocational or professional institution or an institution of higher education, including a community or junior college, college or university.\n\n\t12.\t\u201cSexual Encounter Establishment\u201d \u2013 An establishment, other than a hotel, motel or similar establishment offering public accommodations, which, for any form of consideration, provides a place where two or more persons may congregate, associate or consort in connection with \u201cspecified sexual activities\u201d or the exposure of \u201cspecified anatomical areas.\u201d This definition does not include an establishment where a medical practitioner, psychologist, psychiatrist or similar professional person licensed by the State of California engages in sexual therapy.\n\n\t13.\t\u201cSpecified Anatomical Areas\u201d\u00a0 \u2013 As used herein, \u201cspecified anatomical areas\u201d shall mean and include any of the following:\n\n\t(a)\tLess than completely and opaquely covered human genitals,\u00a0 pubic region, buttocks, anus or female breasts below a point immediately above the top of the areolas; or\n\n\t(b)\tHuman male genitals in a discernibly turgid state, even if completely and opaquely covered.\n\n\t14.\t\u201cSpecified Sexual Activities\u201d \u2014 As used herein, \u201cspecified sexual activities\u201d shall mean and include any of the following:\n\n\t(a)\tThe fondling or other erotic touching of human genitals, pubic region, buttocks, anus or female breasts;\n\n\t(b)\tSex acts, normal or perverted, actual or simulated, including intercourse, oral copulation or sodomy;\n\n\t(c)\tMasturbation, actual or simulated; or\n\n\t(d)\tExcretory functions as part of or in connection with any of the activities set forth in (a) through (c) above.\n\n\t15.\t\u201cSubstantial Enlargement\u201d \u2013 As used in Subsection C hereof, the \u201csubstantial enlargement\u201d of an adult entertainment business shall mean the increase in floor area occupied by the business by more than fifty percent (50%), as such floor area exists on the effective date of this section.\n\n\t16.\t\u201cTransfer of Ownership or Control\u201d \u2013 As used in Subsections C and E hereof, the \u201ctransfer of ownership or control\u201d of an adult entertainment business shall mean and include any of the following:\n\n\t(a)\tThe sale, lease or sublease of such business;\n\n\t(b)\tThe transfer of securities which constitute a controlling interest in such business, whether by sale, exchange or similar means; or\n\n\t(c)\tThe establishment of a trust, gift or other similar legal device which transfers the ownership or control of such business, except for transfer by bequest or other operation of law upon the death of the person possessing such ownership or control.\n\n\t17.\t\u201cAdult Entertainment Business\u201d \u2013 Adult Arcade, Adult Bookstore, Adult Cabaret, Adult Motel, Adult Motion Picture Theatre, Adult Theatre, Massage Parlor, or Sexual Encounter Establishment, as defined herein, and each shall constitute a separate adult entertainment business even if operated in conjunction with another adult entertainment business at the same establishment. (Added by Ord. No. 157,538, Eff. 5\/13\/83.)\n\n\tC.\tProhibition. (Amended by Ord. No. 158,579, Eff. 1\/23\/84.) No person shall cause or permit the establishment, substantial enlargement or transfer of ownership or control of an adult entertainment business within 1,000 feet of another adult entertainment business, or within 500 feet of a religious institution, school, or public park within the City of Los Angeles. No person shall cause or permit the establishment or maintenance of more than one adult entertainment business in the same building, structure or portion thereof, or the increase of floor area of any adult entertainment business in any building, structure or portion thereof containing another adult entertainment business.\n\n\tNo person shall cause or permit the establishment, or substantial enlargement of an adult entertainment business within 500 feet of any lot in an \u201cA\u201d or \u201cR\u201d zone, or within the \u201cCR\u201d, \u201cC1\u201d, or \u201cC1.5\u201d zones in the City of Los Angeles.\n\n\tAfter March 6,1988, no person shall cause or permit the continued operation, maintenance, or use of a lot, building or structure, or any portion thereof as an Adult Arcade, Adult Bookstore, Adult Cabaret, Adult Motel, Adult Motion Picture Theater, Adult Theater, Massage Parlor or Sexual Encounter Establishment, within 500 feet of any lot in an \u201cA\u201d zone or \u201cR\u201d zone, or within the \u201cCR\u201d, \u201cC1\u201d or \u201cC1.5\u201d zones in\u00a0 the City of Los Angeles. (Added by Ord. No. 161,111, Eff. 5\/18\/86.)\n\n\tD.\tMeasurement Of Distance. The distance between any two adult entertainment businesses shall be measured in a straight line, without regard to intervening structures, from the closest exterior structural wall of each business. The distance between any adult entertainment business and any religious institution, school or public park shall be measured in a straight line, without regard to intervening structures, from the closest exterior structural wall of the adult entertainment business to the closest property line of the religious institution, school or public park.\n\n\tE.\tExceptions.\n\n\t1.\tA person possessing ownership or control of an adult entertainment business which is within 1,000 feet of another such business or within 500 feet of any religious institution, school or public park on the effective date of this ordinance shall be permitted to transfer such ownership or control within two (2) years of said effective date. The person acquiring such ownership or control, however, shall be required to discontinue said adult entertainment business within five (5) years from the date of said transfer of ownership or control, if such business continues to be within 1,000 feet of another such business or within 500 feet of any religious institution, school or public park.\n\n\t2.\tA person possessing ownership or control of an adult entertainment business shall be permitted to transfer such ownership or control if such business is not within 500 feet of any religious institution, school or public park and the only other adult entertainment business or businesses within 1,000 feet of such business have been established under a variance from the requirements of this section, pursuant to the variance provisions set forth in Section 12.27 of this Code. This exception shall not, however, apply to an adult entertainment business which has been established under such a variance.\n\n\t3.\tExcept for an adult entertainment business required to be discontinued pursuant to Subdivision 1 of this subsection, if more than one adult entertainment businesses exists in the same building, structure or portion thereof, then all may be continued until March 10, 1985. At that time all shall be discontinued except those established prior to September 1, 1978; but if none of the adult entertainment businesses were established prior to September 1, 1978, then all shall be discontinued except for one, and in case of a dispute the adult entertainment business established first shall have the priority right to continue.\n\n\t4.\tAn adult entertainment business may be continued, or established and maintained, pursuant to Section 12.22A20.\u00a0 (Amended by Ord. No. 161,111, Eff. 5\/18\/86.)\n\n\tF.\tSeverability.\u00a0 If any provision or clause of this section or the application thereof to any person or circumstance is held to be unconstitutional or otherwise invalid by any court of competent jurisdiction, such invalidity shall not affect other section provisions, clauses or applications thereof which can be implemented without the invalid provision, clause or application thereof, and to this end the provisions and clauses of this section are declared to be severable.","order_by":"70","ancestry":{"1":{"id":"20","name":"Specific Planning \u2013 Zoning\nComprehensive Zoning Plan","identifier":"2","label":"article","url":"\/1\/2\/"},"2":{"id":"7","name":"General Provisions and Zoning","identifier":"1","label":"chapter","url":"\/1\/"}},"structure_contents":{"0":{"id":"3095","structure_id":"20","section_number":"12.00","catch_line":"Title.","url":"\/12.00\/","token":"12.00"},"1":{"id":"1517","structure_id":"20","section_number":"12.01","catch_line":"Continuation Of Existing Regulations.","url":"\/12.01\/","token":"12.01"},"2":{"id":"1627","structure_id":"20","section_number":"12.02","catch_line":"Purpose.","url":"\/12.02\/","token":"12.02"},"3":{"id":"2312","structure_id":"20","section_number":"12.03","catch_line":"Definitions.","url":"\/12.03\/","token":"12.03"},"4":{"id":"3734","structure_id":"20","section_number":"12.04","catch_line":"Zones - Districts - Symbols.","url":"\/12.04\/","token":"12.04"},"5":{"id":"1459","structure_id":"20","section_number":"12.04.01","catch_line":"Violations Of Specific Plans.","url":"\/12.04.01\/","token":"12.04.01"},"6":{"id":"1812","structure_id":"20","section_number":"12.04.05","catch_line":"\u201cOs\u201d Open Space Zone.","url":"\/12.04.05\/","token":"12.04.05"},"7":{"id":"4037","structure_id":"20","section_number":"12.04.09","catch_line":"\u201cPf\u201d Public Facilities Zone.","url":"\/12.04.09\/","token":"12.04.09"},"8":{"id":"3058","structure_id":"20","section_number":"12.05","catch_line":"\u201cA1\u201d Agriculture Zone.","url":"\/12.05\/","token":"12.05"},"9":{"id":"1807","structure_id":"20","section_number":"12.06","catch_line":"\u201cA2\u201d Agricultural Zone.","url":"\/12.06\/","token":"12.06"},"10":{"id":"2434","structure_id":"20","section_number":"12.07","catch_line":"\u201cRa\u201d Suburban Zone.","url":"\/12.07\/","token":"12.07"},"11":{"id":"833","structure_id":"20","section_number":"12.07.01","catch_line":"\u201cRe\u201d Residential Estate Zone.","url":"\/12.07.01\/","token":"12.07.01"},"12":{"id":"3662","structure_id":"20","section_number":"12.07.1","catch_line":"\u201cRs\u201d Suburban Zone.","url":"\/12.07.1\/","token":"12.07.1"},"13":{"id":"1550","structure_id":"20","section_number":"12.08","catch_line":"\u201cR1\u201d One-Family Zone.","url":"\/12.08\/","token":"12.08"},"14":{"id":"1455","structure_id":"20","section_number":"12.08.1","catch_line":"Ru Residential Urban Zone.","url":"\/12.08.1\/","token":"12.08.1"},"15":{"id":"1635","structure_id":"20","section_number":"12.08.3","catch_line":"Rz Residential Zero Side Yard Zone.","url":"\/12.08.3\/","token":"12.08.3"},"16":{"id":"504","structure_id":"20","section_number":"12.08.5","catch_line":"\u201cRw1\u201d Residential Waterways Zone.","url":"\/12.08.5\/","token":"12.08.5"},"17":{"id":"2976","structure_id":"20","section_number":"12.09","catch_line":"\u201cR2\u201d Two-Family Zone.","url":"\/12.09\/","token":"12.09"},"18":{"id":"3015","structure_id":"20","section_number":"12.09.1","catch_line":"\u201cRd\u201d Restricted Density Multiple Dwelling Zone.","url":"\/12.09.1\/","token":"12.09.1"},"19":{"id":"3789","structure_id":"20","section_number":"12.09.3","catch_line":"\u201cRmp\u201d Mobilehome Park Zone.","url":"\/12.09.3\/","token":"12.09.3"},"20":{"id":"3264","structure_id":"20","section_number":"12.09.5","catch_line":"\u201cRw2\u201d Residential Waterways Zone.","url":"\/12.09.5\/","token":"12.09.5"},"21":{"id":"1735","structure_id":"20","section_number":"12.10","catch_line":"\u201cR3\u201d Multiple Dwelling Zone.","url":"\/12.10\/","token":"12.10"},"22":{"id":"2343","structure_id":"20","section_number":"12.10.5","catch_line":"Ras3 Residential\/Accessory Services Zone Purpose Statement.","url":"\/12.10.5\/","token":"12.10.5"},"23":{"id":"621","structure_id":"20","section_number":"12.11","catch_line":"\u201cR4\u201d Multiple Dwelling Zone.","url":"\/12.11\/","token":"12.11"},"24":{"id":"1231","structure_id":"20","section_number":"12.11.5","catch_line":"Ras4 Residential\/Accessory Services Zone Purpose Statement.","url":"\/12.11.5\/","token":"12.11.5"},"25":{"id":"1666","structure_id":"20","section_number":"12.12","catch_line":"\u201cR5\u201d Multiple Dwelling Zone.","url":"\/12.12\/","token":"12.12"},"26":{"id":"601","structure_id":"20","section_number":"12.12.1","catch_line":"\u201cP\u201d Automobile Parking Zone.","url":"\/12.12.1\/","token":"12.12.1"},"27":{"id":"286","structure_id":"20","section_number":"12.12.1.5","catch_line":"\u201cPb\u201d Parking Building Zone.*","url":"\/12.12.1.5\/","token":"12.12.1.5"},"28":{"id":"2454","structure_id":"20","section_number":"12.12.2","catch_line":"\u201cCr\u201d Limited Commercial Zone.","url":"\/12.12.2\/","token":"12.12.2"},"29":{"id":"3444","structure_id":"20","section_number":"12.13","catch_line":"\u201cC1\u201d Limited Commercial Zone.","url":"\/12.13\/","token":"12.13"},"30":{"id":"2973","structure_id":"20","section_number":"12.13.5","catch_line":"\u201cC1.5\u201d Limited Commercial Zone","url":"\/12.13.5\/","token":"12.13.5"},"31":{"id":"156","structure_id":"20","section_number":"12.14","catch_line":"\u201cC2\u201d Commercial Zone.","url":"\/12.14\/","token":"12.14"},"32":{"id":"1739","structure_id":"20","section_number":"12.16","catch_line":"\u201cC4\u201dCommercial Zone.","url":"\/12.16\/","token":"12.16"},"33":{"id":"24","structure_id":"20","section_number":"12.16.1","catch_line":"\u201cCw\u201d Central City West Specific Plan Zone.","url":"\/12.16.1\/","token":"12.16.1"},"34":{"id":"1075","structure_id":"20","section_number":"12.16.2","catch_line":"Adp Alameda District Specific Plan Zone.","url":"\/12.16.2\/","token":"12.16.2"},"35":{"id":"265","structure_id":"20","section_number":"12.16.3","catch_line":"Lased Los Angeles Sports And Entertainment District Specific Plan Zone.","url":"\/12.16.3\/","token":"12.16.3"},"36":{"id":"1579","structure_id":"20","section_number":"12.17","catch_line":"\u201cC5\u201d Commercial Zone.","url":"\/12.17\/","token":"12.17"},"37":{"id":"2695","structure_id":"20","section_number":"12.17.1","catch_line":"\u201cCm\u201d Commercial Manufacturing Zone.","url":"\/12.17.1\/","token":"12.17.1"},"38":{"id":"2925","structure_id":"20","section_number":"12.17.2","catch_line":"\u201cCm(Gm)\u201dCommercial Manufacturing (Glencoe\/Maxella) Specific Plan Zone.","url":"\/12.17.2\/","token":"12.17.2"},"39":{"id":"1704","structure_id":"20","section_number":"12.17.5","catch_line":"\u201cMr1\u201d Restricted Industrial Zone.","url":"\/12.17.5\/","token":"12.17.5"},"40":{"id":"383","structure_id":"20","section_number":"12.17.5.5","catch_line":"\u201cCcs\u201d Century City South Specific Plan Studio Zone.","url":"\/12.17.5.5\/","token":"12.17.5.5"},"41":{"id":"1032","structure_id":"20","section_number":"12.17.6","catch_line":"\u201cM1\u201d Limited Industrial Zone.","url":"\/12.17.6\/","token":"12.17.6"},"42":{"id":"65","structure_id":"20","section_number":"12.18","catch_line":"\u201cMr2\u201d Restricted Light Industrial Zone.","url":"\/12.18\/","token":"12.18"},"43":{"id":"2426","structure_id":"20","section_number":"12.18.1","catch_line":"\u201cWc\u201d Warner Center Specific Plan Zone.","url":"\/12.18.1\/","token":"12.18.1"},"44":{"id":"1290","structure_id":"20","section_number":"12.19","catch_line":"\u201cM2\u201d Light Industrial Zone.","url":"\/12.19\/","token":"12.19"},"45":{"id":"1435","structure_id":"20","section_number":"12.19.1","catch_line":"Lax Los Angeles International Airport Zone.","url":"\/12.19.1\/","token":"12.19.1"},"46":{"id":"3523","structure_id":"20","section_number":"12.20","catch_line":"\u201cM3\u201d Heavy Industrial Zone.","url":"\/12.20\/","token":"12.20"},"47":{"id":"3019","structure_id":"20","section_number":"12.20.1","catch_line":"Sl Ocean \u2013 Submerged Land Zone.","url":"\/12.20.1\/","token":"12.20.1"},"48":{"id":"3360","structure_id":"20","section_number":"12.20.2","catch_line":"Coastal Development Permits (Prior To Certification Of The Local Coastal Program.)","url":"\/12.20.2\/","token":"12.20.2"},"49":{"id":"2874","structure_id":"20","section_number":"12.20.2.1","catch_line":"Coastal Development Permit Procedures After Certification Of The Local Coastal Program.","url":"\/12.20.2.1\/","token":"12.20.2.1"},"50":{"id":"2479","structure_id":"20","section_number":"12.20.3","catch_line":"\u201cHp\u201d Historic Preservation Overlay Zone.","url":"\/12.20.3\/","token":"12.20.3"},"51":{"id":"3236","structure_id":"20","section_number":"12.21.1","catch_line":"Height Of Building Or Structures.","url":"\/12.21.1\/","token":"12.21.1"},"52":{"id":"488","structure_id":"20","section_number":"12.21.2","catch_line":"Height Of Buildings Or Structures In Century City.","url":"\/12.21.2\/","token":"12.21.2"},"53":{"id":"2253","structure_id":"20","section_number":"12.21.3","catch_line":"Height Of Buildings Or Structures In Community Redevelopment Plan Areas.","url":"\/12.21.3\/","token":"12.21.3"},"54":{"id":"3709","structure_id":"20","section_number":"12.21.4","catch_line":"Height Of Buildings Or Structures In Enterprise Zones.","url":"\/12.21.4\/","token":"12.21.4"},"55":{"id":"605","structure_id":"20","section_number":"12.21.5","catch_line":"Height Of Buildings Or Structures In Centers Study Areas.","url":"\/12.21.5\/","token":"12.21.5"},"56":{"id":"1399","structure_id":"20","section_number":"12.22","catch_line":"Exceptions.","url":"\/12.22\/","token":"12.22"},"57":{"id":"2993","structure_id":"20","section_number":"12.22.1","catch_line":"Safer Sex.","url":"\/12.22.1\/","token":"12.22.1"},"58":{"id":"3237","structure_id":"20","section_number":"12.23","catch_line":"Nonconforming Building And Uses.","url":"\/12.23\/","token":"12.23"},"59":{"id":"1191","structure_id":"20","section_number":"12.24","catch_line":"Conditional Use Permits And Other Similar Quasi-Judicial Approvals.","url":"\/12.24\/","token":"12.24"},"60":{"id":"546","structure_id":"20","section_number":"12.24.1","catch_line":"Land Use Determination By City Planning Commission.","url":"\/12.24.1\/","token":"12.24.1"},"61":{"id":"1889","structure_id":"20","section_number":"12.25","catch_line":"Time Limitations.","url":"\/12.25\/","token":"12.25"},"62":{"id":"2902","structure_id":"20","section_number":"12.26","catch_line":"Department Of Building And Safety.","url":"\/12.26\/","token":"12.26"},"63":{"id":"2923","structure_id":"20","section_number":"12.27","catch_line":"Variances.","url":"\/12.27\/","token":"12.27"},"64":{"id":"799","structure_id":"20","section_number":"12.27.1","catch_line":"Administrative Nuisance Abatement Proceedings.","url":"\/12.27.1\/","token":"12.27.1"},"65":{"id":"4040","structure_id":"20","section_number":"12.28","catch_line":"Adjustments And Slight Modifications.","url":"\/12.28\/","token":"12.28"},"66":{"id":"2103","structure_id":"20","section_number":"12.29","catch_line":"Violation Of Conditions \u2013 Penalty.","url":"\/12.29\/","token":"12.29"},"67":{"id":"339","structure_id":"20","section_number":"12.30","catch_line":"Boundaries Of Zones.","url":"\/12.30\/","token":"12.30"},"68":{"id":"1073","structure_id":"20","section_number":"12.31","catch_line":"Interpretation \u2013 Purpose \u2013 Conflict.","url":"\/12.31\/","token":"12.31"},"69":{"id":"3171","structure_id":"20","section_number":"12.32","catch_line":"Land Use Legislative Actions.","url":"\/12.32\/","token":"12.32"},"70":{"id":"511","structure_id":"20","section_number":"12.33","catch_line":"Dedication Of Land Or Payment For Park And Recreational Facilities As A Requirement For A Zone Change For A Multiple Residential Use In Any Multiple Residential Or Commercial Zone.","url":"\/12.33\/","token":"12.33"},"71":{"id":"1730","structure_id":"20","section_number":"12.34","catch_line":"Application Of Provisions.","url":"\/12.34\/","token":"12.34"},"72":{"id":"3843","structure_id":"20","section_number":"12.35","catch_line":"Zoning Of Annexed Or Unzoned Areas.","url":"\/12.35\/","token":"12.35"},"73":{"id":"1352","structure_id":"20","section_number":"12.36","catch_line":"Projects Requiring Multiple Approvals.(Charter \u00a7 564).","url":"\/12.36\/","token":"12.36"},"74":{"id":"1765","structure_id":"20","section_number":"12.37","catch_line":"Highway And Collector Street Dedication And Improvement.","url":"\/12.37\/","token":"12.37"},"75":{"id":"2301","structure_id":"20","section_number":"12.38","catch_line":"Dedication Of Streets By Long Term Leases.","url":"\/12.38\/","token":"12.38"},"76":{"id":"2657","structure_id":"20","section_number":"12.39","catch_line":"Low And Moderate Housing.","url":"\/12.39\/","token":"12.39"},"77":{"id":"1295","structure_id":"20","section_number":"12.40","catch_line":"Landscape - General Requirements.","url":"\/12.40\/","token":"12.40"},"78":{"id":"2364","structure_id":"20","section_number":"12.41","catch_line":"Landscape - Water Management.","url":"\/12.41\/","token":"12.41"},"79":{"id":"2169","structure_id":"20","section_number":"12.42","catch_line":"Landscape.","url":"\/12.42\/","token":"12.42"},"80":{"id":"4030","structure_id":"20","section_number":"12.43","catch_line":"Source Reduction Of Waste.","url":"\/12.43\/","token":"12.43"},"81":{"id":"1485","structure_id":"20","section_number":"12.50","catch_line":"Airport Approach Zoning Regulations.","url":"\/12.50\/","token":"12.50"},"82":{"id":"1328","structure_id":"20","section_number":"12.70","catch_line":"Adult Entertainment Zoning.","url":"\/12.70\/","token":"12.70"},"83":{"id":"481","structure_id":"20","section_number":"12.80","catch_line":"Homeless Shelters - Emergencies - Government Owned And Leased Property.","url":"\/12.80\/","token":"12.80"},"84":{"id":"737","structure_id":"20","section_number":"12.81","catch_line":"Homeless Shelters - Emergencies - Charitable\nOrganizations.","url":"\/12.81\/","token":"12.81"}},"next_section":{"id":"481","structure_id":"20","section_number":"12.80","catch_line":"Homeless Shelters - Emergencies - Government Owned And Leased Property.","url":"\/12.80\/","token":"12.80"},"metadata":false,"references":false,"url":"\/12.70\/","token":"12.70","formats":{"txt":"\/12.70.txt","json":"\/12.70.xml"},"dublin_core":{"Title":"Adult Entertainment Zoning.","Type":"Text","Format":"text\/html","Identifier":"\u00a7 12.70","Relation":"Los Angeles Municipal Code"},"plain_text":"                            LOS ANGELES MUNICIPAL CODE\n\nADULT ENTERTAINMENT ZONING. (\u00a7 12.70)\n\n\u00a0 ADULT ENTERTAINMENT ZONING.\n\t(Added by Ord. No. 151,294, Eff. 9\/1\/78.)\tA.\tPurpose.\u00a0 It is the purpose and\nobject of this section to establish reasonable and uniform regulations to\nprevent the continued concentration of adult entertainment businesses, as\ndefined herein, within the City of Los Angeles.\tB.\tDefinitions.\u00a0 For the\npurpose of this section, certain terms and words are defined as\nfollows:\t1.\t\u201cAdult Arcade\u201d \u2013 An establishment where, for any form of\nconsideration, one or more motion picture projectors, slide projectors or\nsimilar machines, for viewing by five or fewer persons each, are used to show\nfilms, motion pictures, video cassettes, slides or other photographic\nreproductions which are characterized by an emphasis upon the depiction or\ndescription of \u201cspecified sexual activities\u201d or \u201cspecified anatomical\nareas.\u201d\t2.\t\u201cAdult Bookstores\u201d \u2013 An establishment which has as a\nsubstantial portion of its stock-in-trade and offers for sale for any form of\nconsideration any one or more of the following:\t(a)\tBooks, magazines,\nperiodicals or other printed matter, or photographs, films, motion pictures,\nvideo cassettes, slides or other visual representations which are characterized\nby an emphasis upon the depiction or description of \u201cspecified sexual\nactivities\u201d or \u201cspecified anatomical areas;\u201d or\t(b)\tInstruments, devices\nor paraphernalia which are designed for use in connection with \u201cspecified\nsexual activities.\u201d\t3.\t\u201cAdult Cabaret\u201d \u2013 A nightclub, bar, restaurant or\nsimilar establishment which regularly features live performances which are\ncharacterized by the exposure of \u201cspecified anatomical areas\u201d or by\n\u201cspecified sexual activities,\u201d or films, motion pictures, video cassettes,\nslides or other photographic reproductions which are characterized by an\nemphasis upon the depiction or description of \u201cspecified sexual activities\u201d\nor \u201cspecified anatomical areas.\u201d\t4.\t\u201cAdult Motel\u201d \u2013 A motel or similar\nestablishment offering public accommodations for any form of consideration which\nprovides patrons with closed circuit television transmissions, films, motion\npictures, video cassettes, slides or other photographic reproductions which are\ncharacterized by an emphasis upon the depiction or description of \u201cspecified\nsexual activities\u201d or \u201cspecified anatomical areas.\u201d\t5.\t\u201cAdult Motion\nPicture Theater\u201d \u2013 An establishment where, for any form of consideration,\nfilms, motion pictures, video cassettes, slides or similar reproductions are\nshown, and in which a substantial portion of the total presentation time is\ndevoted to the showing of material which is characterized by an emphasis upon\nthe depiction or description of \u201cspecified sexual activities\u201d or\n\u201cspecified anatomical areas\u201d\t6.\t\u201cAdult Theater\u201d \u2013 A theater concert\nhall, auditorium or similar establishment which, for any form of consideration,\nregularly features live performances which are characterized by the exposure of\n\u201cspecified anatomical areas\u201d or by \u201cspecified sexual\nactivities.\u201d\t7.\t\u201cEstablishment\u201d (Amended by Ord. No. 157,538, Eff.\n5\/13\/83.)\u00a0 \u2013 As used in Subsection C hereof, the \u201cestablishment\u201d of an\nadult entertainment business shall mean and include any of the\nfollowing:\t(a)\tThe opening or commencement of any such business as a new\nbusiness;\t(b)\tThe conversion of an existing business, whether or not an adult\nentertainment business, to any of the adult entertainment businesses defined\nherein; or\t(c)\tThe relocation of any such business.\t8.\t\u201cMassage Parlor\u201d\u00a0\n\u2013\u00a0 An establishment where, for any form of consideration, massage, alcohol\nrub, fomentation, electric or magnetic treatment, or similar treatment or\nmanipulation of the human body is administered, unless such treatment or\nmanipulation is administered by a medical practitioner, chiropractor,\nacupuncturist, physical therapist or similar professional person licensed by the\nState of California. This definition does not include an athletic club, health\nclub, school, gymnasium, state licensed cosmetology or barber establishment,\nreducing salon, spa or similar establishment where massage or similar\nmanipulation of the human body is offered as an incidental or accessory service.\n(Amended by Ord. No. 155,718, Eff. 8\/6\/81.)\t9.\t\u201cPublic Park\u201d \u2013 A park,\nplayground, swimming pool, beach, pier, reservoir, golf course or similar\nathletic field within the City of Los Angeles which is under the control,\noperation or management of the City Board of Recreation and Park Commissioners\nor the County Department of Beaches.\t10.\t\u201cReligious Institution\u201d \u2013 A\nbuilding which is used primarily for religious worship and related religious\nactivities.\t11.\t\u201cSchool\u201d\u00a0 \u2013 An institution of learning for minors,\nwhether public or private which offers instruction in those courses of study\nrequired by the California Education Code or which is maintained pursuant to\nstandards set by the State Board of Education. This definition includes a\nnursery school, kindergarten, elementary school, junior high school, senior high\nschool or any special institution of learning under the jurisdiction of the\nState Department of Education, but it does not include a vocational or\nprofessional institution or an institution of higher education, including a\ncommunity or junior college, college or university.\t12.\t\u201cSexual Encounter\nEstablishment\u201d \u2013 An establishment, other than a hotel, motel or similar\nestablishment offering public accommodations, which, for any form of\nconsideration, provides a place where two or more persons may congregate,\nassociate or consort in connection with \u201cspecified sexual activities\u201d or the\nexposure of \u201cspecified anatomical areas.\u201d This definition does not include\nan establishment where a medical practitioner, psychologist, psychiatrist or\nsimilar professional person licensed by the State of California engages in\nsexual therapy.\t13.\t\u201cSpecified Anatomical Areas\u201d\u00a0 \u2013 As used herein,\n\u201cspecified anatomical areas\u201d shall mean and include any of the\nfollowing:\t(a)\tLess than completely and opaquely covered human genitals,\u00a0 pubic\nregion, buttocks, anus or female breasts below a point immediately above the top\nof the areolas; or\t(b)\tHuman male genitals in a discernibly turgid state, even\nif completely and opaquely covered.\t14.\t\u201cSpecified Sexual Activities\u201d \u2014 As\nused herein, \u201cspecified sexual activities\u201d shall mean and include any of the\nfollowing:\t(a)\tThe fondling or other erotic touching of human genitals, pubic\nregion, buttocks, anus or female breasts;\t(b)\tSex acts, normal or perverted,\nactual or simulated, including intercourse, oral copulation or\nsodomy;\t(c)\tMasturbation, actual or simulated; or\t(d)\tExcretory functions as\npart of or in connection with any of the activities set forth in (a) through (c)\nabove.\t15.\t\u201cSubstantial Enlargement\u201d \u2013 As used in Subsection C hereof, the\n\u201csubstantial enlargement\u201d of an adult entertainment business shall mean the\nincrease in floor area occupied by the business by more than fifty percent\n(50%), as such floor area exists on the effective date of this\nsection.\t16.\t\u201cTransfer of Ownership or Control\u201d \u2013 As used in Subsections C\nand E hereof, the \u201ctransfer of ownership or control\u201d of an adult\nentertainment business shall mean and include any of the following:\t(a)\tThe\nsale, lease or sublease of such business;\t(b)\tThe transfer of securities which\nconstitute a controlling interest in such business, whether by sale, exchange or\nsimilar means; or\t(c)\tThe establishment of a trust, gift or other similar legal\ndevice which transfers the ownership or control of such business, except for\ntransfer by bequest or other operation of law upon the death of the person\npossessing such ownership or control.\t17.\t\u201cAdult Entertainment Business\u201d \u2013\nAdult Arcade, Adult Bookstore, Adult Cabaret, Adult Motel, Adult Motion Picture\nTheatre, Adult Theatre, Massage Parlor, or Sexual Encounter Establishment, as\ndefined herein, and each shall constitute a separate adult entertainment\nbusiness even if operated in conjunction with another adult entertainment\nbusiness at the same establishment. (Added by Ord. No. 157,538, Eff.\n5\/13\/83.)\tC.\tProhibition. (Amended by Ord. No. 158,579, Eff. 1\/23\/84.) No person\nshall cause or permit the establishment, substantial enlargement or transfer of\nownership or control of an adult entertainment business within 1,000 feet of\nanother adult entertainment business, or within 500 feet of a religious\ninstitution, school, or public park within the City of Los Angeles. No person\nshall cause or permit the establishment or maintenance of more than one adult\nentertainment business in the same building, structure or portion thereof, or\nthe increase of floor area of any adult entertainment business in any building,\nstructure or portion thereof containing another adult entertainment business.\tNo\nperson shall cause or permit the establishment, or substantial enlargement of an\nadult entertainment business within 500 feet of any lot in an \u201cA\u201d or \u201cR\u201d\nzone, or within the \u201cCR\u201d, \u201cC1\u201d, or \u201cC1.5\u201d zones in the City of Los\nAngeles.\tAfter March 6,1988, no person shall cause or permit the continued\noperation, maintenance, or use of a lot, building or structure, or any portion\nthereof as an Adult Arcade, Adult Bookstore, Adult Cabaret, Adult Motel, Adult\nMotion Picture Theater, Adult Theater, Massage Parlor or Sexual Encounter\nEstablishment, within 500 feet of any lot in an \u201cA\u201d zone or \u201cR\u201d zone, or\nwithin the \u201cCR\u201d, \u201cC1\u201d or \u201cC1.5\u201d zones in\u00a0 the City of Los Angeles.\n(Added by Ord. No. 161,111, Eff. 5\/18\/86.)\tD.\tMeasurement Of Distance. The\ndistance between any two adult entertainment businesses shall be measured in a\nstraight line, without regard to intervening structures, from the closest\nexterior structural wall of each business. The distance between any adult\nentertainment business and any religious institution, school or public park\nshall be measured in a straight line, without regard to intervening structures,\nfrom the closest exterior structural wall of the adult entertainment business to\nthe closest property line of the religious institution, school or public\npark.\tE.\tExceptions.\t1.\tA person possessing ownership or control of an adult\nentertainment business which is within 1,000 feet of another such business or\nwithin 500 feet of any religious institution, school or public park on the\neffective date of this ordinance shall be permitted to transfer such ownership\nor control within two (2) years of said effective date. The person acquiring\nsuch ownership or control, however, shall be required to discontinue said adult\nentertainment business within five (5) years from the date of said transfer of\nownership or control, if such business continues to be within 1,000 feet of\nanother such business or within 500 feet of any religious institution, school or\npublic park.\t2.\tA person possessing ownership or control of an adult\nentertainment business shall be permitted to transfer such ownership or control\nif such business is not within 500 feet of any religious institution, school or\npublic park and the only other adult entertainment business or businesses within\n1,000 feet of such business have been established under a variance from the\nrequirements of this section, pursuant to the variance provisions set forth in\nSection 12.27 of this Code. This exception shall not, however, apply to an adult\nentertainment business which has been established under such a\nvariance.\t3.\tExcept for an adult entertainment business required to be\ndiscontinued pursuant to Subdivision 1 of this subsection, if more than one\nadult entertainment businesses exists in the same building, structure or portion\nthereof, then all may be continued until March 10, 1985. At that time all shall\nbe discontinued except those established prior to September 1, 1978; but if none\nof the adult entertainment businesses were established prior to September 1,\n1978, then all shall be discontinued except for one, and in case of a dispute\nthe adult entertainment business established first shall have the priority right\nto continue.\t4.\tAn adult entertainment business may be continued, or established\nand maintained, pursuant to Section 12.22A20.\u00a0 (Amended by Ord. No. 161,111,\nEff. 5\/18\/86.)\tF.\tSeverability.\u00a0 If any provision or clause of this section or\nthe application thereof to any person or circumstance is held to be\nunconstitutional or otherwise invalid by any court of competent jurisdiction,\nsuch invalidity shall not affect other section provisions, clauses or\napplications thereof which can be implemented without the invalid provision,\nclause or application thereof, and to this end the provisions and clauses of\nthis section are declared to be severable.\n","html":"\n\t\t\t\t\t<section><p>\u00a0 ADULT ENTERTAINMENT ZONING.\n\t(Added by Ord. No. 151,294, Eff. 9\/1\/78.)<br \/><br \/>\tA.\tPurpose.\u00a0 It is the purpose and <span class=\"dictionary\">object<\/span> of this section to establish reasonable and uniform regulations to prevent the continued concentration of adult entertainment businesses, as defined herein, within the City of Los Angeles.<br \/><br \/>\tB.\tDefinitions.\u00a0 For the purpose of this section, certain terms and words are defined as follows:<br \/><br \/>\t1.\t\u201cAdult Arcade\u201d \u2013 An establishment where, for any form of consideration, one or more <span class=\"dictionary\">motion<\/span> picture projectors, slide projectors or similar machines, for viewing by five or fewer persons each, are used to show films, <span class=\"dictionary\">motion<\/span> pictures, video cassettes, slides or other photographic reproductions which are characterized by an emphasis upon the depiction or description of \u201cspecified sexual activities\u201d or \u201cspecified anatomical areas.\u201d<br \/><br \/>\t2.\t\u201cAdult Bookstores\u201d \u2013 An establishment which has as a substantial portion of its stock-in-trade and offers for sale for any form of consideration any one or more of the following:<br \/><br \/>\t(a)\tBooks, magazines, periodicals or other printed matter, or photographs, films, <span class=\"dictionary\">motion<\/span> pictures, video cassettes, slides or other visual representations which are characterized by an emphasis upon the depiction or description of \u201cspecified sexual activities\u201d or \u201cspecified anatomical areas;\u201d or<br \/><br \/>\t(b)\tInstruments, devices or paraphernalia which are designed for use in connection with \u201cspecified sexual activities.\u201d<br \/><br \/>\t3.\t\u201cAdult Cabaret\u201d \u2013 A nightclub, bar, restaurant or similar establishment which regularly features live performances which are characterized by the exposure of \u201cspecified anatomical areas\u201d or by \u201cspecified sexual activities,\u201d or films, <span class=\"dictionary\">motion<\/span> pictures, video cassettes, slides or other photographic reproductions which are characterized by an emphasis upon the depiction or description of \u201cspecified sexual activities\u201d or \u201cspecified anatomical areas.\u201d<br \/><br \/>\t4.\t\u201cAdult Motel\u201d \u2013 A motel or similar establishment offering public accommodations for any form of consideration which provides patrons with closed <span class=\"dictionary\">circuit<\/span> television transmissions, films, <span class=\"dictionary\">motion<\/span> pictures, video cassettes, slides or other photographic reproductions which are characterized by an emphasis upon the depiction or description of \u201cspecified sexual activities\u201d or \u201cspecified anatomical areas.\u201d<br \/><br \/>\t5.\t\u201cAdult <span class=\"dictionary\">Motion<\/span> Picture Theater\u201d \u2013 An establishment where, for any form of consideration, films, <span class=\"dictionary\">motion<\/span> pictures, video cassettes, slides or similar reproductions are shown, and in which a substantial portion of the total presentation time is devoted to the showing of <span class=\"dictionary\">material<\/span> which is characterized by an emphasis upon the depiction or description of \u201cspecified sexual activities\u201d or \u201cspecified anatomical areas\u201d<br \/><br \/>\t6.\t\u201cAdult Theater\u201d \u2013 A theater concert hall, auditorium or similar establishment which, for any form of consideration, regularly features live performances which are characterized by the exposure of \u201cspecified anatomical areas\u201d or by \u201cspecified sexual activities.\u201d<br \/><br \/>\t7.\t\u201cEstablishment\u201d (Amended by Ord. No. 157,538, Eff. 5\/13\/83.)\u00a0 \u2013 As used in Subsection C hereof, the \u201cestablishment\u201d of an adult entertainment business shall mean and include any of the following:<br \/><br \/>\t(a)\tThe opening or commencement of any such business as a new business;<br \/><br \/>\t(b)\tThe conversion of an existing business, whether or not an adult entertainment business, to any of the adult entertainment businesses defined herein; or<br \/><br \/>\t(c)\tThe relocation of any such business.<br \/><br \/>\t8.\t\u201cMassage Parlor\u201d\u00a0 \u2013\u00a0 An establishment where, for any form of consideration, massage, alcohol rub, fomentation, electric or magnetic treatment, or similar treatment or manipulation of the human body is administered, unless such treatment or manipulation is administered by a medical practitioner, chiropractor, acupuncturist, physical therapist or similar professional person licensed by the State of California. This definition does not include an athletic club, health club, school, gymnasium, state licensed cosmetology or barber establishment, reducing salon, spa or similar establishment where massage or similar manipulation of the human body is offered as an incidental or <span class=\"dictionary\">accessory<\/span> service. (Amended by Ord. No. 155,718, Eff. 8\/6\/81.)<br \/><br \/>\t9.\t\u201cPublic Park\u201d \u2013 A park, playground, swimming pool, beach, pier, reservoir, golf course or similar athletic field within the City of Los Angeles which is under the control, operation or management of the City Board of Recreation and Park Commissioners or the County Department of Beaches.<br \/><br \/>\t10.\t\u201cReligious Institution\u201d \u2013 A building which is used primarily for religious worship and related religious activities.<br \/><br \/>\t11.\t\u201cSchool\u201d\u00a0 \u2013 An institution of learning for <span class=\"dictionary\">minors<\/span>, whether public or private which offers instruction in those courses of study required by the California Education Code or which is maintained pursuant to standards set by the State Board of Education. This definition includes a nursery school, kindergarten, elementary school, junior high school, senior high school or any special institution of learning under the <span class=\"dictionary\">jurisdiction<\/span> of the State Department of Education, but it does not include a vocational or professional institution or an institution of higher education, including a community or junior college, college or university.<br \/><br \/>\t12.\t\u201cSexual Encounter Establishment\u201d \u2013 An establishment, other than a hotel, motel or similar establishment offering public accommodations, which, for any form of consideration, provides a place where two or more persons may congregate, associate or consort in connection with \u201cspecified sexual activities\u201d or the exposure of \u201cspecified anatomical areas.\u201d This definition does not include an establishment where a medical practitioner, psychologist, psychiatrist or similar professional person licensed by the State of California engages in sexual therapy.<br \/><br \/>\t13.\t\u201cSpecified Anatomical Areas\u201d\u00a0 \u2013 As used herein, \u201cspecified anatomical areas\u201d shall mean and include any of the following:<br \/><br \/>\t(a)\tLess than completely and opaquely covered human genitals,\u00a0 pubic region, buttocks, anus or female breasts below a point immediately above the top of the areolas; or<br \/><br \/>\t(b)\tHuman male genitals in a discernibly turgid state, even if completely and opaquely covered.<br \/><br \/>\t14.\t\u201cSpecified Sexual Activities\u201d \u2014 As used herein, \u201cspecified sexual activities\u201d shall mean and include any of the following:<br \/><br \/>\t(a)\tThe fondling or other erotic touching of human genitals, pubic region, buttocks, anus or female breasts;<br \/><br \/>\t(b)\tSex acts, normal or perverted, actual or simulated, including intercourse, oral copulation or sodomy;<br \/><br \/>\t(c)\tMasturbation, actual or simulated; or<br \/><br \/>\t(d)\tExcretory functions as part of or in connection with any of the activities set forth in (a) through (c) above.<br \/><br \/>\t15.\t\u201cSubstantial Enlargement\u201d \u2013 As used in Subsection C hereof, the \u201csubstantial enlargement\u201d of an adult entertainment business shall mean the increase in floor area occupied by the business by more than fifty percent (50%), as such floor area exists on the effective date of this section.<br \/><br \/>\t16.\t\u201cTransfer of Ownership or Control\u201d \u2013 As used in Subsections C and E hereof, the \u201ctransfer of ownership or control\u201d of an adult entertainment business shall mean and include any of the following:<br \/><br \/>\t(a)\tThe sale, lease or sublease of such business;<br \/><br \/>\t(b)\tThe transfer of securities which constitute a controlling interest in such business, whether by sale, exchange or similar means; or<br \/><br \/>\t(c)\tThe establishment of a trust, gift or other similar legal device which transfers the ownership or control of such business, except for transfer by bequest or other operation of <span class=\"dictionary\">law<\/span> upon the death of the person possessing such ownership or control.<br \/><br \/>\t17.\t\u201cAdult Entertainment Business\u201d \u2013 Adult Arcade, Adult Bookstore, Adult Cabaret, Adult Motel, Adult <span class=\"dictionary\">Motion<\/span> Picture Theatre, Adult Theatre, Massage Parlor, or Sexual Encounter Establishment, as defined herein, and each shall constitute a separate adult entertainment business even if operated in conjunction with another adult entertainment business at the same establishment. (Added by Ord. No. 157,538, Eff. 5\/13\/83.)<br \/><br \/>\tC.\tProhibition. (Amended by Ord. No. 158,579, Eff. 1\/23\/84.) No person shall cause or permit the establishment, substantial enlargement or transfer of ownership or control of an adult entertainment business within 1,000 feet of another adult entertainment business, or within 500 feet of a religious institution, school, or public park within the City of Los Angeles. No person shall cause or permit the establishment or maintenance of more than one adult entertainment business in the same building, structure or portion thereof, or the increase of floor area of any adult entertainment business in any building, structure or portion thereof containing another adult entertainment business.<br \/><br \/>\tNo person shall cause or permit the establishment, or substantial enlargement of an adult entertainment business within 500 feet of any lot in an \u201cA\u201d or \u201cR\u201d zone, or within the \u201cCR\u201d, \u201cC1\u201d, or \u201cC1.5\u201d zones in the City of Los Angeles.<br \/><br \/>\tAfter March 6,1988, no person shall cause or permit the continued operation, maintenance, or use of a lot, building or structure, or any portion thereof as an Adult Arcade, Adult Bookstore, Adult Cabaret, Adult Motel, Adult <span class=\"dictionary\">Motion<\/span> Picture Theater, Adult Theater, Massage Parlor or Sexual Encounter Establishment, within 500 feet of any lot in an \u201cA\u201d zone or \u201cR\u201d zone, or within the \u201cCR\u201d, \u201cC1\u201d or \u201cC1.5\u201d zones in\u00a0 the City of Los Angeles. (Added by Ord. No. 161,111, Eff. 5\/18\/86.)<br \/><br \/>\tD.\tMeasurement Of Distance. The distance between any two adult entertainment businesses shall be measured in a straight line, without regard to intervening structures, from the closest exterior structural wall of each business. The distance between any adult entertainment business and any religious institution, school or public park shall be measured in a straight line, without regard to intervening structures, from the closest exterior structural wall of the adult entertainment business to the closest property line of the religious institution, school or public park.<br \/><br \/>\tE.\tExceptions.<br \/><br \/>\t1.\tA person possessing ownership or control of an adult entertainment business which is within 1,000 feet of another such business or within 500 feet of any religious institution, school or public park on the effective date of this <span class=\"dictionary\">ordinance<\/span> shall be permitted to transfer such ownership or control within two (2) years of said effective date. The person acquiring such ownership or control, however, shall be required to discontinue said adult entertainment business within five (5) years from the date of said transfer of ownership or control, if such business continues to be within 1,000 feet of another such business or within 500 feet of any religious institution, school or public park.<br \/><br \/>\t2.\tA person possessing ownership or control of an adult entertainment business shall be permitted to transfer such ownership or control if such business is not within 500 feet of any religious institution, school or public park and the only other adult entertainment business or businesses within 1,000 feet of such business have been established under a variance from the requirements of this section, pursuant to the variance provisions set forth in Section 12.27 of this Code. This exception shall not, however, apply to an adult entertainment business which has been established under such a variance.<br \/><br \/>\t3.\tExcept for an adult entertainment business required to be discontinued pursuant to Subdivision 1 of this subsection, if more than one adult entertainment businesses exists in the same building, structure or portion thereof, then all may be continued until March 10, 1985. At that time all shall be discontinued except those established prior to September 1, 1978; but if none of the adult entertainment businesses were established prior to September 1, 1978, then all shall be discontinued except for one, and in case of a dispute the adult entertainment business established first shall have the priority right to continue.<br \/><br \/>\t4.\tAn adult entertainment business may be continued, or established and maintained, pursuant to Section 12.22A20.\u00a0 (Amended by Ord. No. 161,111, Eff. 5\/18\/86.)<br \/><br \/>\tF.\tSeverability.\u00a0 If any provision or clause of this section or the application thereof to any person or circumstance is held to be unconstitutional or otherwise invalid by any <span class=\"dictionary\">court<\/span> of competent <span class=\"dictionary\">jurisdiction<\/span>, such invalidity shall not affect other section provisions, clauses or applications thereof which can be implemented without the invalid provision, clause or application thereof, and to this end the provisions and clauses of this section are declared to be severable.<\/p><\/section>","previous_section":{"id":"1485","structure_id":"20","section_number":"12.50","catch_line":"Airport Approach Zoning Regulations.","url":"\/12.50\/","token":"12.50"},"text":{"0":{"id":"1314","text":"\u00a0 ADULT ENTERTAINMENT ZONING.\n\t(Added by Ord. No. 151,294, Eff. 9\/1\/78.)\tA.\tPurpose.\u00a0 It is the purpose and object of this section to establish reasonable and uniform regulations to prevent the continued concentration of adult entertainment businesses, as defined herein, within the City of Los Angeles.\tB.\tDefinitions.\u00a0 For the purpose of this section, certain terms and words are defined as follows:\t1.\t\u201cAdult Arcade\u201d \u2013 An establishment where, for any form of consideration, one or more motion picture projectors, slide projectors or similar machines, for viewing by five or fewer persons each, are used to show films, motion pictures, video cassettes, slides or other photographic reproductions which are characterized by an emphasis upon the depiction or description of \u201cspecified sexual activities\u201d or \u201cspecified anatomical areas.\u201d\t2.\t\u201cAdult Bookstores\u201d \u2013 An establishment which has as a substantial portion of its stock-in-trade and offers for sale for any form of consideration any one or more of the following:\t(a)\tBooks, magazines, periodicals or other printed matter, or photographs, films, motion pictures, video cassettes, slides or other visual representations which are characterized by an emphasis upon the depiction or description of \u201cspecified sexual activities\u201d or \u201cspecified anatomical areas;\u201d or\t(b)\tInstruments, devices or paraphernalia which are designed for use in connection with \u201cspecified sexual activities.\u201d\t3.\t\u201cAdult Cabaret\u201d \u2013 A nightclub, bar, restaurant or similar establishment which regularly features live performances which are characterized by the exposure of \u201cspecified anatomical areas\u201d or by \u201cspecified sexual activities,\u201d or films, motion pictures, video cassettes, slides or other photographic reproductions which are characterized by an emphasis upon the depiction or description of \u201cspecified sexual activities\u201d or \u201cspecified anatomical areas.\u201d\t4.\t\u201cAdult Motel\u201d \u2013 A motel or similar establishment offering public accommodations for any form of consideration which provides patrons with closed circuit television transmissions, films, motion pictures, video cassettes, slides or other photographic reproductions which are characterized by an emphasis upon the depiction or description of \u201cspecified sexual activities\u201d or \u201cspecified anatomical areas.\u201d\t5.\t\u201cAdult Motion Picture Theater\u201d \u2013 An establishment where, for any form of consideration, films, motion pictures, video cassettes, slides or similar reproductions are shown, and in which a substantial portion of the total presentation time is devoted to the showing of material which is characterized by an emphasis upon the depiction or description of \u201cspecified sexual activities\u201d or \u201cspecified anatomical areas\u201d\t6.\t\u201cAdult Theater\u201d \u2013 A theater concert hall, auditorium or similar establishment which, for any form of consideration, regularly features live performances which are characterized by the exposure of \u201cspecified anatomical areas\u201d or by \u201cspecified sexual activities.\u201d\t7.\t\u201cEstablishment\u201d (Amended by Ord. No. 157,538, Eff. 5\/13\/83.)\u00a0 \u2013 As used in Subsection C hereof, the \u201cestablishment\u201d of an adult entertainment business shall mean and include any of the following:\t(a)\tThe opening or commencement of any such business as a new business;\t(b)\tThe conversion of an existing business, whether or not an adult entertainment business, to any of the adult entertainment businesses defined herein; or\t(c)\tThe relocation of any such business.\t8.\t\u201cMassage Parlor\u201d\u00a0 \u2013\u00a0 An establishment where, for any form of consideration, massage, alcohol rub, fomentation, electric or magnetic treatment, or similar treatment or manipulation of the human body is administered, unless such treatment or manipulation is administered by a medical practitioner, chiropractor, acupuncturist, physical therapist or similar professional person licensed by the State of California. This definition does not include an athletic club, health club, school, gymnasium, state licensed cosmetology or barber establishment, reducing salon, spa or similar establishment where massage or similar manipulation of the human body is offered as an incidental or accessory service. (Amended by Ord. No. 155,718, Eff. 8\/6\/81.)\t9.\t\u201cPublic Park\u201d \u2013 A park, playground, swimming pool, beach, pier, reservoir, golf course or similar athletic field within the City of Los Angeles which is under the control, operation or management of the City Board of Recreation and Park Commissioners or the County Department of Beaches.\t10.\t\u201cReligious Institution\u201d \u2013 A building which is used primarily for religious worship and related religious activities.\t11.\t\u201cSchool\u201d\u00a0 \u2013 An institution of learning for minors, whether public or private which offers instruction in those courses of study required by the California Education Code or which is maintained pursuant to standards set by the State Board of Education. This definition includes a nursery school, kindergarten, elementary school, junior high school, senior high school or any special institution of learning under the jurisdiction of the State Department of Education, but it does not include a vocational or professional institution or an institution of higher education, including a community or junior college, college or university.\t12.\t\u201cSexual Encounter Establishment\u201d \u2013 An establishment, other than a hotel, motel or similar establishment offering public accommodations, which, for any form of consideration, provides a place where two or more persons may congregate, associate or consort in connection with \u201cspecified sexual activities\u201d or the exposure of \u201cspecified anatomical areas.\u201d This definition does not include an establishment where a medical practitioner, psychologist, psychiatrist or similar professional person licensed by the State of California engages in sexual therapy.\t13.\t\u201cSpecified Anatomical Areas\u201d\u00a0 \u2013 As used herein, \u201cspecified anatomical areas\u201d shall mean and include any of the following:\t(a)\tLess than completely and opaquely covered human genitals,\u00a0 pubic region, buttocks, anus or female breasts below a point immediately above the top of the areolas; or\t(b)\tHuman male genitals in a discernibly turgid state, even if completely and opaquely covered.\t14.\t\u201cSpecified Sexual Activities\u201d \u2014 As used herein, \u201cspecified sexual activities\u201d shall mean and include any of the following:\t(a)\tThe fondling or other erotic touching of human genitals, pubic region, buttocks, anus or female breasts;\t(b)\tSex acts, normal or perverted, actual or simulated, including intercourse, oral copulation or sodomy;\t(c)\tMasturbation, actual or simulated; or\t(d)\tExcretory functions as part of or in connection with any of the activities set forth in (a) through (c) above.\t15.\t\u201cSubstantial Enlargement\u201d \u2013 As used in Subsection C hereof, the \u201csubstantial enlargement\u201d of an adult entertainment business shall mean the increase in floor area occupied by the business by more than fifty percent (50%), as such floor area exists on the effective date of this section.\t16.\t\u201cTransfer of Ownership or Control\u201d \u2013 As used in Subsections C and E hereof, the \u201ctransfer of ownership or control\u201d of an adult entertainment business shall mean and include any of the following:\t(a)\tThe sale, lease or sublease of such business;\t(b)\tThe transfer of securities which constitute a controlling interest in such business, whether by sale, exchange or similar means; or\t(c)\tThe establishment of a trust, gift or other similar legal device which transfers the ownership or control of such business, except for transfer by bequest or other operation of law upon the death of the person possessing such ownership or control.\t17.\t\u201cAdult Entertainment Business\u201d \u2013 Adult Arcade, Adult Bookstore, Adult Cabaret, Adult Motel, Adult Motion Picture Theatre, Adult Theatre, Massage Parlor, or Sexual Encounter Establishment, as defined herein, and each shall constitute a separate adult entertainment business even if operated in conjunction with another adult entertainment business at the same establishment. (Added by Ord. No. 157,538, Eff. 5\/13\/83.)\tC.\tProhibition. (Amended by Ord. No. 158,579, Eff. 1\/23\/84.) No person shall cause or permit the establishment, substantial enlargement or transfer of ownership or control of an adult entertainment business within 1,000 feet of another adult entertainment business, or within 500 feet of a religious institution, school, or public park within the City of Los Angeles. No person shall cause or permit the establishment or maintenance of more than one adult entertainment business in the same building, structure or portion thereof, or the increase of floor area of any adult entertainment business in any building, structure or portion thereof containing another adult entertainment business.\tNo person shall cause or permit the establishment, or substantial enlargement of an adult entertainment business within 500 feet of any lot in an \u201cA\u201d or \u201cR\u201d zone, or within the \u201cCR\u201d, \u201cC1\u201d, or \u201cC1.5\u201d zones in the City of Los Angeles.\tAfter March 6,1988, no person shall cause or permit the continued operation, maintenance, or use of a lot, building or structure, or any portion thereof as an Adult Arcade, Adult Bookstore, Adult Cabaret, Adult Motel, Adult Motion Picture Theater, Adult Theater, Massage Parlor or Sexual Encounter Establishment, within 500 feet of any lot in an \u201cA\u201d zone or \u201cR\u201d zone, or within the \u201cCR\u201d, \u201cC1\u201d or \u201cC1.5\u201d zones in\u00a0 the City of Los Angeles. (Added by Ord. No. 161,111, Eff. 5\/18\/86.)\tD.\tMeasurement Of Distance. The distance between any two adult entertainment businesses shall be measured in a straight line, without regard to intervening structures, from the closest exterior structural wall of each business. The distance between any adult entertainment business and any religious institution, school or public park shall be measured in a straight line, without regard to intervening structures, from the closest exterior structural wall of the adult entertainment business to the closest property line of the religious institution, school or public park.\tE.\tExceptions.\t1.\tA person possessing ownership or control of an adult entertainment business which is within 1,000 feet of another such business or within 500 feet of any religious institution, school or public park on the effective date of this ordinance shall be permitted to transfer such ownership or control within two (2) years of said effective date. The person acquiring such ownership or control, however, shall be required to discontinue said adult entertainment business within five (5) years from the date of said transfer of ownership or control, if such business continues to be within 1,000 feet of another such business or within 500 feet of any religious institution, school or public park.\t2.\tA person possessing ownership or control of an adult entertainment business shall be permitted to transfer such ownership or control if such business is not within 500 feet of any religious institution, school or public park and the only other adult entertainment business or businesses within 1,000 feet of such business have been established under a variance from the requirements of this section, pursuant to the variance provisions set forth in Section 12.27 of this Code. This exception shall not, however, apply to an adult entertainment business which has been established under such a variance.\t3.\tExcept for an adult entertainment business required to be discontinued pursuant to Subdivision 1 of this subsection, if more than one adult entertainment businesses exists in the same building, structure or portion thereof, then all may be continued until March 10, 1985. At that time all shall be discontinued except those established prior to September 1, 1978; but if none of the adult entertainment businesses were established prior to September 1, 1978, then all shall be discontinued except for one, and in case of a dispute the adult entertainment business established first shall have the priority right to continue.\t4.\tAn adult entertainment business may be continued, or established and maintained, pursuant to Section 12.22A20.\u00a0 (Amended by Ord. No. 161,111, Eff. 5\/18\/86.)\tF.\tSeverability.\u00a0 If any provision or clause of this section or the application thereof to any person or circumstance is held to be unconstitutional or otherwise invalid by any court of competent jurisdiction, such invalidity shall not affect other section provisions, clauses or applications thereof which can be implemented without the invalid provision, clause or application thereof, and to this end the provisions and clauses of this section are declared to be severable.","type":"section","prefixes":[""],"prefix":"","entire_prefix":"","prefix_anchor":"","level":1}}}