{"section_number":"13.11","edition_id":"1","section_id":"2996","structure_id":"43","catch_line":"\u201cSn\u201d Sign District.","history":"","full_text":"\u00a0 \u201cSN\u201d SIGN DISTRICT.\n\t(Added by Ord. No. 174,552, Eff. 6\/16\/02.)\n\n\tA.\tPurpose.\u00a0 This section sets forth procedures, guidelines and standards for the establishment of \u201cSN\u201d Sign Districts in areas of the City, the unique characteristics of which can be enhanced by the imposition of special sign regulations designed to enhance the theme or unique qualities of that district, or which eliminate blight through a sign reduction program.\n\n\tB.\tEstablishment of Districts.\u00a0 The procedures set forth in Section 12.32S shall be followed, however each \u201cSN\u201d Sign District shall include only properties in the C or M Zones, except that R5 Zone properties may be included in a \u201cSN\u201d Sign District provided that the R5 zoned lot is located within an area designated on an adopted community plan as a \u201cRegional Center,\u201d \u201cRegional Commercial,\u201d or \u201cHigh Intensity Commercial,\u201d or within any redevelopment project area.\u00a0 No \u201cSN\u201d Sign District shall contain less than one block or three acres in area, whichever is the smaller.\u00a0 The total acreage in the district shall include contiguous parcels of land which may only be separated by public streets, ways or alleys, or other physical features, or as set forth in the rules approved by the Director of Planning.\u00a0 Precise boundaries are required at the time of application for or initiation of an individual district.\n\n\tC.\tDevelopment Regulations.\u00a0 The Department of Building and Safety shall not issue a building permit for a sign within a \u201cSN\u201d Sign District unless the sign conforms to the regulations set forth in a specific \u201cSN\u201d Sign District ordinance.\u00a0 The development regulations for each \u201cSN\u201d Sign District shall be determined at the time the district is established, except that definitions shall conform with those found in Section 91.6203 of this Code, if defined in that section.\u00a0 The sign regulations shall enhance the character of the district by addressing the location, number, square footage, height, light illumination, hours of illumination, sign reduction program, duration of signs, design and types of signs permitted, as well as other characteristics, and can include murals, supergraphics, and other on-site and off-site signs.\u00a0 However, the regulations for a \u201cSN\u201d Sign District cannot supersede the regulations of an Historic Preservation Overlay District, a legally-adopted specific plan, supplemental use district or zoning regulation needed to implement the provisions of an approved development agreement.","order_by":"11","ancestry":{"1":{"id":"43","name":"Specific Plan \u2013 Zoning\nSupplemental Use Districts","identifier":"3","label":"article","url":"\/1\/3\/"},"2":{"id":"7","name":"General Provisions and Zoning","identifier":"1","label":"chapter","url":"\/1\/"}},"structure_contents":{"0":{"id":"3777","structure_id":"43","section_number":"13.00","catch_line":"Establishment Of Districts.","url":"\/13.00\/","token":"13.00"},"1":{"id":"77","structure_id":"43","section_number":"13.01","catch_line":"\u201cO\u201d Oil Drilling Districts.","url":"\/13.01\/","token":"13.01"},"2":{"id":"1885","structure_id":"43","section_number":"13.02","catch_line":"\u201cS\u201d Animal Slaughtering Districts.","url":"\/13.02\/","token":"13.02"},"3":{"id":"1805","structure_id":"43","section_number":"13.03","catch_line":"\u201cG\u201d Surface Mining Operations Districts.","url":"\/13.03\/","token":"13.03"},"4":{"id":"2713","structure_id":"43","section_number":"13.04","catch_line":"\u201cRpd\u201d Residential Planned Development Districts.","url":"\/13.04\/","token":"13.04"},"5":{"id":"944","structure_id":"43","section_number":"13.05","catch_line":"\u201cK\u201d Equinekeeping Districts.","url":"\/13.05\/","token":"13.05"},"6":{"id":"2777","structure_id":"43","section_number":"13.06","catch_line":"Commercial And Artcraft Districts.","url":"\/13.06\/","token":"13.06"},"7":{"id":"2216","structure_id":"43","section_number":"13.07","catch_line":"Pedestrian Oriented District.","url":"\/13.07\/","token":"13.07"},"8":{"id":"432","structure_id":"43","section_number":"13.08","catch_line":"\u201cCdo\u201d Community Design Overlay District.","url":"\/13.08\/","token":"13.08"},"9":{"id":"747","structure_id":"43","section_number":"13.09","catch_line":"Mixed Use District.","url":"\/13.09\/","token":"13.09"},"10":{"id":"947","structure_id":"43","section_number":"13.10","catch_line":"Fence Heights District.","url":"\/13.10\/","token":"13.10"},"11":{"id":"2996","structure_id":"43","section_number":"13.11","catch_line":"\u201cSn\u201d Sign District.","url":"\/13.11\/","token":"13.11"},"12":{"id":"3998","structure_id":"43","section_number":"13.12","catch_line":"\"Nso\" Neighborhood Stabilization Overlay District.","url":"\/13.12\/","token":"13.12"},"13":{"id":"1837","structure_id":"43","section_number":"13.13","catch_line":"\u201cRfa\u201d Residential Floor Area District.","url":"\/13.13\/","token":"13.13"},"14":{"id":"3509","structure_id":"43","section_number":"13.14","catch_line":"\"Cpio\" Community Plan Implementation Overlay District.","url":"\/13.14\/","token":"13.14"},"15":{"id":"2407","structure_id":"43","section_number":"13.15","catch_line":"Modified Parking Requirement (Mpr) District.","url":"\/13.15\/","token":"13.15"},"16":{"id":"2259","structure_id":"43","section_number":"13.16","catch_line":"\"Hs\" Hillside Standards Overlay District.","url":"\/13.16\/","token":"13.16"},"17":{"id":"2537","structure_id":"43","section_number":"13.17","catch_line":"Violation.","url":"\/13.17\/","token":"13.17"}},"next_section":{"id":"3998","structure_id":"43","section_number":"13.12","catch_line":"\"Nso\" Neighborhood Stabilization Overlay District.","url":"\/13.12\/","token":"13.12"},"metadata":false,"references":false,"url":"\/13.11\/","token":"13.11","formats":{"txt":"\/13.11.txt","json":"\/13.11.xml"},"dublin_core":{"Title":"\u201cSn\u201d Sign District.","Type":"Text","Format":"text\/html","Identifier":"\u00a7 13.11","Relation":"Los Angeles Municipal Code"},"plain_text":"                            LOS ANGELES MUNICIPAL CODE\n\n\u201cSN\u201d SIGN DISTRICT. (\u00a7 13.11)\n\n\u00a0 \u201cSN\u201d SIGN DISTRICT.\n\t(Added by Ord. No. 174,552, Eff. 6\/16\/02.)\tA.\tPurpose.\u00a0 This section sets\nforth procedures, guidelines and standards for the establishment of \u201cSN\u201d\nSign Districts in areas of the City, the unique characteristics of which can be\nenhanced by the imposition of special sign regulations designed to enhance the\ntheme or unique qualities of that district, or which eliminate blight through a\nsign reduction program.\tB.\tEstablishment of Districts.\u00a0 The procedures set\nforth in Section 12.32S shall be followed, however each \u201cSN\u201d Sign District\nshall include only properties in the C or M Zones, except that R5 Zone\nproperties may be included in a \u201cSN\u201d Sign District provided that the R5\nzoned lot is located within an area designated on an adopted community plan as a\n\u201cRegional Center,\u201d \u201cRegional Commercial,\u201d or \u201cHigh Intensity\nCommercial,\u201d or within any redevelopment project area.\u00a0 No \u201cSN\u201d Sign\nDistrict shall contain less than one block or three acres in area, whichever is\nthe smaller.\u00a0 The total acreage in the district shall include contiguous\nparcels of land which may only be separated by public streets, ways or alleys,\nor other physical features, or as set forth in the rules approved by the\nDirector of Planning.\u00a0 Precise boundaries are required at the time of\napplication for or initiation of an individual district.\tC.\tDevelopment\nRegulations.\u00a0 The Department of Building and Safety shall not issue a building\npermit for a sign within a \u201cSN\u201d Sign District unless the sign conforms to\nthe regulations set forth in a specific \u201cSN\u201d Sign District ordinance.\u00a0 The\ndevelopment regulations for each \u201cSN\u201d Sign District shall be determined at\nthe time the district is established, except that definitions shall conform with\nthose found in Section 91.6203 of this Code, if defined in that section.\u00a0 The\nsign regulations shall enhance the character of the district by addressing the\nlocation, number, square footage, height, light illumination, hours of\nillumination, sign reduction program, duration of signs, design and types of\nsigns permitted, as well as other characteristics, and can include murals,\nsupergraphics, and other on-site and off-site signs.\u00a0 However, the regulations\nfor a \u201cSN\u201d Sign District cannot supersede the regulations of an Historic\nPreservation Overlay District, a legally-adopted specific plan, supplemental use\ndistrict or zoning regulation needed to implement the provisions of an approved\ndevelopment agreement.\n","html":"\n\t\t\t\t\t<section><p>\u00a0 \u201cSN\u201d SIGN DISTRICT.\n\t(Added by Ord. No. 174,552, Eff. 6\/16\/02.)<br \/><br \/>\tA.\tPurpose.\u00a0 This section sets forth procedures, guidelines and standards for the establishment of \u201cSN\u201d Sign Districts in areas of the City, the unique characteristics of which can be enhanced by the imposition of special sign regulations designed to enhance the theme or unique qualities of that district, or which eliminate blight through a sign reduction program.<br \/><br \/>\tB.\tEstablishment of Districts.\u00a0 The procedures set forth in Section 12.32S shall be followed, however each \u201cSN\u201d Sign District shall include only properties in the C or M Zones, except that R5 Zone properties may be included in a \u201cSN\u201d Sign District provided that the R5 zoned lot is located within an area designated on an adopted community plan as a \u201cRegional Center,\u201d \u201cRegional Commercial,\u201d or \u201cHigh Intensity Commercial,\u201d or within any redevelopment project area.\u00a0 No \u201cSN\u201d Sign District shall contain less than one block or three acres in area, whichever is the smaller.\u00a0 The total acreage in the district shall include contiguous parcels of land which may only be separated by public streets, ways or alleys, or other physical features, or as set forth in the rules approved by the Director of Planning.\u00a0 Precise boundaries are required at the time of application for or initiation of an individual district.<br \/><br \/>\tC.\tDevelopment Regulations.\u00a0 The Department of Building and Safety shall not <span class=\"dictionary\">issue<\/span> a building permit for a sign within a \u201cSN\u201d Sign District unless the sign conforms to the regulations set forth in a specific \u201cSN\u201d Sign District <span class=\"dictionary\">ordinance<\/span>.\u00a0 The development regulations for each \u201cSN\u201d Sign District shall be determined at the time the district is established, except that definitions shall conform with those found in Section 91.6203 of this Code, if defined in that section.\u00a0 The sign regulations shall enhance the character of the district by addressing the location, number, square footage, height, light illumination, hours of illumination, sign reduction program, duration of signs, design and types of signs permitted, as well as other characteristics, and can include murals, supergraphics, and other on-site and off-site signs.\u00a0 However, the regulations for a \u201cSN\u201d Sign District cannot supersede the regulations of an Historic Preservation Overlay District, a legally-adopted specific plan, supplemental use district or zoning regulation needed to implement the provisions of an approved development agreement.<\/p><\/section>","previous_section":{"id":"947","structure_id":"43","section_number":"13.10","catch_line":"Fence Heights District.","url":"\/13.10\/","token":"13.10"},"text":{"0":{"id":"2971","text":"\u00a0 \u201cSN\u201d SIGN DISTRICT.\n\t(Added by Ord. No. 174,552, Eff. 6\/16\/02.)\tA.\tPurpose.\u00a0 This section sets forth procedures, guidelines and standards for the establishment of \u201cSN\u201d Sign Districts in areas of the City, the unique characteristics of which can be enhanced by the imposition of special sign regulations designed to enhance the theme or unique qualities of that district, or which eliminate blight through a sign reduction program.\tB.\tEstablishment of Districts.\u00a0 The procedures set forth in Section 12.32S shall be followed, however each \u201cSN\u201d Sign District shall include only properties in the C or M Zones, except that R5 Zone properties may be included in a \u201cSN\u201d Sign District provided that the R5 zoned lot is located within an area designated on an adopted community plan as a \u201cRegional Center,\u201d \u201cRegional Commercial,\u201d or \u201cHigh Intensity Commercial,\u201d or within any redevelopment project area.\u00a0 No \u201cSN\u201d Sign District shall contain less than one block or three acres in area, whichever is the smaller.\u00a0 The total acreage in the district shall include contiguous parcels of land which may only be separated by public streets, ways or alleys, or other physical features, or as set forth in the rules approved by the Director of Planning.\u00a0 Precise boundaries are required at the time of application for or initiation of an individual district.\tC.\tDevelopment Regulations.\u00a0 The Department of Building and Safety shall not issue a building permit for a sign within a \u201cSN\u201d Sign District unless the sign conforms to the regulations set forth in a specific \u201cSN\u201d Sign District ordinance.\u00a0 The development regulations for each \u201cSN\u201d Sign District shall be determined at the time the district is established, except that definitions shall conform with those found in Section 91.6203 of this Code, if defined in that section.\u00a0 The sign regulations shall enhance the character of the district by addressing the location, number, square footage, height, light illumination, hours of illumination, sign reduction program, duration of signs, design and types of signs permitted, as well as other characteristics, and can include murals, supergraphics, and other on-site and off-site signs.\u00a0 However, the regulations for a \u201cSN\u201d Sign District cannot supersede the regulations of an Historic Preservation Overlay District, a legally-adopted specific plan, supplemental use district or zoning regulation needed to implement the provisions of an approved development agreement.","type":"section","prefixes":[""],"prefix":"","entire_prefix":"","prefix_anchor":"","level":1}}}