{"section_number":"13.12","edition_id":"1","section_id":"3998","structure_id":"43","catch_line":"\u201cNso\u201d Neighborhood Stabilization Overlay District.","history":"","full_text":"\u00a0 \u201cNSO\u201d NEIGHBORHOOD STABILIZATION OVERLAY DISTRICT.\n\t(Added by Ord. No. 180,219, Eff. 11\/16\/08.)\n\n\tA.\tPurpose.\u00a0 This section sets forth procedures, guidelines and standards for the establishment of \u201cNSO\u201d Neighborhood Stabilization Overlay Districts in areas of the City that are proximate to colleges and universities.\u00a0 The purpose of the NSO District is to protect and preserve the existing low density housing stock; to maintain and enhance the quality of life of area residents; to promote well-planned student housing; to establish regulations that address the negative impacts multi-habitable room projects cause; to address inadequate parking; to prevent irreversible damage associated with oversized multi-habitable room projects and to help stabilize neighborhoods.\u00a0 The purpose of the NSO District is also to ensure that future Projects are designed to be compatible with buildings that are adjacent or across the street.\n\n\tB.\tEstablishment of the District.\n\n\t1.\tRequirements.\u00a0 Each application for the establishment of a \u201cNSO\u201d Neighborhood Stabilization Overlay District shall follow the procedures set forth in Section 12.32 S. of this Code, except that each \u201cNSO\u201d Neighborhood Stabilization Overlay District shall include only properties in the R2, RD, R3, RAS, R4, R5, CR, C1, C1.5, C2, C4, C5 or CM zones.\n\n\t2.\tRadius.\u00a0 The radius of a \u201cNSO\u201d Neighborhood Stabilization Overlay District shall be at least one-quarter mile and no more than one mile from the physical boundaries of a college or university.\u00a0 The District shall not generally be less than one-quarter mile radius wide.\n\n\t3.\tBoundaries.\u00a0 The boundaries shall be along street frontages and shall not split parcels.\u00a0 The precise boundary of a District may be adjusted for urban features such as topography, freeways or streets \/ highways.\u00a0 Precise boundaries are required at the time of application for or initiation of an individual District.\u00a0 The \u201cNSO\u201d Neighborhood Stabilization Overlay District shall include contiguous parcels of residentially and commercially zoned parcels, which may only be separated by public streets, ways or alleys or other physical features, or as set forth in the rules approved by the Director of Planning.\u00a0 A \u201cNSO\u201d Neighborhood Stabilization Overlay District may encompass an area that is designated, in whole or in part, as a Historic Preservation Overlay Zone and\/or Specific Plan area.\n\n\t4.\tDefinitions.\u00a0 Notwithstanding any other provision of this article to the contrary, the following definitions shall apply to this section:\n\n\tAffordable Housing Units.\u00a0 Dwelling units or guest rooms for which rental payments do not exceed the limits established by the Housing Department for persons and families whose income does not exceed 30%-120% of Area Median Income (AMI), adjusted for family size by the United States Department of Housing and Urban Development in accordance with adjustment factors established and amended from time to time pursuant to Section 8 of the United States Housing Act of 1937.\u00a0 The income limits are defined as lower, low, moderate, very low, or extremely low income households in Sections 50079.5, 50093, 50105 and 50106 of the California Health and Safety Code.\n\n\tArea Median Income (AMI).\u00a0 The median income in Los Angeles County as determined annually by the California Department of Housing and Community Development (HCD) or any successor agency, adjusted for household size.\n\n\tProject.\u00a0 The construction, erection, addition to, enlargement of or reconfiguration of any one-family dwelling or multiple-family dwelling units or portions of dwelling units in the R2, RD, R3, RAS, R4, R5, CR, C1, C1.5, C2, C4, C5 or CM zones that create at least one dwelling unit with five or more habitable rooms.\n\n\tA project shall not include any of the following uses:\n\n\t(1)\tDormitories on an official college or university campus; or\n\n\t(2)\tAny qualifying Affordable Housing Units.\n\n\t5.\tFindings.\u00a0 In order to establish a \u201cNSO\u201d Neighborhood Stabilization Overlay District, the City Council shall find that Neighborhood Stabilization Overlay regulations will protect and enhance the character of the District by regulating building bulk caused by buildings with five or more habitable rooms per unit; and that the District is negatively impacted by excessive on-street parking resulting from residential units designed for student housing, which do not provide adequate off-street parking.\n\n\tC.\tDevelopment Regulations.\u00a0 All property within a District shall be subject to the following conditions:\n\n\t1.\tBuilding Permit.\u00a0 The Department of Building and Safety shall not issue a building permit for a Project within a \u201cNSO\u201d Neighborhood Stabilization Overlay District unless a conditional use approval has been granted pursuant to Section 12.24 W.52. of this Code.\n\n\t2.\tParking Requirements.\u00a0 Any Project shall, in addition to complying with the parking requirements of Section 12.21 A.4.(a) of this Code, also provide one additional parking space for each habitable room at or above five habitable rooms.","order_by":"12","ancestry":{"1":{"id":"43","name":"Specific Plan \u2013 Zoning\nSupplemental Use Districts","identifier":"3","label":"article","url":"\/1\/3\/"},"2":{"id":"7","name":"General Provisions and Zoning","identifier":"1","label":"chapter","url":"\/1\/"}},"structure_contents":{"0":{"id":"3777","structure_id":"43","section_number":"13.00","catch_line":"Establishment Of Districts.","url":"\/13.00\/","token":"13.00"},"1":{"id":"77","structure_id":"43","section_number":"13.01","catch_line":"\u201cO\u201d Oil Drilling Districts.","url":"\/13.01\/","token":"13.01"},"2":{"id":"1885","structure_id":"43","section_number":"13.02","catch_line":"\u201cS\u201d Animal Slaughtering Districts.","url":"\/13.02\/","token":"13.02"},"3":{"id":"1805","structure_id":"43","section_number":"13.03","catch_line":"\u201cG\u201d Surface Mining Operations Districts.","url":"\/13.03\/","token":"13.03"},"4":{"id":"2713","structure_id":"43","section_number":"13.04","catch_line":"\u201cRpd\u201d Residential Planned Development Districts.","url":"\/13.04\/","token":"13.04"},"5":{"id":"944","structure_id":"43","section_number":"13.05","catch_line":"\u201cK\u201d Equinekeeping Districts.","url":"\/13.05\/","token":"13.05"},"6":{"id":"2777","structure_id":"43","section_number":"13.06","catch_line":"Commercial And Artcraft Districts.","url":"\/13.06\/","token":"13.06"},"7":{"id":"2216","structure_id":"43","section_number":"13.07","catch_line":"Pedestrian Oriented District.","url":"\/13.07\/","token":"13.07"},"8":{"id":"432","structure_id":"43","section_number":"13.08","catch_line":"\u201cCdo\u201d Community Design Overlay District.","url":"\/13.08\/","token":"13.08"},"9":{"id":"747","structure_id":"43","section_number":"13.09","catch_line":"Mixed Use District.","url":"\/13.09\/","token":"13.09"},"10":{"id":"947","structure_id":"43","section_number":"13.10","catch_line":"Fence Heights District.","url":"\/13.10\/","token":"13.10"},"11":{"id":"2996","structure_id":"43","section_number":"13.11","catch_line":"\u201cSn\u201d Sign District.","url":"\/13.11\/","token":"13.11"},"12":{"id":"3998","structure_id":"43","section_number":"13.12","catch_line":"\"Nso\" Neighborhood Stabilization Overlay District.","url":"\/13.12\/","token":"13.12"},"13":{"id":"1837","structure_id":"43","section_number":"13.13","catch_line":"\u201cRfa\u201d Residential Floor Area District.","url":"\/13.13\/","token":"13.13"},"14":{"id":"3509","structure_id":"43","section_number":"13.14","catch_line":"\"Cpio\" Community Plan Implementation Overlay District.","url":"\/13.14\/","token":"13.14"},"15":{"id":"2407","structure_id":"43","section_number":"13.15","catch_line":"Modified Parking Requirement (Mpr) District.","url":"\/13.15\/","token":"13.15"},"16":{"id":"2259","structure_id":"43","section_number":"13.16","catch_line":"\"Hs\" Hillside Standards Overlay District.","url":"\/13.16\/","token":"13.16"},"17":{"id":"2537","structure_id":"43","section_number":"13.17","catch_line":"Violation.","url":"\/13.17\/","token":"13.17"}},"next_section":{"id":"1837","structure_id":"43","section_number":"13.13","catch_line":"\u201cRfa\u201d Residential Floor Area District.","url":"\/13.13\/","token":"13.13"},"metadata":false,"references":false,"url":"\/13.12\/","token":"13.12","formats":{"txt":"\/13.12.txt","json":"\/13.12.xml"},"dublin_core":{"Title":"\u201cNso\u201d Neighborhood Stabilization Overlay District.","Type":"Text","Format":"text\/html","Identifier":"\u00a7 13.12","Relation":"Los Angeles Municipal Code"},"plain_text":"                            LOS ANGELES MUNICIPAL CODE\n\n\u201cNSO\u201d NEIGHBORHOOD STABILIZATION OVERLAY DISTRICT. (\u00a7 13.12)\n\n\u00a0 \u201cNSO\u201d NEIGHBORHOOD STABILIZATION OVERLAY DISTRICT.\n\t(Added by Ord. No. 180,219, Eff. 11\/16\/08.)\tA.\tPurpose.\u00a0 This section sets\nforth procedures, guidelines and standards for the establishment of \u201cNSO\u201d\nNeighborhood Stabilization Overlay Districts in areas of the City that are\nproximate to colleges and universities.\u00a0 The purpose of the NSO District is to\nprotect and preserve the existing low density housing stock; to maintain and\nenhance the quality of life of area residents; to promote well-planned student\nhousing; to establish regulations that address the negative impacts\nmulti-habitable room projects cause; to address inadequate parking; to prevent\nirreversible damage associated with oversized multi-habitable room projects and\nto help stabilize neighborhoods.\u00a0 The purpose of the NSO District is also to\nensure that future Projects are designed to be compatible with buildings that\nare adjacent or across the street.\tB.\tEstablishment of the\nDistrict.\t1.\tRequirements.\u00a0 Each application for the establishment of a\n\u201cNSO\u201d Neighborhood Stabilization Overlay District shall follow the\nprocedures set forth in Section 12.32 S. of this Code, except that each\n\u201cNSO\u201d Neighborhood Stabilization Overlay District shall include only\nproperties in the R2, RD, R3, RAS, R4, R5, CR, C1, C1.5, C2, C4, C5 or CM\nzones.\t2.\tRadius.\u00a0 The radius of a \u201cNSO\u201d Neighborhood Stabilization Overlay\nDistrict shall be at least one-quarter mile and no more than one mile from the\nphysical boundaries of a college or university.\u00a0 The District shall not\ngenerally be less than one-quarter mile radius wide.\t3.\tBoundaries.\u00a0 The\nboundaries shall be along street frontages and shall not split parcels.\u00a0 The\nprecise boundary of a District may be adjusted for urban features such as\ntopography, freeways or streets \/ highways.\u00a0 Precise boundaries are required at\nthe time of application for or initiation of an individual District.\u00a0 The\n\u201cNSO\u201d Neighborhood Stabilization Overlay District shall include contiguous\nparcels of residentially and commercially zoned parcels, which may only be\nseparated by public streets, ways or alleys or other physical features, or as\nset forth in the rules approved by the Director of Planning.\u00a0 A \u201cNSO\u201d\nNeighborhood Stabilization Overlay District may encompass an area that is\ndesignated, in whole or in part, as a Historic Preservation Overlay Zone and\/or\nSpecific Plan area.\t4.\tDefinitions.\u00a0 Notwithstanding any other provision of\nthis article to the contrary, the following definitions shall apply to this\nsection:\tAffordable Housing Units.\u00a0 Dwelling units or guest rooms for which\nrental payments do not exceed the limits established by the Housing Department\nfor persons and families whose income does not exceed 30%-120% of Area Median\nIncome (AMI), adjusted for family size by the United States Department of\nHousing and Urban Development in accordance with adjustment factors established\nand amended from time to time pursuant to Section 8 of the United States Housing\nAct of 1937.\u00a0 The income limits are defined as lower, low, moderate, very low,\nor extremely low income households in Sections 50079.5, 50093, 50105 and 50106\nof the California Health and Safety Code.\tArea Median Income (AMI).\u00a0 The median\nincome in Los Angeles County as determined annually by the California Department\nof Housing and Community Development (HCD) or any successor agency, adjusted for\nhousehold size.\tProject.\u00a0 The construction, erection, addition to, enlargement\nof or reconfiguration of any one-family dwelling or multiple-family dwelling\nunits or portions of dwelling units in the R2, RD, R3, RAS, R4, R5, CR, C1,\nC1.5, C2, C4, C5 or CM zones that create at least one dwelling unit with five or\nmore habitable rooms.\tA project shall not include any of the following\nuses:\t(1)\tDormitories on an official college or university campus; or\t(2)\tAny\nqualifying Affordable Housing Units.\t5.\tFindings.\u00a0 In order to establish a\n\u201cNSO\u201d Neighborhood Stabilization Overlay District, the City Council shall\nfind that Neighborhood Stabilization Overlay regulations will protect and\nenhance the character of the District by regulating building bulk caused by\nbuildings with five or more habitable rooms per unit; and that the District is\nnegatively impacted by excessive on-street parking resulting from residential\nunits designed for student housing, which do not provide adequate off-street\nparking.\tC.\tDevelopment Regulations.\u00a0 All property within a District shall be\nsubject to the following conditions:\t1.\tBuilding Permit.\u00a0 The Department of\nBuilding and Safety shall not issue a building permit for a Project within a\n\u201cNSO\u201d Neighborhood Stabilization Overlay District unless a conditional use\napproval has been granted pursuant to Section 12.24 W.52. of this\nCode.\t2.\tParking Requirements.\u00a0 Any Project shall, in addition to complying\nwith the parking requirements of Section 12.21 A.4.(a) of this Code, also\nprovide one additional parking space for each habitable room at or above five\nhabitable rooms.\n","html":"\n\t\t\t\t\t<section><p>\u00a0 \u201cNSO\u201d NEIGHBORHOOD STABILIZATION OVERLAY DISTRICT.\n\t(Added by Ord. No. 180,219, Eff. 11\/16\/08.)<br \/><br \/>\tA.\tPurpose.\u00a0 This section sets forth procedures, guidelines and standards for the establishment of \u201cNSO\u201d Neighborhood Stabilization Overlay Districts in areas of the City that are proximate to colleges and universities.\u00a0 The purpose of the NSO District is to protect and preserve the existing low density housing stock; to maintain and enhance the quality of life of area residents; to promote well-planned student housing; to establish regulations that address the negative impacts multi-habitable room projects cause; to address inadequate parking; to prevent irreversible damage associated with oversized multi-habitable room projects and to help stabilize neighborhoods.\u00a0 The purpose of the NSO District is also to ensure that future Projects are designed to be compatible with buildings that are adjacent or across the street.<br \/><br \/>\tB.\tEstablishment of the District.<br \/><br \/>\t1.\tRequirements.\u00a0 Each application for the establishment of a \u201cNSO\u201d Neighborhood Stabilization Overlay District shall follow the procedures set forth in Section 12.32 S. of this Code, except that each \u201cNSO\u201d Neighborhood Stabilization Overlay District shall include only properties in the R2, RD, R3, RAS, R4, R5, CR, C1, C1.5, C2, C4, C5 or CM zones.<br \/><br \/>\t2.\tRadius.\u00a0 The radius of a \u201cNSO\u201d Neighborhood Stabilization Overlay District shall be at least one-quarter mile and no more than one mile from the physical boundaries of a college or university.\u00a0 The District shall not generally be less than one-quarter mile radius wide.<br \/><br \/>\t3.\tBoundaries.\u00a0 The boundaries shall be along street frontages and shall not split parcels.\u00a0 The precise boundary of a District may be adjusted for urban features such as topography, freeways or streets \/ highways.\u00a0 Precise boundaries are required at the time of application for or initiation of an individual District.\u00a0 The \u201cNSO\u201d Neighborhood Stabilization Overlay District shall include contiguous parcels of residentially and commercially zoned parcels, which may only be separated by public streets, ways or alleys or other physical features, or as set forth in the rules approved by the Director of Planning.\u00a0 A \u201cNSO\u201d Neighborhood Stabilization Overlay District may encompass an area that is designated, in whole or in part, as a Historic Preservation Overlay Zone and\/or Specific Plan area.<br \/><br \/>\t4.\tDefinitions.\u00a0 Notwithstanding any other provision of this article to the contrary, the following definitions shall apply to this section:<br \/><br \/>\tAffordable Housing Units.\u00a0 Dwelling units or guest rooms for which rental payments do not exceed the limits established by the Housing Department for persons and families whose income does not exceed 30%-120% of Area Median Income (AMI), adjusted for family size by the United States Department of Housing and Urban Development in accordance with adjustment factors established and amended from time to time pursuant to Section 8 of the United States Housing Act of 1937.\u00a0 The income limits are defined as lower, low, moderate, very low, or extremely low income households in Sections 50079.5, 50093, 50105 and 50106 of the California Health and Safety Code.<br \/><br \/>\tArea Median Income (AMI).\u00a0 The median income in Los Angeles County as determined annually by the California Department of Housing and Community Development (HCD) or any successor agency, adjusted for household size.<br \/><br \/>\tProject.\u00a0 The construction, erection, addition to, enlargement of or reconfiguration of any one-family dwelling or multiple-family dwelling units or portions of dwelling units in the R2, RD, R3, RAS, R4, R5, CR, C1, C1.5, C2, C4, C5 or CM zones that create at least one dwelling unit with five or more habitable rooms.<br \/><br \/>\tA project shall not include any of the following uses:<br \/><br \/>\t(1)\tDormitories on an official college or university campus; or<br \/><br \/>\t(2)\tAny qualifying Affordable Housing Units.<br \/><br \/>\t5.\t<span class=\"dictionary\">Findings<\/span>.\u00a0 In <span class=\"dictionary\">order<\/span> to establish a \u201cNSO\u201d Neighborhood Stabilization Overlay District, the City Council shall find that Neighborhood Stabilization Overlay regulations will protect and enhance the character of the District by regulating building bulk caused by buildings with five or more habitable rooms per unit; and that the District is negatively impacted by excessive on-street parking resulting from residential units designed for student housing, which do not provide adequate off-street parking.<br \/><br \/>\tC.\tDevelopment Regulations.\u00a0 All property within a District shall be subject to the following conditions:<br \/><br \/>\t1.\tBuilding Permit.\u00a0 The Department of Building and Safety shall not <span class=\"dictionary\">issue<\/span> a building permit for a Project within a \u201cNSO\u201d Neighborhood Stabilization Overlay District unless a conditional use approval has been granted pursuant to Section 12.24 W.52. of this Code.<br \/><br \/>\t2.\tParking Requirements.\u00a0 Any Project shall, in addition to complying with the parking requirements of Section 12.21 A.4.(a) of this Code, also provide one additional parking space for each habitable room at or above five habitable rooms.<\/p><\/section>","previous_section":{"id":"2996","structure_id":"43","section_number":"13.11","catch_line":"\u201cSn\u201d Sign District.","url":"\/13.11\/","token":"13.11"},"text":{"0":{"id":"3972","text":"\u00a0 \u201cNSO\u201d NEIGHBORHOOD STABILIZATION OVERLAY DISTRICT.\n\t(Added by Ord. No. 180,219, Eff. 11\/16\/08.)\tA.\tPurpose.\u00a0 This section sets forth procedures, guidelines and standards for the establishment of \u201cNSO\u201d Neighborhood Stabilization Overlay Districts in areas of the City that are proximate to colleges and universities.\u00a0 The purpose of the NSO District is to protect and preserve the existing low density housing stock; to maintain and enhance the quality of life of area residents; to promote well-planned student housing; to establish regulations that address the negative impacts multi-habitable room projects cause; to address inadequate parking; to prevent irreversible damage associated with oversized multi-habitable room projects and to help stabilize neighborhoods.\u00a0 The purpose of the NSO District is also to ensure that future Projects are designed to be compatible with buildings that are adjacent or across the street.\tB.\tEstablishment of the District.\t1.\tRequirements.\u00a0 Each application for the establishment of a \u201cNSO\u201d Neighborhood Stabilization Overlay District shall follow the procedures set forth in Section 12.32 S. of this Code, except that each \u201cNSO\u201d Neighborhood Stabilization Overlay District shall include only properties in the R2, RD, R3, RAS, R4, R5, CR, C1, C1.5, C2, C4, C5 or CM zones.\t2.\tRadius.\u00a0 The radius of a \u201cNSO\u201d Neighborhood Stabilization Overlay District shall be at least one-quarter mile and no more than one mile from the physical boundaries of a college or university.\u00a0 The District shall not generally be less than one-quarter mile radius wide.\t3.\tBoundaries.\u00a0 The boundaries shall be along street frontages and shall not split parcels.\u00a0 The precise boundary of a District may be adjusted for urban features such as topography, freeways or streets \/ highways.\u00a0 Precise boundaries are required at the time of application for or initiation of an individual District.\u00a0 The \u201cNSO\u201d Neighborhood Stabilization Overlay District shall include contiguous parcels of residentially and commercially zoned parcels, which may only be separated by public streets, ways or alleys or other physical features, or as set forth in the rules approved by the Director of Planning.\u00a0 A \u201cNSO\u201d Neighborhood Stabilization Overlay District may encompass an area that is designated, in whole or in part, as a Historic Preservation Overlay Zone and\/or Specific Plan area.\t4.\tDefinitions.\u00a0 Notwithstanding any other provision of this article to the contrary, the following definitions shall apply to this section:\tAffordable Housing Units.\u00a0 Dwelling units or guest rooms for which rental payments do not exceed the limits established by the Housing Department for persons and families whose income does not exceed 30%-120% of Area Median Income (AMI), adjusted for family size by the United States Department of Housing and Urban Development in accordance with adjustment factors established and amended from time to time pursuant to Section 8 of the United States Housing Act of 1937.\u00a0 The income limits are defined as lower, low, moderate, very low, or extremely low income households in Sections 50079.5, 50093, 50105 and 50106 of the California Health and Safety Code.\tArea Median Income (AMI).\u00a0 The median income in Los Angeles County as determined annually by the California Department of Housing and Community Development (HCD) or any successor agency, adjusted for household size.\tProject.\u00a0 The construction, erection, addition to, enlargement of or reconfiguration of any one-family dwelling or multiple-family dwelling units or portions of dwelling units in the R2, RD, R3, RAS, R4, R5, CR, C1, C1.5, C2, C4, C5 or CM zones that create at least one dwelling unit with five or more habitable rooms.\tA project shall not include any of the following uses:\t(1)\tDormitories on an official college or university campus; or\t(2)\tAny qualifying Affordable Housing Units.\t5.\tFindings.\u00a0 In order to establish a \u201cNSO\u201d Neighborhood Stabilization Overlay District, the City Council shall find that Neighborhood Stabilization Overlay regulations will protect and enhance the character of the District by regulating building bulk caused by buildings with five or more habitable rooms per unit; and that the District is negatively impacted by excessive on-street parking resulting from residential units designed for student housing, which do not provide adequate off-street parking.\tC.\tDevelopment Regulations.\u00a0 All property within a District shall be subject to the following conditions:\t1.\tBuilding Permit.\u00a0 The Department of Building and Safety shall not issue a building permit for a Project within a \u201cNSO\u201d Neighborhood Stabilization Overlay District unless a conditional use approval has been granted pursuant to Section 12.24 W.52. of this Code.\t2.\tParking Requirements.\u00a0 Any Project shall, in addition to complying with the parking requirements of Section 12.21 A.4.(a) of this Code, also provide one additional parking space for each habitable room at or above five habitable rooms.","type":"section","prefixes":[""],"prefix":"","entire_prefix":"","prefix_anchor":"","level":1}}}