{"section_number":"154.04","edition_id":"1","section_id":"2571","structure_id":"68","catch_line":"Duties Of The Los Angeles Housing\nDepartment.","history":"","full_text":"","order_by":"04","ancestry":{"1":{"id":"68","name":"Property Management Training Program","identifier":"4","label":"article","url":"\/15\/4\/"},"2":{"id":"37","name":"Rent Stabilization Ordinance","identifier":"15","label":"chapter","url":"\/15\/"}},"structure_contents":{"0":{"id":"721","structure_id":"68","section_number":"154.00","catch_line":"Declaration Of Purpose.","url":"\/154.00\/","token":"154.00"},"1":{"id":"2859","structure_id":"68","section_number":"154.01","catch_line":"Definitions.","url":"\/154.01\/","token":"154.01"},"2":{"id":"219","structure_id":"68","section_number":"154.02","catch_line":"Scope.","url":"\/154.02\/","token":"154.02"},"3":{"id":"3190","structure_id":"68","section_number":"154.03","catch_line":"Penalties.","url":"\/154.03\/","token":"154.03"},"4":{"id":"2571","structure_id":"68","section_number":"154.04","catch_line":"Duties Of The Los Angeles Housing\nDepartment.","url":"\/154.04\/","token":"154.04"}},"next_section":{"id":"2571","structure_id":"68","section_number":"154.04","catch_line":"Duties Of The Los Angeles Housing\nDepartment.","url":"\/154.04\/","token":"154.04"},"metadata":false,"references":false,"url":"\/154.04\/","token":"154.04","formats":{"txt":"\/154.04.txt","json":"\/154.04.xml"},"dublin_core":{"Title":"Duties Of The Los Angeles Housing\nDepartment.","Type":"Text","Format":"text\/html","Identifier":"\u00a7 154.04","Relation":"Los Angeles Municipal Code"},"plain_text":"                            LOS ANGELES MUNICIPAL CODE\n\nDUTIES OF THE LOS ANGELES HOUSING\nDEPARTMENT. (\u00a7 154.04)\n\n\n","html":"\n\t\t\t\t\t<section><p><\/p><\/section>","previous_section":{"id":"3190","structure_id":"68","section_number":"154.03","catch_line":"Penalties.","url":"\/154.03\/","token":"154.03"},"text":{"0":{"id":"2548","text":"","type":"section","prefixes":[""],"prefix":"","entire_prefix":"","prefix_anchor":"","level":1}}}