{"section_number":"155.08","edition_id":"1","section_id":"203","structure_id":"64","catch_line":"Tenant Outreach And Information.","history":"","full_text":"\u00a0 TENANT OUTREACH AND INFORMATION.\n\t(Amended by Ord. No. 181,643, Eff. 5\/31\/11.)\n\n\tThe Department, DWP and organizations authorized by the City Council may contact tenants.\u00a0 During that contact, tenants shall be informed of the UMP\/REAP and their right to forward rent payments into the escrow account for the maintenance of utility services, eviction protection rights, and rights for the release of escrow funds.","order_by":"08","ancestry":{"1":{"id":"64","name":"Utility Maintenance Program","identifier":"5","label":"article","url":"\/15\/5\/"},"2":{"id":"37","name":"Rent Stabilization Ordinance","identifier":"15","label":"chapter","url":"\/15\/"}},"structure_contents":{"0":{"id":"1256","structure_id":"64","section_number":"155.00","catch_line":"Declaration Of Purpose.","url":"\/155.00\/","token":"155.00"},"1":{"id":"3872","structure_id":"64","section_number":"155.01","catch_line":"Definitions.","url":"\/155.01\/","token":"155.01"},"2":{"id":"4107","structure_id":"64","section_number":"155.02","catch_line":"Delinquent Utility Bill Referral Procedures.","url":"\/155.02\/","token":"155.02"},"3":{"id":"2974","structure_id":"64","section_number":"155.03","catch_line":"Acceptance Into Reap.","url":"\/155.03\/","token":"155.03"},"4":{"id":"322","structure_id":"64","section_number":"155.04","catch_line":"Appeals.","url":"\/155.04\/","token":"155.04"},"5":{"id":"3203","structure_id":"64","section_number":"155.05","catch_line":"Establishment And Maintenance Of Ump Account.","url":"\/155.05\/","token":"155.05"},"6":{"id":"3637","structure_id":"64","section_number":"155.06","catch_line":"Expenditure Of Ump Escrow Account Funds By The Department.","url":"\/155.06\/","token":"155.06"},"7":{"id":"1446","structure_id":"64","section_number":"155.07","catch_line":"Removal From Ump.","url":"\/155.07\/","token":"155.07"},"8":{"id":"203","structure_id":"64","section_number":"155.08","catch_line":"Tenant Outreach And Information.","url":"\/155.08\/","token":"155.08"},"9":{"id":"3428","structure_id":"64","section_number":"155.09","catch_line":"Utility Shut-Off.","url":"\/155.09\/","token":"155.09"}},"next_section":{"id":"3428","structure_id":"64","section_number":"155.09","catch_line":"Utility Shut-Off.","url":"\/155.09\/","token":"155.09"},"metadata":false,"references":false,"url":"\/155.08\/","token":"155.08","formats":{"txt":"\/155.08.txt","json":"\/155.08.xml"},"dublin_core":{"Title":"Tenant Outreach And Information.","Type":"Text","Format":"text\/html","Identifier":"\u00a7 155.08","Relation":"Los Angeles Municipal Code"},"plain_text":"                            LOS ANGELES MUNICIPAL CODE\n\nTENANT OUTREACH AND INFORMATION. (\u00a7 155.08)\n\n\u00a0 TENANT OUTREACH AND INFORMATION.\n\t(Amended by Ord. No. 181,643, Eff. 5\/31\/11.)\tThe Department, DWP and\norganizations authorized by the City Council may contact tenants.\u00a0 During that\ncontact, tenants shall be informed of the UMP\/REAP and their right to forward\nrent payments into the escrow account for the maintenance of utility services,\neviction protection rights, and rights for the release of escrow funds.\n","html":"\n\t\t\t\t\t<section><p>\u00a0 TENANT OUTREACH AND INFORMATION.\n\t(Amended by Ord. No. 181,643, Eff. 5\/31\/11.)<br \/><br \/>\tThe Department, DWP and organizations authorized by the City Council may contact tenants.\u00a0 During that contact, tenants shall be informed of the UMP\/REAP and their right to forward rent payments into the escrow account for the maintenance of utility services, eviction protection rights, and rights for the release of escrow funds.<\/p><\/section>","previous_section":{"id":"1446","structure_id":"64","section_number":"155.07","catch_line":"Removal From Ump.","url":"\/155.07\/","token":"155.07"},"text":{"0":{"id":"200","text":"\u00a0 TENANT OUTREACH AND INFORMATION.\n\t(Amended by Ord. No. 181,643, Eff. 5\/31\/11.)\tThe Department, DWP and organizations authorized by the City Council may contact tenants.\u00a0 During that contact, tenants shall be informed of the UMP\/REAP and their right to forward rent payments into the escrow account for the maintenance of utility services, eviction protection rights, and rights for the release of escrow funds.","type":"section","prefixes":[""],"prefix":"","entire_prefix":"","prefix_anchor":"","level":1}}}