{"section_number":"16.00","edition_id":"1","section_id":"1683","structure_id":"111","catch_line":"Declaration Of Purpose.","history":"","full_text":"\u00a0 DECLARATION OF PURPOSE.\n\t(Amended by Ord. No. 173,268, Eff. 7\/1\/00, Oper. 7\/1\/00.)\n\n\tIt is the purpose and objective of this Article to establish reasonable and uniform regulations to protect the public welfare and to provide a streamlined method for consideration of applications for temporary use approvals and other land use approvals in an emergency, such as fire, storm, severe earthquake, civil disturbance, or other disaster declared by the Governor.","order_by":"00","text":{"0":{"id":"1667","text":"\u00a0 DECLARATION OF PURPOSE.\n\t(Amended by Ord. No. 173,268, Eff. 7\/1\/00, Oper. 7\/1\/00.)\n\n\tIt is the purpose and objective of this Article to establish reasonable and uniform regulations to protect the public welfare and to provide a streamlined method for consideration of applications for temporary use approvals and other land use approvals in an emergency, such as fire, storm, severe earthquake, civil disturbance, or other disaster declared by the Governor.","type":"section","prefixes":[""],"prefix":"","entire_prefix":"","prefix_anchor":"","level":1}},"ancestry":{"1":{"id":"111","name":"\nTemporary Regulations Relating To Land Use Approvals For Properties\nDamaged In A Local Emergency","identifier":"6","label":"article","url":"\/1\/6\/"},"2":{"id":"7","name":"General Provisions and Zoning","identifier":"1","label":"chapter","url":"\/1\/"}},"structure_contents":{"0":{"id":"1683","structure_id":"111","section_number":"16.00","catch_line":"Declaration Of Purpose.","url":"\/16.00\/","token":"16.00"},"1":{"id":"1814","structure_id":"111","section_number":"16.01","catch_line":"Long-Term Temporary Uses.","url":"\/16.01\/","token":"16.01"},"2":{"id":"2547","structure_id":"111","section_number":"16.02","catch_line":"Special Provisions For Other Land Use Proceedings.","url":"\/16.02\/","token":"16.02"},"3":{"id":"3827","structure_id":"111","section_number":"16.03","catch_line":"Restoration Of Damaged Or Destroyed Buildings.","url":"\/16.03\/","token":"16.03"},"4":{"id":"3002","structure_id":"111","section_number":"16.04","catch_line":"Critical Response Facilities.","url":"\/16.04\/","token":"16.04"},"5":{"id":"1823","structure_id":"111","section_number":"16.04.1","catch_line":"Short-Term Temporary Uses.","url":"\/16.04.1\/","token":"16.04.1"},"6":{"id":"748","structure_id":"111","section_number":"16.04.2","catch_line":"Activation And Termination Of Effect.","url":"\/16.04.2\/","token":"16.04.2"}},"next_section":{"id":"1814","structure_id":"111","section_number":"16.01","catch_line":"Long-Term Temporary Uses.","url":"\/16.01\/","token":"16.01"},"metadata":false,"references":false,"url":"\/16.00\/","token":"16.00","formats":{"txt":"\/16.00.txt","json":"\/16.00.xml"},"dublin_core":{"Title":"Declaration Of Purpose.","Type":"Text","Format":"text\/html","Identifier":"\u00a7 16.00","Relation":"Los Angeles Municipal Code"},"plain_text":"                            LOS ANGELES MUNICIPAL CODE\n\nDECLARATION OF PURPOSE. (\u00a7 16.00)\n\n\u00a0 DECLARATION OF PURPOSE.\n\t(Amended by Ord. No. 173,268, Eff. 7\/1\/00, Oper. 7\/1\/00.)\n\n\tIt is the purpose and objective of this Article to establish reasonable and\nuniform regulations to protect the public welfare and to provide a streamlined\nmethod for consideration of applications for temporary use approvals and other\nland use approvals in an emergency, such as fire, storm, severe earthquake,\ncivil disturbance, or other disaster declared by the Governor.\n"}