{"section_number":"16.04.1","edition_id":"1","section_id":"1823","structure_id":"111","catch_line":"Short-Term Temporary Uses.","history":"","full_text":"\u00a0 SHORT-TERM TEMPORARY USES.\n\t(Amended by Ord. No. 173,268, Eff. 7\/1\/00, Oper. 7\/1\/00.)\n\n\tA.\tAuthority of the Department of Building and Safety.\u00a0 Notwithstanding any other provision of this Code to the contrary, the Department of Building and Safety shall, during the first six months following the declaration of an emergency, have the authority to issue a temporary 90-day permit on any lot, regardless of zone, for any temporary use which will aid in the immediate restoration of an area adversely impacted by a severe fire, storm, earthquake, similar natural disaster, or a civil or military disturbance, and declared by the Governor as an emergency area, provided that the department shall maintain records of all temporary permits.","order_by":"04.1","ancestry":{"1":{"id":"111","name":"\nTemporary Regulations Relating To Land Use Approvals For Properties\nDamaged In A Local Emergency","identifier":"6","label":"article","url":"\/1\/6\/"},"2":{"id":"7","name":"General Provisions and Zoning","identifier":"1","label":"chapter","url":"\/1\/"}},"structure_contents":{"0":{"id":"1683","structure_id":"111","section_number":"16.00","catch_line":"Declaration Of Purpose.","url":"\/16.00\/","token":"16.00"},"1":{"id":"1814","structure_id":"111","section_number":"16.01","catch_line":"Long-Term Temporary Uses.","url":"\/16.01\/","token":"16.01"},"2":{"id":"2547","structure_id":"111","section_number":"16.02","catch_line":"Special Provisions For Other Land Use Proceedings.","url":"\/16.02\/","token":"16.02"},"3":{"id":"3827","structure_id":"111","section_number":"16.03","catch_line":"Restoration Of Damaged Or Destroyed Buildings.","url":"\/16.03\/","token":"16.03"},"4":{"id":"3002","structure_id":"111","section_number":"16.04","catch_line":"Critical Response Facilities.","url":"\/16.04\/","token":"16.04"},"5":{"id":"1823","structure_id":"111","section_number":"16.04.1","catch_line":"Short-Term Temporary Uses.","url":"\/16.04.1\/","token":"16.04.1"},"6":{"id":"748","structure_id":"111","section_number":"16.04.2","catch_line":"Activation And Termination Of Effect.","url":"\/16.04.2\/","token":"16.04.2"}},"next_section":{"id":"748","structure_id":"111","section_number":"16.04.2","catch_line":"Activation And Termination Of Effect.","url":"\/16.04.2\/","token":"16.04.2"},"metadata":false,"references":false,"url":"\/16.04.1\/","token":"16.04.1","formats":{"txt":"\/16.04.1.txt","json":"\/16.04.1.xml"},"dublin_core":{"Title":"Short-Term Temporary Uses.","Type":"Text","Format":"text\/html","Identifier":"\u00a7 16.04.1","Relation":"Los Angeles Municipal Code"},"plain_text":"                            LOS ANGELES MUNICIPAL CODE\n\nSHORT-TERM TEMPORARY USES. (\u00a7 16.04.1)\n\n\u00a0 SHORT-TERM TEMPORARY USES.\n\t(Amended by Ord. No. 173,268, Eff. 7\/1\/00, Oper. 7\/1\/00.)\tA.\tAuthority of the\nDepartment of Building and Safety.\u00a0 Notwithstanding any other provision of this\nCode to the contrary, the Department of Building and Safety shall, during the\nfirst six months following the declaration of an emergency, have the authority\nto issue a temporary 90-day permit on any lot, regardless of zone, for any\ntemporary use which will aid in the immediate restoration of an area adversely\nimpacted by a severe fire, storm, earthquake, similar natural disaster, or a\ncivil or military disturbance, and declared by the Governor as an emergency\narea, provided that the department shall maintain records of all temporary\npermits.\n","html":"\n\t\t\t\t\t<section><p>\u00a0 SHORT-TERM TEMPORARY USES.\n\t(Amended by Ord. No. 173,268, Eff. 7\/1\/00, Oper. 7\/1\/00.)<br \/><br \/>\tA.\tAuthority of the Department of Building and Safety.\u00a0 Notwithstanding any other provision of this Code to the contrary, the Department of Building and Safety shall, during the first six months following the declaration of an emergency, have the authority to <span class=\"dictionary\">issue<\/span> a temporary 90-day permit on any lot, regardless of zone, for any temporary use which will aid in the immediate restoration of an area adversely impacted by a severe fire, storm, earthquake, similar natural disaster, or a civil or military disturbance, and declared by the Governor as an emergency area, provided that the department shall maintain records of all temporary permits.<\/p><\/section>","previous_section":{"id":"3002","structure_id":"111","section_number":"16.04","catch_line":"Critical Response Facilities.","url":"\/16.04\/","token":"16.04"},"text":{"0":{"id":"1807","text":"\u00a0 SHORT-TERM TEMPORARY USES.\n\t(Amended by Ord. No. 173,268, Eff. 7\/1\/00, Oper. 7\/1\/00.)\tA.\tAuthority of the Department of Building and Safety.\u00a0 Notwithstanding any other provision of this Code to the contrary, the Department of Building and Safety shall, during the first six months following the declaration of an emergency, have the authority to issue a temporary 90-day permit on any lot, regardless of zone, for any temporary use which will aid in the immediate restoration of an area adversely impacted by a severe fire, storm, earthquake, similar natural disaster, or a civil or military disturbance, and declared by the Governor as an emergency area, provided that the department shall maintain records of all temporary permits.","type":"section","prefixes":[""],"prefix":"","entire_prefix":"","prefix_anchor":"","level":1}}}