{"section_number":"163.01","edition_id":"1","section_id":"3497","structure_id":"82","catch_line":"Definitions.","history":"","full_text":"\u00a0 DEFINITIONS.\n\n\tThe following words and phrases, whenever used in this article, shall be construed as defined in this section unless the context within individual sections clearly indicates otherwise.\u00a0 Words and phrases not defined here shall be construed as defined in Sections 12.03, 57.02.02, 91.201, et seq., 91.8902, 151.02 and 161.201.\n\n\tA.\tAppeals Board.\u00a0 The Board of Fire Commissioners, the Board of Building and Safety Commissioners or the Rent Adjustment Commission, depending on which Enforcement Agency issued the order to vacate.\n\n\tB.\tBoard of Fire Commissioner.\u00a0 The Appeals Board for the Fire Department.\n\n\tC.\tBuilding and Safety Commission.\u00a0 The Board of Building and Safety Commissioners.\u00a0 The Appeals Board for the Department of Building and Safety.\u00a0\n\n\tD.\tEnforcement Agency.\u00a0 The Departments of Building and Safety, Fire, or Housing of the City of Los Angeles.\n\n\tE.\tGeneral Manager.\u00a0 The Superintendent of Building and the General Manager of the Department of Building and Safety or his or her designee, the General Manager of the Housing Department or his or her designee, and\/or the Chief of the Fire Department or his or her designee.\n\n\tF.\tLandlord.\u00a0 An owner, lessor, or sublessor, (including any person, firm, corporation, partnership, or other entity) who receives or is entitled to receive rent for the use of any rental unit, or their designated agent, representative or successor.\n\n\tG.\tOrder To Vacate.\u00a0 Any order or notice to vacate by an enforcement agency as a result of a violation so extensive and of such a nature that the immediate health and safety of the residents is endangered.\n\n\tH.\tQualified Tenant.\u00a0 Any tenant who has attained age 62; is handicapped as defined in California Health and Safety Code Section 50072 or is disabled as defined in United States Code Title 42, Sec. 423; or is a person residing with and on whom is legally dependent (as determined for federal income tax persons) one or more minor children.\n\n\tI.\tThe Rent Adjustment Commission (RAC).\u00a0 The Rent Adjustment Commission, or its successor.\u00a0 The Appeals Board for the Housing Department.","order_by":"01","ancestry":{"1":{"id":"82","name":"Tenant\nRelocation Assistance Program","identifier":"3","label":"article","url":"\/16\/3\/"},"2":{"id":"27","name":"Housing Regulations","identifier":"16","label":"chapter","url":"\/16\/"}},"structure_contents":{"0":{"id":"2742","structure_id":"82","section_number":"163.00","catch_line":"Title.","url":"\/163.00\/","token":"163.00"},"1":{"id":"3497","structure_id":"82","section_number":"163.01","catch_line":"Definitions.","url":"\/163.01\/","token":"163.01"},"2":{"id":"2470","structure_id":"82","section_number":"163.02","catch_line":"Eligibility For Relocation Benefits.","url":"\/163.02\/","token":"163.02"},"3":{"id":"2161","structure_id":"82","section_number":"163.03","catch_line":"Responsibilities Of Enforcement Agency.","url":"\/163.03\/","token":"163.03"},"4":{"id":"3809","structure_id":"82","section_number":"163.04","catch_line":"When Relocation Benefits Are Required To Be Paid.","url":"\/163.04\/","token":"163.04"},"5":{"id":"4016","structure_id":"82","section_number":"163.05","catch_line":"Amount Of Relocation Benefits.","url":"\/163.05\/","token":"163.05"},"6":{"id":"2210","structure_id":"82","section_number":"163.06","catch_line":"Enforcement.","url":"\/163.06\/","token":"163.06"},"7":{"id":"2964","structure_id":"82","section_number":"163.07","catch_line":"Payment Of Relocation Benefits By The City.","url":"\/163.07\/","token":"163.07"},"8":{"id":"349","structure_id":"82","section_number":"163.08","catch_line":"Urgency Clause.","url":"\/163.08\/","token":"163.08"}},"next_section":{"id":"2470","structure_id":"82","section_number":"163.02","catch_line":"Eligibility For Relocation Benefits.","url":"\/163.02\/","token":"163.02"},"metadata":false,"references":false,"url":"\/163.01\/","token":"163.01","formats":{"txt":"\/163.01.txt","json":"\/163.01.xml"},"dublin_core":{"Title":"Definitions.","Type":"Text","Format":"text\/html","Identifier":"\u00a7 163.01","Relation":"Los Angeles Municipal Code"},"plain_text":"                            LOS ANGELES MUNICIPAL CODE\n\nDEFINITIONS. (\u00a7 163.01)\n\n\u00a0 DEFINITIONS.\tThe following words and phrases, whenever used in this article,\nshall be construed as defined in this section unless the context within\nindividual sections clearly indicates otherwise.\u00a0 Words and phrases not defined\nhere shall be construed as defined in Sections 12.03, 57.02.02, 91.201, et seq.,\n91.8902, 151.02 and 161.201.\tA.\tAppeals Board.\u00a0 The Board of Fire\nCommissioners, the Board of Building and Safety Commissioners or the Rent\nAdjustment Commission, depending on which Enforcement Agency issued the order to\nvacate.\tB.\tBoard of Fire Commissioner.\u00a0 The Appeals Board for the Fire\nDepartment.\tC.\tBuilding and Safety Commission.\u00a0 The Board of Building and\nSafety Commissioners.\u00a0 The Appeals Board for the Department of Building and\nSafety.\u00a0\tD.\tEnforcement Agency.\u00a0 The Departments of Building and Safety, Fire,\nor Housing of the City of Los Angeles.\tE.\tGeneral Manager.\u00a0 The Superintendent\nof Building and the General Manager of the Department of Building and Safety or\nhis or her designee, the General Manager of the Housing Department or his or her\ndesignee, and\/or the Chief of the Fire Department or his or her\ndesignee.\tF.\tLandlord.\u00a0 An owner, lessor, or sublessor, (including any person,\nfirm, corporation, partnership, or other entity) who receives or is entitled to\nreceive rent for the use of any rental unit, or their designated agent,\nrepresentative or successor.\tG.\tOrder To Vacate.\u00a0 Any order or notice to vacate\nby an enforcement agency as a result of a violation so extensive and of such a\nnature that the immediate health and safety of the residents is\nendangered.\tH.\tQualified Tenant.\u00a0 Any tenant who has attained age 62; is\nhandicapped as defined in California Health and Safety Code Section 50072 or is\ndisabled as defined in United States Code Title 42, Sec. 423; or is a person\nresiding with and on whom is legally dependent (as determined for federal income\ntax persons) one or more minor children.\tI.\tThe Rent Adjustment Commission\n(RAC).\u00a0 The Rent Adjustment Commission, or its successor.\u00a0 The Appeals Board\nfor the Housing Department.\n","html":"\n\t\t\t\t\t<section><p>\u00a0 DEFINITIONS.<br \/><br \/>\tThe following words and phrases, whenever used in this article, shall be construed as defined in this section unless the context within individual sections clearly indicates otherwise.\u00a0 Words and phrases not defined here shall be construed as defined in Sections 12.03, 57.02.02, 91.201, et seq., 91.8902, 151.02 and 161.201.<br \/><br \/>\tA.\t<span class=\"dictionary\">Appeals<\/span> Board.\u00a0 The Board of Fire Commissioners, the Board of Building and Safety Commissioners or the Rent Adjustment Commission, depending on which Enforcement Agency issued the <span class=\"dictionary\">order<\/span> to vacate.<br \/><br \/>\tB.\tBoard of Fire Commissioner.\u00a0 The <span class=\"dictionary\">Appeals<\/span> Board for the Fire Department.<br \/><br \/>\tC.\tBuilding and Safety Commission.\u00a0 The Board of Building and Safety Commissioners.\u00a0 The <span class=\"dictionary\">Appeals<\/span> Board for the Department of Building and Safety.\u00a0<br \/><br \/>\tD.\tEnforcement Agency.\u00a0 The Departments of Building and Safety, Fire, or Housing of the City of Los Angeles.<br \/><br \/>\tE.\tGeneral Manager.\u00a0 The Superintendent of Building and the General Manager of the Department of Building and Safety or his or her designee, the General Manager of the Housing Department or his or her designee, and\/or the Chief of the Fire Department or his or her designee.<br \/><br \/>\tF.\tLandlord.\u00a0 An owner, lessor, or sublessor, (including any person, firm, corporation, partnership, or other entity) who receives or is entitled to receive rent for the use of any rental unit, or their designated agent, representative or successor.<br \/><br \/>\tG.\t<span class=\"dictionary\">Order<\/span> To Vacate.\u00a0 Any <span class=\"dictionary\">order<\/span> or notice to vacate by an enforcement agency as a result of a violation so extensive and of such a nature that the immediate health and safety of the residents is endangered.<br \/><br \/>\tH.\tQualified Tenant.\u00a0 Any tenant who has attained age 62; is handicapped as defined in California Health and Safety Code Section 50072 or is disabled as defined in United States Code Title 42, Sec. 423; or is a person residing with and on whom is legally dependent (as determined for federal income tax persons) one or more <span class=\"dictionary\">minor<\/span> children.<br \/><br \/>\tI.\tThe Rent Adjustment Commission (RAC).\u00a0 The Rent Adjustment Commission, or its successor.\u00a0 The <span class=\"dictionary\">Appeals<\/span> Board for the Housing Department.<\/p><\/section>","text":{"0":{"id":"3471","text":"\u00a0 DEFINITIONS.\tThe following words and phrases, whenever used in this article, shall be construed as defined in this section unless the context within individual sections clearly indicates otherwise.\u00a0 Words and phrases not defined here shall be construed as defined in Sections 12.03, 57.02.02, 91.201, et seq., 91.8902, 151.02 and 161.201.\tA.\tAppeals Board.\u00a0 The Board of Fire Commissioners, the Board of Building and Safety Commissioners or the Rent Adjustment Commission, depending on which Enforcement Agency issued the order to vacate.\tB.\tBoard of Fire Commissioner.\u00a0 The Appeals Board for the Fire Department.\tC.\tBuilding and Safety Commission.\u00a0 The Board of Building and Safety Commissioners.\u00a0 The Appeals Board for the Department of Building and Safety.\u00a0\tD.\tEnforcement Agency.\u00a0 The Departments of Building and Safety, Fire, or Housing of the City of Los Angeles.\tE.\tGeneral Manager.\u00a0 The Superintendent of Building and the General Manager of the Department of Building and Safety or his or her designee, the General Manager of the Housing Department or his or her designee, and\/or the Chief of the Fire Department or his or her designee.\tF.\tLandlord.\u00a0 An owner, lessor, or sublessor, (including any person, firm, corporation, partnership, or other entity) who receives or is entitled to receive rent for the use of any rental unit, or their designated agent, representative or successor.\tG.\tOrder To Vacate.\u00a0 Any order or notice to vacate by an enforcement agency as a result of a violation so extensive and of such a nature that the immediate health and safety of the residents is endangered.\tH.\tQualified Tenant.\u00a0 Any tenant who has attained age 62; is handicapped as defined in California Health and Safety Code Section 50072 or is disabled as defined in United States Code Title 42, Sec. 423; or is a person residing with and on whom is legally dependent (as determined for federal income tax persons) one or more minor children.\tI.\tThe Rent Adjustment Commission (RAC).\u00a0 The Rent Adjustment Commission, or its successor.\u00a0 The Appeals Board for the Housing Department.","type":"section","prefixes":[""],"prefix":"","entire_prefix":"","prefix_anchor":"","level":1}},"previous_section":{"id":"2742","structure_id":"82","section_number":"163.00","catch_line":"Title.","url":"\/163.00\/","token":"163.00"}}