{"section_number":"164.08","edition_id":"1","section_id":"3511","structure_id":"114","catch_line":"Violation\/Penalty.","history":"","full_text":"\u00a0 VIOLATION\/PENALTY.\n\n\tViolations of this chapter shall be treated as a strict liability offense regardless of intent.\u00a0 Any person, firm and\/or corporation that violates any portion of this section shall be subject to prosecution and\/or administrative enforcement under the Los Angeles Municipal Code.\u00a0 Administrative penalties imposed pursuant to this ordinance shall not exceed $100,000 per property.","order_by":"08","ancestry":{"1":{"id":"114","name":"Foreclosure Registry Program","identifier":"4","label":"article","url":"\/16\/4\/"},"2":{"id":"27","name":"Housing Regulations","identifier":"16","label":"chapter","url":"\/16\/"}},"structure_contents":{"0":{"id":"2617","structure_id":"114","section_number":"164.00","catch_line":"Title.","url":"\/164.00\/","token":"164.00"},"1":{"id":"2328","structure_id":"114","section_number":"164.01","catch_line":"Intent.","url":"\/164.01\/","token":"164.01"},"2":{"id":"1904","structure_id":"114","section_number":"164.02","catch_line":"Definitions.","url":"\/164.02\/","token":"164.02"},"3":{"id":"4135","structure_id":"114","section_number":"164.03","catch_line":"Recordation Of Transfer Of Loan And\/Or Deed Of Trust And\/Or Assignment Of Rents.","url":"\/164.03\/","token":"164.03"},"4":{"id":"3492","structure_id":"114","section_number":"164.04","catch_line":"Registration Of Properties In Foreclosure.","url":"\/164.04\/","token":"164.04"},"5":{"id":"1878","structure_id":"114","section_number":"164.05","catch_line":"Maintenance And Enforcement Of Maintenance Requirements.","url":"\/164.05\/","token":"164.05"},"6":{"id":"842","structure_id":"114","section_number":"164.06","catch_line":"Maintenance Of Vacant Properties And Enforcement Of Vacant Property Maintenance Requirements.","url":"\/164.06\/","token":"164.06"},"7":{"id":"1457","structure_id":"114","section_number":"164.07","catch_line":"Utilities.","url":"\/164.07\/","token":"164.07"},"8":{"id":"3511","structure_id":"114","section_number":"164.08","catch_line":"Violation\/Penalty.","url":"\/164.08\/","token":"164.08"},"9":{"id":"3436","structure_id":"114","section_number":"164.09","catch_line":"Severability.","url":"\/164.09\/","token":"164.09"}},"next_section":{"id":"3436","structure_id":"114","section_number":"164.09","catch_line":"Severability.","url":"\/164.09\/","token":"164.09"},"metadata":false,"references":false,"url":"\/164.08\/","token":"164.08","formats":{"txt":"\/164.08.txt","json":"\/164.08.xml"},"dublin_core":{"Title":"Violation\/Penalty.","Type":"Text","Format":"text\/html","Identifier":"\u00a7 164.08","Relation":"Los Angeles Municipal Code"},"plain_text":"                            LOS ANGELES MUNICIPAL CODE\n\nVIOLATION\/PENALTY. (\u00a7 164.08)\n\n\u00a0 VIOLATION\/PENALTY.\tViolations of this chapter shall be treated as a strict\nliability offense regardless of intent.\u00a0 Any person, firm and\/or corporation\nthat violates any portion of this section shall be subject to prosecution and\/or\nadministrative enforcement under the Los Angeles Municipal Code.\u00a0\nAdministrative penalties imposed pursuant to this ordinance shall not exceed\n$100,000 per property.\n","html":"\n\t\t\t\t\t<section><p>\u00a0 VIOLATION\/<span class=\"dictionary\">PENALTY<\/span>.<br \/><br \/>\tViolations of this chapter shall be treated as a strict liability <span class=\"dictionary\">offense<\/span> regardless of <span class=\"dictionary\">intent<\/span>.\u00a0 Any person, firm and\/or corporation that violates any portion of this section shall be subject to <span class=\"dictionary\">prosecution<\/span> and\/or administrative enforcement under the Los Angeles Municipal Code.\u00a0 Administrative penalties imposed pursuant to this <span class=\"dictionary\">ordinance<\/span> shall not exceed $100,000 per property.<\/p><\/section>","previous_section":{"id":"1457","structure_id":"114","section_number":"164.07","catch_line":"Utilities.","url":"\/164.07\/","token":"164.07"},"text":{"0":{"id":"3485","text":"\u00a0 VIOLATION\/PENALTY.\tViolations of this chapter shall be treated as a strict liability offense regardless of intent.\u00a0 Any person, firm and\/or corporation that violates any portion of this section shall be subject to prosecution and\/or administrative enforcement under the Los Angeles Municipal Code.\u00a0 Administrative penalties imposed pursuant to this ordinance shall not exceed $100,000 per property.","type":"section","prefixes":[""],"prefix":"","entire_prefix":"","prefix_anchor":"","level":1}}}