{"section_number":"19.12","edition_id":"1","section_id":"4061","structure_id":"78","catch_line":"Deviations Pursuant To Section 16.03 E.","history":"","full_text":"\u00a0[DEVIATIONS PURSUANT TO SECTION 16.03 E.]\n\t(Amended by Ord. No. 180,191, Eff. 10\/23\/08.)\n\n\tApplicants for determinations by the Zoning Administrator for deviations pursuant to Section 16.03 E. of this Code shall pay a fee of $797.00.","order_by":"12","ancestry":{"1":{"id":"78","name":"Fees","identifier":"9","label":"article","url":"\/1\/9\/"},"2":{"id":"7","name":"General Provisions and Zoning","identifier":"1","label":"chapter","url":"\/1\/"}},"structure_contents":{"0":{"id":"1198","structure_id":"78","section_number":"19.00","catch_line":"Filing Of Applications And Appeals.","url":"\/19.00\/","token":"19.00"},"1":{"id":"3604","structure_id":"78","section_number":"19.01","catch_line":"Filing Fee - Applications And Appeals.","url":"\/19.01\/","token":"19.01"},"2":{"id":"3260","structure_id":"78","section_number":"19.02","catch_line":"Filing Fees - Division Of Land And Private Street Maps And Appeals.","url":"\/19.02\/","token":"19.02"},"3":{"id":"1848","structure_id":"78","section_number":"19.03","catch_line":"Fees For General Plan Consistency.","url":"\/19.03\/","token":"19.03"},"4":{"id":"1403","structure_id":"78","section_number":"19.04","catch_line":"Filing Fee - Plans And Conditions Of Approval.","url":"\/19.04\/","token":"19.04"},"5":{"id":"3255","structure_id":"78","section_number":"19.05","catch_line":"Filing Fees For Environmental Clearances.","url":"\/19.05\/","token":"19.05"},"6":{"id":"3837","structure_id":"78","section_number":"19.06","catch_line":"Filing Fees For Coastal Development Permits.","url":"\/19.06\/","token":"19.06"},"7":{"id":"294","structure_id":"78","section_number":"19.07","catch_line":"Fees For Flood Hazard Reports And Compliance Checks.","url":"\/19.07\/","token":"19.07"},"8":{"id":"3792","structure_id":"78","section_number":"19.08","catch_line":"Surcharge For One-Stop Permit Center.","url":"\/19.08\/","token":"19.08"},"9":{"id":"2482","structure_id":"78","section_number":"19.09","catch_line":"Land Development Counseling \u2013 Fee For Second And Subsequent Sessions.","url":"\/19.09\/","token":"19.09"},"10":{"id":"2930","structure_id":"78","section_number":"19.10","catch_line":"Development Agreement Fees.","url":"\/19.10\/","token":"19.10"},"11":{"id":"3926","structure_id":"78","section_number":"19.11","catch_line":"Annual Inspection Of Compliance With Far Averaging Covenant.","url":"\/19.11\/","token":"19.11"},"12":{"id":"4061","structure_id":"78","section_number":"19.12","catch_line":"Deviations Pursuant To Section 16.03 E.","url":"\/19.12\/","token":"19.12"},"13":{"id":"2124","structure_id":"78","section_number":"19.13","catch_line":"Surcharge For Automated Systems For The Department Of City Planning.","url":"\/19.13\/","token":"19.13"},"14":{"id":"1992","structure_id":"78","section_number":"19.14","catch_line":"Fees For Enforcement Of Housing Covenants.","url":"\/19.14\/","token":"19.14"},"15":{"id":"1507","structure_id":"78","section_number":"19.15","catch_line":"Department Of Transportation Traffic Study Review, Condition Clearance And Permit Issuance Fees.","url":"\/19.15\/","token":"19.15"},"16":{"id":"2569","structure_id":"78","section_number":"19.16","catch_line":"General Plan Maintenance Surcharge For The Department Of City Planning.","url":"\/19.16\/","token":"19.16"}},"next_section":{"id":"2124","structure_id":"78","section_number":"19.13","catch_line":"Surcharge For Automated Systems For The Department Of City Planning.","url":"\/19.13\/","token":"19.13"},"metadata":false,"references":false,"url":"\/19.12\/","token":"19.12","formats":{"txt":"\/19.12.txt","json":"\/19.12.xml"},"dublin_core":{"Title":"Deviations Pursuant To Section 16.03 E.","Type":"Text","Format":"text\/html","Identifier":"\u00a7 19.12","Relation":"Los Angeles Municipal Code"},"plain_text":"                            LOS ANGELES MUNICIPAL CODE\n\nDEVIATIONS PURSUANT TO SECTION 16.03 E. (\u00a7 19.12)\n\n\u00a0[DEVIATIONS PURSUANT TO SECTION 16.03 E.]\n\t(Amended by Ord. No. 180,191, Eff. 10\/23\/08.)\tApplicants for determinations by\nthe Zoning Administrator for deviations pursuant to Section 16.03 E. of this\nCode shall pay a fee of $797.00.\n","html":"\n\t\t\t\t\t<section><p>\u00a0[DEVIATIONS PURSUANT TO SECTION 16.03 E.]\n\t(Amended by Ord. No. 180,191, Eff. 10\/23\/08.)<br \/><br \/>\tApplicants for determinations by the Zoning Administrator for deviations pursuant to Section 16.03 E. of this Code shall pay a fee of $797.00.<\/p><\/section>","previous_section":{"id":"3926","structure_id":"78","section_number":"19.11","catch_line":"Annual Inspection Of Compliance With Far Averaging Covenant.","url":"\/19.11\/","token":"19.11"},"text":{"0":{"id":"4034","text":"\u00a0[DEVIATIONS PURSUANT TO SECTION 16.03 E.]\n\t(Amended by Ord. No. 180,191, Eff. 10\/23\/08.)\tApplicants for determinations by the Zoning Administrator for deviations pursuant to Section 16.03 E. of this Code shall pay a fee of $797.00.","type":"section","prefixes":[""],"prefix":"","entire_prefix":"","prefix_anchor":"","level":1}}}