{"section_number":"21.05","edition_id":"1","section_id":"287","structure_id":"19","catch_line":"Delinquent Dates \u2013Interest \u2013 Penalties.","history":"","full_text":"\u00a0 DELINQUENT DATES \u2013\u00a0 INTEREST \u2013 PENALTIES.\n(Amended by Ord. No. 179,984, Eff. 8\/3\/08.)\n\n\t(a)\tDelinquent Dates:\u00a0 Unless otherwise specifically provided for in other provisions of this article, all business taxes required to be paid shall be deemed delinquent if not paid on or before or within the time prescribed in this article:\n\n\t1.\tAnnual Business Taxes \u2013 on or before the close of business on the last day of the month following the month in which the tax is due.\n\n\t2.\tQuarterly Business Taxes \u2013 on or before the close of business on the last day of the month in which the tax is due.\n\n\t3.\tMonthly Business Taxes \u2013 on or before the close of business on the last day of the month for which the tax is due.\n\n\t4.\tDaily Business Taxes \u2013 on or before the close of business on each day for which the tax is due.\n\n\t5.\tBusiness Taxes Unpaid When a Business Has Been Discontinued, Dissolved or Otherwise Terminated \u2013 within 45 days of the termination of the business.\n\n\t6.\tDeficiency Determinations \u2013 within 30 days from the date of notification.\n\n\t(b)\tPenalties:\n\n\t1.\tOriginal Delinquency.\u00a0 Any person who fails to pay any tax required to be paid by this article, except deficiency determinations made by the Director of Finance under Subsection (i) of Section 21.15 of this article, within the time required shall pay a penalty of 5% of the amount of the tax in addition to the amount of the tax.\n\n\t2.\tContinued Delinquency.\u00a0 Any person who fails to pay any delinquent tax, except deficiency determinations made by the Director of Finance under Subsection (i) of Section 21.15 of this article, on or before the last day of:\n\n\t(i)\tThe first month in which the tax first became delinquent, shall pay a second penalty of 5% of the amount of the tax in addition to the amount of the tax and the 5% penalty first imposed;\n\n\t(ii)\tThe second month in which the tax first became delinquent, shall pay a third penalty of 5% of the amount of the tax in addition to the amount of the tax and the 10% in accumulated penalties previously imposed;\n\n\t(iii)\tThe third month in which the tax first became delinquent, shall pay a fourth penalty of 5% of the amount of the tax in addition to the amount of the tax and the 15% in accumulated penalties previously imposed.\n\n\t(iv)\tThe fourth month in which the tax first became delinquent, shall pay a fifth penalty of 20% of the amount of the tax in addition to the amount of the tax and the 20% in accumulated penalties previously imposed.\n\n\t3.\tDeficiency Determinations.\u00a0 Any person who fails to pay a deficiency determination within 30 days after the Director of Finance has notified him or her of the amount of the deficiency, shall pay a penalty of 20% of the amount of the deficiency determination in addition to the amount of the deficiency determination.\u00a0 Notice of a deficiency determination shall be given in writing in the manner provided for the service of notices of assessment in Subsection (b) of Section 21.16.\n\n\t4.\tOverpayment.\u00a0 For the purpose of allowing overpayments as credit against underpayments of the above-mentioned taxes, whenever the overpayment has been received by the City within the three years prior to an underpayment, or during any year for which the taxpayer, at the request of the Director of Finance, has executed a waiver of the defense of the statute of limitations with regard to any claim the City may have for business tax, the Director of Finance, when making determinations of the amount of taxes due the City, shall make an allowance of credit for any overpayment.\u00a0 Overpayments shall be applied to underpayments in the oldest period(s) before applying to a later period(s).\u00a0 Whenever an overpayment has been made prior to an underpayment, no penalty or interest shall apply upon the amount of the underpayment satisfied by the prior overpayment.\n\n\t(c)\tNegligence.\u00a0 If the Director of Finance determines that the nonpayment of any tax due under this article or Article 1.6 is due to negligence or willful disregard of the provisions of this article or Article 1.6, a penalty of 10% of the amount of the tax shall be added to the tax due in addition to the penalties stated in Subdivisions 1. and 2. of Subsection (b) of this section.\u00a0 If the Director of Finance determines that any part of the deficiency of a deficiency determination is due to negligence or willful disregard of the provisions of this article or Article 1.6, a penalty of 10% of the amount of the deficiency determination shall be added in addition to the penalties stated in Subdivision 3. of Subsection (b) of this section.\n\n\t(d)\tFraud.\u00a0 If the Director of Finance determines that the nonpayment of any tax due under this article or Article 1.6 is due to fraud, a penalty of 25% of the amount of the tax shall be added, in addition to the penalties stated in Subdivisions 1. and 2. of Subsection (b) of this section.\u00a0 If the Director of Finance determines that any part of the deficiency determination is due to fraud, a penalty of 25% of the amount of the deficiency determination shall be added, in addition to the penalties stated in Subdivision 3. of Subsection (b) of this section.\n\n\t(e)\tInterest.\u00a0 In addition to the penalties imposed, any person who fails to pay any tax required to be paid by this article or Articles 1.1, 1.3, 1.7, or 1.15 of this chapter shall pay interest on the amount of the tax, exclusive of any penalty, from the date on which the tax first became delinquent until the date it is paid, during each calendar year at the rate per month, or fraction of the month, determined by dividing by 12 the sum of the average Federal short-term rate during the months of July, August and September of the prior calendar year plus three percentage points.\u00a0 Unless the monthly rate is evenly divisible by one-tenth of a percentage point, it shall be rounded up to the next highest one-tenth of a percentage point.\u00a0 Interest shall run during any period of time for which the Director of Finance has granted an extension of time.\u00a0 Interest required by any of the provisions of this section shall not be subject to waiver or compromise other than in accordance with the provisions of Subsections (f) and (g) of Section 21.15 of this article, or as the Council may direct.\n\n\t(f)\tPenalties and Interest Merge With Tax For Collection Purposes.\u00a0 For collection purposes only, every penalty imposed and the interest that is accrued under the provisions of this section shall become a part of the tax required to be paid.","order_by":"05","ancestry":{"1":{"id":"19","name":"Business Taxes","identifier":"1","label":"article","url":"\/2\/1\/"},"2":{"id":"1","name":"Licenses, Permits, Business Regulations","identifier":"2","label":"chapter","url":"\/2\/"}},"structure_contents":{"0":{"id":"3386","structure_id":"19","section_number":"21.00","catch_line":"Definitions.","url":"\/21.00\/","token":"21.00"},"1":{"id":"3139","structure_id":"19","section_number":"21.01","catch_line":"Unlawful Business Not Authorized.","url":"\/21.01\/","token":"21.01"},"2":{"id":"986","structure_id":"19","section_number":"21.02","catch_line":"Constitutional Exemptions.","url":"\/21.02\/","token":"21.02"},"3":{"id":"1313","structure_id":"19","section_number":"21.03","catch_line":"Imposition Of Tax.","url":"\/21.03\/","token":"21.03"},"4":{"id":"2833","structure_id":"19","section_number":"21.03.1","catch_line":"Automatic Tax Rate Reduction.","url":"\/21.03.1\/","token":"21.03.1"},"5":{"id":"2639","structure_id":"19","section_number":"21.04","catch_line":"Due Dates.","url":"\/21.04\/","token":"21.04"},"6":{"id":"287","structure_id":"19","section_number":"21.05","catch_line":"Delinquent Dates \u2013Interest \u2013 Penalties.","url":"\/21.05\/","token":"21.05"},"7":{"id":"1321","structure_id":"19","section_number":"21.06","catch_line":"Separate Registration Certificate Required For Each Location And Each Business Tax Classification.","url":"\/21.06\/","token":"21.06"},"8":{"id":"135","structure_id":"19","section_number":"21.06.1","catch_line":"Single Primary Tax Classification Election.","url":"\/21.06.1\/","token":"21.06.1"},"9":{"id":"3840","structure_id":"19","section_number":"21.07","catch_line":"Refunds Of Overpayments.","url":"\/21.07\/","token":"21.07"},"10":{"id":"2938","structure_id":"19","section_number":"21.08","catch_line":"Business Tax Registration Certificate \u2014 Form.","url":"\/21.08\/","token":"21.08"},"11":{"id":"2372","structure_id":"19","section_number":"21.09","catch_line":"Business Tax Registration Certificates \u2014 Posting And Keeping.","url":"\/21.09\/","token":"21.09"},"12":{"id":"2408","structure_id":"19","section_number":"21.10","catch_line":"Business Tax Registration Certificates \u2014 Charge For Duplication.","url":"\/21.10\/","token":"21.10"},"13":{"id":"1153","structure_id":"19","section_number":"21.11","catch_line":"Business Tax Registration Certificate \u2014Transfer.","url":"\/21.11\/","token":"21.11"},"14":{"id":"3208","structure_id":"19","section_number":"21.12","catch_line":"Business Tax Registration Certificates \u2014Suspension.","url":"\/21.12\/","token":"21.12"},"15":{"id":"3457","structure_id":"19","section_number":"21.13","catch_line":"Newly Established Businesses \u2013 Computation Of Business Tax.","url":"\/21.13\/","token":"21.13"},"16":{"id":"859","structure_id":"19","section_number":"21.14","catch_line":"Written Statements \u2013 When Required \u2013Computation Of The Tax.","url":"\/21.14\/","token":"21.14"},"17":{"id":"4177","structure_id":"19","section_number":"21.15","catch_line":"Director Of Finance \u2013 Duty To Enforce \u2013Rules And Regulations.","url":"\/21.15\/","token":"21.15"},"18":{"id":"4100","structure_id":"19","section_number":"21.16","catch_line":"Assessment \u2014 Administrative Remedy.","url":"\/21.16\/","token":"21.16"},"19":{"id":"2921","structure_id":"19","section_number":"21.17","catch_line":"Confidential Character Of Information Obtained\u2013 Disclosure Unlawful.","url":"\/21.17\/","token":"21.17"},"20":{"id":"1223","structure_id":"19","section_number":"21.18","catch_line":"Delinquent Taxes \u2013 Installment Payment.","url":"\/21.18\/","token":"21.18"},"21":{"id":"1532","structure_id":"19","section_number":"21.19","catch_line":"Delinquent Taxes \u2013 Suit For Recovery.","url":"\/21.19\/","token":"21.19"},"22":{"id":"3349","structure_id":"19","section_number":"21.20","catch_line":"Delinquent Taxes \u2013 Debt Not Discharged By Penal Conviction.","url":"\/21.20\/","token":"21.20"},"23":{"id":"2132","structure_id":"19","section_number":"21.21","catch_line":"Delinquent Taxes \u2013 Uncollectible.","url":"\/21.21\/","token":"21.21"},"24":{"id":"4086","structure_id":"19","section_number":"21.22","catch_line":"Religious, Charity, Etc.; Procedure For Issuance Of Tax Exempt Registration Certificates.","url":"\/21.22\/","token":"21.22"},"25":{"id":"3446","structure_id":"19","section_number":"21.23","catch_line":"Effect Of Repeals And Amendments.","url":"\/21.23\/","token":"21.23"},"26":{"id":"3020","structure_id":"19","section_number":"21.24","catch_line":"Exemption For Persons Having Equal Or Greater Payroll Expense Tax Liability.","url":"\/21.24\/","token":"21.24"},"27":{"id":"2672","structure_id":"19","section_number":"21.25","catch_line":"Relief For Earthquake Interruption.","url":"\/21.25\/","token":"21.25"},"28":{"id":"2959","structure_id":"19","section_number":"21.26","catch_line":"Empowerment Zone - City Business Tax Reductions, Limitations, And Exemptions.","url":"\/21.26\/","token":"21.26"},"29":{"id":"3092","structure_id":"19","section_number":"21.27","catch_line":"Entertainment And Multimedia Business Tax Limitations.","url":"\/21.27\/","token":"21.27"},"30":{"id":"992","structure_id":"19","section_number":"21.28","catch_line":"Fiscal Year Reporting.","url":"\/21.28\/","token":"21.28"},"31":{"id":"3672","structure_id":"19","section_number":"21.29","catch_line":"Small Business Exemption.","url":"\/21.29\/","token":"21.29"},"32":{"id":"1797","structure_id":"19","section_number":"21.30","catch_line":"New Business Exemption.","url":"\/21.30\/","token":"21.30"},"33":{"id":"2622","structure_id":"19","section_number":"21.31","catch_line":"Settlement Bureau.","url":"\/21.31\/","token":"21.31"},"34":{"id":"3785","structure_id":"19","section_number":"21.32","catch_line":"Rewards For Information.","url":"\/21.32\/","token":"21.32"},"35":{"id":"2451","structure_id":"19","section_number":"21.33","catch_line":"Tax Rates.","url":"\/21.33\/","token":"21.33"},"36":{"id":"3764","structure_id":"19","section_number":"21.41","catch_line":"Gross Receipts Fund Class 1.","url":"\/21.41\/","token":"21.41"},"37":{"id":"1839","structure_id":"19","section_number":"21.42","catch_line":"Gross Receipts Fund Class 2.","url":"\/21.42\/","token":"21.42"},"38":{"id":"1484","structure_id":"19","section_number":"21.43","catch_line":"Gross Receipts Fund Class 3.","url":"\/21.43\/","token":"21.43"},"39":{"id":"3800","structure_id":"19","section_number":"21.44","catch_line":"Gross Receipts Fund Class 4.","url":"\/21.44\/","token":"21.44"},"40":{"id":"3973","structure_id":"19","section_number":"21.45","catch_line":"Gross Receipts Fund Class 5.","url":"\/21.45\/","token":"21.45"},"41":{"id":"3401","structure_id":"19","section_number":"21.46","catch_line":"Gross Receipts Fund Class 6.","url":"\/21.46\/","token":"21.46"},"42":{"id":"786","structure_id":"19","section_number":"21.47","catch_line":"Gross Receipts Fund Class 7.","url":"\/21.47\/","token":"21.47"},"43":{"id":"3868","structure_id":"19","section_number":"21.48","catch_line":"Gross Receipts Fund Class 8.","url":"\/21.48\/","token":"21.48"},"44":{"id":"22","structure_id":"19","section_number":"21.49","catch_line":"Gross Receipts Fund Class 9.","url":"\/21.49\/","token":"21.49"},"45":{"id":"2094","structure_id":"19","section_number":"21.50","catch_line":"Taxation Of Medical Marijuana Collectives.","url":"\/21.50\/","token":"21.50"},"46":{"id":"963","structure_id":"19","section_number":"21.53","catch_line":"Amusement Park.","url":"\/21.53\/","token":"21.53"},"47":{"id":"121","structure_id":"19","section_number":"21.55","catch_line":"Auctioneer.","url":"\/21.55\/","token":"21.55"},"48":{"id":"3750","structure_id":"19","section_number":"21.56","catch_line":"Auto Park","url":"\/21.56\/","token":"21.56"},"49":{"id":"2828","structure_id":"19","section_number":"21.59","catch_line":"Baseball, Football, Etc.","url":"\/21.59\/","token":"21.59"},"50":{"id":"4153","structure_id":"19","section_number":"21.62","catch_line":"Billiards, Etc.","url":"\/21.62\/","token":"21.62"},"51":{"id":"3553","structure_id":"19","section_number":"21.63","catch_line":"Amusement Machines.","url":"\/21.63\/","token":"21.63"},"52":{"id":"886","structure_id":"19","section_number":"21.64","catch_line":"Coin-Operated Phonographs And Music Machines.","url":"\/21.64\/","token":"21.64"},"53":{"id":"106","structure_id":"19","section_number":"21.65","catch_line":"Vending Machines.","url":"\/21.65\/","token":"21.65"},"54":{"id":"4010","structure_id":"19","section_number":"21.65.1","catch_line":"Coin-Operated Scales And Service Machines.","url":"\/21.65.1\/","token":"21.65.1"},"55":{"id":"4093","structure_id":"19","section_number":"21.70","catch_line":"Bowling Alley, Skee-Ball Shuffleboard, Etc.","url":"\/21.70\/","token":"21.70"},"56":{"id":"2800","structure_id":"19","section_number":"21.74","catch_line":"Circuses.","url":"\/21.74\/","token":"21.74"},"57":{"id":"460","structure_id":"19","section_number":"21.75","catch_line":"Side Shows, Carnivals, Concessions.","url":"\/21.75\/","token":"21.75"},"58":{"id":"1734","structure_id":"19","section_number":"21.78","catch_line":"Collection Agencies.","url":"\/21.78\/","token":"21.78"},"59":{"id":"240","structure_id":"19","section_number":"21.79","catch_line":"Commission Brokers.","url":"\/21.79\/","token":"21.79"},"60":{"id":"3209","structure_id":"19","section_number":"21.80","catch_line":"Independent Telemarketing Agency.","url":"\/21.80\/","token":"21.80"},"61":{"id":"3925","structure_id":"19","section_number":"21.83","catch_line":"Dance Hall.","url":"\/21.83\/","token":"21.83"},"62":{"id":"3285","structure_id":"19","section_number":"21.85","catch_line":"Public Dance.","url":"\/21.85\/","token":"21.85"},"63":{"id":"577","structure_id":"19","section_number":"21.94","catch_line":"Rides.","url":"\/21.94\/","token":"21.94"},"64":{"id":"453","structure_id":"19","section_number":"21.98","catch_line":"Office Commercial Buildings, Etc., Rentals.","url":"\/21.98\/","token":"21.98"},"65":{"id":"2915","structure_id":"19","section_number":"21.98.1","catch_line":"Swap Meet Operator.","url":"\/21.98.1\/","token":"21.98.1"},"66":{"id":"1721","structure_id":"19","section_number":"21.98.2","catch_line":"Antique Show And Collectors\u2019 Exchange Show Promoter.","url":"\/21.98.2\/","token":"21.98.2"},"67":{"id":"2654","structure_id":"19","section_number":"21.99","catch_line":"Renting Accommodations.","url":"\/21.99\/","token":"21.99"},"68":{"id":"4094","structure_id":"19","section_number":"21.102","catch_line":"Laundry, Cleaning And Dyeing Agent, Collector, Linen Supply, Shoe Repair.","url":"\/21.102\/","token":"21.102"},"69":{"id":"3665","structure_id":"19","section_number":"21.108","catch_line":"Money Lenders.","url":"\/21.108\/","token":"21.108"},"70":{"id":"3823","structure_id":"19","section_number":"21.109","catch_line":"Motion Picture, Television And Radio Producers.","url":"\/21.109\/","token":"21.109"},"71":{"id":"715","structure_id":"19","section_number":"21.124","catch_line":"Oil Wells.","url":"\/21.124\/","token":"21.124"},"72":{"id":"2325","structure_id":"19","section_number":"21.141","catch_line":"Warehouse \u2013 Storage Of Goods.","url":"\/21.141\/","token":"21.141"},"73":{"id":"1832","structure_id":"19","section_number":"21.142","catch_line":"Stevedores.","url":"\/21.142\/","token":"21.142"},"74":{"id":"3610","structure_id":"19","section_number":"21.143","catch_line":"Tugboat And Barge Operators.","url":"\/21.143\/","token":"21.143"},"75":{"id":"1927","structure_id":"19","section_number":"21.147","catch_line":"Theatre.","url":"\/21.147\/","token":"21.147"},"76":{"id":"2812","structure_id":"19","section_number":"21.166","catch_line":"Merchandise Wholesale Selling.","url":"\/21.166\/","token":"21.166"},"77":{"id":"968","structure_id":"19","section_number":"21.167","catch_line":"Merchandise \u2013 Retail Selling.","url":"\/21.167\/","token":"21.167"},"78":{"id":"4173","structure_id":"19","section_number":"21.167.1","catch_line":"Sales Of Firearms And Ammunition.","url":"\/21.167.1\/","token":"21.167.1"},"79":{"id":"2302","structure_id":"19","section_number":"21.168.1","catch_line":"Out Of State Sales.","url":"\/21.168.1\/","token":"21.168.1"},"80":{"id":"1061","structure_id":"19","section_number":"21.168.2","catch_line":"Sale For Convenience.","url":"\/21.168.2\/","token":"21.168.2"},"81":{"id":"1130","structure_id":"19","section_number":"21.168.3","catch_line":"Certain Solicitors Deemed Employees.","url":"\/21.168.3\/","token":"21.168.3"},"82":{"id":"3420","structure_id":"19","section_number":"21.168.4","catch_line":"Exemption \u2013 Temporary Exhibitors At Tradeshows.","url":"\/21.168.4\/","token":"21.168.4"},"83":{"id":"2858","structure_id":"19","section_number":"21.168.5","catch_line":"Certified Producers Deemed Employees.","url":"\/21.168.5\/","token":"21.168.5"},"84":{"id":"2995","structure_id":"19","section_number":"21.169","catch_line":"Christmas Trees.","url":"\/21.169\/","token":"21.169"},"85":{"id":"1790","structure_id":"19","section_number":"21.170","catch_line":"Christmas Tree Lot Clean-Up Deposits.","url":"\/21.170\/","token":"21.170"},"86":{"id":"90","structure_id":"19","section_number":"21.171","catch_line":"Retailers Of New Passenger Motor Vehicles.","url":"\/21.171\/","token":"21.171"},"87":{"id":"438","structure_id":"19","section_number":"21.187","catch_line":"Common Carrier Bus.","url":"\/21.187\/","token":"21.187"},"88":{"id":"1180","structure_id":"19","section_number":"21.188","catch_line":"Contractors.","url":"\/21.188\/","token":"21.188"},"89":{"id":"606","structure_id":"19","section_number":"21.189.1","catch_line":"Miscellaneous Services.","url":"\/21.189.1\/","token":"21.189.1"},"90":{"id":"3010","structure_id":"19","section_number":"21.189.2","catch_line":"Radio And Television Broadcaster.","url":"\/21.189.2\/","token":"21.189.2"},"91":{"id":"882","structure_id":"19","section_number":"21.189.3","catch_line":"Child Care Providers.","url":"\/21.189.3\/","token":"21.189.3"},"92":{"id":"1269","structure_id":"19","section_number":"21.189.4","catch_line":"Multimedia Businesses.","url":"\/21.189.4\/","token":"21.189.4"},"93":{"id":"1082","structure_id":"19","section_number":"21.190","catch_line":"Professions And Occupations.","url":"\/21.190\/","token":"21.190"},"94":{"id":"3470","structure_id":"19","section_number":"21.190.1","catch_line":"Exemption.","url":"\/21.190.1\/","token":"21.190.1"},"95":{"id":"2849","structure_id":"19","section_number":"21.191","catch_line":"Health Maintenance Organizations.","url":"\/21.191\/","token":"21.191"},"96":{"id":"691","structure_id":"19","section_number":"21.192","catch_line":"Personal Property Rental.","url":"\/21.192\/","token":"21.192"},"97":{"id":"128","structure_id":"19","section_number":"21.192.1","catch_line":"Rental \u2013 Out Of State Property.","url":"\/21.192.1\/","token":"21.192.1"},"98":{"id":"2572","structure_id":"19","section_number":"21.193","catch_line":"Sale Of Real Property.","url":"\/21.193\/","token":"21.193"},"99":{"id":"686","structure_id":"19","section_number":"21.194","catch_line":"Transporting Persons For Hire.","url":"\/21.194\/","token":"21.194"},"100":{"id":"3292","structure_id":"19","section_number":"21.195","catch_line":"Trucking \u2013 Hauling","url":"\/21.195\/","token":"21.195"},"101":{"id":"1629","structure_id":"19","section_number":"21.196","catch_line":"Miscellaneous Trucking.","url":"\/21.196\/","token":"21.196"},"102":{"id":"3790","structure_id":"19","section_number":"21.197","catch_line":"Telephone Companies.","url":"\/21.197\/","token":"21.197"},"103":{"id":"1096","structure_id":"19","section_number":"21.199","catch_line":"Sales Tax.","url":"\/21.199\/","token":"21.199"}},"next_section":{"id":"1321","structure_id":"19","section_number":"21.06","catch_line":"Separate Registration Certificate Required For Each Location And Each Business Tax Classification.","url":"\/21.06\/","token":"21.06"},"metadata":false,"references":false,"url":"\/21.05\/","token":"21.05","formats":{"txt":"\/21.05.txt","json":"\/21.05.xml"},"dublin_core":{"Title":"Delinquent Dates \u2013Interest \u2013 Penalties.","Type":"Text","Format":"text\/html","Identifier":"\u00a7 21.05","Relation":"Los Angeles Municipal Code"},"plain_text":"                            LOS ANGELES MUNICIPAL CODE\n\nDELINQUENT DATES \u2013INTEREST \u2013 PENALTIES. (\u00a7 21.05)\n\n\u00a0 DELINQUENT DATES \u2013\u00a0 INTEREST \u2013 PENALTIES.\n(Amended by Ord. No. 179,984, Eff. 8\/3\/08.)\t(a)\tDelinquent Dates:\u00a0 Unless\notherwise specifically provided for in other provisions of this article, all\nbusiness taxes required to be paid shall be deemed delinquent if not paid on or\nbefore or within the time prescribed in this article:\t1.\tAnnual Business Taxes\n\u2013 on or before the close of business on the last day of the month following\nthe month in which the tax is due.\t2.\tQuarterly Business Taxes \u2013 on or before\nthe close of business on the last day of the month in which the tax is\ndue.\t3.\tMonthly Business Taxes \u2013 on or before the close of business on the\nlast day of the month for which the tax is due.\t4.\tDaily Business Taxes \u2013 on\nor before the close of business on each day for which the tax is\ndue.\t5.\tBusiness Taxes Unpaid When a Business Has Been Discontinued, Dissolved\nor Otherwise Terminated \u2013 within 45 days of the termination of the\nbusiness.\t6.\tDeficiency Determinations \u2013 within 30 days from the date of\nnotification.\t(b)\tPenalties:\t1.\tOriginal Delinquency.\u00a0 Any person who fails to\npay any tax required to be paid by this article, except deficiency\ndeterminations made by the Director of Finance under Subsection (i) of Section\n21.15 of this article, within the time required shall pay a penalty of 5% of the\namount of the tax in addition to the amount of the tax.\t2.\tContinued\nDelinquency.\u00a0 Any person who fails to pay any delinquent tax, except deficiency\ndeterminations made by the Director of Finance under Subsection (i) of Section\n21.15 of this article, on or before the last day of:\t(i)\tThe first month in\nwhich the tax first became delinquent, shall pay a second penalty of 5% of the\namount of the tax in addition to the amount of the tax and the 5% penalty first\nimposed;\t(ii)\tThe second month in which the tax first became delinquent, shall\npay a third penalty of 5% of the amount of the tax in addition to the amount of\nthe tax and the 10% in accumulated penalties previously imposed;\t(iii)\tThe third\nmonth in which the tax first became delinquent, shall pay a fourth penalty of 5%\nof the amount of the tax in addition to the amount of the tax and the 15% in\naccumulated penalties previously imposed.\t(iv)\tThe fourth month in which the tax\nfirst became delinquent, shall pay a fifth penalty of 20% of the amount of the\ntax in addition to the amount of the tax and the 20% in accumulated penalties\npreviously imposed.\t3.\tDeficiency Determinations.\u00a0 Any person who fails to pay\na deficiency determination within 30 days after the Director of Finance has\nnotified him or her of the amount of the deficiency, shall pay a penalty of 20%\nof the amount of the deficiency determination in addition to the amount of the\ndeficiency determination.\u00a0 Notice of a deficiency determination shall be given\nin writing in the manner provided for the service of notices of assessment in\nSubsection (b) of Section 21.16.\t4.\tOverpayment.\u00a0 For the purpose of allowing\noverpayments as credit against underpayments of the above-mentioned taxes,\nwhenever the overpayment has been received by the City within the three years\nprior to an underpayment, or during any year for which the taxpayer, at the\nrequest of the Director of Finance, has executed a waiver of the defense of the\nstatute of limitations with regard to any claim the City may have for business\ntax, the Director of Finance, when making determinations of the amount of taxes\ndue the City, shall make an allowance of credit for any overpayment.\u00a0\nOverpayments shall be applied to underpayments in the oldest period(s) before\napplying to a later period(s).\u00a0 Whenever an overpayment has been made prior to\nan underpayment, no penalty or interest shall apply upon the amount of the\nunderpayment satisfied by the prior overpayment.\t(c)\tNegligence.\u00a0 If the\nDirector of Finance determines that the nonpayment of any tax due under this\narticle or Article 1.6 is due to negligence or willful disregard of the\nprovisions of this article or Article 1.6, a penalty of 10% of the amount of the\ntax shall be added to the tax due in addition to the penalties stated in\nSubdivisions 1. and 2. of Subsection (b) of this section.\u00a0 If the Director of\nFinance determines that any part of the deficiency of a deficiency determination\nis due to negligence or willful disregard of the provisions of this article or\nArticle 1.6, a penalty of 10% of the amount of the deficiency determination\nshall be added in addition to the penalties stated in Subdivision 3. of\nSubsection (b) of this section.\t(d)\tFraud.\u00a0 If the Director of Finance\ndetermines that the nonpayment of any tax due under this article or Article 1.6\nis due to fraud, a penalty of 25% of the amount of the tax shall be added, in\naddition to the penalties stated in Subdivisions 1. and 2. of Subsection (b) of\nthis section.\u00a0 If the Director of Finance determines that any part of the\ndeficiency determination is due to fraud, a penalty of 25% of the amount of the\ndeficiency determination shall be added, in addition to the penalties stated in\nSubdivision 3. of Subsection (b) of this section.\t(e)\tInterest.\u00a0 In addition to\nthe penalties imposed, any person who fails to pay any tax required to be paid\nby this article or Articles 1.1, 1.3, 1.7, or 1.15 of this chapter shall pay\ninterest on the amount of the tax, exclusive of any penalty, from the date on\nwhich the tax first became delinquent until the date it is paid, during each\ncalendar year at the rate per month, or fraction of the month, determined by\ndividing by 12 the sum of the average Federal short-term rate during the months\nof July, August and September of the prior calendar year plus three percentage\npoints.\u00a0 Unless the monthly rate is evenly divisible by one-tenth of a\npercentage point, it shall be rounded up to the next highest one-tenth of a\npercentage point.\u00a0 Interest shall run during any period of time for which the\nDirector of Finance has granted an extension of time.\u00a0 Interest required by any\nof the provisions of this section shall not be subject to waiver or compromise\nother than in accordance with the provisions of Subsections (f) and (g) of\nSection 21.15 of this article, or as the Council may direct.\t(f)\tPenalties and\nInterest Merge With Tax For Collection Purposes.\u00a0 For collection purposes only,\nevery penalty imposed and the interest that is accrued under the provisions of\nthis section shall become a part of the tax required to be paid.\n","html":"\n\t\t\t\t\t<section><p>\u00a0 DELINQUENT DATES \u2013\u00a0 INTEREST \u2013 PENALTIES.\n(Amended by Ord. No. 179,984, Eff. 8\/3\/08.)<br \/><br \/>\t(a)\tDelinquent Dates:\u00a0 Unless otherwise specifically provided for in other provisions of this article, all business taxes required to be paid shall be deemed delinquent if not paid on or before or within the time prescribed in this article:<br \/><br \/>\t1.\tAnnual Business Taxes \u2013 on or before the close of business on the last day of the month following the month in which the tax is due.<br \/><br \/>\t2.\tQuarterly Business Taxes \u2013 on or before the close of business on the last day of the month in which the tax is due.<br \/><br \/>\t3.\tMonthly Business Taxes \u2013 on or before the close of business on the last day of the month for which the tax is due.<br \/><br \/>\t4.\tDaily Business Taxes \u2013 on or before the close of business on each day for which the tax is due.<br \/><br \/>\t5.\tBusiness Taxes Unpaid When a Business Has Been Discontinued, Dissolved or Otherwise Terminated \u2013 within 45 days of the termination of the business.<br \/><br \/>\t6.\tDeficiency Determinations \u2013 within 30 days from the date of notification.<br \/><br \/>\t(b)\tPenalties:<br \/><br \/>\t1.\tOriginal Delinquency.\u00a0 Any person who fails to pay any tax required to be paid by this article, except deficiency determinations made by the Director of Finance under Subsection (i) of Section 21.15 of this article, within the time required shall pay a <span class=\"dictionary\">penalty<\/span> of 5% of the amount of the tax in addition to the amount of the tax.<br \/><br \/>\t2.\tContinued Delinquency.\u00a0 Any person who fails to pay any delinquent tax, except deficiency determinations made by the Director of Finance under Subsection (i) of Section 21.15 of this article, on or before the last day of:<br \/><br \/>\t(i)\tThe first month in which the tax first became delinquent, shall pay a second <span class=\"dictionary\">penalty<\/span> of 5% of the amount of the tax in addition to the amount of the tax and the 5% <span class=\"dictionary\">penalty<\/span> first imposed;<br \/><br \/>\t(ii)\tThe second month in which the tax first became delinquent, shall pay a third <span class=\"dictionary\">penalty<\/span> of 5% of the amount of the tax in addition to the amount of the tax and the 10% in accumulated penalties previously imposed;<br \/><br \/>\t(iii)\tThe third month in which the tax first became delinquent, shall pay a fourth <span class=\"dictionary\">penalty<\/span> of 5% of the amount of the tax in addition to the amount of the tax and the 15% in accumulated penalties previously imposed.<br \/><br \/>\t(iv)\tThe fourth month in which the tax first became delinquent, shall pay a fifth <span class=\"dictionary\">penalty<\/span> of 20% of the amount of the tax in addition to the amount of the tax and the 20% in accumulated penalties previously imposed.<br \/><br \/>\t3.\tDeficiency Determinations.\u00a0 Any person who fails to pay a deficiency determination within 30 days after the Director of Finance has notified him or her of the amount of the deficiency, shall pay a <span class=\"dictionary\">penalty<\/span> of 20% of the amount of the deficiency determination in addition to the amount of the deficiency determination.\u00a0 Notice of a deficiency determination shall be given in writing in the manner provided for the service of notices of assessment in Subsection (b) of Section 21.16.<br \/><br \/>\t4.\tOverpayment.\u00a0 For the purpose of allowing overpayments as credit against underpayments of the above-mentioned taxes, whenever the overpayment has been received by the City within the three years prior to an underpayment, or during any year for which the taxpayer, at the request of the Director of Finance, has executed a <span class=\"dictionary\">waiver<\/span> of the defense of the <span class=\"dictionary\">statute of limitations<\/span> with regard to any claim the City may have for business tax, the Director of Finance, when making determinations of the amount of taxes due the City, shall make an allowance of credit for any overpayment.\u00a0 Overpayments shall be applied to underpayments in the oldest period(s) before applying to a later period(s).\u00a0 Whenever an overpayment has been made prior to an underpayment, no <span class=\"dictionary\">penalty<\/span> or interest shall apply upon the amount of the underpayment satisfied by the prior overpayment.<br \/><br \/>\t(c)\t<span class=\"dictionary\">Negligence<\/span>.\u00a0 If the Director of Finance determines that the nonpayment of any tax due under this article or Article 1.6 is due to <span class=\"dictionary\">negligence<\/span> or willful disregard of the provisions of this article or Article 1.6, a <span class=\"dictionary\">penalty<\/span> of 10% of the amount of the tax shall be added to the tax due in addition to the penalties stated in Subdivisions 1. and 2. of Subsection (b) of this section.\u00a0 If the Director of Finance determines that any part of the deficiency of a deficiency determination is due to <span class=\"dictionary\">negligence<\/span> or willful disregard of the provisions of this article or Article 1.6, a <span class=\"dictionary\">penalty<\/span> of 10% of the amount of the deficiency determination shall be added in addition to the penalties stated in Subdivision 3. of Subsection (b) of this section.<br \/><br \/>\t(d)\t<span class=\"dictionary\">Fraud<\/span>.\u00a0 If the Director of Finance determines that the nonpayment of any tax due under this article or Article 1.6 is due to <span class=\"dictionary\">fraud<\/span>, a <span class=\"dictionary\">penalty<\/span> of 25% of the amount of the tax shall be added, in addition to the penalties stated in Subdivisions 1. and 2. of Subsection (b) of this section.\u00a0 If the Director of Finance determines that any part of the deficiency determination is due to <span class=\"dictionary\">fraud<\/span>, a <span class=\"dictionary\">penalty<\/span> of 25% of the amount of the deficiency determination shall be added, in addition to the penalties stated in Subdivision 3. of Subsection (b) of this section.<br \/><br \/>\t(e)\tInterest.\u00a0 In addition to the penalties imposed, any person who fails to pay any tax required to be paid by this article or Articles 1.1, 1.3, 1.7, or 1.15 of this chapter shall pay interest on the amount of the tax, exclusive of any <span class=\"dictionary\">penalty<\/span>, from the date on which the tax first became delinquent until the date it is paid, during each calendar year at the rate per month, or fraction of the month, determined by dividing by 12 the sum of the average Federal short-term rate during the months of July, August and September of the prior calendar year plus three percentage points.\u00a0 Unless the monthly rate is evenly divisible by one-tenth of a percentage point, it shall be rounded up to the next highest one-tenth of a percentage point.\u00a0 Interest shall run during any period of time for which the Director of Finance has granted an extension of time.\u00a0 Interest required by any of the provisions of this section shall not be subject to <span class=\"dictionary\">waiver<\/span> or compromise other than in accordance with the provisions of Subsections (f) and (g) of Section 21.15 of this article, or as the Council may direct.<br \/><br \/>\t(f)\tPenalties and Interest Merge With Tax For Collection Purposes.\u00a0 For collection purposes only, every <span class=\"dictionary\">penalty<\/span> imposed and the interest that is accrued under the provisions of this section shall become a part of the tax required to be paid.<\/p><\/section>","previous_section":{"id":"2639","structure_id":"19","section_number":"21.04","catch_line":"Due Dates.","url":"\/21.04\/","token":"21.04"},"text":{"0":{"id":"283","text":"\u00a0 DELINQUENT DATES \u2013\u00a0 INTEREST \u2013 PENALTIES.\n(Amended by Ord. No. 179,984, Eff. 8\/3\/08.)\t(a)\tDelinquent Dates:\u00a0 Unless otherwise specifically provided for in other provisions of this article, all business taxes required to be paid shall be deemed delinquent if not paid on or before or within the time prescribed in this article:\t1.\tAnnual Business Taxes \u2013 on or before the close of business on the last day of the month following the month in which the tax is due.\t2.\tQuarterly Business Taxes \u2013 on or before the close of business on the last day of the month in which the tax is due.\t3.\tMonthly Business Taxes \u2013 on or before the close of business on the last day of the month for which the tax is due.\t4.\tDaily Business Taxes \u2013 on or before the close of business on each day for which the tax is due.\t5.\tBusiness Taxes Unpaid When a Business Has Been Discontinued, Dissolved or Otherwise Terminated \u2013 within 45 days of the termination of the business.\t6.\tDeficiency Determinations \u2013 within 30 days from the date of notification.\t(b)\tPenalties:\t1.\tOriginal Delinquency.\u00a0 Any person who fails to pay any tax required to be paid by this article, except deficiency determinations made by the Director of Finance under Subsection (i) of Section 21.15 of this article, within the time required shall pay a penalty of 5% of the amount of the tax in addition to the amount of the tax.\t2.\tContinued Delinquency.\u00a0 Any person who fails to pay any delinquent tax, except deficiency determinations made by the Director of Finance under Subsection (i) of Section 21.15 of this article, on or before the last day of:\t(i)\tThe first month in which the tax first became delinquent, shall pay a second penalty of 5% of the amount of the tax in addition to the amount of the tax and the 5% penalty first imposed;\t(ii)\tThe second month in which the tax first became delinquent, shall pay a third penalty of 5% of the amount of the tax in addition to the amount of the tax and the 10% in accumulated penalties previously imposed;\t(iii)\tThe third month in which the tax first became delinquent, shall pay a fourth penalty of 5% of the amount of the tax in addition to the amount of the tax and the 15% in accumulated penalties previously imposed.\t(iv)\tThe fourth month in which the tax first became delinquent, shall pay a fifth penalty of 20% of the amount of the tax in addition to the amount of the tax and the 20% in accumulated penalties previously imposed.\t3.\tDeficiency Determinations.\u00a0 Any person who fails to pay a deficiency determination within 30 days after the Director of Finance has notified him or her of the amount of the deficiency, shall pay a penalty of 20% of the amount of the deficiency determination in addition to the amount of the deficiency determination.\u00a0 Notice of a deficiency determination shall be given in writing in the manner provided for the service of notices of assessment in Subsection (b) of Section 21.16.\t4.\tOverpayment.\u00a0 For the purpose of allowing overpayments as credit against underpayments of the above-mentioned taxes, whenever the overpayment has been received by the City within the three years prior to an underpayment, or during any year for which the taxpayer, at the request of the Director of Finance, has executed a waiver of the defense of the statute of limitations with regard to any claim the City may have for business tax, the Director of Finance, when making determinations of the amount of taxes due the City, shall make an allowance of credit for any overpayment.\u00a0 Overpayments shall be applied to underpayments in the oldest period(s) before applying to a later period(s).\u00a0 Whenever an overpayment has been made prior to an underpayment, no penalty or interest shall apply upon the amount of the underpayment satisfied by the prior overpayment.\t(c)\tNegligence.\u00a0 If the Director of Finance determines that the nonpayment of any tax due under this article or Article 1.6 is due to negligence or willful disregard of the provisions of this article or Article 1.6, a penalty of 10% of the amount of the tax shall be added to the tax due in addition to the penalties stated in Subdivisions 1. and 2. of Subsection (b) of this section.\u00a0 If the Director of Finance determines that any part of the deficiency of a deficiency determination is due to negligence or willful disregard of the provisions of this article or Article 1.6, a penalty of 10% of the amount of the deficiency determination shall be added in addition to the penalties stated in Subdivision 3. of Subsection (b) of this section.\t(d)\tFraud.\u00a0 If the Director of Finance determines that the nonpayment of any tax due under this article or Article 1.6 is due to fraud, a penalty of 25% of the amount of the tax shall be added, in addition to the penalties stated in Subdivisions 1. and 2. of Subsection (b) of this section.\u00a0 If the Director of Finance determines that any part of the deficiency determination is due to fraud, a penalty of 25% of the amount of the deficiency determination shall be added, in addition to the penalties stated in Subdivision 3. of Subsection (b) of this section.\t(e)\tInterest.\u00a0 In addition to the penalties imposed, any person who fails to pay any tax required to be paid by this article or Articles 1.1, 1.3, 1.7, or 1.15 of this chapter shall pay interest on the amount of the tax, exclusive of any penalty, from the date on which the tax first became delinquent until the date it is paid, during each calendar year at the rate per month, or fraction of the month, determined by dividing by 12 the sum of the average Federal short-term rate during the months of July, August and September of the prior calendar year plus three percentage points.\u00a0 Unless the monthly rate is evenly divisible by one-tenth of a percentage point, it shall be rounded up to the next highest one-tenth of a percentage point.\u00a0 Interest shall run during any period of time for which the Director of Finance has granted an extension of time.\u00a0 Interest required by any of the provisions of this section shall not be subject to waiver or compromise other than in accordance with the provisions of Subsections (f) and (g) of Section 21.15 of this article, or as the Council may direct.\t(f)\tPenalties and Interest Merge With Tax For Collection Purposes.\u00a0 For collection purposes only, every penalty imposed and the interest that is accrued under the provisions of this section shall become a part of the tax required to be paid.","type":"section","prefixes":[""],"prefix":"","entire_prefix":"","prefix_anchor":"","level":1}}}