{"section_number":"21.15.7","edition_id":"1","section_id":"611","structure_id":"25","catch_line":"Reporting And Remitting.","history":"","full_text":"\u00a0 REPORTING AND REMITTING.\n\t(Amended by Ord. No. 176,004, Eff. 7\/7\/04, Oper. 12\/1\/04.)\n\n\tEach operator shall, on or before the 25th day of each calendar month, make a statement to the Director of Finance of the total fees charged and received, and the amount of tax collected for parking occupancies during the preceding calendar month.\u00a0 At the time the statement is filed, the full amount of the tax collected, and tax not collected but required to be collected, shall be remitted to the Director of Finance.\u00a0 Except as provided in Sec. 21.15.8, an operator shall not be required to remit to the Director of Finance any amount of tax not collected and not required to be collected from an occupant.\u00a0 All taxes collected and required to be collected by operators pursuant to this article shall be held in trust for the account of the City until payment thereof is made to the City.\u00a0 The full amount of tax due, whether collected or owed but not collected, under this Article shall be deemed a debt owed to the City by the operator and shall be discharged only upon payment to the City.\n\n\tStatements and payments are due immediately upon cessation of business for any reason, at which time the operator shall furnish the Director of Finance with the name and address of the successor operator.\n\n\tNotwithstanding the foregoing, the amount of taxes required to be remitted by an operator to the City pursuant to this Section 21.15.7 shall be automatically offset by the City in an amount equal to special taxes levied, collected and satisfied, by a City Community Tax District, formed pursuant to Division 6, Chapter 10 of the Los Angeles Administrative Code, against the operator\u2019s property during the preceding calendar month.\u00a0 The sum of the operator\u2019s monthly parking occupancy tax remittance to the City and the operator\u2019s monthly special tax payment shall equal the amount of parking occupancy tax required to be collected pursuant to this article.\u00a0 The City may request from the applicable operator or the legislative body of the Community Taxing District documentation or other information necessary to substantiate the special tax payment.\u00a0 (Para. Added by Ord. No. 179,937, Eff. 7\/14\/08.)\n\n\tThe automatic tax offset of the parking occupancy taxes due pursuant to this article shall not exceed the rate of parking occupancy tax levied by the City, and no tax offset shall be provided for the amount of special taxes paid by an operator in excess of the rate of parking occupancy tax levied by the City.\u00a0 (Para. Added by Ord. No. 179,937, Eff. 7\/14\/08.)","order_by":"15.7","ancestry":{"1":{"id":"25","name":"Parking Occupancy Tax","identifier":"1.15","label":"article","url":"\/2\/1.15\/"},"2":{"id":"1","name":"Licenses, Permits, Business Regulations","identifier":"2","label":"chapter","url":"\/2\/"}},"structure_contents":{"0":{"id":"1656","structure_id":"25","section_number":"21.15.1","catch_line":"Definitions.","url":"\/21.15.1\/","token":"21.15.1"},"1":{"id":"970","structure_id":"25","section_number":"21.15.10","catch_line":"Assessment \u2013 Administrative Remedy.","url":"\/21.15.10\/","token":"21.15.10"},"2":{"id":"30","structure_id":"25","section_number":"21.15.11","catch_line":"Records.","url":"\/21.15.11\/","token":"21.15.11"},"3":{"id":"1363","structure_id":"25","section_number":"21.15.12","catch_line":"Refunds.","url":"\/21.15.12\/","token":"21.15.12"},"4":{"id":"609","structure_id":"25","section_number":"21.15.13","catch_line":"Actions To Collect.","url":"\/21.15.13\/","token":"21.15.13"},"5":{"id":"1018","structure_id":"25","section_number":"21.15.14","catch_line":"Savings Clause.","url":"\/21.15.14\/","token":"21.15.14"},"6":{"id":"133","structure_id":"25","section_number":"21.15.2","catch_line":"Tax Imposed.","url":"\/21.15.2\/","token":"21.15.2"},"7":{"id":"628","structure_id":"25","section_number":"21.15.3","catch_line":"Occupant To Pay Tax To The Operator.","url":"\/21.15.3\/","token":"21.15.3"},"8":{"id":"2866","structure_id":"25","section_number":"21.15.4","catch_line":"Operator\u2019S Duties.","url":"\/21.15.4\/","token":"21.15.4"},"9":{"id":"1229","structure_id":"25","section_number":"21.15.5","catch_line":"Exemptions.","url":"\/21.15.5\/","token":"21.15.5"},"10":{"id":"3615","structure_id":"25","section_number":"21.15.6","catch_line":"Registration Of Operators.","url":"\/21.15.6\/","token":"21.15.6"},"11":{"id":"611","structure_id":"25","section_number":"21.15.7","catch_line":"Reporting And Remitting.","url":"\/21.15.7\/","token":"21.15.7"},"12":{"id":"3804","structure_id":"25","section_number":"21.15.8","catch_line":"Penalties And Interest.","url":"\/21.15.8\/","token":"21.15.8"},"13":{"id":"746","structure_id":"25","section_number":"21.15.9","catch_line":"Additional Powers And Duties Of Director Of Finance.","url":"\/21.15.9\/","token":"21.15.9"}},"next_section":{"id":"3804","structure_id":"25","section_number":"21.15.8","catch_line":"Penalties And Interest.","url":"\/21.15.8\/","token":"21.15.8"},"metadata":false,"references":false,"url":"\/21.15.7\/","token":"21.15.7","formats":{"txt":"\/21.15.7.txt","json":"\/21.15.7.xml"},"dublin_core":{"Title":"Reporting And Remitting.","Type":"Text","Format":"text\/html","Identifier":"\u00a7 21.15.7","Relation":"Los Angeles Municipal Code"},"plain_text":"                            LOS ANGELES MUNICIPAL CODE\n\nREPORTING AND REMITTING. (\u00a7 21.15.7)\n\n\u00a0 REPORTING AND REMITTING.\n\t(Amended by Ord. No. 176,004, Eff. 7\/7\/04, Oper. 12\/1\/04.)\tEach operator shall,\non or before the 25th day of each calendar month, make a statement to the\nDirector of Finance of the total fees charged and received, and the amount of\ntax collected for parking occupancies during the preceding calendar month.\u00a0 At\nthe time the statement is filed, the full amount of the tax collected, and tax\nnot collected but required to be collected, shall be remitted to the Director of\nFinance.\u00a0 Except as provided in Sec. 21.15.8, an operator shall not be required\nto remit to the Director of Finance any amount of tax not collected and not\nrequired to be collected from an occupant.\u00a0 All taxes collected and required to\nbe collected by operators pursuant to this article shall be held in trust for\nthe account of the City until payment thereof is made to the City.\u00a0 The full\namount of tax due, whether collected or owed but not collected, under this\nArticle shall be deemed a debt owed to the City by the operator and shall be\ndischarged only upon payment to the City.\tStatements and payments are due\nimmediately upon cessation of business for any reason, at which time the\noperator shall furnish the Director of Finance with the name and address of the\nsuccessor operator.\tNotwithstanding the foregoing, the amount of taxes required\nto be remitted by an operator to the City pursuant to this Section 21.15.7 shall\nbe automatically offset by the City in an amount equal to special taxes levied,\ncollected and satisfied, by a City Community Tax District, formed pursuant to\nDivision 6, Chapter 10 of the Los Angeles Administrative Code, against the\noperator\u2019s property during the preceding calendar month.\u00a0 The sum of the\noperator\u2019s monthly parking occupancy tax remittance to the City and the\noperator\u2019s monthly special tax payment shall equal the amount of parking\noccupancy tax required to be collected pursuant to this article.\u00a0 The City may\nrequest from the applicable operator or the legislative body of the Community\nTaxing District documentation or other information necessary to substantiate the\nspecial tax payment.\u00a0 (Para. Added by Ord. No. 179,937, Eff. 7\/14\/08.)\tThe\nautomatic tax offset of the parking occupancy taxes due pursuant to this article\nshall not exceed the rate of parking occupancy tax levied by the City, and no\ntax offset shall be provided for the amount of special taxes paid by an operator\nin excess of the rate of parking occupancy tax levied by the City.\u00a0 (Para.\nAdded by Ord. No. 179,937, Eff. 7\/14\/08.)\n","html":"\n\t\t\t\t\t<section><p>\u00a0 REPORTING AND REMITTING.\n\t(Amended by Ord. No. 176,004, Eff. 7\/7\/04, Oper. 12\/1\/04.)<br \/><br \/>\tEach operator shall, on or before the 25th day of each calendar month, make a statement to the Director of Finance of the total fees charged and received, and the amount of tax collected for parking occupancies during the preceding calendar month.\u00a0 At the time the statement is filed, the full amount of the tax collected, and tax not collected but required to be collected, shall be remitted to the Director of Finance.\u00a0 Except as provided in Sec. 21.15.8, an operator shall not be required to remit to the Director of Finance any amount of tax not collected and not required to be collected from an occupant.\u00a0 All taxes collected and required to be collected by operators pursuant to this article shall be held in trust for the account of the City until payment thereof is made to the City.\u00a0 The full amount of tax due, whether collected or owed but not collected, under this Article shall be deemed a debt owed to the City by the operator and shall be discharged only upon payment to the City.<br \/><br \/>\tStatements and payments are due immediately upon cessation of business for any reason, at which time the operator shall furnish the Director of Finance with the name and address of the successor operator.<br \/><br \/>\tNotwithstanding the foregoing, the amount of taxes required to be remitted by an operator to the City pursuant to this Section 21.15.7 shall be automatically offset by the City in an amount equal to special taxes levied, collected and satisfied, by a City Community Tax District, formed pursuant to Division 6, Chapter 10 of the Los Angeles Administrative Code, against the operator\u2019s property during the preceding calendar month.\u00a0 The sum of the operator\u2019s monthly parking occupancy tax remittance to the City and the operator\u2019s monthly special tax payment shall equal the amount of parking occupancy tax required to be collected pursuant to this article.\u00a0 The City may request from the applicable operator or the legislative body of the Community Taxing District documentation or other information necessary to substantiate the special tax payment.\u00a0 (Para. Added by Ord. No. 179,937, Eff. 7\/14\/08.)<br \/><br \/>\tThe automatic tax offset of the parking occupancy taxes due pursuant to this article shall not exceed the rate of parking occupancy tax levied by the City, and no tax offset shall be provided for the amount of special taxes paid by an operator in excess of the rate of parking occupancy tax levied by the City.\u00a0 (Para. Added by Ord. No. 179,937, Eff. 7\/14\/08.)<\/p><\/section>","previous_section":{"id":"3615","structure_id":"25","section_number":"21.15.6","catch_line":"Registration Of Operators.","url":"\/21.15.6\/","token":"21.15.6"},"text":{"0":{"id":"604","text":"\u00a0 REPORTING AND REMITTING.\n\t(Amended by Ord. No. 176,004, Eff. 7\/7\/04, Oper. 12\/1\/04.)\tEach operator shall, on or before the 25th day of each calendar month, make a statement to the Director of Finance of the total fees charged and received, and the amount of tax collected for parking occupancies during the preceding calendar month.\u00a0 At the time the statement is filed, the full amount of the tax collected, and tax not collected but required to be collected, shall be remitted to the Director of Finance.\u00a0 Except as provided in Sec. 21.15.8, an operator shall not be required to remit to the Director of Finance any amount of tax not collected and not required to be collected from an occupant.\u00a0 All taxes collected and required to be collected by operators pursuant to this article shall be held in trust for the account of the City until payment thereof is made to the City.\u00a0 The full amount of tax due, whether collected or owed but not collected, under this Article shall be deemed a debt owed to the City by the operator and shall be discharged only upon payment to the City.\tStatements and payments are due immediately upon cessation of business for any reason, at which time the operator shall furnish the Director of Finance with the name and address of the successor operator.\tNotwithstanding the foregoing, the amount of taxes required to be remitted by an operator to the City pursuant to this Section 21.15.7 shall be automatically offset by the City in an amount equal to special taxes levied, collected and satisfied, by a City Community Tax District, formed pursuant to Division 6, Chapter 10 of the Los Angeles Administrative Code, against the operator\u2019s property during the preceding calendar month.\u00a0 The sum of the operator\u2019s monthly parking occupancy tax remittance to the City and the operator\u2019s monthly special tax payment shall equal the amount of parking occupancy tax required to be collected pursuant to this article.\u00a0 The City may request from the applicable operator or the legislative body of the Community Taxing District documentation or other information necessary to substantiate the special tax payment.\u00a0 (Para. Added by Ord. No. 179,937, Eff. 7\/14\/08.)\tThe automatic tax offset of the parking occupancy taxes due pursuant to this article shall not exceed the rate of parking occupancy tax levied by the City, and no tax offset shall be provided for the amount of special taxes paid by an operator in excess of the rate of parking occupancy tax levied by the City.\u00a0 (Para. Added by Ord. No. 179,937, Eff. 7\/14\/08.)","type":"section","prefixes":[""],"prefix":"","entire_prefix":"","prefix_anchor":"","level":1}}}