{"section_number":"21.15.3","edition_id":"1","section_id":"628","structure_id":"25","catch_line":"Occupant To Pay Tax To The Operator.","history":"","full_text":"\u00a0 OCCUPANT TO PAY TAX TO THE OPERATOR.\n\n\tUnless prohibited by the laws of the United States or the State of California or exempted by the provisions of this article, every occupant occupying parking space in a parking facility shall be required to pay the tax imposed herein to the operator along with the parking fee for occupancy. If the parking fee is paid in installments, or if an amount paid is less than the full amount of parking fee and tax accrued at the time of payment, a proportionate share of the tax shall be deemed to have been paid with each such payment or installment. Any unpaid tax shall be due upon the occupant\u2019s ceasing to occupy parking space in the parking facility. If for any reason the tax is not paid to the operator, the Director of Finance shall require that such tax shall be paid directly to the City. Payment of the tax to the operator does not relieve the occupant of liability for the tax to the City until the tax has been remitted to the City by the operator, unless the occupant has a receipt for the parking fee and tax issued by the operator.","order_by":"15.3","ancestry":{"1":{"id":"25","name":"Parking Occupancy Tax","identifier":"1.15","label":"article","url":"\/2\/1.15\/"},"2":{"id":"1","name":"Licenses, Permits, Business Regulations","identifier":"2","label":"chapter","url":"\/2\/"}},"structure_contents":{"0":{"id":"1656","structure_id":"25","section_number":"21.15.1","catch_line":"Definitions.","url":"\/21.15.1\/","token":"21.15.1"},"1":{"id":"970","structure_id":"25","section_number":"21.15.10","catch_line":"Assessment \u2013 Administrative Remedy.","url":"\/21.15.10\/","token":"21.15.10"},"2":{"id":"30","structure_id":"25","section_number":"21.15.11","catch_line":"Records.","url":"\/21.15.11\/","token":"21.15.11"},"3":{"id":"1363","structure_id":"25","section_number":"21.15.12","catch_line":"Refunds.","url":"\/21.15.12\/","token":"21.15.12"},"4":{"id":"609","structure_id":"25","section_number":"21.15.13","catch_line":"Actions To Collect.","url":"\/21.15.13\/","token":"21.15.13"},"5":{"id":"1018","structure_id":"25","section_number":"21.15.14","catch_line":"Savings Clause.","url":"\/21.15.14\/","token":"21.15.14"},"6":{"id":"133","structure_id":"25","section_number":"21.15.2","catch_line":"Tax Imposed.","url":"\/21.15.2\/","token":"21.15.2"},"7":{"id":"628","structure_id":"25","section_number":"21.15.3","catch_line":"Occupant To Pay Tax To The Operator.","url":"\/21.15.3\/","token":"21.15.3"},"8":{"id":"2866","structure_id":"25","section_number":"21.15.4","catch_line":"Operator\u2019S Duties.","url":"\/21.15.4\/","token":"21.15.4"},"9":{"id":"1229","structure_id":"25","section_number":"21.15.5","catch_line":"Exemptions.","url":"\/21.15.5\/","token":"21.15.5"},"10":{"id":"3615","structure_id":"25","section_number":"21.15.6","catch_line":"Registration Of Operators.","url":"\/21.15.6\/","token":"21.15.6"},"11":{"id":"611","structure_id":"25","section_number":"21.15.7","catch_line":"Reporting And Remitting.","url":"\/21.15.7\/","token":"21.15.7"},"12":{"id":"3804","structure_id":"25","section_number":"21.15.8","catch_line":"Penalties And Interest.","url":"\/21.15.8\/","token":"21.15.8"},"13":{"id":"746","structure_id":"25","section_number":"21.15.9","catch_line":"Additional Powers And Duties Of Director Of Finance.","url":"\/21.15.9\/","token":"21.15.9"}},"next_section":{"id":"2866","structure_id":"25","section_number":"21.15.4","catch_line":"Operator\u2019S Duties.","url":"\/21.15.4\/","token":"21.15.4"},"metadata":false,"references":false,"url":"\/21.15.3\/","token":"21.15.3","formats":{"txt":"\/21.15.3.txt","json":"\/21.15.3.xml"},"dublin_core":{"Title":"Occupant To Pay Tax To The Operator.","Type":"Text","Format":"text\/html","Identifier":"\u00a7 21.15.3","Relation":"Los Angeles Municipal Code"},"plain_text":"                            LOS ANGELES MUNICIPAL CODE\n\nOCCUPANT TO PAY TAX TO THE OPERATOR. (\u00a7 21.15.3)\n\n\u00a0 OCCUPANT TO PAY TAX TO THE OPERATOR.\tUnless prohibited by the laws of the\nUnited States or the State of California or exempted by the provisions of this\narticle, every occupant occupying parking space in a parking facility shall be\nrequired to pay the tax imposed herein to the operator along with the parking\nfee for occupancy. If the parking fee is paid in installments, or if an amount\npaid is less than the full amount of parking fee and tax accrued at the time of\npayment, a proportionate share of the tax shall be deemed to have been paid with\neach such payment or installment. Any unpaid tax shall be due upon the\noccupant\u2019s ceasing to occupy parking space in the parking facility. If for any\nreason the tax is not paid to the operator, the Director of Finance shall\nrequire that such tax shall be paid directly to the City. Payment of the tax to\nthe operator does not relieve the occupant of liability for the tax to the City\nuntil the tax has been remitted to the City by the operator, unless the occupant\nhas a receipt for the parking fee and tax issued by the operator.\n","html":"\n\t\t\t\t\t<section><p>\u00a0 OCCUPANT TO PAY TAX TO THE OPERATOR.<br \/><br \/>\tUnless prohibited by the <span class=\"dictionary\">laws<\/span> of the United States or the State of California or exempted by the provisions of this article, every occupant occupying parking space in a parking facility shall be required to pay the tax imposed herein to the operator along with the parking fee for occupancy. If the parking fee is paid in installments, or if an amount paid is less than the full amount of parking fee and tax accrued at the time of payment, a proportionate share of the tax shall be deemed to have been paid with each such payment or installment. Any unpaid tax shall be due upon the occupant\u2019s ceasing to occupy parking space in the parking facility. If for any reason the tax is not paid to the operator, the Director of Finance shall require that such tax shall be paid directly to the City. Payment of the tax to the operator does not relieve the occupant of liability for the tax to the City until the tax has been remitted to the City by the operator, unless the occupant has a receipt for the parking fee and tax issued by the operator.<\/p><\/section>","previous_section":{"id":"133","structure_id":"25","section_number":"21.15.2","catch_line":"Tax Imposed.","url":"\/21.15.2\/","token":"21.15.2"},"text":{"0":{"id":"621","text":"\u00a0 OCCUPANT TO PAY TAX TO THE OPERATOR.\tUnless prohibited by the laws of the United States or the State of California or exempted by the provisions of this article, every occupant occupying parking space in a parking facility shall be required to pay the tax imposed herein to the operator along with the parking fee for occupancy. If the parking fee is paid in installments, or if an amount paid is less than the full amount of parking fee and tax accrued at the time of payment, a proportionate share of the tax shall be deemed to have been paid with each such payment or installment. Any unpaid tax shall be due upon the occupant\u2019s ceasing to occupy parking space in the parking facility. If for any reason the tax is not paid to the operator, the Director of Finance shall require that such tax shall be paid directly to the City. Payment of the tax to the operator does not relieve the occupant of liability for the tax to the City until the tax has been remitted to the City by the operator, unless the occupant has a receipt for the parking fee and tax issued by the operator.","type":"section","prefixes":[""],"prefix":"","entire_prefix":"","prefix_anchor":"","level":1}}}