{"section_number":"21.12.3","edition_id":"1","section_id":"3147","structure_id":"67","catch_line":"Elements Of Program.","history":"","full_text":"\u00a0 ELEMENTS OF PROGRAM.\n\n\tFor any taxpayer who meets the requirements of Section 21.12.5 of this article:\n\n\t(a)\tThe tax penalties imposed under Article 1 (Business Taxes), Article 1.1 (Telephone, Electricity, and Gas Users Taxes), Article 1.3 (Commercial Tenant\u2019s Occupancy Tax), Article 1.7 (Transient Occupancy Tax), and Article 1.15 (Parking Occupancy Tax) of this chapter shall not apply to any taxes for the tax periods for which tax penalty amnesty is requested, which are owed as a result of the nonreporting or underreporting of tax liabilities or the nonpayment of any taxes.\n\n\t(b)\tNo criminal action shall be brought against the taxpayer for any tax period for which the taxpayer has complied with the provisions of Section 21.12.5 of this article based upon the nonreporting or underreporting of tax liabilities or the nonpayment of any taxes.","order_by":"12.3","ancestry":{"1":{"id":"67","name":"Tax Penalty Amnesty","identifier":"1.12","label":"article","url":"\/2\/1.12\/"},"2":{"id":"1","name":"Licenses, Permits, Business Regulations","identifier":"2","label":"chapter","url":"\/2\/"}},"structure_contents":{"0":{"id":"1199","structure_id":"67","section_number":"21.12.1","catch_line":"Development And Administration Of Program.","url":"\/21.12.1\/","token":"21.12.1"},"1":{"id":"3212","structure_id":"67","section_number":"21.12.2","catch_line":"Duration And Application Of Program.","url":"\/21.12.2\/","token":"21.12.2"},"2":{"id":"3147","structure_id":"67","section_number":"21.12.3","catch_line":"Elements Of Program.","url":"\/21.12.3\/","token":"21.12.3"},"3":{"id":"2119","structure_id":"67","section_number":"21.12.4","catch_line":"Previous Assessments, Payments, And Litigation.","url":"\/21.12.4\/","token":"21.12.4"},"4":{"id":"213","structure_id":"67","section_number":"21.12.5","catch_line":"Requisites For Compliance With Program.","url":"\/21.12.5\/","token":"21.12.5"},"5":{"id":"377","structure_id":"67","section_number":"21.12.6","catch_line":"Subsequent Deficiencies.","url":"\/21.12.6\/","token":"21.12.6"},"6":{"id":"333","structure_id":"67","section_number":"21.12.7","catch_line":"Implementation Of Article.","url":"\/21.12.7\/","token":"21.12.7"}},"next_section":{"id":"2119","structure_id":"67","section_number":"21.12.4","catch_line":"Previous Assessments, Payments, And Litigation.","url":"\/21.12.4\/","token":"21.12.4"},"metadata":false,"references":false,"url":"\/21.12.3\/","token":"21.12.3","formats":{"txt":"\/21.12.3.txt","json":"\/21.12.3.xml"},"dublin_core":{"Title":"Elements Of Program.","Type":"Text","Format":"text\/html","Identifier":"\u00a7 21.12.3","Relation":"Los Angeles Municipal Code"},"plain_text":"                            LOS ANGELES MUNICIPAL CODE\n\nELEMENTS OF PROGRAM. (\u00a7 21.12.3)\n\n\u00a0 ELEMENTS OF PROGRAM.\tFor any taxpayer who meets the requirements of Section\n21.12.5 of this article:\t(a)\tThe tax penalties imposed under Article 1 (Business\nTaxes), Article 1.1 (Telephone, Electricity, and Gas Users Taxes), Article 1.3\n(Commercial Tenant\u2019s Occupancy Tax), Article 1.7 (Transient Occupancy Tax),\nand Article 1.15 (Parking Occupancy Tax) of this chapter shall not apply to any\ntaxes for the tax periods for which tax penalty amnesty is requested, which are\nowed as a result of the nonreporting or underreporting of tax liabilities or the\nnonpayment of any taxes.\t(b)\tNo criminal action shall be brought against the\ntaxpayer for any tax period for which the taxpayer has complied with the\nprovisions of Section 21.12.5 of this article based upon the nonreporting or\nunderreporting of tax liabilities or the nonpayment of any taxes.\n","html":"\n\t\t\t\t\t<section><p>\u00a0 ELEMENTS OF PROGRAM.<br \/><br \/>\tFor any taxpayer who meets the requirements of Section 21.12.5 of this article:<br \/><br \/>\t(a)\tThe tax penalties imposed under Article 1 (Business Taxes), Article 1.1 (Telephone, Electricity, and Gas Users Taxes), Article 1.3 (Commercial Tenant\u2019s Occupancy Tax), Article 1.7 (Transient Occupancy Tax), and Article 1.15 (Parking Occupancy Tax) of this chapter shall not apply to any taxes for the tax periods for which tax <span class=\"dictionary\">penalty<\/span> amnesty is requested, which are owed as a result of the nonreporting or underreporting of tax liabilities or the nonpayment of any taxes.<br \/><br \/>\t(b)\tNo criminal action shall be brought against the taxpayer for any tax period for which the taxpayer has complied with the provisions of Section 21.12.5 of this article based upon the nonreporting or underreporting of tax liabilities or the nonpayment of any taxes.<\/p><\/section>","previous_section":{"id":"3212","structure_id":"67","section_number":"21.12.2","catch_line":"Duration And Application Of Program.","url":"\/21.12.2\/","token":"21.12.2"},"text":{"0":{"id":"3121","text":"\u00a0 ELEMENTS OF PROGRAM.\tFor any taxpayer who meets the requirements of Section 21.12.5 of this article:\t(a)\tThe tax penalties imposed under Article 1 (Business Taxes), Article 1.1 (Telephone, Electricity, and Gas Users Taxes), Article 1.3 (Commercial Tenant\u2019s Occupancy Tax), Article 1.7 (Transient Occupancy Tax), and Article 1.15 (Parking Occupancy Tax) of this chapter shall not apply to any taxes for the tax periods for which tax penalty amnesty is requested, which are owed as a result of the nonreporting or underreporting of tax liabilities or the nonpayment of any taxes.\t(b)\tNo criminal action shall be brought against the taxpayer for any tax period for which the taxpayer has complied with the provisions of Section 21.12.5 of this article based upon the nonreporting or underreporting of tax liabilities or the nonpayment of any taxes.","type":"section","prefixes":[""],"prefix":"","entire_prefix":"","prefix_anchor":"","level":1}}}