{"section_number":"21.14.9","edition_id":"1","section_id":"645","structure_id":"49","catch_line":"Savings Clause.","history":"","full_text":"","order_by":"14.9","ancestry":{"1":{"id":"49","name":"Special Fire Safety And Paramedic Communications Equipment Tax","identifier":"1.14","label":"article","url":"\/2\/1.14\/"},"2":{"id":"1","name":"Licenses, Permits, Business Regulations","identifier":"2","label":"chapter","url":"\/2\/"}},"structure_contents":{"0":{"id":"3339","structure_id":"49","section_number":"21.14.1","catch_line":"Definitions.","url":"\/21.14.1\/","token":"21.14.1"},"1":{"id":"109","structure_id":"49","section_number":"21.14.2","catch_line":"Exemptions.","url":"\/21.14.2\/","token":"21.14.2"},"2":{"id":"3697","structure_id":"49","section_number":"21.14.3","catch_line":"Special Tax.","url":"\/21.14.3\/","token":"21.14.3"},"3":{"id":"3729","structure_id":"49","section_number":"21.14.4","catch_line":"Purpose.","url":"\/21.14.4\/","token":"21.14.4"},"4":{"id":"2320","structure_id":"49","section_number":"21.14.5","catch_line":"Special Fund.","url":"\/21.14.5\/","token":"21.14.5"},"5":{"id":"2459","structure_id":"49","section_number":"21.14.6","catch_line":"Tax Rate.","url":"\/21.14.6\/","token":"21.14.6"},"6":{"id":"3683","structure_id":"49","section_number":"21.14.7","catch_line":"Adjustments And Refunds.","url":"\/21.14.7\/","token":"21.14.7"},"7":{"id":"3150","structure_id":"49","section_number":"21.14.8","catch_line":"Amendments.","url":"\/21.14.8\/","token":"21.14.8"},"8":{"id":"645","structure_id":"49","section_number":"21.14.9","catch_line":"Savings Clause.","url":"\/21.14.9\/","token":"21.14.9"}},"next_section":{"id":"645","structure_id":"49","section_number":"21.14.9","catch_line":"Savings Clause.","url":"\/21.14.9\/","token":"21.14.9"},"metadata":false,"references":false,"url":"\/21.14.9\/","token":"21.14.9","formats":{"txt":"\/21.14.9.txt","json":"\/21.14.9.xml"},"dublin_core":{"Title":"Savings Clause.","Type":"Text","Format":"text\/html","Identifier":"\u00a7 21.14.9","Relation":"Los Angeles Municipal Code"},"plain_text":"                            LOS ANGELES MUNICIPAL CODE\n\nSAVINGS CLAUSE. (\u00a7 21.14.9)\n\n\n","html":"\n\t\t\t\t\t<section><p><\/p><\/section>","previous_section":{"id":"3150","structure_id":"49","section_number":"21.14.8","catch_line":"Amendments.","url":"\/21.14.8\/","token":"21.14.8"},"text":{"0":{"id":"637","text":"","type":"section","prefixes":[""],"prefix":"","entire_prefix":"","prefix_anchor":"","level":1}}}