{"section_number":"21.2.7","edition_id":"1","section_id":"4161","structure_id":"65","catch_line":"Additional Powers And Duties Of Director Of Finance.","history":"","full_text":"\u00a0 ADDITIONAL POWERS AND DUTIES OF DIRECTOR OF FINANCE.\n\n\t(a)\tThe Director of Finance shall have the power and duty, and is hereby directed to enforce each and all of the provisions of this article.\n\n\t(b)\tIn administering and enforcing the provisions of this article, the Director of Finance shall have the same powers and duties with respect to collecting the tax provided herein as the Director of Finance has under Section 21.15 of this chapter with respect to collecting the business tax.","order_by":"2.7","ancestry":{"1":{"id":"65","name":"1984 Olympic Games Ticket Distribution Tax","identifier":"1.2","label":"article","url":"\/2\/1.2\/"},"2":{"id":"1","name":"Licenses, Permits, Business Regulations","identifier":"2","label":"chapter","url":"\/2\/"}},"structure_contents":{"0":{"id":"457","structure_id":"65","section_number":"21.2.1","catch_line":"Definitions.","url":"\/21.2.1\/","token":"21.2.1"},"1":{"id":"3301","structure_id":"65","section_number":"21.2.10","catch_line":"Refunds.","url":"\/21.2.10\/","token":"21.2.10"},"2":{"id":"3061","structure_id":"65","section_number":"21.2.2","catch_line":"Imposition Of Tax.","url":"\/21.2.2\/","token":"21.2.2"},"3":{"id":"2063","structure_id":"65","section_number":"21.2.3","catch_line":"Time Of Reporting And Payment.","url":"\/21.2.3\/","token":"21.2.3"},"4":{"id":"3119","structure_id":"65","section_number":"21.2.4","catch_line":"Manner Of Reporting.","url":"\/21.2.4\/","token":"21.2.4"},"5":{"id":"4103","structure_id":"65","section_number":"21.2.5","catch_line":"Interest And Penalty.","url":"\/21.2.5\/","token":"21.2.5"},"6":{"id":"204","structure_id":"65","section_number":"21.2.6","catch_line":"Actions To Collect.","url":"\/21.2.6\/","token":"21.2.6"},"7":{"id":"4161","structure_id":"65","section_number":"21.2.7","catch_line":"Additional Powers And Duties Of Director Of Finance.","url":"\/21.2.7\/","token":"21.2.7"},"8":{"id":"3046","structure_id":"65","section_number":"21.2.8","catch_line":"Assessment \u2013 Administrative Remedy.","url":"\/21.2.8\/","token":"21.2.8"},"9":{"id":"247","structure_id":"65","section_number":"21.2.9","catch_line":"Records.","url":"\/21.2.9\/","token":"21.2.9"}},"next_section":{"id":"3046","structure_id":"65","section_number":"21.2.8","catch_line":"Assessment \u2013 Administrative Remedy.","url":"\/21.2.8\/","token":"21.2.8"},"metadata":false,"references":false,"url":"\/21.2.7\/","token":"21.2.7","formats":{"txt":"\/21.2.7.txt","json":"\/21.2.7.xml"},"dublin_core":{"Title":"Additional Powers And Duties Of Director Of Finance.","Type":"Text","Format":"text\/html","Identifier":"\u00a7 21.2.7","Relation":"Los Angeles Municipal Code"},"plain_text":"                            LOS ANGELES MUNICIPAL CODE\n\nADDITIONAL POWERS AND DUTIES OF DIRECTOR OF FINANCE. (\u00a7 21.2.7)\n\n\u00a0 ADDITIONAL POWERS AND DUTIES OF DIRECTOR OF FINANCE.\t(a)\tThe Director of\nFinance shall have the power and duty, and is hereby directed to enforce each\nand all of the provisions of this article.\t(b)\tIn administering and enforcing\nthe provisions of this article, the Director of Finance shall have the same\npowers and duties with respect to collecting the tax provided herein as the\nDirector of Finance has under Section 21.15 of this chapter with respect to\ncollecting the business tax.\n","html":"\n\t\t\t\t\t<section><p>\u00a0 ADDITIONAL POWERS AND DUTIES OF DIRECTOR OF FINANCE.<br \/><br \/>\t(a)\tThe Director of Finance shall have the power and duty, and is hereby directed to enforce each and all of the provisions of this article.<br \/><br \/>\t(b)\tIn administering and enforcing the provisions of this article, the Director of Finance shall have the same powers and duties with respect to collecting the tax provided herein as the Director of Finance has under Section 21.15 of this chapter with respect to collecting the business tax.<\/p><\/section>","previous_section":{"id":"204","structure_id":"65","section_number":"21.2.6","catch_line":"Actions To Collect.","url":"\/21.2.6\/","token":"21.2.6"},"text":{"0":{"id":"4134","text":"\u00a0 ADDITIONAL POWERS AND DUTIES OF DIRECTOR OF FINANCE.\t(a)\tThe Director of Finance shall have the power and duty, and is hereby directed to enforce each and all of the provisions of this article.\t(b)\tIn administering and enforcing the provisions of this article, the Director of Finance shall have the same powers and duties with respect to collecting the tax provided herein as the Director of Finance has under Section 21.15 of this chapter with respect to collecting the business tax.","type":"section","prefixes":[""],"prefix":"","entire_prefix":"","prefix_anchor":"","level":1}}}