{"section_number":"21.3.2","edition_id":"1","section_id":"2170","structure_id":"103","catch_line":"Definitions.","history":"","full_text":"\u00a0 DEFINITIONS.\n\n\t(a)\tFor the purposes of this article, the terms hereafter defined shall have the following meanings:\n\n\tPerson shall mean any individual, firm, partnership, joint venture, association, social club, fraternal organization, joint stock company, corporation, estate, trust, business trust, receiver, trustee, syndicate, or any other group or combination acting as a unit.\n\n\t(b)\tLessor shall include a sub-lessor, a licensor or a person granting a concession.\n\n\t(c)\tTenant and Tenancy shall include tenants and tenancies of all types, and persons occupying and the occupation of a building or structure, or space in a building or structure, or a boat slip or mooring, under any license or any concession agreement with a lessor. The right to use or possess such space shall be deemed to be the same as actual occupation.\u00a0 (First Sentence Amended by Ord. No. 163,754, Eff 7\/16\/88.)\n\n\t(d)\tCasual Tenant and Casual Tenancy shall mean any tenant or tenancy where the consideration paid or agreed to be paid consists exclusively of services; or where, after examining all the facts, the Director of Finance determines that the only tenancy is that of one or more tenants paying to a sub-lessor primarily on a cost-sharing basis for the space used involving less than 25% of the space under the control of the sub-lessor and is terminable at will.\n\n\t(e)\tCharges shall include all amounts paid by a tenant to a lessor for services performed, or materials used, or utilities or facilities furnished by the lessor on the premises or in connection with the tenant\u2019s use, possession, or the right to possess the premises. Charges shall also include any charges paid by a tenant to a lessor for the use or possession of land, or the right to use or possess land other than that upon which the building or structure is located but which is used or possessed or is available for use or possession by a tenant for purposes related to his tenancy. Charges shall also include all amounts paid as prepaid rent.","order_by":"3.2","ancestry":{"1":{"id":"103","name":"Commercial Tenant\u2019S Occupancy Tax","identifier":"1.3","label":"article","url":"\/2\/1.3\/"},"2":{"id":"1","name":"Licenses, Permits, Business Regulations","identifier":"2","label":"chapter","url":"\/2\/"}},"structure_contents":{"0":{"id":"673","structure_id":"103","section_number":"21.3.1","catch_line":"Constitutional Exemptions.","url":"\/21.3.1\/","token":"21.3.1"},"1":{"id":"1884","structure_id":"103","section_number":"21.3.10","catch_line":"Records.","url":"\/21.3.10\/","token":"21.3.10"},"2":{"id":"3502","structure_id":"103","section_number":"21.3.11","catch_line":"Refunds.","url":"\/21.3.11\/","token":"21.3.11"},"3":{"id":"2170","structure_id":"103","section_number":"21.3.2","catch_line":"Definitions.","url":"\/21.3.2\/","token":"21.3.2"},"4":{"id":"1520","structure_id":"103","section_number":"21.3.3","catch_line":"Tax Imposed.","url":"\/21.3.3\/","token":"21.3.3"},"5":{"id":"2211","structure_id":"103","section_number":"21.3.4","catch_line":"Exemptions.","url":"\/21.3.4\/","token":"21.3.4"},"6":{"id":"3145","structure_id":"103","section_number":"21.3.5","catch_line":"Duty To Collect And Remit Tax.","url":"\/21.3.5\/","token":"21.3.5"},"7":{"id":"3300","structure_id":"103","section_number":"21.3.6","catch_line":"Interest And Penalty.","url":"\/21.3.6\/","token":"21.3.6"},"8":{"id":"581","structure_id":"103","section_number":"21.3.7","catch_line":"Actions To Collect.","url":"\/21.3.7\/","token":"21.3.7"},"9":{"id":"1315","structure_id":"103","section_number":"21.3.8","catch_line":"Additional Powers And Duties Of The Director Of Finance.","url":"\/21.3.8\/","token":"21.3.8"},"10":{"id":"2289","structure_id":"103","section_number":"21.3.9","catch_line":"Assessment \u2013 Administrative Remedy.","url":"\/21.3.9\/","token":"21.3.9"}},"next_section":{"id":"1520","structure_id":"103","section_number":"21.3.3","catch_line":"Tax Imposed.","url":"\/21.3.3\/","token":"21.3.3"},"metadata":false,"references":false,"url":"\/21.3.2\/","token":"21.3.2","formats":{"txt":"\/21.3.2.txt","json":"\/21.3.2.xml"},"dublin_core":{"Title":"Definitions.","Type":"Text","Format":"text\/html","Identifier":"\u00a7 21.3.2","Relation":"Los Angeles Municipal Code"},"plain_text":"                            LOS ANGELES MUNICIPAL CODE\n\nDEFINITIONS. (\u00a7 21.3.2)\n\n\u00a0 DEFINITIONS.\t(a)\tFor the purposes of this article, the terms hereafter\ndefined shall have the following meanings:\tPerson shall mean any individual,\nfirm, partnership, joint venture, association, social club, fraternal\norganization, joint stock company, corporation, estate, trust, business trust,\nreceiver, trustee, syndicate, or any other group or combination acting as a\nunit.\t(b)\tLessor shall include a sub-lessor, a licensor or a person granting a\nconcession.\t(c)\tTenant and Tenancy shall include tenants and tenancies of all\ntypes, and persons occupying and the occupation of a building or structure, or\nspace in a building or structure, or a boat slip or mooring, under any license\nor any concession agreement with a lessor. The right to use or possess such\nspace shall be deemed to be the same as actual occupation.\u00a0 (First Sentence\nAmended by Ord. No. 163,754, Eff 7\/16\/88.)\t(d)\tCasual Tenant and Casual Tenancy\nshall mean any tenant or tenancy where the consideration paid or agreed to be\npaid consists exclusively of services; or where, after examining all the facts,\nthe Director of Finance determines that the only tenancy is that of one or more\ntenants paying to a sub-lessor primarily on a cost-sharing basis for the space\nused involving less than 25% of the space under the control of the sub-lessor\nand is terminable at will.\t(e)\tCharges shall include all amounts paid by a\ntenant to a lessor for services performed, or materials used, or utilities or\nfacilities furnished by the lessor on the premises or in connection with the\ntenant\u2019s use, possession, or the right to possess the premises. Charges shall\nalso include any charges paid by a tenant to a lessor for the use or possession\nof land, or the right to use or possess land other than that upon which the\nbuilding or structure is located but which is used or possessed or is available\nfor use or possession by a tenant for purposes related to his tenancy. Charges\nshall also include all amounts paid as prepaid rent.\n","html":"\n\t\t\t\t\t<section><p>\u00a0 DEFINITIONS.<br \/><br \/>\t(a)\tFor the purposes of this article, the terms hereafter defined shall have the following meanings:<br \/><br \/>\tPerson shall mean any individual, firm, partnership, joint venture, association, social club, fraternal organization, joint stock company, corporation, estate, trust, business trust, receiver, trustee, syndicate, or any other group or combination acting as a unit.<br \/><br \/>\t(b)\tLessor shall include a sub-lessor, a licensor or a person granting a concession.<br \/><br \/>\t(c)\tTenant and Tenancy shall include tenants and tenancies of all types, and persons occupying and the occupation of a building or structure, or space in a building or structure, or a boat slip or mooring, under any license or any concession agreement with a lessor. The right to use or possess such space shall be deemed to be the same as actual occupation.\u00a0 (First Sentence Amended by Ord. No. 163,754, Eff 7\/16\/88.)<br \/><br \/>\t(d)\tCasual Tenant and Casual Tenancy shall mean any tenant or tenancy where the consideration paid or agreed to be paid consists exclusively of services; or where, after examining all the <span class=\"dictionary\">facts<\/span>, the Director of Finance determines that the only tenancy is that of one or more tenants paying to a sub-lessor primarily on a cost-sharing basis for the space used involving less than 25% of the space under the control of the sub-lessor and is terminable at will.<br \/><br \/>\t(e)\tCharges shall include all amounts paid by a tenant to a lessor for services performed, or <span class=\"dictionary\">materials<\/span> used, or utilities or facilities furnished by the lessor on the premises or in connection with the tenant\u2019s use, <span class=\"dictionary\">possession<\/span>, or the right to possess the premises. Charges shall also include any charges paid by a tenant to a lessor for the use or <span class=\"dictionary\">possession<\/span> of land, or the right to use or possess land other than that upon which the building or structure is located but which is used or possessed or is available for use or <span class=\"dictionary\">possession<\/span> by a tenant for purposes related to his tenancy. Charges shall also include all amounts paid as prepaid rent.<\/p><\/section>","previous_section":{"id":"3502","structure_id":"103","section_number":"21.3.11","catch_line":"Refunds.","url":"\/21.3.11\/","token":"21.3.11"},"text":{"0":{"id":"2152","text":"\u00a0 DEFINITIONS.\t(a)\tFor the purposes of this article, the terms hereafter defined shall have the following meanings:\tPerson shall mean any individual, firm, partnership, joint venture, association, social club, fraternal organization, joint stock company, corporation, estate, trust, business trust, receiver, trustee, syndicate, or any other group or combination acting as a unit.\t(b)\tLessor shall include a sub-lessor, a licensor or a person granting a concession.\t(c)\tTenant and Tenancy shall include tenants and tenancies of all types, and persons occupying and the occupation of a building or structure, or space in a building or structure, or a boat slip or mooring, under any license or any concession agreement with a lessor. The right to use or possess such space shall be deemed to be the same as actual occupation.\u00a0 (First Sentence Amended by Ord. No. 163,754, Eff 7\/16\/88.)\t(d)\tCasual Tenant and Casual Tenancy shall mean any tenant or tenancy where the consideration paid or agreed to be paid consists exclusively of services; or where, after examining all the facts, the Director of Finance determines that the only tenancy is that of one or more tenants paying to a sub-lessor primarily on a cost-sharing basis for the space used involving less than 25% of the space under the control of the sub-lessor and is terminable at will.\t(e)\tCharges shall include all amounts paid by a tenant to a lessor for services performed, or materials used, or utilities or facilities furnished by the lessor on the premises or in connection with the tenant\u2019s use, possession, or the right to possess the premises. Charges shall also include any charges paid by a tenant to a lessor for the use or possession of land, or the right to use or possess land other than that upon which the building or structure is located but which is used or possessed or is available for use or possession by a tenant for purposes related to his tenancy. Charges shall also include all amounts paid as prepaid rent.","type":"section","prefixes":[""],"prefix":"","entire_prefix":"","prefix_anchor":"","level":1}}}