{"section_number":"21.62","edition_id":"1","section_id":"4153","structure_id":"19","catch_line":"Billiards, Etc.","history":"","full_text":"\u00a0 BILLIARDS, ETC.\n\n\tFor every person engaged in the business of conducting or operating any pool or billiard room, or who for a fee or charge of any kind lets to players the use of any pool table, billiard table or similar device, or who keeps any such table or device available for such use, the tax shall be $106.43 per year for each table or device, whether used or not, which is kept upon the premises.\u00a0 This section shall apply regardless of whether the table is maintained as an incident to the conduct or operation of a social or athletic club, or as an adjunct of any other private institution or activity, if a charge is imposed for the use thereof.\u00a0 (First Sentence Amended by Ord. No. 166,204, Eff. 10\/11\/90, Oper. 1\/1\/91.)","order_by":"62","ancestry":{"1":{"id":"19","name":"Business Taxes","identifier":"1","label":"article","url":"\/2\/1\/"},"2":{"id":"1","name":"Licenses, Permits, Business Regulations","identifier":"2","label":"chapter","url":"\/2\/"}},"structure_contents":{"0":{"id":"3386","structure_id":"19","section_number":"21.00","catch_line":"Definitions.","url":"\/21.00\/","token":"21.00"},"1":{"id":"3139","structure_id":"19","section_number":"21.01","catch_line":"Unlawful Business Not Authorized.","url":"\/21.01\/","token":"21.01"},"2":{"id":"986","structure_id":"19","section_number":"21.02","catch_line":"Constitutional Exemptions.","url":"\/21.02\/","token":"21.02"},"3":{"id":"1313","structure_id":"19","section_number":"21.03","catch_line":"Imposition Of Tax.","url":"\/21.03\/","token":"21.03"},"4":{"id":"2833","structure_id":"19","section_number":"21.03.1","catch_line":"Automatic Tax Rate Reduction.","url":"\/21.03.1\/","token":"21.03.1"},"5":{"id":"2639","structure_id":"19","section_number":"21.04","catch_line":"Due Dates.","url":"\/21.04\/","token":"21.04"},"6":{"id":"287","structure_id":"19","section_number":"21.05","catch_line":"Delinquent Dates \u2013Interest \u2013 Penalties.","url":"\/21.05\/","token":"21.05"},"7":{"id":"1321","structure_id":"19","section_number":"21.06","catch_line":"Separate Registration Certificate Required For Each Location And Each Business Tax Classification.","url":"\/21.06\/","token":"21.06"},"8":{"id":"135","structure_id":"19","section_number":"21.06.1","catch_line":"Single Primary Tax Classification Election.","url":"\/21.06.1\/","token":"21.06.1"},"9":{"id":"3840","structure_id":"19","section_number":"21.07","catch_line":"Refunds Of Overpayments.","url":"\/21.07\/","token":"21.07"},"10":{"id":"2938","structure_id":"19","section_number":"21.08","catch_line":"Business Tax Registration Certificate \u2014 Form.","url":"\/21.08\/","token":"21.08"},"11":{"id":"2372","structure_id":"19","section_number":"21.09","catch_line":"Business Tax Registration Certificates \u2014 Posting And Keeping.","url":"\/21.09\/","token":"21.09"},"12":{"id":"2408","structure_id":"19","section_number":"21.10","catch_line":"Business Tax Registration Certificates \u2014 Charge For Duplication.","url":"\/21.10\/","token":"21.10"},"13":{"id":"1153","structure_id":"19","section_number":"21.11","catch_line":"Business Tax Registration Certificate \u2014Transfer.","url":"\/21.11\/","token":"21.11"},"14":{"id":"3208","structure_id":"19","section_number":"21.12","catch_line":"Business Tax Registration Certificates \u2014Suspension.","url":"\/21.12\/","token":"21.12"},"15":{"id":"3457","structure_id":"19","section_number":"21.13","catch_line":"Newly Established Businesses \u2013 Computation Of Business Tax.","url":"\/21.13\/","token":"21.13"},"16":{"id":"859","structure_id":"19","section_number":"21.14","catch_line":"Written Statements \u2013 When Required \u2013Computation Of The Tax.","url":"\/21.14\/","token":"21.14"},"17":{"id":"4177","structure_id":"19","section_number":"21.15","catch_line":"Director Of Finance \u2013 Duty To Enforce \u2013Rules And Regulations.","url":"\/21.15\/","token":"21.15"},"18":{"id":"4100","structure_id":"19","section_number":"21.16","catch_line":"Assessment \u2014 Administrative Remedy.","url":"\/21.16\/","token":"21.16"},"19":{"id":"2921","structure_id":"19","section_number":"21.17","catch_line":"Confidential Character Of Information Obtained\u2013 Disclosure Unlawful.","url":"\/21.17\/","token":"21.17"},"20":{"id":"1223","structure_id":"19","section_number":"21.18","catch_line":"Delinquent Taxes \u2013 Installment Payment.","url":"\/21.18\/","token":"21.18"},"21":{"id":"1532","structure_id":"19","section_number":"21.19","catch_line":"Delinquent Taxes \u2013 Suit For Recovery.","url":"\/21.19\/","token":"21.19"},"22":{"id":"3349","structure_id":"19","section_number":"21.20","catch_line":"Delinquent Taxes \u2013 Debt Not Discharged By Penal Conviction.","url":"\/21.20\/","token":"21.20"},"23":{"id":"2132","structure_id":"19","section_number":"21.21","catch_line":"Delinquent Taxes \u2013 Uncollectible.","url":"\/21.21\/","token":"21.21"},"24":{"id":"4086","structure_id":"19","section_number":"21.22","catch_line":"Religious, Charity, Etc.; Procedure For Issuance Of Tax Exempt Registration Certificates.","url":"\/21.22\/","token":"21.22"},"25":{"id":"3446","structure_id":"19","section_number":"21.23","catch_line":"Effect Of Repeals And Amendments.","url":"\/21.23\/","token":"21.23"},"26":{"id":"3020","structure_id":"19","section_number":"21.24","catch_line":"Exemption For Persons Having Equal Or Greater Payroll Expense Tax Liability.","url":"\/21.24\/","token":"21.24"},"27":{"id":"2672","structure_id":"19","section_number":"21.25","catch_line":"Relief For Earthquake Interruption.","url":"\/21.25\/","token":"21.25"},"28":{"id":"2959","structure_id":"19","section_number":"21.26","catch_line":"Empowerment Zone - City Business Tax Reductions, Limitations, And Exemptions.","url":"\/21.26\/","token":"21.26"},"29":{"id":"3092","structure_id":"19","section_number":"21.27","catch_line":"Entertainment And Multimedia Business Tax Limitations.","url":"\/21.27\/","token":"21.27"},"30":{"id":"992","structure_id":"19","section_number":"21.28","catch_line":"Fiscal Year Reporting.","url":"\/21.28\/","token":"21.28"},"31":{"id":"3672","structure_id":"19","section_number":"21.29","catch_line":"Small Business Exemption.","url":"\/21.29\/","token":"21.29"},"32":{"id":"1797","structure_id":"19","section_number":"21.30","catch_line":"New Business Exemption.","url":"\/21.30\/","token":"21.30"},"33":{"id":"2622","structure_id":"19","section_number":"21.31","catch_line":"Settlement Bureau.","url":"\/21.31\/","token":"21.31"},"34":{"id":"3785","structure_id":"19","section_number":"21.32","catch_line":"Rewards For Information.","url":"\/21.32\/","token":"21.32"},"35":{"id":"2451","structure_id":"19","section_number":"21.33","catch_line":"Tax Rates.","url":"\/21.33\/","token":"21.33"},"36":{"id":"3764","structure_id":"19","section_number":"21.41","catch_line":"Gross Receipts Fund Class 1.","url":"\/21.41\/","token":"21.41"},"37":{"id":"1839","structure_id":"19","section_number":"21.42","catch_line":"Gross Receipts Fund Class 2.","url":"\/21.42\/","token":"21.42"},"38":{"id":"1484","structure_id":"19","section_number":"21.43","catch_line":"Gross Receipts Fund Class 3.","url":"\/21.43\/","token":"21.43"},"39":{"id":"3800","structure_id":"19","section_number":"21.44","catch_line":"Gross Receipts Fund Class 4.","url":"\/21.44\/","token":"21.44"},"40":{"id":"3973","structure_id":"19","section_number":"21.45","catch_line":"Gross Receipts Fund Class 5.","url":"\/21.45\/","token":"21.45"},"41":{"id":"3401","structure_id":"19","section_number":"21.46","catch_line":"Gross Receipts Fund Class 6.","url":"\/21.46\/","token":"21.46"},"42":{"id":"786","structure_id":"19","section_number":"21.47","catch_line":"Gross Receipts Fund Class 7.","url":"\/21.47\/","token":"21.47"},"43":{"id":"3868","structure_id":"19","section_number":"21.48","catch_line":"Gross Receipts Fund Class 8.","url":"\/21.48\/","token":"21.48"},"44":{"id":"22","structure_id":"19","section_number":"21.49","catch_line":"Gross Receipts Fund Class 9.","url":"\/21.49\/","token":"21.49"},"45":{"id":"2094","structure_id":"19","section_number":"21.50","catch_line":"Taxation Of Medical Marijuana Collectives.","url":"\/21.50\/","token":"21.50"},"46":{"id":"963","structure_id":"19","section_number":"21.53","catch_line":"Amusement Park.","url":"\/21.53\/","token":"21.53"},"47":{"id":"121","structure_id":"19","section_number":"21.55","catch_line":"Auctioneer.","url":"\/21.55\/","token":"21.55"},"48":{"id":"3750","structure_id":"19","section_number":"21.56","catch_line":"Auto Park","url":"\/21.56\/","token":"21.56"},"49":{"id":"2828","structure_id":"19","section_number":"21.59","catch_line":"Baseball, Football, Etc.","url":"\/21.59\/","token":"21.59"},"50":{"id":"4153","structure_id":"19","section_number":"21.62","catch_line":"Billiards, Etc.","url":"\/21.62\/","token":"21.62"},"51":{"id":"3553","structure_id":"19","section_number":"21.63","catch_line":"Amusement Machines.","url":"\/21.63\/","token":"21.63"},"52":{"id":"886","structure_id":"19","section_number":"21.64","catch_line":"Coin-Operated Phonographs And Music Machines.","url":"\/21.64\/","token":"21.64"},"53":{"id":"106","structure_id":"19","section_number":"21.65","catch_line":"Vending Machines.","url":"\/21.65\/","token":"21.65"},"54":{"id":"4010","structure_id":"19","section_number":"21.65.1","catch_line":"Coin-Operated Scales And Service Machines.","url":"\/21.65.1\/","token":"21.65.1"},"55":{"id":"4093","structure_id":"19","section_number":"21.70","catch_line":"Bowling Alley, Skee-Ball Shuffleboard, Etc.","url":"\/21.70\/","token":"21.70"},"56":{"id":"2800","structure_id":"19","section_number":"21.74","catch_line":"Circuses.","url":"\/21.74\/","token":"21.74"},"57":{"id":"460","structure_id":"19","section_number":"21.75","catch_line":"Side Shows, Carnivals, Concessions.","url":"\/21.75\/","token":"21.75"},"58":{"id":"1734","structure_id":"19","section_number":"21.78","catch_line":"Collection Agencies.","url":"\/21.78\/","token":"21.78"},"59":{"id":"240","structure_id":"19","section_number":"21.79","catch_line":"Commission Brokers.","url":"\/21.79\/","token":"21.79"},"60":{"id":"3209","structure_id":"19","section_number":"21.80","catch_line":"Independent Telemarketing Agency.","url":"\/21.80\/","token":"21.80"},"61":{"id":"3925","structure_id":"19","section_number":"21.83","catch_line":"Dance Hall.","url":"\/21.83\/","token":"21.83"},"62":{"id":"3285","structure_id":"19","section_number":"21.85","catch_line":"Public Dance.","url":"\/21.85\/","token":"21.85"},"63":{"id":"577","structure_id":"19","section_number":"21.94","catch_line":"Rides.","url":"\/21.94\/","token":"21.94"},"64":{"id":"453","structure_id":"19","section_number":"21.98","catch_line":"Office Commercial Buildings, Etc., Rentals.","url":"\/21.98\/","token":"21.98"},"65":{"id":"2915","structure_id":"19","section_number":"21.98.1","catch_line":"Swap Meet Operator.","url":"\/21.98.1\/","token":"21.98.1"},"66":{"id":"1721","structure_id":"19","section_number":"21.98.2","catch_line":"Antique Show And Collectors\u2019 Exchange Show Promoter.","url":"\/21.98.2\/","token":"21.98.2"},"67":{"id":"2654","structure_id":"19","section_number":"21.99","catch_line":"Renting Accommodations.","url":"\/21.99\/","token":"21.99"},"68":{"id":"4094","structure_id":"19","section_number":"21.102","catch_line":"Laundry, Cleaning And Dyeing Agent, Collector, Linen Supply, Shoe Repair.","url":"\/21.102\/","token":"21.102"},"69":{"id":"3665","structure_id":"19","section_number":"21.108","catch_line":"Money Lenders.","url":"\/21.108\/","token":"21.108"},"70":{"id":"3823","structure_id":"19","section_number":"21.109","catch_line":"Motion Picture, Television And Radio Producers.","url":"\/21.109\/","token":"21.109"},"71":{"id":"715","structure_id":"19","section_number":"21.124","catch_line":"Oil Wells.","url":"\/21.124\/","token":"21.124"},"72":{"id":"2325","structure_id":"19","section_number":"21.141","catch_line":"Warehouse \u2013 Storage Of Goods.","url":"\/21.141\/","token":"21.141"},"73":{"id":"1832","structure_id":"19","section_number":"21.142","catch_line":"Stevedores.","url":"\/21.142\/","token":"21.142"},"74":{"id":"3610","structure_id":"19","section_number":"21.143","catch_line":"Tugboat And Barge Operators.","url":"\/21.143\/","token":"21.143"},"75":{"id":"1927","structure_id":"19","section_number":"21.147","catch_line":"Theatre.","url":"\/21.147\/","token":"21.147"},"76":{"id":"2812","structure_id":"19","section_number":"21.166","catch_line":"Merchandise Wholesale Selling.","url":"\/21.166\/","token":"21.166"},"77":{"id":"968","structure_id":"19","section_number":"21.167","catch_line":"Merchandise \u2013 Retail Selling.","url":"\/21.167\/","token":"21.167"},"78":{"id":"4173","structure_id":"19","section_number":"21.167.1","catch_line":"Sales Of Firearms And Ammunition.","url":"\/21.167.1\/","token":"21.167.1"},"79":{"id":"2302","structure_id":"19","section_number":"21.168.1","catch_line":"Out Of State Sales.","url":"\/21.168.1\/","token":"21.168.1"},"80":{"id":"1061","structure_id":"19","section_number":"21.168.2","catch_line":"Sale For Convenience.","url":"\/21.168.2\/","token":"21.168.2"},"81":{"id":"1130","structure_id":"19","section_number":"21.168.3","catch_line":"Certain Solicitors Deemed Employees.","url":"\/21.168.3\/","token":"21.168.3"},"82":{"id":"3420","structure_id":"19","section_number":"21.168.4","catch_line":"Exemption \u2013 Temporary Exhibitors At Tradeshows.","url":"\/21.168.4\/","token":"21.168.4"},"83":{"id":"2858","structure_id":"19","section_number":"21.168.5","catch_line":"Certified Producers Deemed Employees.","url":"\/21.168.5\/","token":"21.168.5"},"84":{"id":"2995","structure_id":"19","section_number":"21.169","catch_line":"Christmas Trees.","url":"\/21.169\/","token":"21.169"},"85":{"id":"1790","structure_id":"19","section_number":"21.170","catch_line":"Christmas Tree Lot Clean-Up Deposits.","url":"\/21.170\/","token":"21.170"},"86":{"id":"90","structure_id":"19","section_number":"21.171","catch_line":"Retailers Of New Passenger Motor Vehicles.","url":"\/21.171\/","token":"21.171"},"87":{"id":"438","structure_id":"19","section_number":"21.187","catch_line":"Common Carrier Bus.","url":"\/21.187\/","token":"21.187"},"88":{"id":"1180","structure_id":"19","section_number":"21.188","catch_line":"Contractors.","url":"\/21.188\/","token":"21.188"},"89":{"id":"606","structure_id":"19","section_number":"21.189.1","catch_line":"Miscellaneous Services.","url":"\/21.189.1\/","token":"21.189.1"},"90":{"id":"3010","structure_id":"19","section_number":"21.189.2","catch_line":"Radio And Television Broadcaster.","url":"\/21.189.2\/","token":"21.189.2"},"91":{"id":"882","structure_id":"19","section_number":"21.189.3","catch_line":"Child Care Providers.","url":"\/21.189.3\/","token":"21.189.3"},"92":{"id":"1269","structure_id":"19","section_number":"21.189.4","catch_line":"Multimedia Businesses.","url":"\/21.189.4\/","token":"21.189.4"},"93":{"id":"1082","structure_id":"19","section_number":"21.190","catch_line":"Professions And Occupations.","url":"\/21.190\/","token":"21.190"},"94":{"id":"3470","structure_id":"19","section_number":"21.190.1","catch_line":"Exemption.","url":"\/21.190.1\/","token":"21.190.1"},"95":{"id":"2849","structure_id":"19","section_number":"21.191","catch_line":"Health Maintenance Organizations.","url":"\/21.191\/","token":"21.191"},"96":{"id":"691","structure_id":"19","section_number":"21.192","catch_line":"Personal Property Rental.","url":"\/21.192\/","token":"21.192"},"97":{"id":"128","structure_id":"19","section_number":"21.192.1","catch_line":"Rental \u2013 Out Of State Property.","url":"\/21.192.1\/","token":"21.192.1"},"98":{"id":"2572","structure_id":"19","section_number":"21.193","catch_line":"Sale Of Real Property.","url":"\/21.193\/","token":"21.193"},"99":{"id":"686","structure_id":"19","section_number":"21.194","catch_line":"Transporting Persons For Hire.","url":"\/21.194\/","token":"21.194"},"100":{"id":"3292","structure_id":"19","section_number":"21.195","catch_line":"Trucking \u2013 Hauling","url":"\/21.195\/","token":"21.195"},"101":{"id":"1629","structure_id":"19","section_number":"21.196","catch_line":"Miscellaneous Trucking.","url":"\/21.196\/","token":"21.196"},"102":{"id":"3790","structure_id":"19","section_number":"21.197","catch_line":"Telephone Companies.","url":"\/21.197\/","token":"21.197"},"103":{"id":"1096","structure_id":"19","section_number":"21.199","catch_line":"Sales Tax.","url":"\/21.199\/","token":"21.199"}},"next_section":{"id":"3553","structure_id":"19","section_number":"21.63","catch_line":"Amusement Machines.","url":"\/21.63\/","token":"21.63"},"metadata":false,"references":false,"url":"\/21.62\/","token":"21.62","formats":{"txt":"\/21.62.txt","json":"\/21.62.xml"},"dublin_core":{"Title":"Billiards, Etc.","Type":"Text","Format":"text\/html","Identifier":"\u00a7 21.62","Relation":"Los Angeles Municipal Code"},"plain_text":"                            LOS ANGELES MUNICIPAL CODE\n\nBILLIARDS, ETC. (\u00a7 21.62)\n\n\u00a0 BILLIARDS, ETC.\tFor every person engaged in the business of conducting or\noperating any pool or billiard room, or who for a fee or charge of any kind lets\nto players the use of any pool table, billiard table or similar device, or who\nkeeps any such table or device available for such use, the tax shall be $106.43\nper year for each table or device, whether used or not, which is kept upon the\npremises.\u00a0 This section shall apply regardless of whether the table is\nmaintained as an incident to the conduct or operation of a social or athletic\nclub, or as an adjunct of any other private institution or activity, if a charge\nis imposed for the use thereof.\u00a0 (First Sentence Amended by Ord. No. 166,204,\nEff. 10\/11\/90, Oper. 1\/1\/91.)\n","html":"\n\t\t\t\t\t<section><p>\u00a0 BILLIARDS, ETC.<br \/><br \/>\tFor every person engaged in the business of conducting or operating any pool or billiard room, or who for a fee or charge of any kind lets to players the use of any pool table, billiard table or similar device, or who keeps any such table or device available for such use, the tax shall be $106.43 per year for each table or device, whether used or not, which is kept upon the premises.\u00a0 This section shall apply regardless of whether the table is maintained as an incident to the conduct or operation of a social or athletic club, or as an adjunct of any other private institution or activity, if a charge is imposed for the use thereof.\u00a0 (First Sentence Amended by Ord. No. 166,204, Eff. 10\/11\/90, Oper. 1\/1\/91.)<\/p><\/section>","previous_section":{"id":"2828","structure_id":"19","section_number":"21.59","catch_line":"Baseball, Football, Etc.","url":"\/21.59\/","token":"21.59"},"text":{"0":{"id":"4126","text":"\u00a0 BILLIARDS, ETC.\tFor every person engaged in the business of conducting or operating any pool or billiard room, or who for a fee or charge of any kind lets to players the use of any pool table, billiard table or similar device, or who keeps any such table or device available for such use, the tax shall be $106.43 per year for each table or device, whether used or not, which is kept upon the premises.\u00a0 This section shall apply regardless of whether the table is maintained as an incident to the conduct or operation of a social or athletic club, or as an adjunct of any other private institution or activity, if a charge is imposed for the use thereof.\u00a0 (First Sentence Amended by Ord. No. 166,204, Eff. 10\/11\/90, Oper. 1\/1\/91.)","type":"section","prefixes":[""],"prefix":"","entire_prefix":"","prefix_anchor":"","level":1}}}