{"section_number":"21.6.6","edition_id":"1","section_id":"3059","structure_id":"48","catch_line":"Amendments.","history":"","full_text":"\u00a0 AMENDMENTS.\n\n\tAll amendments of said Revenue and Taxation Code enacted subsequent to the effective date of this ordinance, including amendments adopted and effective to and including September 18, 1959, which relate to the sales and use tax and which are not inconsistent with Part 1.5 of Division 2 of the Revenue and Taxation Code, shall automatically become a part of this ordinance. (Amended by Ord. No. 115,042, Eff. 1\/1\/60.)","order_by":"6.6","ancestry":{"1":{"id":"48","name":"Uniform Sales And Use Tax","identifier":"1.6","label":"article","url":"\/2\/1.6\/"},"2":{"id":"1","name":"Licenses, Permits, Business Regulations","identifier":"2","label":"chapter","url":"\/2\/"}},"structure_contents":{"0":{"id":"3767","structure_id":"48","section_number":"21.6.1","catch_line":"Short Title.","url":"\/21.6.1\/","token":"21.6.1"},"1":{"id":"684","structure_id":"48","section_number":"21.6.10","catch_line":"Use Tax Incentive Program.","url":"\/21.6.10\/","token":"21.6.10"},"2":{"id":"2809","structure_id":"48","section_number":"21.6.2","catch_line":"Purpose.","url":"\/21.6.2\/","token":"21.6.2"},"3":{"id":"1587","structure_id":"48","section_number":"21.6.3","catch_line":"Operative Date \u2013 Contract With State.","url":"\/21.6.3\/","token":"21.6.3"},"4":{"id":"1088","structure_id":"48","section_number":"21.6.4","catch_line":"Sales Tax.","url":"\/21.6.4\/","token":"21.6.4"},"5":{"id":"355","structure_id":"48","section_number":"21.6.5","catch_line":"Use Tax.","url":"\/21.6.5\/","token":"21.6.5"},"6":{"id":"3059","structure_id":"48","section_number":"21.6.6","catch_line":"Amendments.","url":"\/21.6.6\/","token":"21.6.6"},"7":{"id":"269","structure_id":"48","section_number":"21.6.6.1","catch_line":"Application Of Provisions Relating To Exclusions And Exemptions.","url":"\/21.6.6.1\/","token":"21.6.6.1"},"8":{"id":"3506","structure_id":"48","section_number":"21.6.7","catch_line":"Enjoining Collection Forbidden.","url":"\/21.6.7\/","token":"21.6.7"},"9":{"id":"100","structure_id":"48","section_number":"21.6.8","catch_line":"Existing Sales And Use Tax Ordinances Suspended.","url":"\/21.6.8\/","token":"21.6.8"},"10":{"id":"3684","structure_id":"48","section_number":"21.6.9","catch_line":"Severability.","url":"\/21.6.9\/","token":"21.6.9"}},"next_section":{"id":"269","structure_id":"48","section_number":"21.6.6.1","catch_line":"Application Of Provisions Relating To Exclusions And Exemptions.","url":"\/21.6.6.1\/","token":"21.6.6.1"},"metadata":false,"references":false,"url":"\/21.6.6\/","token":"21.6.6","formats":{"txt":"\/21.6.6.txt","json":"\/21.6.6.xml"},"dublin_core":{"Title":"Amendments.","Type":"Text","Format":"text\/html","Identifier":"\u00a7 21.6.6","Relation":"Los Angeles Municipal Code"},"plain_text":"                            LOS ANGELES MUNICIPAL CODE\n\nAMENDMENTS. (\u00a7 21.6.6)\n\n\u00a0 AMENDMENTS.\tAll amendments of said Revenue and Taxation Code enacted\nsubsequent to the effective date of this ordinance, including amendments adopted\nand effective to and including September 18, 1959, which relate to the sales and\nuse tax and which are not inconsistent with Part 1.5 of Division 2 of the\nRevenue and Taxation Code, shall automatically become a part of this ordinance.\n(Amended by Ord. No. 115,042, Eff. 1\/1\/60.)\n","html":"\n\t\t\t\t\t<section><p>\u00a0 AMENDMENTS.<br \/><br \/>\tAll amendments of said Revenue and Taxation Code enacted subsequent to the effective date of this <span class=\"dictionary\">ordinance<\/span>, including amendments adopted and effective to and including September 18, 1959, which relate to the sales and use tax and which are not inconsistent with Part 1.5 of Division 2 of the Revenue and Taxation Code, shall automatically become a part of this <span class=\"dictionary\">ordinance<\/span>. (Amended by Ord. No. 115,042, Eff. 1\/1\/60.)<\/p><\/section>","previous_section":{"id":"355","structure_id":"48","section_number":"21.6.5","catch_line":"Use Tax.","url":"\/21.6.5\/","token":"21.6.5"},"text":{"0":{"id":"3033","text":"\u00a0 AMENDMENTS.\tAll amendments of said Revenue and Taxation Code enacted subsequent to the effective date of this ordinance, including amendments adopted and effective to and including September 18, 1959, which relate to the sales and use tax and which are not inconsistent with Part 1.5 of Division 2 of the Revenue and Taxation Code, shall automatically become a part of this ordinance. (Amended by Ord. No. 115,042, Eff. 1\/1\/60.)","type":"section","prefixes":[""],"prefix":"","entire_prefix":"","prefix_anchor":"","level":1}}}