{"section_number":"21.7.11","edition_id":"1","section_id":"366","structure_id":"81","catch_line":"Records.","history":"","full_text":"\u00a0 RECORDS.\n\t(Amended by Ord. No. 173, 587, Eff. 12\/7\/00.)\n\n\tIt shall he the duty of every operator liable for the collection and payment to the City of any tax imposed by this article to keep and preserve, for a period of three years, all records as may be necessary to determine the amount of such tax as he may have been liable for the collection of and payment to the City, which records the Office of Finance shall have the right to inspect at all reasonable times.","order_by":"7.11","ancestry":{"1":{"id":"81","name":"Transient Occupancy Tax","identifier":"1.7","label":"article","url":"\/2\/1.7\/"},"2":{"id":"1","name":"Licenses, Permits, Business Regulations","identifier":"2","label":"chapter","url":"\/2\/"}},"structure_contents":{"0":{"id":"1760","structure_id":"81","section_number":"21.7.1","catch_line":"Title.","url":"\/21.7.1\/","token":"21.7.1"},"1":{"id":"330","structure_id":"81","section_number":"21.7.10","catch_line":"Assessment \u2013 Administrative Remedy.","url":"\/21.7.10\/","token":"21.7.10"},"2":{"id":"366","structure_id":"81","section_number":"21.7.11","catch_line":"Records.","url":"\/21.7.11\/","token":"21.7.11"},"3":{"id":"3791","structure_id":"81","section_number":"21.7.12","catch_line":"Refunds.","url":"\/21.7.12\/","token":"21.7.12"},"4":{"id":"813","structure_id":"81","section_number":"21.7.13","catch_line":"Actions To Collect.","url":"\/21.7.13\/","token":"21.7.13"},"5":{"id":"1649","structure_id":"81","section_number":"21.7.2","catch_line":"Definitions.","url":"\/21.7.2\/","token":"21.7.2"},"6":{"id":"1099","structure_id":"81","section_number":"21.7.3","catch_line":"Tax Imposed.","url":"\/21.7.3\/","token":"21.7.3"},"7":{"id":"4141","structure_id":"81","section_number":"21.7.4","catch_line":"Exemptions.","url":"\/21.7.4\/","token":"21.7.4"},"8":{"id":"1155","structure_id":"81","section_number":"21.7.5","catch_line":"Operator\u2019S Duties.","url":"\/21.7.5\/","token":"21.7.5"},"9":{"id":"1578","structure_id":"81","section_number":"21.7.6","catch_line":"Registration.","url":"\/21.7.6\/","token":"21.7.6"},"10":{"id":"463","structure_id":"81","section_number":"21.7.7","catch_line":"Reporting And Remitting.","url":"\/21.7.7\/","token":"21.7.7"},"11":{"id":"602","structure_id":"81","section_number":"21.7.8","catch_line":"Penalties And Interest.","url":"\/21.7.8\/","token":"21.7.8"},"12":{"id":"3657","structure_id":"81","section_number":"21.7.9","catch_line":"Additional Powers And Duties Of Director Of Finance, Etc.","url":"\/21.7.9\/","token":"21.7.9"}},"next_section":{"id":"3791","structure_id":"81","section_number":"21.7.12","catch_line":"Refunds.","url":"\/21.7.12\/","token":"21.7.12"},"metadata":false,"references":false,"url":"\/21.7.11\/","token":"21.7.11","formats":{"txt":"\/21.7.11.txt","json":"\/21.7.11.xml"},"dublin_core":{"Title":"Records.","Type":"Text","Format":"text\/html","Identifier":"\u00a7 21.7.11","Relation":"Los Angeles Municipal Code"},"plain_text":"                            LOS ANGELES MUNICIPAL CODE\n\nRECORDS. (\u00a7 21.7.11)\n\n\u00a0 RECORDS.\n\t(Amended by Ord. No. 173, 587, Eff. 12\/7\/00.)\tIt shall he the duty of every\noperator liable for the collection and payment to the City of any tax imposed by\nthis article to keep and preserve, for a period of three years, all records as\nmay be necessary to determine the amount of such tax as he may have been liable\nfor the collection of and payment to the City, which records the Office of\nFinance shall have the right to inspect at all reasonable times.\n","html":"\n\t\t\t\t\t<section><p>\u00a0 RECORDS.\n\t(Amended by Ord. No. 173, 587, Eff. 12\/7\/00.)<br \/><br \/>\tIt shall he the duty of every operator liable for the collection and payment to the City of any tax imposed by this article to keep and preserve, for a period of three years, all records as may be necessary to determine the amount of such tax as he may have been liable for the collection of and payment to the City, which records the Office of Finance shall have the right to inspect at all reasonable times.<\/p><\/section>","previous_section":{"id":"330","structure_id":"81","section_number":"21.7.10","catch_line":"Assessment \u2013 Administrative Remedy.","url":"\/21.7.10\/","token":"21.7.10"},"text":{"0":{"id":"361","text":"\u00a0 RECORDS.\n\t(Amended by Ord. No. 173, 587, Eff. 12\/7\/00.)\tIt shall he the duty of every operator liable for the collection and payment to the City of any tax imposed by this article to keep and preserve, for a period of three years, all records as may be necessary to determine the amount of such tax as he may have been liable for the collection of and payment to the City, which records the Office of Finance shall have the right to inspect at all reasonable times.","type":"section","prefixes":[""],"prefix":"","entire_prefix":"","prefix_anchor":"","level":1}}}