{"section_number":"21.7.4","edition_id":"1","section_id":"4141","structure_id":"81","catch_line":"Exemptions.","history":"","full_text":"\u00a0 EXEMPTIONS.\n\t(Amended by Ord. No. 159,773, Eff. 5\/25\/85.)\n\n\tNo tax shall be imposed upon:\n\n\t(a)\tAny person as to whom, or any occupancy as to which, it is beyond the power of the City to impose the tax herein provided;\n\n\t(b)\tAny Federal or State of California officer or employee, including employees of federal credit unions, who provides proof that he or she is on official Federal or State business.\u00a0 (Amended by Ord. No. 172,773, Eff. 9\/25\/99.)\n\n\t(c)\tAny officer or employee of a foreign government who is exempt by express provision of federal law or international treaty;\n\n\t(d)\tAny person to whom rent is charged at the rate of $2.00 per day or less;\n\n\t(e)\tAny person as to whom, or any occupancy as to which, rent is paid from funds administered by the Emergency Food and Shelter National Board Program.\n\n\tNo exemption shall be granted under Subsections (a), (b) or (c) except upon a claim therefor made at the time rent is collected and under penalty of perjury upon a form prescribed by the Director of Finance.\n\n\tIt shall be the duty of an operator to keep and maintain for a period of four (4) years written documentation in support of each exemption granted under Subsection (e).","order_by":"7.4","ancestry":{"1":{"id":"81","name":"Transient Occupancy Tax","identifier":"1.7","label":"article","url":"\/2\/1.7\/"},"2":{"id":"1","name":"Licenses, Permits, Business Regulations","identifier":"2","label":"chapter","url":"\/2\/"}},"structure_contents":{"0":{"id":"1760","structure_id":"81","section_number":"21.7.1","catch_line":"Title.","url":"\/21.7.1\/","token":"21.7.1"},"1":{"id":"330","structure_id":"81","section_number":"21.7.10","catch_line":"Assessment \u2013 Administrative Remedy.","url":"\/21.7.10\/","token":"21.7.10"},"2":{"id":"366","structure_id":"81","section_number":"21.7.11","catch_line":"Records.","url":"\/21.7.11\/","token":"21.7.11"},"3":{"id":"3791","structure_id":"81","section_number":"21.7.12","catch_line":"Refunds.","url":"\/21.7.12\/","token":"21.7.12"},"4":{"id":"813","structure_id":"81","section_number":"21.7.13","catch_line":"Actions To Collect.","url":"\/21.7.13\/","token":"21.7.13"},"5":{"id":"1649","structure_id":"81","section_number":"21.7.2","catch_line":"Definitions.","url":"\/21.7.2\/","token":"21.7.2"},"6":{"id":"1099","structure_id":"81","section_number":"21.7.3","catch_line":"Tax Imposed.","url":"\/21.7.3\/","token":"21.7.3"},"7":{"id":"4141","structure_id":"81","section_number":"21.7.4","catch_line":"Exemptions.","url":"\/21.7.4\/","token":"21.7.4"},"8":{"id":"1155","structure_id":"81","section_number":"21.7.5","catch_line":"Operator\u2019S Duties.","url":"\/21.7.5\/","token":"21.7.5"},"9":{"id":"1578","structure_id":"81","section_number":"21.7.6","catch_line":"Registration.","url":"\/21.7.6\/","token":"21.7.6"},"10":{"id":"463","structure_id":"81","section_number":"21.7.7","catch_line":"Reporting And Remitting.","url":"\/21.7.7\/","token":"21.7.7"},"11":{"id":"602","structure_id":"81","section_number":"21.7.8","catch_line":"Penalties And Interest.","url":"\/21.7.8\/","token":"21.7.8"},"12":{"id":"3657","structure_id":"81","section_number":"21.7.9","catch_line":"Additional Powers And Duties Of Director Of Finance, Etc.","url":"\/21.7.9\/","token":"21.7.9"}},"next_section":{"id":"1155","structure_id":"81","section_number":"21.7.5","catch_line":"Operator\u2019S Duties.","url":"\/21.7.5\/","token":"21.7.5"},"metadata":false,"references":false,"url":"\/21.7.4\/","token":"21.7.4","formats":{"txt":"\/21.7.4.txt","json":"\/21.7.4.xml"},"dublin_core":{"Title":"Exemptions.","Type":"Text","Format":"text\/html","Identifier":"\u00a7 21.7.4","Relation":"Los Angeles Municipal Code"},"plain_text":"                            LOS ANGELES MUNICIPAL CODE\n\nEXEMPTIONS. (\u00a7 21.7.4)\n\n\u00a0 EXEMPTIONS.\n\t(Amended by Ord. No. 159,773, Eff. 5\/25\/85.)\tNo tax shall be imposed\nupon:\t(a)\tAny person as to whom, or any occupancy as to which, it is beyond the\npower of the City to impose the tax herein provided;\t(b)\tAny Federal or State of\nCalifornia officer or employee, including employees of federal credit unions,\nwho provides proof that he or she is on official Federal or State business.\u00a0\n(Amended by Ord. No. 172,773, Eff. 9\/25\/99.)\t(c)\tAny officer or employee of a\nforeign government who is exempt by express provision of federal law or\ninternational treaty;\t(d)\tAny person to whom rent is charged at the rate of\n$2.00 per day or less;\t(e)\tAny person as to whom, or any occupancy as to which,\nrent is paid from funds administered by the Emergency Food and Shelter National\nBoard Program.\tNo exemption shall be granted under Subsections (a), (b) or (c)\nexcept upon a claim therefor made at the time rent is collected and under\npenalty of perjury upon a form prescribed by the Director of Finance.\tIt shall\nbe the duty of an operator to keep and maintain for a period of four (4) years\nwritten documentation in support of each exemption granted under Subsection (e).\n","html":"\n\t\t\t\t\t<section><p>\u00a0 EXEMPTIONS.\n\t(Amended by Ord. No. 159,773, Eff. 5\/25\/85.)<br \/><br \/>\tNo tax shall be imposed upon:<br \/><br \/>\t(a)\tAny person as to whom, or any occupancy as to which, it is beyond the power of the City to impose the tax herein provided;<br \/><br \/>\t(b)\tAny Federal or State of California officer or employee, including employees of federal credit unions, who provides proof that he or she is on official Federal or State business.\u00a0 (Amended by Ord. No. 172,773, Eff. 9\/25\/99.)<br \/><br \/>\t(c)\tAny officer or employee of a foreign government who is exempt by express provision of federal <span class=\"dictionary\">law<\/span> or international treaty;<br \/><br \/>\t(d)\tAny person to whom rent is charged at the rate of $2.00 per day or less;<br \/><br \/>\t(e)\tAny person as to whom, or any occupancy as to which, rent is paid from funds administered by the Emergency Food and Shelter National Board Program.<br \/><br \/>\tNo exemption shall be granted under Subsections (a), (b) or (c) except upon a claim therefor made at the time rent is collected and under <span class=\"dictionary\">penalty<\/span> of <span class=\"dictionary\">perjury<\/span> upon a form prescribed by the Director of Finance.<br \/><br \/>\tIt shall be the duty of an operator to keep and maintain for a period of four (4) years written documentation in support of each exemption granted under Subsection (e).<\/p><\/section>","previous_section":{"id":"1099","structure_id":"81","section_number":"21.7.3","catch_line":"Tax Imposed.","url":"\/21.7.3\/","token":"21.7.3"},"text":{"0":{"id":"4114","text":"\u00a0 EXEMPTIONS.\n\t(Amended by Ord. No. 159,773, Eff. 5\/25\/85.)\tNo tax shall be imposed upon:\t(a)\tAny person as to whom, or any occupancy as to which, it is beyond the power of the City to impose the tax herein provided;\t(b)\tAny Federal or State of California officer or employee, including employees of federal credit unions, who provides proof that he or she is on official Federal or State business.\u00a0 (Amended by Ord. No. 172,773, Eff. 9\/25\/99.)\t(c)\tAny officer or employee of a foreign government who is exempt by express provision of federal law or international treaty;\t(d)\tAny person to whom rent is charged at the rate of $2.00 per day or less;\t(e)\tAny person as to whom, or any occupancy as to which, rent is paid from funds administered by the Emergency Food and Shelter National Board Program.\tNo exemption shall be granted under Subsections (a), (b) or (c) except upon a claim therefor made at the time rent is collected and under penalty of perjury upon a form prescribed by the Director of Finance.\tIt shall be the duty of an operator to keep and maintain for a period of four (4) years written documentation in support of each exemption granted under Subsection (e).","type":"section","prefixes":[""],"prefix":"","entire_prefix":"","prefix_anchor":"","level":1}}}