{"section_number":"21.9.2","edition_id":"1","section_id":"2421","structure_id":"2","catch_line":"Tax Imposed.","history":"","full_text":"\u00a0 TAX IMPOSED.\n\t(Amended by Ord. No. 166,976, Eff. 7\/3\/91, Oper. 7\/1\/91.)\n\n\tThere is hereby imposed on each deed, instrument or writing by which any lands, tenements, or other realty sold within the City of Los Angeles shall be granted, assigned, transferred or otherwise conveyed to, or vested in, the purchaser or purchasers, or any other person or persons, by his or their direction, when the consideration or value of the interest or property conveyed (exclusive of the value of any lien or encumbrance remaining thereon at the time of sale) exceeds $100.00, a tax at the rate of $2.25 for each $500.00 or fractional part thereof.","order_by":"9.2","ancestry":{"1":{"id":"2","name":"Real Property Transfer Tax","identifier":"1.9","label":"article","url":"\/2\/1.9\/"},"2":{"id":"1","name":"Licenses, Permits, Business Regulations","identifier":"2","label":"chapter","url":"\/2\/"}},"structure_contents":{"0":{"id":"2666","structure_id":"2","section_number":"21.9.1","catch_line":"Title.","url":"\/21.9.1\/","token":"21.9.1"},"1":{"id":"3263","structure_id":"2","section_number":"21.9.10","catch_line":"Refunds.","url":"\/21.9.10\/","token":"21.9.10"},"2":{"id":"3569","structure_id":"2","section_number":"21.9.11","catch_line":"Duties Of Clerk.","url":"\/21.9.11\/","token":"21.9.11"},"3":{"id":"727","structure_id":"2","section_number":"21.9.12","catch_line":"Exemption-Exchanges With The City.","url":"\/21.9.12\/","token":"21.9.12"},"4":{"id":"1244","structure_id":"2","section_number":"21.9.13","catch_line":"Exemption \u2013 Certain Non-Profit Corporation\nTransfers.","url":"\/21.9.13\/","token":"21.9.13"},"5":{"id":"2421","structure_id":"2","section_number":"21.9.2","catch_line":"Tax Imposed.","url":"\/21.9.2\/","token":"21.9.2"},"6":{"id":"166","structure_id":"2","section_number":"21.9.3","catch_line":"Persons Liable.","url":"\/21.9.3\/","token":"21.9.3"},"7":{"id":"1","structure_id":"2","section_number":"21.9.4","catch_line":"Exemption \u2013 Debt Security.","url":"\/21.9.4\/","token":"21.9.4"},"8":{"id":"1556","structure_id":"2","section_number":"21.9.5","catch_line":"Exemption \u2013 Governmental Agencies.","url":"\/21.9.5\/","token":"21.9.5"},"9":{"id":"3169","structure_id":"2","section_number":"21.9.6","catch_line":"Exemptions \u2013 Bankruptcy, Receivership, Etc.","url":"\/21.9.6\/","token":"21.9.6"},"10":{"id":"1215","structure_id":"2","section_number":"21.9.7","catch_line":"Exemptions \u2013 Orders Of S.E.C.","url":"\/21.9.7\/","token":"21.9.7"},"11":{"id":"401","structure_id":"2","section_number":"21.9.8","catch_line":"Exemption \u2013 Certain Partnership Transfers.","url":"\/21.9.8\/","token":"21.9.8"},"12":{"id":"2314","structure_id":"2","section_number":"21.9.9","catch_line":"Recorder Administers.","url":"\/21.9.9\/","token":"21.9.9"}},"next_section":{"id":"166","structure_id":"2","section_number":"21.9.3","catch_line":"Persons Liable.","url":"\/21.9.3\/","token":"21.9.3"},"metadata":false,"references":false,"url":"\/21.9.2\/","token":"21.9.2","formats":{"txt":"\/21.9.2.txt","json":"\/21.9.2.xml"},"dublin_core":{"Title":"Tax Imposed.","Type":"Text","Format":"text\/html","Identifier":"\u00a7 21.9.2","Relation":"Los Angeles Municipal Code"},"plain_text":"                            LOS ANGELES MUNICIPAL CODE\n\nTAX IMPOSED. (\u00a7 21.9.2)\n\n\u00a0 TAX IMPOSED.\n\t(Amended by Ord. No. 166,976, Eff. 7\/3\/91, Oper. 7\/1\/91.)\tThere is hereby\nimposed on each deed, instrument or writing by which any lands, tenements, or\nother realty sold within the City of Los Angeles shall be granted, assigned,\ntransferred or otherwise conveyed to, or vested in, the purchaser or purchasers,\nor any other person or persons, by his or their direction, when the\nconsideration or value of the interest or property conveyed (exclusive of the\nvalue of any lien or encumbrance remaining thereon at the time of sale) exceeds\n$100.00, a tax at the rate of $2.25 for each $500.00 or fractional part thereof.\n","html":"\n\t\t\t\t\t<section><p>\u00a0 TAX IMPOSED.\n\t(Amended by Ord. No. 166,976, Eff. 7\/3\/91, Oper. 7\/1\/91.)<br \/><br \/>\tThere is hereby imposed on each deed, instrument or writing by which any lands, tenements, or other realty sold within the City of Los Angeles shall be granted, assigned, transferred or otherwise conveyed to, or vested in, the purchaser or purchasers, or any other person or persons, by his or their direction, when the consideration or value of the interest or property conveyed (exclusive of the value of any <span class=\"dictionary\">lien<\/span> or encumbrance remaining thereon at the time of sale) exceeds $100.00, a tax at the rate of $2.25 for each $500.00 or fractional part thereof.<\/p><\/section>","previous_section":{"id":"1244","structure_id":"2","section_number":"21.9.13","catch_line":"Exemption \u2013 Certain Non-Profit Corporation\nTransfers.","url":"\/21.9.13\/","token":"21.9.13"},"text":{"0":{"id":"2398","text":"\u00a0 TAX IMPOSED.\n\t(Amended by Ord. No. 166,976, Eff. 7\/3\/91, Oper. 7\/1\/91.)\tThere is hereby imposed on each deed, instrument or writing by which any lands, tenements, or other realty sold within the City of Los Angeles shall be granted, assigned, transferred or otherwise conveyed to, or vested in, the purchaser or purchasers, or any other person or persons, by his or their direction, when the consideration or value of the interest or property conveyed (exclusive of the value of any lien or encumbrance remaining thereon at the time of sale) exceeds $100.00, a tax at the rate of $2.25 for each $500.00 or fractional part thereof.","type":"section","prefixes":[""],"prefix":"","entire_prefix":"","prefix_anchor":"","level":1}}}