{"section_number":"28.05","edition_id":"1","section_id":"1575","structure_id":"117","catch_line":"Hand-Bills, Signs \u2013 Beach Or Tideland Of City \u2013 Exception.","history":"","full_text":"\u00a0 HAND-BILLS, SIGNS \u2013 BEACH OR TIDELAND OF CITY \u2013 EXCEPTION.\n\n\tNo person shall paint, mark or write on or post, or otherwise affix or attach any hand-bill or sign to or on any land belonging to this City fronting on the Pacific Ocean or upon any tideland or submerged lands granted to this City by the State or heretofore or hereafter acquired by this City by annexation or consolidation.\n\n\tProvided, however, that nothing in this section contained shall be deemed or construed to prohibit any person lawfully occupying any portion of any tideland or submerged land by virtue of any lease or permit from placing upon such portion thereof advertising or advertisements pertaining exclusively to the business conducted or maintained upon such portion thereof pursuant to said lease or permit.","order_by":"05","ancestry":{"1":{"id":"117","name":"Advertising","identifier":"8","label":"article","url":"\/2\/8\/"},"2":{"id":"1","name":"Licenses, Permits, Business Regulations","identifier":"2","label":"chapter","url":"\/2\/"}},"structure_contents":{"0":{"id":"943","structure_id":"117","section_number":"28.00","catch_line":"Definitions.","url":"\/28.00\/","token":"28.00"},"1":{"id":"4108","structure_id":"117","section_number":"28.01","catch_line":"Handbills \u2013 Distribution.","url":"\/28.01\/","token":"28.01"},"2":{"id":"1742","structure_id":"117","section_number":"28.01.1","catch_line":"Hand-Bills And Tip Sheets \u2013 Distribution.","url":"\/28.01.1\/","token":"28.01.1"},"3":{"id":"1108","structure_id":"117","section_number":"28.02","catch_line":"Hand-Bills \u2013 Permission Premises.","url":"\/28.02\/","token":"28.02"},"4":{"id":"4053","structure_id":"117","section_number":"28.03","catch_line":"Hand-Bills, Signs \u2013 Buildings Permission.","url":"\/28.03\/","token":"28.03"},"5":{"id":"1406","structure_id":"117","section_number":"28.04","catch_line":"Hand-Bills, Signs \u2013 Public Places And Objects.","url":"\/28.04\/","token":"28.04"},"6":{"id":"1575","structure_id":"117","section_number":"28.05","catch_line":"Hand-Bills, Signs \u2013 Beach Or Tideland Of City \u2013 Exception.","url":"\/28.05\/","token":"28.05"},"7":{"id":"1169","structure_id":"117","section_number":"28.08","catch_line":"Hand-Bills \u2013 Name And Address Of Distributor.","url":"\/28.08\/","token":"28.08"},"8":{"id":"2229","structure_id":"117","section_number":"28.09","catch_line":"Advertising \u2013 Goods As Dealers \u2013 Exception.","url":"\/28.09\/","token":"28.09"},"9":{"id":"945","structure_id":"117","section_number":"28.10","catch_line":"Balloon \u2013 Use For Advertising.","url":"\/28.10\/","token":"28.10"},"10":{"id":"3110","structure_id":"117","section_number":"28.11","catch_line":"Captive Balloons And Similar Devices.","url":"\/28.11\/","token":"28.11"},"11":{"id":"2670","structure_id":"117","section_number":"28.12","catch_line":"Airplanes \u2013 Loud Speakers On.","url":"\/28.12\/","token":"28.12"},"12":{"id":"3459","structure_id":"117","section_number":"28.13","catch_line":"Animals \u2013 Use For Advertising.","url":"\/28.13\/","token":"28.13"},"13":{"id":"2168","structure_id":"117","section_number":"28.15","catch_line":"Signs \u2013 Liquor Establishments.","url":"\/28.15\/","token":"28.15"},"14":{"id":"1976","structure_id":"117","section_number":"28.16","catch_line":"Signs \u2013 Gasoline Prices \u2013 Posting.","url":"\/28.16\/","token":"28.16"},"15":{"id":"4056","structure_id":"117","section_number":"28.16.1","catch_line":"Signs \u2013 Gasoline Sales \u2013 Volume.","url":"\/28.16.1\/","token":"28.16.1"},"16":{"id":"2068","structure_id":"117","section_number":"28.17","catch_line":"Signs \u2013 Gasoline Prices \u2013 Uniformity.","url":"\/28.17\/","token":"28.17"},"17":{"id":"1413","structure_id":"117","section_number":"28.20","catch_line":"Advertising \u2013 Kosher Meat Products.","url":"\/28.20\/","token":"28.20"}},"next_section":{"id":"1169","structure_id":"117","section_number":"28.08","catch_line":"Hand-Bills \u2013 Name And Address Of Distributor.","url":"\/28.08\/","token":"28.08"},"metadata":false,"references":false,"url":"\/28.05\/","token":"28.05","formats":{"txt":"\/28.05.txt","json":"\/28.05.xml"},"dublin_core":{"Title":"Hand-Bills, Signs \u2013 Beach Or Tideland Of City \u2013 Exception.","Type":"Text","Format":"text\/html","Identifier":"\u00a7 28.05","Relation":"Los Angeles Municipal Code"},"plain_text":"                            LOS ANGELES MUNICIPAL CODE\n\nHAND-BILLS, SIGNS \u2013 BEACH OR TIDELAND OF CITY \u2013 EXCEPTION. (\u00a7 28.05)\n\n\u00a0 HAND-BILLS, SIGNS \u2013 BEACH OR TIDELAND OF CITY \u2013 EXCEPTION.\tNo person\nshall paint, mark or write on or post, or otherwise affix or attach any\nhand-bill or sign to or on any land belonging to this City fronting on the\nPacific Ocean or upon any tideland or submerged lands granted to this City by\nthe State or heretofore or hereafter acquired by this City by annexation or\nconsolidation.\tProvided, however, that nothing in this section contained shall\nbe deemed or construed to prohibit any person lawfully occupying any portion of\nany tideland or submerged land by virtue of any lease or permit from placing\nupon such portion thereof advertising or advertisements pertaining exclusively\nto the business conducted or maintained upon such portion thereof pursuant to\nsaid lease or permit.\n","html":"\n\t\t\t\t\t<section><p>\u00a0 HAND-BILLS, SIGNS \u2013 BEACH OR TIDELAND OF CITY \u2013 EXCEPTION.<br \/><br \/>\tNo person shall paint, mark or write on or post, or otherwise affix or attach any hand-bill or sign to or on any land belonging to this City fronting on the Pacific Ocean or upon any tideland or submerged lands granted to this City by the State or heretofore or hereafter acquired by this City by annexation or <span class=\"dictionary\">consolidation<\/span>.<br \/><br \/>\tProvided, however, that nothing in this section contained shall be deemed or construed to prohibit any person lawfully occupying any portion of any tideland or submerged land by virtue of any lease or permit from placing upon such portion thereof advertising or advertisements pertaining exclusively to the business conducted or maintained upon such portion thereof pursuant to said lease or permit.<\/p><\/section>","previous_section":{"id":"1406","structure_id":"117","section_number":"28.04","catch_line":"Hand-Bills, Signs \u2013 Public Places And Objects.","url":"\/28.04\/","token":"28.04"},"text":{"0":{"id":"1561","text":"\u00a0 HAND-BILLS, SIGNS \u2013 BEACH OR TIDELAND OF CITY \u2013 EXCEPTION.\tNo person shall paint, mark or write on or post, or otherwise affix or attach any hand-bill or sign to or on any land belonging to this City fronting on the Pacific Ocean or upon any tideland or submerged lands granted to this City by the State or heretofore or hereafter acquired by this City by annexation or consolidation.\tProvided, however, that nothing in this section contained shall be deemed or construed to prohibit any person lawfully occupying any portion of any tideland or submerged land by virtue of any lease or permit from placing upon such portion thereof advertising or advertisements pertaining exclusively to the business conducted or maintained upon such portion thereof pursuant to said lease or permit.","type":"section","prefixes":[""],"prefix":"","entire_prefix":"","prefix_anchor":"","level":1}}}