{"section_number":"28.12","edition_id":"1","section_id":"2670","structure_id":"117","catch_line":"Airplanes \u2013 Loud Speakers On.","history":"","full_text":"\u00a0 AIRPLANES \u2013 LOUD SPEAKERS ON.\n\n\tNo person, while flying any type of aircraft over this City, shall operate thereon any loud speaker, siren or other device, except the unmuffled exhaust of each aircraft, which makes any noise or sound sufficiently loud to attract attention of persons on the ground; provided that the Board of Police Commissioners may issue a temporary permit for a period of time not to exceed twenty-four hours to persons to operate a loud speaker, siren or other noise making device on aircraft, if the Board determines that such operation may be necessary in connection with any important celebration in this City.","order_by":"12","ancestry":{"1":{"id":"117","name":"Advertising","identifier":"8","label":"article","url":"\/2\/8\/"},"2":{"id":"1","name":"Licenses, Permits, Business Regulations","identifier":"2","label":"chapter","url":"\/2\/"}},"structure_contents":{"0":{"id":"943","structure_id":"117","section_number":"28.00","catch_line":"Definitions.","url":"\/28.00\/","token":"28.00"},"1":{"id":"4108","structure_id":"117","section_number":"28.01","catch_line":"Handbills \u2013 Distribution.","url":"\/28.01\/","token":"28.01"},"2":{"id":"1742","structure_id":"117","section_number":"28.01.1","catch_line":"Hand-Bills And Tip Sheets \u2013 Distribution.","url":"\/28.01.1\/","token":"28.01.1"},"3":{"id":"1108","structure_id":"117","section_number":"28.02","catch_line":"Hand-Bills \u2013 Permission Premises.","url":"\/28.02\/","token":"28.02"},"4":{"id":"4053","structure_id":"117","section_number":"28.03","catch_line":"Hand-Bills, Signs \u2013 Buildings Permission.","url":"\/28.03\/","token":"28.03"},"5":{"id":"1406","structure_id":"117","section_number":"28.04","catch_line":"Hand-Bills, Signs \u2013 Public Places And Objects.","url":"\/28.04\/","token":"28.04"},"6":{"id":"1575","structure_id":"117","section_number":"28.05","catch_line":"Hand-Bills, Signs \u2013 Beach Or Tideland Of City \u2013 Exception.","url":"\/28.05\/","token":"28.05"},"7":{"id":"1169","structure_id":"117","section_number":"28.08","catch_line":"Hand-Bills \u2013 Name And Address Of Distributor.","url":"\/28.08\/","token":"28.08"},"8":{"id":"2229","structure_id":"117","section_number":"28.09","catch_line":"Advertising \u2013 Goods As Dealers \u2013 Exception.","url":"\/28.09\/","token":"28.09"},"9":{"id":"945","structure_id":"117","section_number":"28.10","catch_line":"Balloon \u2013 Use For Advertising.","url":"\/28.10\/","token":"28.10"},"10":{"id":"3110","structure_id":"117","section_number":"28.11","catch_line":"Captive Balloons And Similar Devices.","url":"\/28.11\/","token":"28.11"},"11":{"id":"2670","structure_id":"117","section_number":"28.12","catch_line":"Airplanes \u2013 Loud Speakers On.","url":"\/28.12\/","token":"28.12"},"12":{"id":"3459","structure_id":"117","section_number":"28.13","catch_line":"Animals \u2013 Use For Advertising.","url":"\/28.13\/","token":"28.13"},"13":{"id":"2168","structure_id":"117","section_number":"28.15","catch_line":"Signs \u2013 Liquor Establishments.","url":"\/28.15\/","token":"28.15"},"14":{"id":"1976","structure_id":"117","section_number":"28.16","catch_line":"Signs \u2013 Gasoline Prices \u2013 Posting.","url":"\/28.16\/","token":"28.16"},"15":{"id":"4056","structure_id":"117","section_number":"28.16.1","catch_line":"Signs \u2013 Gasoline Sales \u2013 Volume.","url":"\/28.16.1\/","token":"28.16.1"},"16":{"id":"2068","structure_id":"117","section_number":"28.17","catch_line":"Signs \u2013 Gasoline Prices \u2013 Uniformity.","url":"\/28.17\/","token":"28.17"},"17":{"id":"1413","structure_id":"117","section_number":"28.20","catch_line":"Advertising \u2013 Kosher Meat Products.","url":"\/28.20\/","token":"28.20"}},"next_section":{"id":"3459","structure_id":"117","section_number":"28.13","catch_line":"Animals \u2013 Use For Advertising.","url":"\/28.13\/","token":"28.13"},"metadata":false,"references":false,"url":"\/28.12\/","token":"28.12","formats":{"txt":"\/28.12.txt","json":"\/28.12.xml"},"dublin_core":{"Title":"Airplanes \u2013 Loud Speakers On.","Type":"Text","Format":"text\/html","Identifier":"\u00a7 28.12","Relation":"Los Angeles Municipal Code"},"plain_text":"                            LOS ANGELES MUNICIPAL CODE\n\nAIRPLANES \u2013 LOUD SPEAKERS ON. (\u00a7 28.12)\n\n\u00a0 AIRPLANES \u2013 LOUD SPEAKERS ON.\tNo person, while flying any type of aircraft\nover this City, shall operate thereon any loud speaker, siren or other device,\nexcept the unmuffled exhaust of each aircraft, which makes any noise or sound\nsufficiently loud to attract attention of persons on the ground; provided that\nthe Board of Police Commissioners may issue a temporary permit for a period of\ntime not to exceed twenty-four hours to persons to operate a loud speaker, siren\nor other noise making device on aircraft, if the Board determines that such\noperation may be necessary in connection with any important celebration in this\nCity.\n","html":"\n\t\t\t\t\t<section><p>\u00a0 AIRPLANES \u2013 LOUD SPEAKERS ON.<br \/><br \/>\tNo person, while flying any type of aircraft over this City, shall operate thereon any loud speaker, siren or other device, except the unmuffled exhaust of each aircraft, which makes any noise or sound sufficiently loud to attract attention of persons on the ground; provided that the Board of Police Commissioners may <span class=\"dictionary\">issue<\/span> a temporary permit for a period of time not to exceed twenty-four hours to persons to operate a loud speaker, siren or other noise making device on aircraft, if the Board determines that such operation may be necessary in connection with any important celebration in this City.<\/p><\/section>","previous_section":{"id":"3110","structure_id":"117","section_number":"28.11","catch_line":"Captive Balloons And Similar Devices.","url":"\/28.11\/","token":"28.11"},"text":{"0":{"id":"2646","text":"\u00a0 AIRPLANES \u2013 LOUD SPEAKERS ON.\tNo person, while flying any type of aircraft over this City, shall operate thereon any loud speaker, siren or other device, except the unmuffled exhaust of each aircraft, which makes any noise or sound sufficiently loud to attract attention of persons on the ground; provided that the Board of Police Commissioners may issue a temporary permit for a period of time not to exceed twenty-four hours to persons to operate a loud speaker, siren or other noise making device on aircraft, if the Board determines that such operation may be necessary in connection with any important celebration in this City.","type":"section","prefixes":[""],"prefix":"","entire_prefix":"","prefix_anchor":"","level":1}}}