{"section_number":"41.40","edition_id":"1","section_id":"1857","structure_id":"66","catch_line":"Noise Due To Construction, Excavation Work \u2013 When Prohibited.","history":"","full_text":"\u00a0 NOISE DUE TO CONSTRUCTION, EXCAVATION WORK \u2013 WHEN PROHIBITED.\n\n\t(a)\tNo person shall, between the hours of 9:00 P.M. and 7:00 A.M. of the following day, perform any construction or repair work of any kind upon, or any excavating for, any building or structure, where any of the foregoing entails the use of any power driven drill, riveting machine excavator or any other machine, tool, device or equipment which makes loud noises to the disturbance of persons occupying sleeping quarters in any dwelling hotel or apartment or other place of residence. In addition, the operation, repair or servicing of construction equipment and the job-site delivering of construction materials in such areas shall be prohibited during the hours herein specified. Any person who knowingly and wilfully violates the foregoing provision shall be deemed guilty of a misdemeanor punishable as elsewhere provided in this Code.\u00a0 (Amended by Ord. No. 158,587, Eff. 1\/29\/84.)\n\n\t(b)\tThe provisions of Subsection (a) shall not apply to any person who performs the construction, repair or excavation work involved pursuant to the express written permission of the Board of Police Commissioners through its Executive Director.\u00a0 The Executive Director, on behalf of the Board, may grant this permission, upon application in writing, where the work proposed to be done is in the public interest, or where hardship or injustice, or unreasonable delay would result from its interruption during the hours mentioned above, or where the building or structure involved is devoted or intended to be devoted to a use immediately related to public defense.\u00a0 The provisions of this section shall not in any event apply to construction, repair or excavation work done within any district zoned for manufacturing or industrial uses under the provisions of Chapter I of this Code, nor to emergency work necessitated by any flood, fire or other catastrophe.\u00a0 (Amended by Ord. No. 178,160, Eff. 2\/12\/07.)\n\n\t(c)\t(Amended by Ord. No. 166,170, Eff. 9\/29\/90.)\u00a0 No person, other than an individual homeowner engaged in the repair or construction of his single-family dwelling shall perform any construction or repair work of any kind upon, or any earth grading for, any building or structure located on land developed with residential buildings under the provisions of Chapter I of this Code, or perform such work within 500 feet of land so occupied, before 8:00 a.m. or after 6:00 p.m. on any Saturday or national holiday nor at any time on any Sunday. In addition, the operation, repair or servicing of construction equipment and the job-site delivering of construction materials in such areas shall be prohibited on Saturdays and on Sundays during the hours herein specified. The provisions of this subsection shall not apply to persons engaged in the emergency repair of:\n\n\t1.\tAny building or structure.\n\n\t2.\tEarth supporting or endangering any building or structure.\n\n\t3.\tAny public utility.\n\n\t4.\tAny public way or adjacent earth.\n\n\t(d)\tThe provisions of Subsection (c) shall not apply to construction work done on the Metro Rail Project and the tunnel-station portions of the Los Angeles-Long Beach Rail Project between Sixth to Twelfth Streets, provided however that this construction work shall not include the utilization of soldier pile drilling, vibrating hammer driving, blasting, or any construction activities that will exceed the ambient noise levels as provided in the action of the Police Commission, pursuant to Subsection (b) above, granting a variance for this work.\u00a0 In addition, this construction work will be subject to all the conditions of the conditional variance granted by the Board through its Executive Director.\u00a0 This section shall have no force or effect upon completion of the construction work described here.\u00a0 (Amended by Ord. No. 178,160, Eff. 2\/12\/07.)\n\n\t(e)\tThe provisions of this section shall not apply to construction work done by CALTRANS to repair the collapsed sections of the Santa Monica Freeway within a one mile radius of the intersection of Interstate 10 and Fairfax Avenue.\u00a0 This section shall have no force and effect upon completion of the construction work herein described.\u00a0 (Added by Ord. No. 169,669, Eff. 5\/13\/94.)\n\n\t(f)\tThe provisions of this section shall not apply to construction work done by the County of Los Angeles in connection with Phases 2 and 3 of Unit 5 of the Hollyhills Storm Drain Project, including the installation of temporary bridges and any other structures necessary to regulate or direct traffic because of the storm drain construction.\u00a0 Unit 5 construction is within the area bounded by Beverly Boulevard, 3rd Street, La Cienega Boulevard and San Vicente Boulevard.\u00a0 Phases 2 and 3 involve several underground concrete structures to be built in and around the intersection of La Cienega and San Vicente Boulevards.\u00a0 This section shall have no force and effect upon completion of the construction work herein specified.\u00a0 (Added by Ord. No. 172, 091, Eff. 7\/3\/98.)\n\n\t(g)\tThe provisions of Subsection (c) shall not apply to construction work undertaken from March 31, 2000 to August 20, 2000 that must be done prior to the Democratic National Convention, provided however that such construction work will be subject to all conditions established by the Los Angeles Police Department Noise Enforcement Team, in\u00a0 1)\u00a0 the downtown area bounded by Union Street on the west, Washington on the south, San Pedro on the east, and 101 Freeway on the North, including but not limited to work undertaken in compliance with construction permits issued by the Bureau of Engineering, water line improvements\/installation, sewer construction, fiber optic installation, and street paving or is associated with the Convention such as installation and removal of security barriers and fencing and\u00a0 2)\u00a0 the Windward Plaza area of Venice Beach, between 18th Place and Horizon Avenue from the western border of Ocean Front Walk to the beach, for the Venice Beach Ocean Front Walk Refurbishment Project under the direction of the City of Los Angeles Department of Recreation and Parks Department.\u00a0 This section shall have no force and effect after August 20, 2000.\u00a0 (Added by Ord. No. 173,154, Eff. 4\/30\/00.)\n\n\t(h)\tThe provisions of Subsection (c) shall not apply to the construction work done by the City of Los Angeles in connection with the portion of the Stone-Hollywood Trunk Line from Stone Canyon Reservoir service area to the Hollywood Reservoir service area as part of the Hollywood Water Quality Improvement Project undertaken on Pico Boulevard, including all structures and operations necessary for construction and\/or to regulate or direct traffic due to construction activities.\u00a0 This section shall have no force and effect upon completion of the construction work herein specified.\u00a0 (Added by Ord. No. 173,746, Eff. 1\/23\/01.)\n\n\t[(i)\tNone.]\n\n\t(j)\tAs determined by the Executive Director of the Board, the provisions of Subsection (c) shall not apply to major public works construction by the City of Los Angeles and its proprietary Departments, including all structures and operations necessary to regulate or direct traffic due to construction activities.\u00a0 The Board, through its Executive Director, pursuant to Subsection (b) will grant a variance for this work and construction activities will be subject to all conditions of the variance as granted.\u00a0 Concurrent with the request for a variance, the City Department that will conduct the construction work will notify each affected Council district office and established Neighborhood Council of projects where proposed Sunday and\/or Holiday work will occur.\u00a0 (Amended by Ord. No. 178,160, Eff. 2\/12\/07.)\n\n\t(k)\tNoise Variance Application Fee.\u00a0 Any application to the Board for a noise variance under Subsection (b) shall be accompanied by payment of an application fee of $233.00.\u00a0 (Added by Ord. No. 181,338, Eff. 11\/13\/10.)","order_by":"40","ancestry":{"1":{"id":"66","name":"Disorderly Conduct\nPlaces And Publications","identifier":"1","label":"article","url":"\/4\/1\/"},"2":{"id":"11","name":"Public Welfare","identifier":"4","label":"chapter","url":"\/4\/"}},"structure_contents":{"0":{"id":"2975","structure_id":"66","section_number":"41.03","catch_line":"Lookouts For Illegal Acts.","url":"\/41.03\/","token":"41.03"},"1":{"id":"4179","structure_id":"66","section_number":"41.14","catch_line":"Injury To Public Property.","url":"\/41.14\/","token":"41.14"},"2":{"id":"2377","structure_id":"66","section_number":"41.16","catch_line":"Snuff \u2013 Throwing Of.","url":"\/41.16\/","token":"41.16"},"3":{"id":"507","structure_id":"66","section_number":"41.17","catch_line":"Library Books \u2013 Retention After Notice.","url":"\/41.17\/","token":"41.17"},"4":{"id":"4062","structure_id":"66","section_number":"41.18","catch_line":"Sidewalks, Pedestrian Subways \u2013 Loitering.","url":"\/41.18\/","token":"41.18"},"5":{"id":"2873","structure_id":"66","section_number":"41.19","catch_line":"Public Assemblages \u2013 Obstructing Entrance.","url":"\/41.19\/","token":"41.19"},"6":{"id":"2652","structure_id":"66","section_number":"41.20","catch_line":"Closure Of Streets.","url":"\/41.20\/","token":"41.20"},"7":{"id":"1364","structure_id":"66","section_number":"41.20.1","catch_line":"Special Event Application Process And Definitions.","url":"\/41.20.1\/","token":"41.20.1"},"8":{"id":"617","structure_id":"66","section_number":"41.21","catch_line":"Cutting Into Gasoline Lines Prohibited.","url":"\/41.21\/","token":"41.21"},"9":{"id":"1698","structure_id":"66","section_number":"41.22","catch_line":"Loitering \u2013 River Bed.","url":"\/41.22\/","token":"41.22"},"10":{"id":"4027","structure_id":"66","section_number":"41.23","catch_line":"Trespass On Housing Authority Property.","url":"\/41.23\/","token":"41.23"},"11":{"id":"252","structure_id":"66","section_number":"41.24","catch_line":"Trespass On Private Property.","url":"\/41.24\/","token":"41.24"},"12":{"id":"878","structure_id":"66","section_number":"41.27","catch_line":"Intoxication.","url":"\/41.27\/","token":"41.27"},"13":{"id":"953","structure_id":"66","section_number":"41.29","catch_line":"Hand Organs On Streets.","url":"\/41.29\/","token":"41.29"},"14":{"id":"2290","structure_id":"66","section_number":"41.30","catch_line":"Spite Fences.","url":"\/41.30\/","token":"41.30"},"15":{"id":"1611","structure_id":"66","section_number":"41.31","catch_line":"Trees \u2013 Injury To.","url":"\/41.31\/","token":"41.31"},"16":{"id":"2884","structure_id":"66","section_number":"41.32","catch_line":"Theatres \u2013 Sound Amplifiers.","url":"\/41.32\/","token":"41.32"},"17":{"id":"3573","structure_id":"66","section_number":"41.33","catch_line":"Landlords \u2013 Disturbing Tenants.","url":"\/41.33\/","token":"41.33"},"18":{"id":"206","structure_id":"66","section_number":"41.34","catch_line":"Pesticides \u2013 Notice To Tenants.","url":"\/41.34\/","token":"41.34"},"19":{"id":"3302","structure_id":"66","section_number":"41.38","catch_line":"Use Of Certain Signs On Vehicles Prohibited.","url":"\/41.38\/","token":"41.38"},"20":{"id":"1767","structure_id":"66","section_number":"41.39","catch_line":"Stowaways \u2013 Entry A Misdemeanor.","url":"\/41.39\/","token":"41.39"},"21":{"id":"1857","structure_id":"66","section_number":"41.40","catch_line":"Noise Due To Construction, Excavation Work \u2013 When Prohibited.","url":"\/41.40\/","token":"41.40"},"22":{"id":"818","structure_id":"66","section_number":"41.41","catch_line":"Evading Payment Of Admission Fee.","url":"\/41.41\/","token":"41.41"},"23":{"id":"2748","structure_id":"66","section_number":"41.42","catch_line":"Music Reproducing Devices \u2013 Hours Of Operation.","url":"\/41.42\/","token":"41.42"},"24":{"id":"2050","structure_id":"66","section_number":"41.43","catch_line":"Selling Goods Near Private Parks.","url":"\/41.43\/","token":"41.43"},"25":{"id":"1693","structure_id":"66","section_number":"41.43.1","catch_line":"Door To Door Selling Or Soliciting.","url":"\/41.43.1\/","token":"41.43.1"},"26":{"id":"3565","structure_id":"66","section_number":"41.44","catch_line":"Miniature Golf Courses And Driving Fairways.","url":"\/41.44\/","token":"41.44"},"27":{"id":"1897","structure_id":"66","section_number":"41.45","catch_line":"Unauthorized Removal, Use Or Possession Of Shopping Carts.","url":"\/41.45\/","token":"41.45"},"28":{"id":"3090","structure_id":"66","section_number":"41.46","catch_line":"Sidewalks \u2013 Cleaning Of.","url":"\/41.46\/","token":"41.46"},"29":{"id":"3367","structure_id":"66","section_number":"41.47","catch_line":"Water Closets \u2013 Use Of.","url":"\/41.47\/","token":"41.47"},"30":{"id":"3199","structure_id":"66","section_number":"41.47.1","catch_line":"Restroom Facilities.","url":"\/41.47.1\/","token":"41.47.1"},"31":{"id":"3793","structure_id":"66","section_number":"41.47.2","catch_line":"Urinating Or Defecating In Public.","url":"\/41.47.2\/","token":"41.47.2"},"32":{"id":"3936","structure_id":"66","section_number":"41.48","catch_line":"Restaurants \u2013 Minimum Light Intensity.","url":"\/41.48\/","token":"41.48"},"33":{"id":"4033","structure_id":"66","section_number":"41.49","catch_line":"Hotel Registers And Room Rentals.","url":"\/41.49\/","token":"41.49"},"34":{"id":"3882","structure_id":"66","section_number":"41.50","catch_line":"Smoking Prohibited In Designated Areas.","url":"\/41.50\/","token":"41.50"},"35":{"id":"2857","structure_id":"66","section_number":"41.50.5","catch_line":"Signage Regulations For Places Subject To Regulation Pursuant To Labor Code Section 6404.5.","url":"\/41.50.5\/","token":"41.50.5"},"36":{"id":"1140","structure_id":"66","section_number":"41.51","catch_line":"Smoking In Elevators Prohibited.","url":"\/41.51\/","token":"41.51"},"37":{"id":"2159","structure_id":"66","section_number":"41.52","catch_line":"Smoking In Buses.","url":"\/41.52\/","token":"41.52"},"38":{"id":"3194","structure_id":"66","section_number":"41.53","catch_line":"Public Bath Houses.","url":"\/41.53\/","token":"41.53"},"39":{"id":"2202","structure_id":"66","section_number":"41.54","catch_line":"Fishing Within One Mile Of Public Sewer Outlet.","url":"\/41.54\/","token":"41.54"},"40":{"id":"350","structure_id":"66","section_number":"41.55","catch_line":"Oil \u2013 Discharge In Ocean And Beaches.","url":"\/41.55\/","token":"41.55"},"41":{"id":"523","structure_id":"66","section_number":"41.56","catch_line":"Unlawful Activities At Sporting Events, Theatricals And Exhibitions.","url":"\/41.56\/","token":"41.56"},"42":{"id":"1291","structure_id":"66","section_number":"41.57","catch_line":"Loud And Raucous Noise Prohibited.","url":"\/41.57\/","token":"41.57"},"43":{"id":"1957","structure_id":"66","section_number":"41.58","catch_line":"Loud Party Second Response Fee.","url":"\/41.58\/","token":"41.58"},"44":{"id":"2269","structure_id":"66","section_number":"41.59","catch_line":"Prohibition Against Certain Forms Of Aggressive Solicitation.","url":"\/41.59\/","token":"41.59"},"45":{"id":"1569","structure_id":"66","section_number":"41.60","catch_line":"Hospitals; Patient Transport.","url":"\/41.60\/","token":"41.60"},"46":{"id":"3658","structure_id":"66","section_number":"41.70","catch_line":"Nuisance Vehicles \u2013 Prostitution.","url":"\/41.70\/","token":"41.70"},"47":{"id":"3589","structure_id":"66","section_number":"41.70.1","catch_line":"Nuisance Vehicles \u2013 Controlled Substances.","url":"\/41.70.1\/","token":"41.70.1"},"48":{"id":"1691","structure_id":"66","section_number":"41.70.2","catch_line":"Nuisance Vehicles \u2013 Speed Contests And Exhibitions Of Speed.","url":"\/41.70.2\/","token":"41.70.2"},"49":{"id":"3984","structure_id":"66","section_number":"41.70.3","catch_line":"Nuisance Vehicles \u2013 Illegal Dumping.","url":"\/41.70.3\/","token":"41.70.3"},"50":{"id":"4031","structure_id":"66","section_number":"41.71","catch_line":"Gang-Related Nuisance Vehicle Forfeiture.","url":"\/41.71\/","token":"41.71"},"51":{"id":"4113","structure_id":"66","section_number":"41.72","catch_line":"Counterfeit Goods Nuisance Abatement Law.","url":"\/41.72\/","token":"41.72"}},"next_section":{"id":"818","structure_id":"66","section_number":"41.41","catch_line":"Evading Payment Of Admission Fee.","url":"\/41.41\/","token":"41.41"},"metadata":false,"references":false,"url":"\/41.40\/","token":"41.40","formats":{"txt":"\/41.40.txt","json":"\/41.40.xml"},"dublin_core":{"Title":"Noise Due To Construction, Excavation Work \u2013 When Prohibited.","Type":"Text","Format":"text\/html","Identifier":"\u00a7 41.40","Relation":"Los Angeles Municipal Code"},"plain_text":"                            LOS ANGELES MUNICIPAL CODE\n\nNOISE DUE TO CONSTRUCTION, EXCAVATION WORK \u2013 WHEN PROHIBITED. (\u00a7 41.40)\n\n\u00a0 NOISE DUE TO CONSTRUCTION, EXCAVATION WORK \u2013 WHEN PROHIBITED.\t(a)\tNo person\nshall, between the hours of 9:00 P.M. and 7:00 A.M. of the following day,\nperform any construction or repair work of any kind upon, or any excavating for,\nany building or structure, where any of the foregoing entails the use of any\npower driven drill, riveting machine excavator or any other machine, tool,\ndevice or equipment which makes loud noises to the disturbance of persons\noccupying sleeping quarters in any dwelling hotel or apartment or other place of\nresidence. In addition, the operation, repair or servicing of construction\nequipment and the job-site delivering of construction materials in such areas\nshall be prohibited during the hours herein specified. Any person who knowingly\nand wilfully violates the foregoing provision shall be deemed guilty of a\nmisdemeanor punishable as elsewhere provided in this Code.\u00a0 (Amended by Ord.\nNo. 158,587, Eff. 1\/29\/84.)\t(b)\tThe provisions of Subsection (a) shall not apply\nto any person who performs the construction, repair or excavation work involved\npursuant to the express written permission of the Board of Police Commissioners\nthrough its Executive Director.\u00a0 The Executive Director, on behalf of the\nBoard, may grant this permission, upon application in writing, where the work\nproposed to be done is in the public interest, or where hardship or injustice,\nor unreasonable delay would result from its interruption during the hours\nmentioned above, or where the building or structure involved is devoted or\nintended to be devoted to a use immediately related to public defense.\u00a0 The\nprovisions of this section shall not in any event apply to construction, repair\nor excavation work done within any district zoned for manufacturing or\nindustrial uses under the provisions of Chapter I of this Code, nor to emergency\nwork necessitated by any flood, fire or other catastrophe.\u00a0 (Amended by Ord.\nNo. 178,160, Eff. 2\/12\/07.)\t(c)\t(Amended by Ord. No. 166,170, Eff. 9\/29\/90.)\u00a0\nNo person, other than an individual homeowner engaged in the repair or\nconstruction of his single-family dwelling shall perform any construction or\nrepair work of any kind upon, or any earth grading for, any building or\nstructure located on land developed with residential buildings under the\nprovisions of Chapter I of this Code, or perform such work within 500 feet of\nland so occupied, before 8:00 a.m. or after 6:00 p.m. on any Saturday or\nnational holiday nor at any time on any Sunday. In addition, the operation,\nrepair or servicing of construction equipment and the job-site delivering of\nconstruction materials in such areas shall be prohibited on Saturdays and on\nSundays during the hours herein specified. The provisions of this subsection\nshall not apply to persons engaged in the emergency repair of:\t1.\tAny building\nor structure.\t2.\tEarth supporting or endangering any building or\nstructure.\t3.\tAny public utility.\t4.\tAny public way or adjacent earth.\t(d)\tThe\nprovisions of Subsection (c) shall not apply to construction work done on the\nMetro Rail Project and the tunnel-station portions of the Los Angeles-Long Beach\nRail Project between Sixth to Twelfth Streets, provided however that this\nconstruction work shall not include the utilization of soldier pile drilling,\nvibrating hammer driving, blasting, or any construction activities that will\nexceed the ambient noise levels as provided in the action of the Police\nCommission, pursuant to Subsection (b) above, granting a variance for this\nwork.\u00a0 In addition, this construction work will be subject to all the\nconditions of the conditional variance granted by the Board through its\nExecutive Director.\u00a0 This section shall have no force or effect upon completion\nof the construction work described here.\u00a0 (Amended by Ord. No. 178,160, Eff.\n2\/12\/07.)\t(e)\tThe provisions of this section shall not apply to construction\nwork done by CALTRANS to repair the collapsed sections of the Santa Monica\nFreeway within a one mile radius of the intersection of Interstate 10 and\nFairfax Avenue.\u00a0 This section shall have no force and effect upon completion of\nthe construction work herein described.\u00a0 (Added by Ord. No. 169,669, Eff.\n5\/13\/94.)\t(f)\tThe provisions of this section shall not apply to construction\nwork done by the County of Los Angeles in connection with Phases 2 and 3 of Unit\n5 of the Hollyhills Storm Drain Project, including the installation of temporary\nbridges and any other structures necessary to regulate or direct traffic because\nof the storm drain construction.\u00a0 Unit 5 construction is within the area\nbounded by Beverly Boulevard, 3rd Street, La Cienega Boulevard and San Vicente\nBoulevard.\u00a0 Phases 2 and 3 involve several underground concrete structures to\nbe built in and around the intersection of La Cienega and San Vicente\nBoulevards.\u00a0 This section shall have no force and effect upon completion of the\nconstruction work herein specified.\u00a0 (Added by Ord. No. 172, 091, Eff.\n7\/3\/98.)\t(g)\tThe provisions of Subsection (c) shall not apply to construction\nwork undertaken from March 31, 2000 to August 20, 2000 that must be done prior\nto the Democratic National Convention, provided however that such construction\nwork will be subject to all conditions established by the Los Angeles Police\nDepartment Noise Enforcement Team, in\u00a0 1)\u00a0 the downtown area bounded by Union\nStreet on the west, Washington on the south, San Pedro on the east, and 101\nFreeway on the North, including but not limited to work undertaken in compliance\nwith construction permits issued by the Bureau of Engineering, water line\nimprovements\/installation, sewer construction, fiber optic installation, and\nstreet paving or is associated with the Convention such as installation and\nremoval of security barriers and fencing and\u00a0 2)\u00a0 the Windward Plaza area of\nVenice Beach, between 18th Place and Horizon Avenue from the western border of\nOcean Front Walk to the beach, for the Venice Beach Ocean Front Walk\nRefurbishment Project under the direction of the City of Los Angeles Department\nof Recreation and Parks Department.\u00a0 This section shall have no force and\neffect after August 20, 2000.\u00a0 (Added by Ord. No. 173,154, Eff.\n4\/30\/00.)\t(h)\tThe provisions of Subsection (c) shall not apply to the\nconstruction work done by the City of Los Angeles in connection with the portion\nof the Stone-Hollywood Trunk Line from Stone Canyon Reservoir service area to\nthe Hollywood Reservoir service area as part of the Hollywood Water Quality\nImprovement Project undertaken on Pico Boulevard, including all structures and\noperations necessary for construction and\/or to regulate or direct traffic due\nto construction activities.\u00a0 This section shall have no force and effect upon\ncompletion of the construction work herein specified.\u00a0 (Added by Ord. No.\n173,746, Eff. 1\/23\/01.)\t[(i)\tNone.]\t(j)\tAs determined by the Executive Director\nof the Board, the provisions of Subsection (c) shall not apply to major public\nworks construction by the City of Los Angeles and its proprietary Departments,\nincluding all structures and operations necessary to regulate or direct traffic\ndue to construction activities.\u00a0 The Board, through its Executive Director,\npursuant to Subsection (b) will grant a variance for this work and construction\nactivities will be subject to all conditions of the variance as granted.\u00a0\nConcurrent with the request for a variance, the City Department that will\nconduct the construction work will notify each affected Council district office\nand established Neighborhood Council of projects where proposed Sunday and\/or\nHoliday work will occur.\u00a0 (Amended by Ord. No. 178,160, Eff.\n2\/12\/07.)\t(k)\tNoise Variance Application Fee.\u00a0 Any application to the Board for\na noise variance under Subsection (b) shall be accompanied by payment of an\napplication fee of $233.00.\u00a0 (Added by Ord. No. 181,338, Eff. 11\/13\/10.)\n","html":"\n\t\t\t\t\t<section><p>\u00a0 NOISE DUE TO CONSTRUCTION, EXCAVATION WORK \u2013 WHEN PROHIBITED.<br \/><br \/>\t(a)\tNo person shall, between the hours of 9:00 P.M. and 7:00 A.M. of the following day, perform any construction or repair work of any kind upon, or any excavating for, any building or structure, where any of the foregoing entails the use of any power driven drill, riveting machine excavator or any other machine, tool, device or equipment which makes loud noises to the disturbance of persons occupying sleeping quarters in any dwelling hotel or apartment or other place of residence. In addition, the operation, repair or servicing of construction equipment and the job-site delivering of construction <span class=\"dictionary\">materials<\/span> in such areas shall be prohibited during the hours herein specified. Any person who knowingly and wilfully violates the foregoing provision shall be deemed guilty of a <span class=\"dictionary\">misdemeanor<\/span> punishable as elsewhere provided in this Code.\u00a0 (Amended by Ord. No. 158,587, Eff. 1\/29\/84.)<br \/><br \/>\t(b)\tThe provisions of Subsection (a) shall not apply to any person who performs the construction, repair or excavation work involved pursuant to the express written permission of the Board of Police Commissioners through its Executive Director.\u00a0 The Executive Director, on behalf of the Board, may grant this permission, upon application in writing, where the work proposed to be done is in the public interest, or where hardship or injustice, or unreasonable delay would result from its interruption during the hours mentioned above, or where the building or structure involved is devoted or intended to be devoted to a use immediately related to public defense.\u00a0 The provisions of this section shall not in any event apply to construction, repair or excavation work done within any district zoned for manufacturing or industrial uses under the provisions of Chapter I of this Code, nor to emergency work necessitated by any flood, fire or other catastrophe.\u00a0 (Amended by Ord. No. 178,160, Eff. 2\/12\/07.)<br \/><br \/>\t(c)\t(Amended by Ord. No. 166,170, Eff. 9\/29\/90.)\u00a0 No person, other than an individual homeowner engaged in the repair or construction of his single-family dwelling shall perform any construction or repair work of any kind upon, or any earth grading for, any building or structure located on land developed with residential buildings under the provisions of Chapter I of this Code, or perform such work within 500 feet of land so occupied, before 8:00 a.m. or after 6:00 p.m. on any Saturday or national holiday nor at any time on any Sunday. In addition, the operation, repair or servicing of construction equipment and the job-site delivering of construction <span class=\"dictionary\">materials<\/span> in such areas shall be prohibited on Saturdays and on Sundays during the hours herein specified. The provisions of this subsection shall not apply to persons engaged in the emergency repair of:<br \/><br \/>\t1.\tAny building or structure.<br \/><br \/>\t2.\tEarth supporting or endangering any building or structure.<br \/><br \/>\t3.\tAny public utility.<br \/><br \/>\t4.\tAny public way or adjacent earth.<br \/><br \/>\t(d)\tThe provisions of Subsection (c) shall not apply to construction work done on the Metro Rail Project and the tunnel-station portions of the Los Angeles-Long Beach Rail Project between Sixth to Twelfth Streets, provided however that this construction work shall not include the utilization of soldier pile drilling, vibrating hammer driving, blasting, or any construction activities that will exceed the ambient noise levels as provided in the action of the Police Commission, pursuant to Subsection (b) above, granting a variance for this work.\u00a0 In addition, this construction work will be subject to all the conditions of the conditional variance granted by the Board through its Executive Director.\u00a0 This section shall have no force or effect upon completion of the construction work described here.\u00a0 (Amended by Ord. No. 178,160, Eff. 2\/12\/07.)<br \/><br \/>\t(e)\tThe provisions of this section shall not apply to construction work done by CALTRANS to repair the collapsed sections of the Santa Monica Freeway within a one mile radius of the intersection of Interstate 10 and Fairfax Avenue.\u00a0 This section shall have no force and effect upon completion of the construction work herein described.\u00a0 (Added by Ord. No. 169,669, Eff. 5\/13\/94.)<br \/><br \/>\t(f)\tThe provisions of this section shall not apply to construction work done by the County of Los Angeles in connection with Phases 2 and 3 of Unit 5 of the Hollyhills Storm Drain Project, including the installation of temporary bridges and any other structures necessary to regulate or direct traffic because of the storm drain construction.\u00a0 Unit 5 construction is within the area bounded by Beverly Boulevard, 3rd Street, La Cienega Boulevard and San Vicente Boulevard.\u00a0 Phases 2 and 3 involve several underground concrete structures to be built in and around the intersection of La Cienega and San Vicente Boulevards.\u00a0 This section shall have no force and effect upon completion of the construction work herein specified.\u00a0 (Added by Ord. No. 172, 091, Eff. 7\/3\/98.)<br \/><br \/>\t(g)\tThe provisions of Subsection (c) shall not apply to construction work undertaken from March 31, 2000 to August 20, 2000 that must be done prior to the Democratic National Convention, provided however that such construction work will be subject to all conditions established by the Los Angeles Police Department Noise Enforcement Team, in\u00a0 1)\u00a0 the downtown area bounded by Union Street on the west, Washington on the south, San Pedro on the east, and 101 Freeway on the North, including but not limited to work undertaken in compliance with construction permits issued by the Bureau of Engineering, water line improvements\/installation, sewer construction, fiber optic installation, and street paving or is associated with the Convention such as installation and removal of security barriers and fencing and\u00a0 2)\u00a0 the Windward Plaza area of Venice Beach, between 18th Place and Horizon Avenue from the western border of Ocean Front Walk to the beach, for the Venice Beach Ocean Front Walk Refurbishment Project under the direction of the City of Los Angeles Department of Recreation and Parks Department.\u00a0 This section shall have no force and effect after August 20, 2000.\u00a0 (Added by Ord. No. 173,154, Eff. 4\/30\/00.)<br \/><br \/>\t(h)\tThe provisions of Subsection (c) shall not apply to the construction work done by the City of Los Angeles in connection with the portion of the Stone-Hollywood Trunk Line from Stone Canyon Reservoir service area to the Hollywood Reservoir service area as part of the Hollywood Water Quality Improvement Project undertaken on Pico Boulevard, including all structures and operations necessary for construction and\/or to regulate or direct traffic due to construction activities.\u00a0 This section shall have no force and effect upon completion of the construction work herein specified.\u00a0 (Added by Ord. No. 173,746, Eff. 1\/23\/01.)<br \/><br \/>\t[(i)\tNone.]<br \/><br \/>\t(j)\tAs determined by the Executive Director of the Board, the provisions of Subsection (c) shall not apply to major public works construction by the City of Los Angeles and its proprietary Departments, including all structures and operations necessary to regulate or direct traffic due to construction activities.\u00a0 The Board, through its Executive Director, pursuant to Subsection (b) will grant a variance for this work and construction activities will be subject to all conditions of the variance as granted.\u00a0 Concurrent with the request for a variance, the City Department that will conduct the construction work will notify each affected Council district office and established Neighborhood Council of projects where proposed Sunday and\/or Holiday work will occur.\u00a0 (Amended by Ord. No. 178,160, Eff. 2\/12\/07.)<br \/><br \/>\t(k)\tNoise Variance Application Fee.\u00a0 Any application to the Board for a noise variance under Subsection (b) shall be accompanied by payment of an application fee of $233.00.\u00a0 (Added by Ord. No. 181,338, Eff. 11\/13\/10.)<\/p><\/section>","previous_section":{"id":"1767","structure_id":"66","section_number":"41.39","catch_line":"Stowaways \u2013 Entry A Misdemeanor.","url":"\/41.39\/","token":"41.39"},"text":{"0":{"id":"1841","text":"\u00a0 NOISE DUE TO CONSTRUCTION, EXCAVATION WORK \u2013 WHEN PROHIBITED.\t(a)\tNo person shall, between the hours of 9:00 P.M. and 7:00 A.M. of the following day, perform any construction or repair work of any kind upon, or any excavating for, any building or structure, where any of the foregoing entails the use of any power driven drill, riveting machine excavator or any other machine, tool, device or equipment which makes loud noises to the disturbance of persons occupying sleeping quarters in any dwelling hotel or apartment or other place of residence. In addition, the operation, repair or servicing of construction equipment and the job-site delivering of construction materials in such areas shall be prohibited during the hours herein specified. Any person who knowingly and wilfully violates the foregoing provision shall be deemed guilty of a misdemeanor punishable as elsewhere provided in this Code.\u00a0 (Amended by Ord. No. 158,587, Eff. 1\/29\/84.)\t(b)\tThe provisions of Subsection (a) shall not apply to any person who performs the construction, repair or excavation work involved pursuant to the express written permission of the Board of Police Commissioners through its Executive Director.\u00a0 The Executive Director, on behalf of the Board, may grant this permission, upon application in writing, where the work proposed to be done is in the public interest, or where hardship or injustice, or unreasonable delay would result from its interruption during the hours mentioned above, or where the building or structure involved is devoted or intended to be devoted to a use immediately related to public defense.\u00a0 The provisions of this section shall not in any event apply to construction, repair or excavation work done within any district zoned for manufacturing or industrial uses under the provisions of Chapter I of this Code, nor to emergency work necessitated by any flood, fire or other catastrophe.\u00a0 (Amended by Ord. No. 178,160, Eff. 2\/12\/07.)\t(c)\t(Amended by Ord. No. 166,170, Eff. 9\/29\/90.)\u00a0 No person, other than an individual homeowner engaged in the repair or construction of his single-family dwelling shall perform any construction or repair work of any kind upon, or any earth grading for, any building or structure located on land developed with residential buildings under the provisions of Chapter I of this Code, or perform such work within 500 feet of land so occupied, before 8:00 a.m. or after 6:00 p.m. on any Saturday or national holiday nor at any time on any Sunday. In addition, the operation, repair or servicing of construction equipment and the job-site delivering of construction materials in such areas shall be prohibited on Saturdays and on Sundays during the hours herein specified. The provisions of this subsection shall not apply to persons engaged in the emergency repair of:\t1.\tAny building or structure.\t2.\tEarth supporting or endangering any building or structure.\t3.\tAny public utility.\t4.\tAny public way or adjacent earth.\t(d)\tThe provisions of Subsection (c) shall not apply to construction work done on the Metro Rail Project and the tunnel-station portions of the Los Angeles-Long Beach Rail Project between Sixth to Twelfth Streets, provided however that this construction work shall not include the utilization of soldier pile drilling, vibrating hammer driving, blasting, or any construction activities that will exceed the ambient noise levels as provided in the action of the Police Commission, pursuant to Subsection (b) above, granting a variance for this work.\u00a0 In addition, this construction work will be subject to all the conditions of the conditional variance granted by the Board through its Executive Director.\u00a0 This section shall have no force or effect upon completion of the construction work described here.\u00a0 (Amended by Ord. No. 178,160, Eff. 2\/12\/07.)\t(e)\tThe provisions of this section shall not apply to construction work done by CALTRANS to repair the collapsed sections of the Santa Monica Freeway within a one mile radius of the intersection of Interstate 10 and Fairfax Avenue.\u00a0 This section shall have no force and effect upon completion of the construction work herein described.\u00a0 (Added by Ord. No. 169,669, Eff. 5\/13\/94.)\t(f)\tThe provisions of this section shall not apply to construction work done by the County of Los Angeles in connection with Phases 2 and 3 of Unit 5 of the Hollyhills Storm Drain Project, including the installation of temporary bridges and any other structures necessary to regulate or direct traffic because of the storm drain construction.\u00a0 Unit 5 construction is within the area bounded by Beverly Boulevard, 3rd Street, La Cienega Boulevard and San Vicente Boulevard.\u00a0 Phases 2 and 3 involve several underground concrete structures to be built in and around the intersection of La Cienega and San Vicente Boulevards.\u00a0 This section shall have no force and effect upon completion of the construction work herein specified.\u00a0 (Added by Ord. No. 172, 091, Eff. 7\/3\/98.)\t(g)\tThe provisions of Subsection (c) shall not apply to construction work undertaken from March 31, 2000 to August 20, 2000 that must be done prior to the Democratic National Convention, provided however that such construction work will be subject to all conditions established by the Los Angeles Police Department Noise Enforcement Team, in\u00a0 1)\u00a0 the downtown area bounded by Union Street on the west, Washington on the south, San Pedro on the east, and 101 Freeway on the North, including but not limited to work undertaken in compliance with construction permits issued by the Bureau of Engineering, water line improvements\/installation, sewer construction, fiber optic installation, and street paving or is associated with the Convention such as installation and removal of security barriers and fencing and\u00a0 2)\u00a0 the Windward Plaza area of Venice Beach, between 18th Place and Horizon Avenue from the western border of Ocean Front Walk to the beach, for the Venice Beach Ocean Front Walk Refurbishment Project under the direction of the City of Los Angeles Department of Recreation and Parks Department.\u00a0 This section shall have no force and effect after August 20, 2000.\u00a0 (Added by Ord. No. 173,154, Eff. 4\/30\/00.)\t(h)\tThe provisions of Subsection (c) shall not apply to the construction work done by the City of Los Angeles in connection with the portion of the Stone-Hollywood Trunk Line from Stone Canyon Reservoir service area to the Hollywood Reservoir service area as part of the Hollywood Water Quality Improvement Project undertaken on Pico Boulevard, including all structures and operations necessary for construction and\/or to regulate or direct traffic due to construction activities.\u00a0 This section shall have no force and effect upon completion of the construction work herein specified.\u00a0 (Added by Ord. No. 173,746, Eff. 1\/23\/01.)\t[(i)\tNone.]\t(j)\tAs determined by the Executive Director of the Board, the provisions of Subsection (c) shall not apply to major public works construction by the City of Los Angeles and its proprietary Departments, including all structures and operations necessary to regulate or direct traffic due to construction activities.\u00a0 The Board, through its Executive Director, pursuant to Subsection (b) will grant a variance for this work and construction activities will be subject to all conditions of the variance as granted.\u00a0 Concurrent with the request for a variance, the City Department that will conduct the construction work will notify each affected Council district office and established Neighborhood Council of projects where proposed Sunday and\/or Holiday work will occur.\u00a0 (Amended by Ord. No. 178,160, Eff. 2\/12\/07.)\t(k)\tNoise Variance Application Fee.\u00a0 Any application to the Board for a noise variance under Subsection (b) shall be accompanied by payment of an application fee of $233.00.\u00a0 (Added by Ord. No. 181,338, Eff. 11\/13\/10.)","type":"section","prefixes":[""],"prefix":"","entire_prefix":"","prefix_anchor":"","level":1}}}