{"section_number":"42.01","edition_id":"1","section_id":"25","structure_id":"21","catch_line":"Street \u2013 Sidewalk \u2013 Pedestriansbuilding Setback.","history":"","full_text":"\u00a0 STREET \u2013 SIDEWALK \u2013 PEDESTRIANS\u00a0 BUILDING SETBACK.\n\t(Amended by Ord. No. 145,692, Eff. 5\/3\/74.)\n\n\tNo person, except as otherwise provided in Section 42.00, shall use any area in front of any building occupied by a sidewalk or used or intended for use for sidewalk purposes and extending eighteen (18) feet back of the curb line for any purpose other than for the free and unobstructed passage of pedestrians thereon within the Central Traffic District as said district is described in Ordinance No. 50,515, adopted December 19, 1924, or Chapter 8 of this Code.\n\n\tThe use of any such sidewalk or area other than for the free and unobstructed passage of pedestrians thereon shall constitute a public nuisance.","order_by":"01","ancestry":{"1":{"id":"21","name":"Soliciting \u2013 Sales","identifier":"2","label":"article","url":"\/4\/2\/"},"2":{"id":"11","name":"Public Welfare","identifier":"4","label":"chapter","url":"\/4\/"}},"structure_contents":{"0":{"id":"2783","structure_id":"21","section_number":"42.00","catch_line":"Regulation Of Soliciting And Sales In Streets.","url":"\/42.00\/","token":"42.00"},"1":{"id":"1898","structure_id":"21","section_number":"42.00.1","catch_line":"Sales From Ice Cream Trucks.","url":"\/42.00.1\/","token":"42.00.1"},"2":{"id":"25","structure_id":"21","section_number":"42.01","catch_line":"Street \u2013 Sidewalk \u2013 Pedestriansbuilding Setback.","url":"\/42.01\/","token":"42.01"},"3":{"id":"2496","structure_id":"21","section_number":"42.02","catch_line":"Street \u2013 Sidewalk \u2013 Adjacent Property \u2013 Soliciting Trade.","url":"\/42.02\/","token":"42.02"},"4":{"id":"1038","structure_id":"21","section_number":"42.03","catch_line":"Selling Of Tickets Of Admission To Places Of Public Assemblage In Public Places And Places Open To The Public Prohibited \u2013 Exceptions.","url":"\/42.03\/","token":"42.03"},"5":{"id":"2448","structure_id":"21","section_number":"42.04","catch_line":"Street \u2013 Sidewalk \u2013 Soliciting Patronage.","url":"\/42.04\/","token":"42.04"},"6":{"id":"2256","structure_id":"21","section_number":"42.05","catch_line":"Street \u2013 Sidewalk \u2013 Soliciting Patronage Transportation.","url":"\/42.05\/","token":"42.05"},"7":{"id":"1089","structure_id":"21","section_number":"42.06","catch_line":"Railroad \u2013 Stage Depot \u2013 Soliciting Patronage.","url":"\/42.06\/","token":"42.06"},"8":{"id":"137","structure_id":"21","section_number":"42.07","catch_line":"Common Carrier \u2013 Soliciting Patronage On.","url":"\/42.07\/","token":"42.07"},"9":{"id":"3152","structure_id":"21","section_number":"42.08","catch_line":"Street \u2013 Sidewalk \u2013 Soliciting Patronage Prohibited In Area.","url":"\/42.08\/","token":"42.08"},"10":{"id":"697","structure_id":"21","section_number":"42.09","catch_line":"Soliciting Patronage \u2013 Manner Of.","url":"\/42.09\/","token":"42.09"},"11":{"id":"3012","structure_id":"21","section_number":"42.10","catch_line":"Solicitors Of Patronage \u2013 Interference With.","url":"\/42.10\/","token":"42.10"},"12":{"id":"1603","structure_id":"21","section_number":"42.11","catch_line":"Hotel \u2013 Loitering.","url":"\/42.11\/","token":"42.11"},"13":{"id":"3737","structure_id":"21","section_number":"42.11.1","catch_line":"Depots \u2013 Stations \u2013 Airports \u2013 Loitering About Prohibited.","url":"\/42.11.1\/","token":"42.11.1"},"14":{"id":"2115","structure_id":"21","section_number":"42.12","catch_line":"Alms \u2013 Soliciting In Buildings.","url":"\/42.12\/","token":"42.12"},"15":{"id":"999","structure_id":"21","section_number":"42.13","catch_line":"Peddlers \u2013 Venders \u2013 Hours.","url":"\/42.13\/","token":"42.13"},"16":{"id":"1499","structure_id":"21","section_number":"42.14","catch_line":"Soliciting \u2013 Use Of City Name.","url":"\/42.14\/","token":"42.14"},"17":{"id":"397","structure_id":"21","section_number":"42.14.1","catch_line":"Soliciting On City Property.","url":"\/42.14.1\/","token":"42.14.1"},"18":{"id":"536","structure_id":"21","section_number":"42.15","catch_line":"Vending And Excessive Noise On Beaches Prohibited.","url":"\/42.15\/","token":"42.15"},"19":{"id":"518","structure_id":"21","section_number":"42.19","catch_line":"Magazine Subscriptions \u2013 Sales For Future Delivery \u2013 Where Solicitation Prohibited.","url":"\/42.19\/","token":"42.19"},"20":{"id":"3319","structure_id":"21","section_number":"42.20","catch_line":"Food And Drink Establishments \u2013 Annoyance Of Customers\nForbidden.","url":"\/42.20\/","token":"42.20"}},"next_section":{"id":"2496","structure_id":"21","section_number":"42.02","catch_line":"Street \u2013 Sidewalk \u2013 Adjacent Property \u2013 Soliciting Trade.","url":"\/42.02\/","token":"42.02"},"metadata":false,"references":false,"url":"\/42.01\/","token":"42.01","formats":{"txt":"\/42.01.txt","json":"\/42.01.xml"},"dublin_core":{"Title":"Street \u2013 Sidewalk \u2013 Pedestriansbuilding Setback.","Type":"Text","Format":"text\/html","Identifier":"\u00a7 42.01","Relation":"Los Angeles Municipal Code"},"plain_text":"                            LOS ANGELES MUNICIPAL CODE\n\nSTREET \u2013 SIDEWALK \u2013 PEDESTRIANSBUILDING SETBACK. (\u00a7 42.01)\n\n\u00a0 STREET \u2013 SIDEWALK \u2013 PEDESTRIANS\u00a0 BUILDING SETBACK.\n\t(Amended by Ord. No. 145,692, Eff. 5\/3\/74.)\tNo person, except as otherwise\nprovided in Section 42.00, shall use any area in front of any building occupied\nby a sidewalk or used or intended for use for sidewalk purposes and extending\neighteen (18) feet back of the curb line for any purpose other than for the free\nand unobstructed passage of pedestrians thereon within the Central Traffic\nDistrict as said district is described in Ordinance No. 50,515, adopted December\n19, 1924, or Chapter 8 of this Code.\tThe use of any such sidewalk or area other\nthan for the free and unobstructed passage of pedestrians thereon shall\nconstitute a public nuisance.\n","html":"\n\t\t\t\t\t<section><p>\u00a0 STREET \u2013 SIDEWALK \u2013 PEDESTRIANS\u00a0 BUILDING SETBACK.\n\t(Amended by Ord. No. 145,692, Eff. 5\/3\/74.)<br \/><br \/>\tNo person, except as otherwise provided in Section 42.00, shall use any area in front of any building occupied by a sidewalk or used or intended for use for sidewalk purposes and extending eighteen (18) feet back of the curb line for any purpose other than for the free and unobstructed passage of pedestrians thereon within the Central Traffic District as said district is described in <span class=\"dictionary\">Ordinance<\/span> No. 50,515, adopted December 19, 1924, or Chapter 8 of this Code.<br \/><br \/>\tThe use of any such sidewalk or area other than for the free and unobstructed passage of pedestrians thereon shall constitute a public nuisance.<\/p><\/section>","previous_section":{"id":"1898","structure_id":"21","section_number":"42.00.1","catch_line":"Sales From Ice Cream Trucks.","url":"\/42.00.1\/","token":"42.00.1"},"text":{"0":{"id":"25","text":"\u00a0 STREET \u2013 SIDEWALK \u2013 PEDESTRIANS\u00a0 BUILDING SETBACK.\n\t(Amended by Ord. No. 145,692, Eff. 5\/3\/74.)\tNo person, except as otherwise provided in Section 42.00, shall use any area in front of any building occupied by a sidewalk or used or intended for use for sidewalk purposes and extending eighteen (18) feet back of the curb line for any purpose other than for the free and unobstructed passage of pedestrians thereon within the Central Traffic District as said district is described in Ordinance No. 50,515, adopted December 19, 1924, or Chapter 8 of this Code.\tThe use of any such sidewalk or area other than for the free and unobstructed passage of pedestrians thereon shall constitute a public nuisance.","type":"section","prefixes":[""],"prefix":"","entire_prefix":"","prefix_anchor":"","level":1}}}