{"section_number":"43.05.1","edition_id":"1","section_id":"2716","structure_id":"15","catch_line":"Coin Games And Similar Contrivances \u2013 Possession Prohibited.","history":"","full_text":"\u00a0 COIN GAMES AND SIMILAR CONTRIVANCES \u2013 POSSESSION PROHIBITED.\n\n\tA.\tDefinitions. For the purposes of this section, the following terms are defined as hereinafter set forth:\n\n\t1.\t\u201cPin Game\u201d: Any table, cabinet, or mechanism equipped for the playing of any game whereby any marble, ball, pellet or other moving object is propelled, released, rolled or shot along, over or above a surface set with pins, pegs or other obstructions or irregularities which deflect or impede the course of the moving object or which may divert or direct it beyond the control of the player.\n\n\t2.\t\u201cMarble Game\u201d: Any table, cabinet or stand equipped for the playing of a game whereby marbles or balls are, with the aid of a mechanical plunger or other affixed device, propelled, released, shot or rolled so as to drop or come to rest in holes, slots, cups or traps, resulting in a score or tally being electrically or otherwise registered or shown which score or tally depends upon the course followed or point reached by the marble or ball or upon the contact points touched by it along its course, or upon any combination of such factors.\n\n\t3.\tThe phrase \u201cAny game similar to a marble game\u201d shall mean: \u201cBalley-Alley\u201d and any other miniature mechanical bowling game device, by whatever name called; any table, cabinet or mechanical device equipped for the playing of any game whereby any marble, ball, pellet or any moving object is propelled, rolled, shot or released toward a goal, pin, set of pins, or other objective by means of any plunger, ejector, mechanical bat, mechanical hand or by means of any other striking or releasing mechanism which is affixed or attached to the table or cabinet, or which is an integral part of the mechanical device or which is mechanically manipulated, controlled or guided, and which game is so contrived that, at the conclusion of the operation or play thereof the score or result of play thereof is visible or otherwise discernible so as to permit or make practicable the playing off or the awarding of a prize or reward upon the operation or play of the game.\n\n\t4.\t\u201cClaw, Hook, or Grab Machine\u201d: Any amusement machine or device so designed that articles placed or heaped therein for the purpose of the game may be grabbed, hooked, or otherwise displaced, recovered or removed by the operation of any contrivance simulating in miniature a power shovel, clam shell, dragline or similar excavating tool or machine.\n\n\t5.\t\u201cHorse Racing Machine\u201d: Any mechanically operated amusement machine or device contrived to simulate in miniature the running of a horse race or any other race run by beasts, humans or machines, or which is contrived to put in motion any number of objects or symbols which then do, or appear to, run or move against each other in the manner of a miniature race, or which is designed to represent, by symbols, the running of any race and the order of the finish thereof.\n\n\tB.\tIt shall be unlawful for any person to keep, maintain or possess in any place of business or in any place of public resort:\n\n\t1.\tAny pin game, any marble game or any game similar to a marble game, any claw, hook or grab machine or any horse race machine, the operation of which game or machine is controlled, permitted or made available by placing therein a coin, plug, disc, key or token, or which is let for use, operation or play upon the payment or delivery of anything of value therefor, or upon the making of any purchase.\n\n\t2.\tAny mechanical device or mechanically operated contrivance for the playing of any game of chance, the use or operation of which is controlled, permitted or made available by placing therein any coin, plug, disk, key or token, or which is let for use, operation or play upon the payment or delivery of anything of value therefor, or upon the making of any purchase.\n\n\tC.\tThe provisions of this section shall not apply to the keeping, possessing or exhibiting of any such mechanical contrivance or device at or in any mercantile store in which such mechanical contrivances or devices are kept solely for sale and which mechanical contrivances or devices members of the public are not permitted or allowed to operate, manipulate or play except as incident to a demonstration for the purpose of sale.\n\n\tThis section is not unconstitutional, although it pertains to machines in which a degree of skill may be developed.\n\tPeople v. Hambro, CR A 1856\n\tPeople v. Eisenberg CR A 1900\n\tPeople v. Chuba CR A 2391","order_by":"05.1","ancestry":{"1":{"id":"15","name":"Gambling, Fraud And Deceit (*)","identifier":"3","label":"article","url":"\/4\/3\/"},"2":{"id":"11","name":"Public Welfare","identifier":"4","label":"chapter","url":"\/4\/"}},"structure_contents":{"0":{"id":"1980","structure_id":"15","section_number":"43.00","catch_line":"Definitions.","url":"\/43.00\/","token":"43.00"},"1":{"id":"1804","structure_id":"15","section_number":"43.01","catch_line":"Gambling \u2013 Dice Shaking.","url":"\/43.01\/","token":"43.01"},"2":{"id":"443","structure_id":"15","section_number":"43.01.1","catch_line":"Bingo For Charitable Purposes.","url":"\/43.01.1\/","token":"43.01.1"},"3":{"id":"2716","structure_id":"15","section_number":"43.05.1","catch_line":"Coin Games And Similar Contrivances \u2013 Possession Prohibited.","url":"\/43.05.1\/","token":"43.05.1"},"4":{"id":"2519","structure_id":"15","section_number":"43.05.2","catch_line":"Games \u2013 Unlawful Possession \u2013 Declared To Be A Nuisance.","url":"\/43.05.2\/","token":"43.05.2"},"5":{"id":"2515","structure_id":"15","section_number":"43.12","catch_line":"Lottery \u2013 Visiting.","url":"\/43.12\/","token":"43.12"},"6":{"id":"1766","structure_id":"15","section_number":"43.13","catch_line":"Exhibiting Gambling Equipment.","url":"\/43.13\/","token":"43.13"},"7":{"id":"119","structure_id":"15","section_number":"43.13.1","catch_line":"Visiting Gambling Rooms.","url":"\/43.13.1\/","token":"43.13.1"},"8":{"id":"870","structure_id":"15","section_number":"43.13.2","catch_line":"Present At Gambling.","url":"\/43.13.2\/","token":"43.13.2"},"9":{"id":"3312","structure_id":"15","section_number":"43.13.3","catch_line":"Gambling House.","url":"\/43.13.3\/","token":"43.13.3"},"10":{"id":"961","structure_id":"15","section_number":"43.17","catch_line":"Taxicabs \u2013 Cars For Hire \u2013 Defrauding.","url":"\/43.17\/","token":"43.17"},"11":{"id":"271","structure_id":"15","section_number":"43.18","catch_line":"Taxicab \u2013 Misrepresenting Identity.","url":"\/43.18\/","token":"43.18"},"12":{"id":"1158","structure_id":"15","section_number":"43.20","catch_line":"Water Mains \u2013 Interference With.","url":"\/43.20\/","token":"43.20"},"13":{"id":"3756","structure_id":"15","section_number":"43.21","catch_line":"Civil Service \u2013 Giving False Information.","url":"\/43.21\/","token":"43.21"},"14":{"id":"1586","structure_id":"15","section_number":"43.22","catch_line":"Clearing House Certificates \u2013 Imitating.","url":"\/43.22\/","token":"43.22"},"15":{"id":"2495","structure_id":"15","section_number":"43.24","catch_line":"Shoe Shine Parlors \u2013 Signs Required.","url":"\/43.24\/","token":"43.24"},"16":{"id":"708","structure_id":"15","section_number":"43.25","catch_line":"Restaurant \u2013 Menus Required.","url":"\/43.25\/","token":"43.25"},"17":{"id":"13","structure_id":"15","section_number":"43.26","catch_line":"Retail Grocery Price Marking.","url":"\/43.26\/","token":"43.26"},"18":{"id":"2300","structure_id":"15","section_number":"43.28","catch_line":"Tort Claims \u2013 Soliciting.","url":"\/43.28\/","token":"43.28"},"19":{"id":"3591","structure_id":"15","section_number":"43.29","catch_line":"Employers \u2013 Requiring Employees To Wear Service Uniforms.","url":"\/43.29\/","token":"43.29"},"20":{"id":"4142","structure_id":"15","section_number":"43.30","catch_line":"Fortune Telling.","url":"\/43.30\/","token":"43.30"},"21":{"id":"1672","structure_id":"15","section_number":"43.31","catch_line":"Fortune Telling \u2013 Exemptions.","url":"\/43.31\/","token":"43.31"},"22":{"id":"3450","structure_id":"15","section_number":"43.32","catch_line":"Petitions \u2013 Misrepresentation Of Contents.","url":"\/43.32\/","token":"43.32"},"23":{"id":"2206","structure_id":"15","section_number":"43.39","catch_line":"Examinations \u2013 Impersonation Prohibited.","url":"\/43.39\/","token":"43.39"}},"next_section":{"id":"2519","structure_id":"15","section_number":"43.05.2","catch_line":"Games \u2013 Unlawful Possession \u2013 Declared To Be A Nuisance.","url":"\/43.05.2\/","token":"43.05.2"},"metadata":false,"references":false,"url":"\/43.05.1\/","token":"43.05.1","formats":{"txt":"\/43.05.1.txt","json":"\/43.05.1.xml"},"dublin_core":{"Title":"Coin Games And Similar Contrivances \u2013 Possession Prohibited.","Type":"Text","Format":"text\/html","Identifier":"\u00a7 43.05.1","Relation":"Los Angeles Municipal Code"},"plain_text":"                            LOS ANGELES MUNICIPAL CODE\n\nCOIN GAMES AND SIMILAR CONTRIVANCES \u2013 POSSESSION PROHIBITED. (\u00a7 43.05.1)\n\n\u00a0 COIN GAMES AND SIMILAR CONTRIVANCES \u2013 POSSESSION\nPROHIBITED.\tA.\tDefinitions. For the purposes of this section, the following\nterms are defined as hereinafter set forth:\t1.\t\u201cPin Game\u201d: Any table,\ncabinet, or mechanism equipped for the playing of any game whereby any marble,\nball, pellet or other moving object is propelled, released, rolled or shot\nalong, over or above a surface set with pins, pegs or other obstructions or\nirregularities which deflect or impede the course of the moving object or which\nmay divert or direct it beyond the control of the player.\t2.\t\u201cMarble Game\u201d:\nAny table, cabinet or stand equipped for the playing of a game whereby marbles\nor balls are, with the aid of a mechanical plunger or other affixed device,\npropelled, released, shot or rolled so as to drop or come to rest in holes,\nslots, cups or traps, resulting in a score or tally being electrically or\notherwise registered or shown which score or tally depends upon the course\nfollowed or point reached by the marble or ball or upon the contact points\ntouched by it along its course, or upon any combination of such factors.\t3.\tThe\nphrase \u201cAny game similar to a marble game\u201d shall mean: \u201cBalley-Alley\u201d\nand any other miniature mechanical bowling game device, by whatever name called;\nany table, cabinet or mechanical device equipped for the playing of any game\nwhereby any marble, ball, pellet or any moving object is propelled, rolled, shot\nor released toward a goal, pin, set of pins, or other objective by means of any\nplunger, ejector, mechanical bat, mechanical hand or by means of any other\nstriking or releasing mechanism which is affixed or attached to the table or\ncabinet, or which is an integral part of the mechanical device or which is\nmechanically manipulated, controlled or guided, and which game is so contrived\nthat, at the conclusion of the operation or play thereof the score or result of\nplay thereof is visible or otherwise discernible so as to permit or make\npracticable the playing off or the awarding of a prize or reward upon the\noperation or play of the game.\t4.\t\u201cClaw, Hook, or Grab Machine\u201d: Any\namusement machine or device so designed that articles placed or heaped therein\nfor the purpose of the game may be grabbed, hooked, or otherwise displaced,\nrecovered or removed by the operation of any contrivance simulating in miniature\na power shovel, clam shell, dragline or similar excavating tool or\nmachine.\t5.\t\u201cHorse Racing Machine\u201d: Any mechanically operated amusement\nmachine or device contrived to simulate in miniature the running of a horse race\nor any other race run by beasts, humans or machines, or which is contrived to\nput in motion any number of objects or symbols which then do, or appear to, run\nor move against each other in the manner of a miniature race, or which is\ndesigned to represent, by symbols, the running of any race and the order of the\nfinish thereof.\tB.\tIt shall be unlawful for any person to keep, maintain or\npossess in any place of business or in any place of public resort:\t1.\tAny pin\ngame, any marble game or any game similar to a marble game, any claw, hook or\ngrab machine or any horse race machine, the operation of which game or machine\nis controlled, permitted or made available by placing therein a coin, plug,\ndisc, key or token, or which is let for use, operation or play upon the payment\nor delivery of anything of value therefor, or upon the making of any\npurchase.\t2.\tAny mechanical device or mechanically operated contrivance for the\nplaying of any game of chance, the use or operation of which is controlled,\npermitted or made available by placing therein any coin, plug, disk, key or\ntoken, or which is let for use, operation or play upon the payment or delivery\nof anything of value therefor, or upon the making of any purchase.\tC.\tThe\nprovisions of this section shall not apply to the keeping, possessing or\nexhibiting of any such mechanical contrivance or device at or in any mercantile\nstore in which such mechanical contrivances or devices are kept solely for sale\nand which mechanical contrivances or devices members of the public are not\npermitted or allowed to operate, manipulate or play except as incident to a\ndemonstration for the purpose of sale.\tThis section is not unconstitutional,\nalthough it pertains to machines in which a degree of skill may be developed.\n\tPeople v. Hambro, CR A 1856\n\tPeople v. Eisenberg CR A 1900\n\tPeople v. Chuba CR A 2391\n","html":"\n\t\t\t\t\t<section><p>\u00a0 COIN GAMES AND SIMILAR CONTRIVANCES \u2013 <span class=\"dictionary\">POSSESSION<\/span> PROHIBITED.<br \/><br \/>\tA.\tDefinitions. For the purposes of this section, the following terms are defined as hereinafter set forth:<br \/><br \/>\t1.\t\u201cPin Game\u201d: Any table, cabinet, or mechanism equipped for the playing of any game whereby any marble, ball, pellet or other moving <span class=\"dictionary\">object<\/span> is propelled, released, rolled or shot along, over or above a surface set with pins, pegs or other obstructions or irregularities which deflect or impede the course of the moving <span class=\"dictionary\">object<\/span> or which may divert or direct it beyond the control of the player.<br \/><br \/>\t2.\t\u201cMarble Game\u201d: Any table, cabinet or stand equipped for the playing of a game whereby marbles or balls are, with the aid of a mechanical plunger or other affixed device, propelled, released, shot or rolled so as to drop or come to rest in holes, slots, cups or traps, resulting in a score or tally being electrically or otherwise registered or shown which score or tally depends upon the course followed or point reached by the marble or ball or upon the contact points touched by it along its course, or upon any combination of such factors.<br \/><br \/>\t3.\tThe phrase \u201cAny game similar to a marble game\u201d shall mean: \u201cBalley-Alley\u201d and any other miniature mechanical bowling game device, by whatever name called; any table, cabinet or mechanical device equipped for the playing of any game whereby any marble, ball, pellet or any moving <span class=\"dictionary\">object<\/span> is propelled, rolled, shot or released toward a goal, pin, set of pins, or other objective by means of any plunger, ejector, mechanical bat, mechanical hand or by means of any other striking or releasing mechanism which is affixed or attached to the table or cabinet, or which is an integral part of the mechanical device or which is mechanically manipulated, controlled or guided, and which game is so contrived that, at the conclusion of the operation or play thereof the score or result of play thereof is visible or otherwise discernible so as to permit or make practicable the playing off or the awarding of a prize or reward upon the operation or play of the game.<br \/><br \/>\t4.\t\u201cClaw, Hook, or Grab Machine\u201d: Any amusement machine or device so designed that articles placed or heaped therein for the purpose of the game may be grabbed, hooked, or otherwise displaced, recovered or removed by the operation of any contrivance simulating in miniature a power shovel, clam shell, dragline or similar excavating tool or machine.<br \/><br \/>\t5.\t\u201cHorse Racing Machine\u201d: Any mechanically operated amusement machine or device contrived to simulate in miniature the running of a horse race or any other race run by beasts, humans or machines, or which is contrived to put in <span class=\"dictionary\">motion<\/span> any number of <span class=\"dictionary\">objects<\/span> or symbols which then do, or appear to, run or move against each other in the manner of a miniature race, or which is designed to represent, by symbols, the running of any race and the <span class=\"dictionary\">order<\/span> of the finish thereof.<br \/><br \/>\tB.\tIt shall be unlawful for any person to keep, maintain or possess in any place of business or in any place of public resort:<br \/><br \/>\t1.\tAny pin game, any marble game or any game similar to a marble game, any claw, hook or grab machine or any horse race machine, the operation of which game or machine is controlled, permitted or made available by placing therein a coin, plug, disc, key or token, or which is let for use, operation or play upon the payment or delivery of anything of value therefor, or upon the making of any purchase.<br \/><br \/>\t2.\tAny mechanical device or mechanically operated contrivance for the playing of any game of chance, the use or operation of which is controlled, permitted or made available by placing therein any coin, plug, disk, key or token, or which is let for use, operation or play upon the payment or delivery of anything of value therefor, or upon the making of any purchase.<br \/><br \/>\tC.\tThe provisions of this section shall not apply to the keeping, possessing or exhibiting of any such mechanical contrivance or device at or in any mercantile store in which such mechanical contrivances or devices are kept solely for sale and which mechanical contrivances or devices members of the public are not permitted or allowed to operate, manipulate or play except as incident to a demonstration for the purpose of sale.<br \/><br \/>\tThis section is not unconstitutional, although it pertains to machines in which a degree of skill may be developed.\n\tPeople v. Hambro, CR A 1856\n\tPeople v. Eisenberg CR A 1900\n\tPeople v. Chuba CR A 2391<\/p><\/section>","previous_section":{"id":"443","structure_id":"15","section_number":"43.01.1","catch_line":"Bingo For Charitable Purposes.","url":"\/43.01.1\/","token":"43.01.1"},"text":{"0":{"id":"2691","text":"\u00a0 COIN GAMES AND SIMILAR CONTRIVANCES \u2013 POSSESSION PROHIBITED.\tA.\tDefinitions. For the purposes of this section, the following terms are defined as hereinafter set forth:\t1.\t\u201cPin Game\u201d: Any table, cabinet, or mechanism equipped for the playing of any game whereby any marble, ball, pellet or other moving object is propelled, released, rolled or shot along, over or above a surface set with pins, pegs or other obstructions or irregularities which deflect or impede the course of the moving object or which may divert or direct it beyond the control of the player.\t2.\t\u201cMarble Game\u201d: Any table, cabinet or stand equipped for the playing of a game whereby marbles or balls are, with the aid of a mechanical plunger or other affixed device, propelled, released, shot or rolled so as to drop or come to rest in holes, slots, cups or traps, resulting in a score or tally being electrically or otherwise registered or shown which score or tally depends upon the course followed or point reached by the marble or ball or upon the contact points touched by it along its course, or upon any combination of such factors.\t3.\tThe phrase \u201cAny game similar to a marble game\u201d shall mean: \u201cBalley-Alley\u201d and any other miniature mechanical bowling game device, by whatever name called; any table, cabinet or mechanical device equipped for the playing of any game whereby any marble, ball, pellet or any moving object is propelled, rolled, shot or released toward a goal, pin, set of pins, or other objective by means of any plunger, ejector, mechanical bat, mechanical hand or by means of any other striking or releasing mechanism which is affixed or attached to the table or cabinet, or which is an integral part of the mechanical device or which is mechanically manipulated, controlled or guided, and which game is so contrived that, at the conclusion of the operation or play thereof the score or result of play thereof is visible or otherwise discernible so as to permit or make practicable the playing off or the awarding of a prize or reward upon the operation or play of the game.\t4.\t\u201cClaw, Hook, or Grab Machine\u201d: Any amusement machine or device so designed that articles placed or heaped therein for the purpose of the game may be grabbed, hooked, or otherwise displaced, recovered or removed by the operation of any contrivance simulating in miniature a power shovel, clam shell, dragline or similar excavating tool or machine.\t5.\t\u201cHorse Racing Machine\u201d: Any mechanically operated amusement machine or device contrived to simulate in miniature the running of a horse race or any other race run by beasts, humans or machines, or which is contrived to put in motion any number of objects or symbols which then do, or appear to, run or move against each other in the manner of a miniature race, or which is designed to represent, by symbols, the running of any race and the order of the finish thereof.\tB.\tIt shall be unlawful for any person to keep, maintain or possess in any place of business or in any place of public resort:\t1.\tAny pin game, any marble game or any game similar to a marble game, any claw, hook or grab machine or any horse race machine, the operation of which game or machine is controlled, permitted or made available by placing therein a coin, plug, disc, key or token, or which is let for use, operation or play upon the payment or delivery of anything of value therefor, or upon the making of any purchase.\t2.\tAny mechanical device or mechanically operated contrivance for the playing of any game of chance, the use or operation of which is controlled, permitted or made available by placing therein any coin, plug, disk, key or token, or which is let for use, operation or play upon the payment or delivery of anything of value therefor, or upon the making of any purchase.\tC.\tThe provisions of this section shall not apply to the keeping, possessing or exhibiting of any such mechanical contrivance or device at or in any mercantile store in which such mechanical contrivances or devices are kept solely for sale and which mechanical contrivances or devices members of the public are not permitted or allowed to operate, manipulate or play except as incident to a demonstration for the purpose of sale.\tThis section is not unconstitutional, although it pertains to machines in which a degree of skill may be developed.\n\tPeople v. Hambro, CR A 1856\n\tPeople v. Eisenberg CR A 1900\n\tPeople v. Chuba CR A 2391","type":"section","prefixes":[""],"prefix":"","entire_prefix":"","prefix_anchor":"","level":1}}}