{"section_number":"44.00","edition_id":"1","section_id":"647","structure_id":"91","catch_line":"Definitions.","history":"","full_text":"\u00a0 DEFINITIONS.\n\t(Amended by Ord. No. 175,060, Eff. 3\/4\/03.)\n\n\tFor the purposes of this article, the following terms are defined and shall be construed as indicated here unless it is apparent from the context that they have a different meaning:\n\n\t(a)\t\u201cCharitable\u201d shall include philanthropic, social service, benevolent, patriotic, and religious, whether they are actual or purported.\u00a0\n\n\t(b)\t\u201cContribution\u201d shall include food, clothing, money, property and the loan of money or property.\u00a0 \u00a0\n\n\t(c)\t\u201cDepartment\u201d shall mean the Police Department. \u00a0\n\n\t(d)\t\u201cPerson\u201d shall be construed as defined in Section 11.01 of this Code. \u00a0\n\n\t(e)\t\u201cCommercial Fund-Raiser\u201d shall mean any person who for pecuniary compensation or consideration received solicits or purports to solicit charitable contributions on behalf of any other person.\u00a0 Pecuniary compensation or consideration shall include, but is not limited to, participation on a percentage basis in any funds solicited or raised.\u00a0 No natural person who is an officer, director, or bona fide paid employee of a charitable organization that is operating in compliance with this article shall be considered a commercial fund-raiser within the meaning of this article.\u00a0 Nor shall any natural person who is working under the direction and control of a commercial fund-raiser be considered a commercial fund-raiser within the meaning of this article.\u00a0\n\n\t(f)\t\u201cSolicitor\u201d shall mean any person who for pecuniary compensation or consideration received solicits or purports to solicit charitable contributions but who is not licensed as a commercial fund-raiser; provided that no natural person who is an officer, director, or bona fide paid employee of a charitable organization that is operating in compliance with this article shall be considered a solicitor within the meaning of this article.\u00a0\n\n\t(g)\t\u201cSolicitation\u201d shall mean and include the following:\n\n\t(1)\tAny oral or written request for a charitable contribution made, transmitted, or distributed by any means; and\n\n\t(2)\tAny offer to sell any service, item, or right to attend any function or participate in any activity, which offer includes reference to any actual or purported charitable purpose or charitable organization as an inducement to purchase the service, item, or right to attend.\n\n\tA solicitation shall be deemed completed when made, whether or not the person making it receives a contribution or makes a sale referred to in this article. No communication between natural persons personally known to each other shall constitute a solicitation for purposes of this article.\u00a0 No communication made by electronic mail shall constitute a solicitation for purposes of this article unless the person making the communication is aware that the recipient of the e-mail is located in the City of Los Angeles.\u00a0 No information contained on any website or presented on any television or radio broadcast that is subject to regulation by the Federal Communications Commission shall constitute a solicitation for purposes of this article.\u00a0 Nor shall any statement that a charitable organization is nonprofit, tax-exempt, or funded or supported by charitable contributions by itself constitute a solicitation for purposes of this article.\u00a0 For purposes of this article, \u201csolicitation\u201d shall not include any raffle within the meaning of California Penal Code Section 320.5.","order_by":"00","text":{"0":{"id":"639","text":"\u00a0 DEFINITIONS.\n\t(Amended by Ord. No. 175,060, Eff. 3\/4\/03.)\n\n\tFor the purposes of this article, the following terms are defined and shall be construed as indicated here unless it is apparent from the context that they have a different meaning:\n\n\t(a)\t\u201cCharitable\u201d shall include philanthropic, social service, benevolent, patriotic, and religious, whether they are actual or purported.\u00a0\n\n\t(b)\t\u201cContribution\u201d shall include food, clothing, money, property and the loan of money or property.\u00a0 \u00a0\n\n\t(c)\t\u201cDepartment\u201d shall mean the Police Department. \u00a0\n\n\t(d)\t\u201cPerson\u201d shall be construed as defined in Section 11.01 of this Code. \u00a0\n\n\t(e)\t\u201cCommercial Fund-Raiser\u201d shall mean any person who for pecuniary compensation or consideration received solicits or purports to solicit charitable contributions on behalf of any other person.\u00a0 Pecuniary compensation or consideration shall include, but is not limited to, participation on a percentage basis in any funds solicited or raised.\u00a0 No natural person who is an officer, director, or bona fide paid employee of a charitable organization that is operating in compliance with this article shall be considered a commercial fund-raiser within the meaning of this article.\u00a0 Nor shall any natural person who is working under the direction and control of a commercial fund-raiser be considered a commercial fund-raiser within the meaning of this article.\u00a0\n\n\t(f)\t\u201cSolicitor\u201d shall mean any person who for pecuniary compensation or consideration received solicits or purports to solicit charitable contributions but who is not licensed as a commercial fund-raiser; provided that no natural person who is an officer, director, or bona fide paid employee of a charitable organization that is operating in compliance with this article shall be considered a solicitor within the meaning of this article.\u00a0\n\n\t(g)\t\u201cSolicitation\u201d shall mean and include the following:\n\n\t(1)\tAny oral or written request for a charitable contribution made, transmitted, or distributed by any means; and\n\n\t(2)\tAny offer to sell any service, item, or right to attend any function or participate in any activity, which offer includes reference to any actual or purported charitable purpose or charitable organization as an inducement to purchase the service, item, or right to attend.\n\n\tA solicitation shall be deemed completed when made, whether or not the person making it receives a contribution or makes a sale referred to in this article. No communication between natural persons personally known to each other shall constitute a solicitation for purposes of this article.\u00a0 No communication made by electronic mail shall constitute a solicitation for purposes of this article unless the person making the communication is aware that the recipient of the e-mail is located in the City of Los Angeles.\u00a0 No information contained on any website or presented on any television or radio broadcast that is subject to regulation by the Federal Communications Commission shall constitute a solicitation for purposes of this article.\u00a0 Nor shall any statement that a charitable organization is nonprofit, tax-exempt, or funded or supported by charitable contributions by itself constitute a solicitation for purposes of this article.\u00a0 For purposes of this article, \u201csolicitation\u201d shall not include any raffle within the meaning of California Penal Code Section 320.5.","type":"section","prefixes":[""],"prefix":"","entire_prefix":"","prefix_anchor":"","level":1}},"ancestry":{"1":{"id":"91","name":"Philanthropy","identifier":"4","label":"article","url":"\/4\/4\/"},"2":{"id":"11","name":"Public Welfare","identifier":"4","label":"chapter","url":"\/4\/"}},"structure_contents":{"0":{"id":"647","structure_id":"91","section_number":"44.00","catch_line":"Definitions.","url":"\/44.00\/","token":"44.00"},"1":{"id":"685","structure_id":"91","section_number":"44.01","catch_line":"Powers Of Board.","url":"\/44.01\/","token":"44.01"},"2":{"id":"1922","structure_id":"91","section_number":"44.02","catch_line":"Powers And Duties Of The Department.","url":"\/44.02\/","token":"44.02"},"3":{"id":"1037","structure_id":"91","section_number":"44.03","catch_line":"Fraud.","url":"\/44.03\/","token":"44.03"},"4":{"id":"476","structure_id":"91","section_number":"44.04","catch_line":"Notice Of Intention.","url":"\/44.04\/","token":"44.04"},"5":{"id":"3678","structure_id":"91","section_number":"44.05","catch_line":"Out Of State Organizations.","url":"\/44.05\/","token":"44.05"},"6":{"id":"3088","structure_id":"91","section_number":"44.06","catch_line":"Accounting System.","url":"\/44.06\/","token":"44.06"},"7":{"id":"666","structure_id":"91","section_number":"44.07","catch_line":"Coin Containers.","url":"\/44.07\/","token":"44.07"},"8":{"id":"2477","structure_id":"91","section_number":"44.08","catch_line":"Solicitations On Behalf Of Other Persons.","url":"\/44.08\/","token":"44.08"},"9":{"id":"716","structure_id":"91","section_number":"44.09","catch_line":"Solicitation \u2013 Information Card.","url":"\/44.09\/","token":"44.09"},"10":{"id":"1929","structure_id":"91","section_number":"44.10","catch_line":"Report Of Results Of Activity.","url":"\/44.10\/","token":"44.10"},"11":{"id":"459","structure_id":"91","section_number":"44.11","catch_line":"Receipts For Contributions.","url":"\/44.11\/","token":"44.11"},"12":{"id":"2677","structure_id":"91","section_number":"44.12","catch_line":"Exemptions.","url":"\/44.12\/","token":"44.12"},"13":{"id":"519","structure_id":"91","section_number":"44.13","catch_line":"Hours Of Solicitation.","url":"\/44.13\/","token":"44.13"},"14":{"id":"989","structure_id":"91","section_number":"44.14","catch_line":"Commercial Fund-Raisers And Solicitors.","url":"\/44.14\/","token":"44.14"},"15":{"id":"2682","structure_id":"91","section_number":"44.15","catch_line":"Endorsement.","url":"\/44.15\/","token":"44.15"}},"next_section":{"id":"685","structure_id":"91","section_number":"44.01","catch_line":"Powers Of Board.","url":"\/44.01\/","token":"44.01"},"metadata":false,"references":false,"url":"\/44.00\/","token":"44.00","formats":{"txt":"\/44.00.txt","json":"\/44.00.xml"},"dublin_core":{"Title":"Definitions.","Type":"Text","Format":"text\/html","Identifier":"\u00a7 44.00","Relation":"Los Angeles Municipal Code"},"plain_text":"                            LOS ANGELES MUNICIPAL CODE\n\nDEFINITIONS. (\u00a7 44.00)\n\n\u00a0 DEFINITIONS.\n\t(Amended by Ord. No. 175,060, Eff. 3\/4\/03.)\n\n\tFor the purposes of this article, the following terms are defined and shall be\nconstrued as indicated here unless it is apparent from the context that they\nhave a different meaning:\n\n\t(a)\t\u201cCharitable\u201d shall include philanthropic, social service, benevolent,\npatriotic, and religious, whether they are actual or purported.\u00a0\n\n\t(b)\t\u201cContribution\u201d shall include food, clothing, money, property and the\nloan of money or property.\u00a0 \u00a0\n\n\t(c)\t\u201cDepartment\u201d shall mean the Police Department. \u00a0\n\n\t(d)\t\u201cPerson\u201d shall be construed as defined in Section 11.01 of this Code.\n\u00a0\n\n\t(e)\t\u201cCommercial Fund-Raiser\u201d shall mean any person who for pecuniary\ncompensation or consideration received solicits or purports to solicit\ncharitable contributions on behalf of any other person.\u00a0 Pecuniary compensation\nor consideration shall include, but is not limited to, participation on a\npercentage basis in any funds solicited or raised.\u00a0 No natural person who is an\nofficer, director, or bona fide paid employee of a charitable organization that\nis operating in compliance with this article shall be considered a commercial\nfund-raiser within the meaning of this article.\u00a0 Nor shall any natural person\nwho is working under the direction and control of a commercial fund-raiser be\nconsidered a commercial fund-raiser within the meaning of this article.\u00a0\n\n\t(f)\t\u201cSolicitor\u201d shall mean any person who for pecuniary compensation or\nconsideration received solicits or purports to solicit charitable contributions\nbut who is not licensed as a commercial fund-raiser; provided that no natural\nperson who is an officer, director, or bona fide paid employee of a charitable\norganization that is operating in compliance with this article shall be\nconsidered a solicitor within the meaning of this article.\u00a0\n\n\t(g)\t\u201cSolicitation\u201d shall mean and include the following:\n\n\t(1)\tAny oral or written request for a charitable contribution made,\ntransmitted, or distributed by any means; and\n\n\t(2)\tAny offer to sell any service, item, or right to attend any function or\nparticipate in any activity, which offer includes reference to any actual or\npurported charitable purpose or charitable organization as an inducement to\npurchase the service, item, or right to attend.\n\n\tA solicitation shall be deemed completed when made, whether or not the person\nmaking it receives a contribution or makes a sale referred to in this article.\nNo communication between natural persons personally known to each other shall\nconstitute a solicitation for purposes of this article.\u00a0 No communication made\nby electronic mail shall constitute a solicitation for purposes of this article\nunless the person making the communication is aware that the recipient of the\ne-mail is located in the City of Los Angeles.\u00a0 No information contained on any\nwebsite or presented on any television or radio broadcast that is subject to\nregulation by the Federal Communications Commission shall constitute a\nsolicitation for purposes of this article.\u00a0 Nor shall any statement that a\ncharitable organization is nonprofit, tax-exempt, or funded or supported by\ncharitable contributions by itself constitute a solicitation for purposes of\nthis article.\u00a0 For purposes of this article, \u201csolicitation\u201d shall not\ninclude any raffle within the meaning of California Penal Code Section 320.5.\n"}