{"section_number":"45.51","edition_id":"1","section_id":"1548","structure_id":"108","catch_line":"Definitions.","history":"","full_text":"\u00a0 DEFINITIONS.\n\t(Added by Ord. No. 153,406, Eff. 3\/8\/80.)\n\n\tA.\tElderly persons:\u00a0 Persons 62 years of age or older.\n\n\tB.\tHousing accommodation. (Amended by Ord. No. 155,933, Eff. 10\/21\/81.)\n\n\t(1)\tAny residential rental unit consisting of one or more rooms in which cooking facilities are available; or\n\n\t(2)\tAny space within a mobilehome park or trailerpark used for a structure or vehicle for human habitation. For purposes of this article, a mobilehome park or trailerpark is defined as an area of land where one or more spaces are rented or leased, or held out for rent or lease, for structures or vehicles for human habitation.\n\n\tC.\tMinor child:\u00a0 Any natural person under the age of 18 years.\n\n\tD.\tPerson:\u00a0 Any individual, firm, partnership, joint venture, association, corporation, estate, or trust.","order_by":"51","ancestry":{"1":{"id":"108","name":"\nProhibition Against Discrimination In Housing Based On Age","identifier":"5.5","label":"article","url":"\/4\/5.5\/"},"2":{"id":"11","name":"Public Welfare","identifier":"4","label":"chapter","url":"\/4\/"}},"structure_contents":{"0":{"id":"3583","structure_id":"108","section_number":"45.50","catch_line":"Findings And Purpose.","url":"\/45.50\/","token":"45.50"},"1":{"id":"1548","structure_id":"108","section_number":"45.51","catch_line":"Definitions.","url":"\/45.51\/","token":"45.51"},"2":{"id":"4091","structure_id":"108","section_number":"45.52","catch_line":"Prohibited Activities.","url":"\/45.52\/","token":"45.52"},"3":{"id":"1770","structure_id":"108","section_number":"45.53","catch_line":"Exemptions.","url":"\/45.53\/","token":"45.53"},"4":{"id":"1746","structure_id":"108","section_number":"45.54","catch_line":"Financial Obligations Requirements Not Prohibited.","url":"\/45.54\/","token":"45.54"},"5":{"id":"639","structure_id":"108","section_number":"45.55","catch_line":"Remedies.","url":"\/45.55\/","token":"45.55"}},"next_section":{"id":"4091","structure_id":"108","section_number":"45.52","catch_line":"Prohibited Activities.","url":"\/45.52\/","token":"45.52"},"metadata":false,"references":false,"url":"\/45.51\/","token":"45.51","formats":{"txt":"\/45.51.txt","json":"\/45.51.xml"},"dublin_core":{"Title":"Definitions.","Type":"Text","Format":"text\/html","Identifier":"\u00a7 45.51","Relation":"Los Angeles Municipal Code"},"plain_text":"                            LOS ANGELES MUNICIPAL CODE\n\nDEFINITIONS. (\u00a7 45.51)\n\n\u00a0 DEFINITIONS.\n\t(Added by Ord. No. 153,406, Eff. 3\/8\/80.)\tA.\tElderly persons:\u00a0 Persons 62\nyears of age or older.\tB.\tHousing accommodation. (Amended by Ord. No. 155,933,\nEff. 10\/21\/81.)\t(1)\tAny residential rental unit consisting of one or more rooms\nin which cooking facilities are available; or\t(2)\tAny space within a mobilehome\npark or trailerpark used for a structure or vehicle for human habitation. For\npurposes of this article, a mobilehome park or trailerpark is defined as an area\nof land where one or more spaces are rented or leased, or held out for rent or\nlease, for structures or vehicles for human habitation.\tC.\tMinor child:\u00a0 Any\nnatural person under the age of 18 years.\tD.\tPerson:\u00a0 Any individual, firm,\npartnership, joint venture, association, corporation, estate, or trust.\n","html":"\n\t\t\t\t\t<section><p>\u00a0 DEFINITIONS.\n\t(Added by Ord. No. 153,406, Eff. 3\/8\/80.)<br \/><br \/>\tA.\tElderly persons:\u00a0 Persons 62 years of age or older.<br \/><br \/>\tB.\tHousing accommodation. (Amended by Ord. No. 155,933, Eff. 10\/21\/81.)<br \/><br \/>\t(1)\tAny residential rental unit consisting of one or more rooms in which cooking facilities are available; or<br \/><br \/>\t(2)\tAny space within a mobilehome park or trailerpark used for a structure or vehicle for human habitation. For purposes of this article, a mobilehome park or trailerpark is defined as an area of land where one or more spaces are rented or leased, or held out for rent or lease, for structures or vehicles for human habitation.<br \/><br \/>\tC.\t<span class=\"dictionary\">Minor<\/span> child:\u00a0 Any natural person under the age of 18 years.<br \/><br \/>\tD.\tPerson:\u00a0 Any individual, firm, partnership, joint venture, association, corporation, estate, or trust.<\/p><\/section>","text":{"0":{"id":"1534","text":"\u00a0 DEFINITIONS.\n\t(Added by Ord. No. 153,406, Eff. 3\/8\/80.)\tA.\tElderly persons:\u00a0 Persons 62 years of age or older.\tB.\tHousing accommodation. (Amended by Ord. No. 155,933, Eff. 10\/21\/81.)\t(1)\tAny residential rental unit consisting of one or more rooms in which cooking facilities are available; or\t(2)\tAny space within a mobilehome park or trailerpark used for a structure or vehicle for human habitation. For purposes of this article, a mobilehome park or trailerpark is defined as an area of land where one or more spaces are rented or leased, or held out for rent or lease, for structures or vehicles for human habitation.\tC.\tMinor child:\u00a0 Any natural person under the age of 18 years.\tD.\tPerson:\u00a0 Any individual, firm, partnership, joint venture, association, corporation, estate, or trust.","type":"section","prefixes":[""],"prefix":"","entire_prefix":"","prefix_anchor":"","level":1}},"previous_section":{"id":"3583","structure_id":"108","section_number":"45.50","catch_line":"Findings And Purpose.","url":"\/45.50\/","token":"45.50"}}