{"section_number":"45.70","edition_id":"1","section_id":"1502","structure_id":"85","catch_line":"Purpose.","history":"","full_text":"\u00a0 PURPOSE.\n\n\tThe purpose of the article is to prohibit arbitrary discrimination against older mobilehomes.","order_by":"70","text":{"0":{"id":"1488","text":"\u00a0 PURPOSE.\n\n\tThe purpose of the article is to prohibit arbitrary discrimination against older mobilehomes.","type":"section","prefixes":[""],"prefix":"","entire_prefix":"","prefix_anchor":"","level":1}},"ancestry":{"1":{"id":"85","name":"Prohibition Of Discrimination In Mobilehome Parks Against Owners Of Mobilehomes Based On The Age Of Their Mobilehomes","identifier":"5.7","label":"article","url":"\/4\/5.7\/"},"2":{"id":"11","name":"Public Welfare","identifier":"4","label":"chapter","url":"\/4\/"}},"structure_contents":{"0":{"id":"1502","structure_id":"85","section_number":"45.70","catch_line":"Purpose.","url":"\/45.70\/","token":"45.70"},"1":{"id":"2180","structure_id":"85","section_number":"45.71","catch_line":"Definitions.","url":"\/45.71\/","token":"45.71"},"2":{"id":"405","structure_id":"85","section_number":"45.72","catch_line":"Prohibited Activities.","url":"\/45.72\/","token":"45.72"},"3":{"id":"1015","structure_id":"85","section_number":"45.73","catch_line":"Remedies.","url":"\/45.73\/","token":"45.73"}},"next_section":{"id":"2180","structure_id":"85","section_number":"45.71","catch_line":"Definitions.","url":"\/45.71\/","token":"45.71"},"metadata":false,"references":false,"url":"\/45.70\/","token":"45.70","formats":{"txt":"\/45.70.txt","json":"\/45.70.xml"},"dublin_core":{"Title":"Purpose.","Type":"Text","Format":"text\/html","Identifier":"\u00a7 45.70","Relation":"Los Angeles Municipal Code"},"plain_text":"                            LOS ANGELES MUNICIPAL CODE\n\nPURPOSE. (\u00a7 45.70)\n\n\u00a0 PURPOSE.\n\n\tThe purpose of the article is to prohibit arbitrary discrimination against\nolder mobilehomes.\n"}