{"section_number":"45.85","edition_id":"1","section_id":"2003","structure_id":"83","catch_line":"City Facilities And Services.","history":"","full_text":"\u00a0 CITY FACILITIES AND SERVICES.\n\n\tA.\tUnlawful Service and Facility Practices.\u00a0 It shall be an unlawful practice for any person to deny any person the full and equal enjoyment of, or to impose different terms and conditions on the availability of any of the following:\n\n\t1.\tUse of any City facility or City service on the basis (in whole or in part) of the fact that such person has the medical condition AIDS or any condition related thereto.\n\n\t2.\tAny service, program or facility wholly or partially funded or otherwise supported by the City of Los Angeles, on the basis (in whole or in part) of the fact that such person has the medical condition AIDS or any condition related thereto.\n\n\tThis subsection shall not apply to any facility, service or program which does not receive any assistance from the City of Los Angeles which is not provided to the public generally.","order_by":"85","ancestry":{"1":{"id":"83","name":"Prohibition Against Discrimination Based On A Person Suffering From The Medical Condition Aids, Or Any Medical Signs Or Symptoms Related Thereto, Or Any Perception That A Person Is Suffering From The Medical Condition Aids Whether Real Or Imaginary","identifier":"5.8","label":"article","url":"\/4\/5.8\/"},"2":{"id":"11","name":"Public Welfare","identifier":"4","label":"chapter","url":"\/4\/"}},"structure_contents":{"0":{"id":"2837","structure_id":"83","section_number":"45.80","catch_line":"Statement Of Policy.","url":"\/45.80\/","token":"45.80"},"1":{"id":"3803","structure_id":"83","section_number":"45.81","catch_line":"Definitions.","url":"\/45.81\/","token":"45.81"},"2":{"id":"3451","structure_id":"83","section_number":"45.82","catch_line":"Employment.","url":"\/45.82\/","token":"45.82"},"3":{"id":"2546","structure_id":"83","section_number":"45.83","catch_line":"Rental Housing.","url":"\/45.83\/","token":"45.83"},"4":{"id":"1400","structure_id":"83","section_number":"45.84","catch_line":"Business Establishments.","url":"\/45.84\/","token":"45.84"},"5":{"id":"2003","structure_id":"83","section_number":"45.85","catch_line":"City Facilities And Services.","url":"\/45.85\/","token":"45.85"},"6":{"id":"996","structure_id":"83","section_number":"45.86","catch_line":"Educational Institutions.","url":"\/45.86\/","token":"45.86"},"7":{"id":"375","structure_id":"83","section_number":"45.87","catch_line":"Advertising.","url":"\/45.87\/","token":"45.87"},"8":{"id":"853","structure_id":"83","section_number":"45.88","catch_line":"Subterfuge.","url":"\/45.88\/","token":"45.88"},"9":{"id":"2786","structure_id":"83","section_number":"45.89","catch_line":"Liability.","url":"\/45.89\/","token":"45.89"},"10":{"id":"2799","structure_id":"83","section_number":"45.90","catch_line":"Enforcement.","url":"\/45.90\/","token":"45.90"},"11":{"id":"2605","structure_id":"83","section_number":"45.91","catch_line":"Limitation On Action.","url":"\/45.91\/","token":"45.91"},"12":{"id":"1452","structure_id":"83","section_number":"45.92","catch_line":"Severability.","url":"\/45.92\/","token":"45.92"},"13":{"id":"3801","structure_id":"83","section_number":"45.93","catch_line":"Exceptions.","url":"\/45.93\/","token":"45.93"}},"next_section":{"id":"996","structure_id":"83","section_number":"45.86","catch_line":"Educational Institutions.","url":"\/45.86\/","token":"45.86"},"metadata":false,"references":false,"url":"\/45.85\/","token":"45.85","formats":{"txt":"\/45.85.txt","json":"\/45.85.xml"},"dublin_core":{"Title":"City Facilities And Services.","Type":"Text","Format":"text\/html","Identifier":"\u00a7 45.85","Relation":"Los Angeles Municipal Code"},"plain_text":"                            LOS ANGELES MUNICIPAL CODE\n\nCITY FACILITIES AND SERVICES. (\u00a7 45.85)\n\n\u00a0 CITY FACILITIES AND SERVICES.\tA.\tUnlawful Service and Facility Practices.\u00a0\nIt shall be an unlawful practice for any person to deny any person the full and\nequal enjoyment of, or to impose different terms and conditions on the\navailability of any of the following:\t1.\tUse of any City facility or City\nservice on the basis (in whole or in part) of the fact that such person has the\nmedical condition AIDS or any condition related thereto.\t2.\tAny service, program\nor facility wholly or partially funded or otherwise supported by the City of Los\nAngeles, on the basis (in whole or in part) of the fact that such person has the\nmedical condition AIDS or any condition related thereto.\tThis subsection shall\nnot apply to any facility, service or program which does not receive any\nassistance from the City of Los Angeles which is not provided to the public\ngenerally.\n","html":"\n\t\t\t\t\t<section><p>\u00a0 CITY FACILITIES AND SERVICES.<br \/><br \/>\tA.\tUnlawful Service and Facility Practices.\u00a0 It shall be an unlawful practice for any person to deny any person the full and equal enjoyment of, or to impose different terms and conditions on the availability of any of the following:<br \/><br \/>\t1.\tUse of any City facility or City service on the basis (in whole or in part) of the <span class=\"dictionary\">fact<\/span> that such person has the medical condition AIDS or any condition related thereto.<br \/><br \/>\t2.\tAny service, program or facility wholly or partially funded or otherwise supported by the City of Los Angeles, on the basis (in whole or in part) of the <span class=\"dictionary\">fact<\/span> that such person has the medical condition AIDS or any condition related thereto.<br \/><br \/>\tThis subsection shall not apply to any facility, service or program which does not receive any assistance from the City of Los Angeles which is not provided to the public generally.<\/p><\/section>","previous_section":{"id":"1400","structure_id":"83","section_number":"45.84","catch_line":"Business Establishments.","url":"\/45.84\/","token":"45.84"},"text":{"0":{"id":"1986","text":"\u00a0 CITY FACILITIES AND SERVICES.\tA.\tUnlawful Service and Facility Practices.\u00a0 It shall be an unlawful practice for any person to deny any person the full and equal enjoyment of, or to impose different terms and conditions on the availability of any of the following:\t1.\tUse of any City facility or City service on the basis (in whole or in part) of the fact that such person has the medical condition AIDS or any condition related thereto.\t2.\tAny service, program or facility wholly or partially funded or otherwise supported by the City of Los Angeles, on the basis (in whole or in part) of the fact that such person has the medical condition AIDS or any condition related thereto.\tThis subsection shall not apply to any facility, service or program which does not receive any assistance from the City of Los Angeles which is not provided to the public generally.","type":"section","prefixes":[""],"prefix":"","entire_prefix":"","prefix_anchor":"","level":1}}}