{"section_number":"46.01","edition_id":"1","section_id":"501","structure_id":"26","catch_line":"Definition.","history":"","full_text":"\u00a0 DEFINITION.\n(Amended by Ord. No. 177,404, Eff. 4\/23\/06.)\n\n\t\u201cPROTECTED TREE\u201d means any of the following Southern California native tree species which measures four inches or more in cumulative diameter, four and one half feet above the ground level at the base of the tree:\n\n\t(a)\tOak tree including Valley Oak (Quercus lobata) and California Live Oak (Quercus agrifolia), or any other tree of the oak genus indigenous to California but excluding the Scrub Oak (Quercus dumosa).\n\n\t(b)\tSouthern California Black Walnut (Juglans californica var. californica).\n\n\t(c)\tWestern Sycamore (Platanus racemosa).\n\n\t(d)\tCalifornia Bay (Umbellularia californica).\n\n\tThis definition shall not include any tree grown or held for sale by a licensed nursery, or trees planted or grown as a part of a tree planting program.","order_by":"01","ancestry":{"1":{"id":"26","name":"\nPreservation Of Protected Trees","identifier":"6","label":"article","url":"\/4\/6\/"},"2":{"id":"11","name":"Public Welfare","identifier":"4","label":"chapter","url":"\/4\/"}},"structure_contents":{"0":{"id":"1171","structure_id":"26","section_number":"46.00","catch_line":"Protected Tree Regulations.","url":"\/46.00\/","token":"46.00"},"1":{"id":"501","structure_id":"26","section_number":"46.01","catch_line":"Definition.","url":"\/46.01\/","token":"46.01"},"2":{"id":"3018","structure_id":"26","section_number":"46.02","catch_line":"Requirements For Public Works Permits To Relocate Or Remove Protected Trees.","url":"\/46.02\/","token":"46.02"},"3":{"id":"3205","structure_id":"26","section_number":"46.03","catch_line":"Permit Conditions.","url":"\/46.03\/","token":"46.03"},"4":{"id":"1869","structure_id":"26","section_number":"46.04","catch_line":"Fees.","url":"\/46.04\/","token":"46.04"},"5":{"id":"2862","structure_id":"26","section_number":"46.05","catch_line":"Appeal.","url":"\/46.05\/","token":"46.05"},"6":{"id":"37","structure_id":"26","section_number":"46.06","catch_line":"Withholding Or Revocation Of Building Permits For\nIllegal Removal Or Relocation Of Protected Trees.","url":"\/46.06\/","token":"46.06"}},"next_section":{"id":"3018","structure_id":"26","section_number":"46.02","catch_line":"Requirements For Public Works Permits To Relocate Or Remove Protected Trees.","url":"\/46.02\/","token":"46.02"},"metadata":false,"references":false,"url":"\/46.01\/","token":"46.01","formats":{"txt":"\/46.01.txt","json":"\/46.01.xml"},"dublin_core":{"Title":"Definition.","Type":"Text","Format":"text\/html","Identifier":"\u00a7 46.01","Relation":"Los Angeles Municipal Code"},"plain_text":"                            LOS ANGELES MUNICIPAL CODE\n\nDEFINITION. (\u00a7 46.01)\n\n\u00a0 DEFINITION.\n(Amended by Ord. No. 177,404, Eff. 4\/23\/06.)\t\u201cPROTECTED TREE\u201d means any of\nthe following Southern California native tree species which measures four inches\nor more in cumulative diameter, four and one half feet above the ground level at\nthe base of the tree:\t(a)\tOak tree including Valley Oak (Quercus lobata) and\nCalifornia Live Oak (Quercus agrifolia), or any other tree of the oak genus\nindigenous to California but excluding the Scrub Oak (Quercus\ndumosa).\t(b)\tSouthern California Black Walnut (Juglans californica var.\ncalifornica).\t(c)\tWestern Sycamore (Platanus racemosa).\t(d)\tCalifornia Bay\n(Umbellularia californica).\tThis definition shall not include any tree grown or\nheld for sale by a licensed nursery, or trees planted or grown as a part of a\ntree planting program.\n","html":"\n\t\t\t\t\t<section><p>\u00a0 DEFINITION.\n(Amended by Ord. No. 177,404, Eff. 4\/23\/06.)<br \/><br \/>\t\u201cPROTECTED TREE\u201d means any of the following Southern California native tree species which measures four inches or more in cumulative diameter, four and one half feet above the ground level at the base of the tree:<br \/><br \/>\t(a)\tOak tree including Valley Oak (Quercus lobata) and California Live Oak (Quercus agrifolia), or any other tree of the oak genus indigenous to California but excluding the Scrub Oak (Quercus dumosa).<br \/><br \/>\t(b)\tSouthern California Black Walnut (Juglans californica var. californica).<br \/><br \/>\t(c)\tWestern Sycamore (Platanus racemosa).<br \/><br \/>\t(d)\tCalifornia Bay (Umbellularia californica).<br \/><br \/>\tThis definition shall not include any tree grown or held for sale by a licensed nursery, or trees planted or grown as a part of a tree planting program.<\/p><\/section>","text":{"0":{"id":"494","text":"\u00a0 DEFINITION.\n(Amended by Ord. No. 177,404, Eff. 4\/23\/06.)\t\u201cPROTECTED TREE\u201d means any of the following Southern California native tree species which measures four inches or more in cumulative diameter, four and one half feet above the ground level at the base of the tree:\t(a)\tOak tree including Valley Oak (Quercus lobata) and California Live Oak (Quercus agrifolia), or any other tree of the oak genus indigenous to California but excluding the Scrub Oak (Quercus dumosa).\t(b)\tSouthern California Black Walnut (Juglans californica var. californica).\t(c)\tWestern Sycamore (Platanus racemosa).\t(d)\tCalifornia Bay (Umbellularia californica).\tThis definition shall not include any tree grown or held for sale by a licensed nursery, or trees planted or grown as a part of a tree planting program.","type":"section","prefixes":[""],"prefix":"","entire_prefix":"","prefix_anchor":"","level":1}},"previous_section":{"id":"1171","structure_id":"26","section_number":"46.00","catch_line":"Protected Tree Regulations.","url":"\/46.00\/","token":"46.00"}}