{"section_number":"47.50","edition_id":"1","section_id":"3415","structure_id":"40","catch_line":"Narcotics, Violent Crime, Unlawful Weapon Or Ammunition\nCrime, And Gang-Related Crime Eviction Program.","history":"","full_text":"","order_by":"50","ancestry":{"1":{"id":"40","name":"Miscellaneous","identifier":"7","label":"article","url":"\/4\/7\/"},"2":{"id":"11","name":"Public Welfare","identifier":"4","label":"chapter","url":"\/4\/"}},"structure_contents":{"0":{"id":"2460","structure_id":"40","section_number":"47.00","catch_line":"Posting Of Telephone Number Of The Fire Department Emergency Ambulance Service In Eating Establishments.","url":"\/47.00\/","token":"47.00"},"1":{"id":"3540","structure_id":"40","section_number":"47.01","catch_line":"Hotels, Motels, Lodging And Rooming Houses \u2013 Register Required.","url":"\/47.01\/","token":"47.01"},"2":{"id":"823","structure_id":"40","section_number":"47.02","catch_line":"Marathons \u2013 Endurance Contests And Exhibitions.","url":"\/47.02\/","token":"47.02"},"3":{"id":"4149","structure_id":"40","section_number":"47.03","catch_line":"Political Solicitations From City Officers And Employees.","url":"\/47.03\/","token":"47.03"},"4":{"id":"3741","structure_id":"40","section_number":"47.04","catch_line":"Sale Of Used Or Secondhand Hats.","url":"\/47.04\/","token":"47.04"},"5":{"id":"2431","structure_id":"40","section_number":"47.05","catch_line":"New Locks In Apartments \u2013 Installation Required.","url":"\/47.05\/","token":"47.05"},"6":{"id":"2668","structure_id":"40","section_number":"47.06","catch_line":"Tenant Relocation Assistance Where Apartments Are To Be Converted.","url":"\/47.06\/","token":"47.06"},"7":{"id":"4136","structure_id":"40","section_number":"47.07","catch_line":"Tenant Relocation Assistance Where Apartments Are To Be Demolished.","url":"\/47.07\/","token":"47.07"},"8":{"id":"276","structure_id":"40","section_number":"47.08","catch_line":"Tenant Relocation Assistance Where Mobilehome Parks Are Changed To A Different Use.","url":"\/47.08\/","token":"47.08"},"9":{"id":"1243","structure_id":"40","section_number":"47.09","catch_line":"Mobilehome Park Closure Impact Report.","url":"\/47.09\/","token":"47.09"},"10":{"id":"1478","structure_id":"40","section_number":"47.10","catch_line":"Landlords \u2013 Nonpayment Of Utility Bills.","url":"\/47.10\/","token":"47.10"},"11":{"id":"3579","structure_id":"40","section_number":"47.11","catch_line":"Display Of Aerosol Spray Paint Containers And Marker Pens.","url":"\/47.11\/","token":"47.11"},"12":{"id":"2250","structure_id":"40","section_number":"47.12","catch_line":"Excessive Price Increases During State Of Emergency.","url":"\/47.12\/","token":"47.12"},"13":{"id":"782","structure_id":"40","section_number":"47.13","catch_line":"Insertion Of Writings Into Containers.","url":"\/47.13\/","token":"47.13"},"14":{"id":"70","structure_id":"40","section_number":"47.14","catch_line":"Self Service Display Of Tobacco Products.","url":"\/47.14\/","token":"47.14"},"15":{"id":"408","structure_id":"40","section_number":"47.15","catch_line":"Spectators Prohibited At Speed Contests And Exhibitions Of Speed.","url":"\/47.15\/","token":"47.15"},"16":{"id":"1944","structure_id":"40","section_number":"47.16","catch_line":"Display And Sale Of Glass Etching Products.","url":"\/47.16\/","token":"47.16"},"17":{"id":"803","structure_id":"40","section_number":"47.17","catch_line":"Sale Of Motor-Driven Cycles And Motorized Bicycles.","url":"\/47.17\/","token":"47.17"},"18":{"id":"3415","structure_id":"40","section_number":"47.50","catch_line":"Narcotics, Violent Crime, Unlawful Weapon Or Ammunition\nCrime, And Gang-Related Crime Eviction Program.","url":"\/47.50\/","token":"47.50"}},"next_section":{"id":"3415","structure_id":"40","section_number":"47.50","catch_line":"Narcotics, Violent Crime, Unlawful Weapon Or Ammunition\nCrime, And Gang-Related Crime Eviction Program.","url":"\/47.50\/","token":"47.50"},"metadata":false,"references":false,"url":"\/47.50\/","token":"47.50","formats":{"txt":"\/47.50.txt","json":"\/47.50.xml"},"dublin_core":{"Title":"Narcotics, Violent Crime, Unlawful Weapon Or Ammunition\nCrime, And Gang-Related Crime Eviction Program.","Type":"Text","Format":"text\/html","Identifier":"\u00a7 47.50","Relation":"Los Angeles Municipal Code"},"plain_text":"                            LOS ANGELES MUNICIPAL CODE\n\nNARCOTICS, VIOLENT CRIME, UNLAWFUL WEAPON OR AMMUNITION\nCRIME, AND GANG-RELATED CRIME EVICTION PROGRAM. (\u00a7 47.50)\n\n\n","html":"\n\t\t\t\t\t<section><p><\/p><\/section>","previous_section":{"id":"803","structure_id":"40","section_number":"47.17","catch_line":"Sale Of Motor-Driven Cycles And Motorized Bicycles.","url":"\/47.17\/","token":"47.17"},"text":{"0":{"id":"3389","text":"","type":"section","prefixes":[""],"prefix":"","entire_prefix":"","prefix_anchor":"","level":1}}}