{"section_number":"48.01","edition_id":"1","section_id":"3866","structure_id":"22","catch_line":"Title And Findings.","history":"","full_text":"\u00a0 TITLE AND FINDINGS.\n\t(Title and Section Amended by Ord. No. 169,916, Eff. 8\/10\/94.)\n\n\tA.\tTitle.\u00a0 This article shall be known and may be cited as the Los Angeles Municipal Lobbying Ordinance.\n\n\tB.\tFindings.\u00a0 The following findings are adopted in conjunction with the enactment of this article:\n\n\t1.\tCity government functions to serve the needs of all citizens.\n\n\t2.\tThe citizens of the City of Los Angeles have a right to know the identity of interests which attempt to influence decisions of City government, as well as the means employed by those interests.\n\n\t3.\tAll persons engaged in compensated lobbying activities aimed at influencing decisions by City government must, when so engaged, be subject to the same regulations, restrictions and requirements, regardless of their background, training or other professional qualifications or license.\n\n\t4.\tComplete public disclosure of the full range of activities by and financing of lobbyists and those who employ their services is essential to the maintenance of citizen confidence in the integrity of local government.\n\n\t5.\tIt is in the public interest to ensure that lobbyists do not misrepresent facts, their positions, or attempt to deceive officials through false communications, do not place City officials under personal obligation to themselves or their clients, and do not represent that they can control the actions of City officials.\n\n\t6.\tIt is in the public interest to adopt these amendments to the City\u2019s regulations of lobbyists to ensure adequate and effective disclosure of information about efforts to lobby City government.","order_by":"01","text":{"0":{"id":"3840","text":"\u00a0 TITLE AND FINDINGS.\n\t(Title and Section Amended by Ord. No. 169,916, Eff. 8\/10\/94.)\n\n\tA.\tTitle.\u00a0 This article shall be known and may be cited as the Los Angeles Municipal Lobbying Ordinance.\n\n\tB.\tFindings.\u00a0 The following findings are adopted in conjunction with the enactment of this article:\n\n\t1.\tCity government functions to serve the needs of all citizens.\n\n\t2.\tThe citizens of the City of Los Angeles have a right to know the identity of interests which attempt to influence decisions of City government, as well as the means employed by those interests.\n\n\t3.\tAll persons engaged in compensated lobbying activities aimed at influencing decisions by City government must, when so engaged, be subject to the same regulations, restrictions and requirements, regardless of their background, training or other professional qualifications or license.\n\n\t4.\tComplete public disclosure of the full range of activities by and financing of lobbyists and those who employ their services is essential to the maintenance of citizen confidence in the integrity of local government.\n\n\t5.\tIt is in the public interest to ensure that lobbyists do not misrepresent facts, their positions, or attempt to deceive officials through false communications, do not place City officials under personal obligation to themselves or their clients, and do not represent that they can control the actions of City officials.\n\n\t6.\tIt is in the public interest to adopt these amendments to the City\u2019s regulations of lobbyists to ensure adequate and effective disclosure of information about efforts to lobby City government.","type":"section","prefixes":[""],"prefix":"","entire_prefix":"","prefix_anchor":"","level":1}},"ancestry":{"1":{"id":"22","name":"Municipal Lobbying","identifier":"8","label":"article","url":"\/4\/8\/"},"2":{"id":"11","name":"Public Welfare","identifier":"4","label":"chapter","url":"\/4\/"}},"structure_contents":{"0":{"id":"3866","structure_id":"22","section_number":"48.01","catch_line":"Title And Findings.","url":"\/48.01\/","token":"48.01"},"1":{"id":"714","structure_id":"22","section_number":"48.02","catch_line":"Definitions.","url":"\/48.02\/","token":"48.02"},"2":{"id":"3086","structure_id":"22","section_number":"48.03","catch_line":"Exemptions.","url":"\/48.03\/","token":"48.03"},"3":{"id":"1717","structure_id":"22","section_number":"48.04","catch_line":"Prohibitions.","url":"\/48.04\/","token":"48.04"},"4":{"id":"2345","structure_id":"22","section_number":"48.05","catch_line":"Record-Keeping Responsibilities.","url":"\/48.05\/","token":"48.05"},"5":{"id":"4078","structure_id":"22","section_number":"48.06","catch_line":"Filing Methods.","url":"\/48.06\/","token":"48.06"},"6":{"id":"2120","structure_id":"22","section_number":"48.06.1","catch_line":"Online Filing Of Lobbying Registration And Disclosure Statements.","url":"\/48.06.1\/","token":"48.06.1"},"7":{"id":"26","structure_id":"22","section_number":"48.07","catch_line":"Registration.","url":"\/48.07\/","token":"48.07"},"8":{"id":"2977","structure_id":"22","section_number":"48.08","catch_line":"Disclosure Reports.","url":"\/48.08\/","token":"48.08"},"9":{"id":"1673","structure_id":"22","section_number":"48.08.5","catch_line":"Copies Of Solicitations.","url":"\/48.08.5\/","token":"48.08.5"},"10":{"id":"220","structure_id":"22","section_number":"48.08.6","catch_line":"Lobbying Disclosure \u2013 Political Contributions.","url":"\/48.08.6\/","token":"48.08.6"},"11":{"id":"2903","structure_id":"22","section_number":"48.08.7","catch_line":"Lobbying Disclosure \u2013 Fundraising Activity.","url":"\/48.08.7\/","token":"48.08.7"},"12":{"id":"36","structure_id":"22","section_number":"48.08.8","catch_line":"Lobbying Disclosure \u2013 Written Communications To Neighborhood Councils.","url":"\/48.08.8\/","token":"48.08.8"},"13":{"id":"1964","structure_id":"22","section_number":"48.09","catch_line":"Compliance Measures And Enforcement.","url":"\/48.09\/","token":"48.09"},"14":{"id":"2941","structure_id":"22","section_number":"48.10","catch_line":"Ethics Commission Reports.","url":"\/48.10\/","token":"48.10"},"15":{"id":"918","structure_id":"22","section_number":"48.11","catch_line":"Severability.","url":"\/48.11\/","token":"48.11"}},"next_section":{"id":"714","structure_id":"22","section_number":"48.02","catch_line":"Definitions.","url":"\/48.02\/","token":"48.02"},"metadata":false,"references":false,"url":"\/48.01\/","token":"48.01","formats":{"txt":"\/48.01.txt","json":"\/48.01.xml"},"dublin_core":{"Title":"Title And Findings.","Type":"Text","Format":"text\/html","Identifier":"\u00a7 48.01","Relation":"Los Angeles Municipal Code"},"plain_text":"                            LOS ANGELES MUNICIPAL CODE\n\nTITLE AND FINDINGS. (\u00a7 48.01)\n\n\u00a0 TITLE AND FINDINGS.\n\t(Title and Section Amended by Ord. No. 169,916, Eff. 8\/10\/94.)\n\n\tA.\tTitle.\u00a0 This article shall be known and may be cited as the Los Angeles\nMunicipal Lobbying Ordinance.\n\n\tB.\tFindings.\u00a0 The following findings are adopted in conjunction with the\nenactment of this article:\n\n\t1.\tCity government functions to serve the needs of all citizens.\n\n\t2.\tThe citizens of the City of Los Angeles have a right to know the identity of\ninterests which attempt to influence decisions of City government, as well as\nthe means employed by those interests.\n\n\t3.\tAll persons engaged in compensated lobbying activities aimed at influencing\ndecisions by City government must, when so engaged, be subject to the same\nregulations, restrictions and requirements, regardless of their background,\ntraining or other professional qualifications or license.\n\n\t4.\tComplete public disclosure of the full range of activities by and financing\nof lobbyists and those who employ their services is essential to the maintenance\nof citizen confidence in the integrity of local government.\n\n\t5.\tIt is in the public interest to ensure that lobbyists do not misrepresent\nfacts, their positions, or attempt to deceive officials through false\ncommunications, do not place City officials under personal obligation to\nthemselves or their clients, and do not represent that they can control the\nactions of City officials.\n\n\t6.\tIt is in the public interest to adopt these amendments to the City\u2019s\nregulations of lobbyists to ensure adequate and effective disclosure of\ninformation about efforts to lobby City government.\n"}