{"section_number":"49.7.14","edition_id":"1","section_id":"1040","structure_id":"12","catch_line":"Campaign Statement Filing Deadlines.","history":"","full_text":"\u00a0 CAMPAIGN STATEMENT FILING DEADLINES.\n\n\tIn addition to the campaign statements that must be filed pursuant to the Political Reform Act, candidates for elected City office, their City controlled committees, City recall committees, City ballot measure committees, or committees primarily formed to support or oppose City candidates or City ballot measures shall file campaign statements by the following dates prior to an election in which the candidate or measure appears on the ballot:\n\n\tA.\tThe Friday before an election, covering activity through the Wednesday before the election.\n\n\tB.\tOctober 10, covering activity from July 1 through September 30 in years prior to a City primary election that is held in March of an odd-numbered year.\n\n\tC.\tJanuary 10, covering activity from October 1 through December 31 in years prior to a City primary election that is held in March of an odd-numbered year.","order_by":"7.14","ancestry":{"1":{"id":"12","name":"Campaign Financing","identifier":"9.7","label":"article","url":"\/4\/9.7\/"},"2":{"id":"11","name":"Public Welfare","identifier":"4","label":"chapter","url":"\/4\/"}},"structure_contents":{"0":{"id":"437","structure_id":"12","section_number":"49.7.32","catch_line":"1.\nFrom The First Date An\nIndividual May File A Declaration Of Intention To Become A\nCandidate With The City Clerk Through The Date Of The Associated\nGeneral Election, Or During The 90 Days Prior To An Election If No\nCity Candidate Will Be On The Ballot, Within 24 Hours After Making\nOr Incurring The Expenditures.\n","url":"\/49.7.32\/","token":"49.7.32"},"1":{"id":"45","structure_id":"12","section_number":"49.7.1","catch_line":"Relation To The City Charter.","url":"\/49.7.1\/","token":"49.7.1"},"2":{"id":"3597","structure_id":"12","section_number":"49.7.10","catch_line":"Fundraising Windows.","url":"\/49.7.10\/","token":"49.7.10"},"3":{"id":"2462","structure_id":"12","section_number":"49.7.11","catch_line":"Solicitation And Delivery Of Campaign Contributions.","url":"\/49.7.11\/","token":"49.7.11"},"4":{"id":"1617","structure_id":"12","section_number":"49.7.12","catch_line":"Training For Candidates And Treasurers.","url":"\/49.7.12\/","token":"49.7.12"},"5":{"id":"801","structure_id":"12","section_number":"49.7.13","catch_line":"Committees To Oppose Recall Petitions.","url":"\/49.7.13\/","token":"49.7.13"},"6":{"id":"1040","structure_id":"12","section_number":"49.7.14","catch_line":"Campaign Statement Filing Deadlines.","url":"\/49.7.14\/","token":"49.7.14"},"7":{"id":"2023","structure_id":"12","section_number":"49.7.15","catch_line":"Campaign Information.","url":"\/49.7.15\/","token":"49.7.15"},"8":{"id":"1356","structure_id":"12","section_number":"49.7.16","catch_line":"Contributor Information.","url":"\/49.7.16\/","token":"49.7.16"},"9":{"id":"3921","structure_id":"12","section_number":"49.7.17","catch_line":"Filing And Recordkeeping Requirements.","url":"\/49.7.17\/","token":"49.7.17"},"10":{"id":"2433","structure_id":"12","section_number":"49.7.18","catch_line":"Reproduction Of Materials.","url":"\/49.7.18\/","token":"49.7.18"},"11":{"id":"3587","structure_id":"12","section_number":"49.7.19","catch_line":"Officeholder Expense Fund.","url":"\/49.7.19\/","token":"49.7.19"},"12":{"id":"2988","structure_id":"12","section_number":"49.7.2","catch_line":"Definitions.","url":"\/49.7.2\/","token":"49.7.2"},"13":{"id":"8","structure_id":"12","section_number":"49.7.20","catch_line":"Legal Defense Fund.","url":"\/49.7.20\/","token":"49.7.20"},"14":{"id":"3625","structure_id":"12","section_number":"49.7.21","catch_line":"Disclosure By Officeholder Expense Funds And Legal Defense Funds.","url":"\/49.7.21\/","token":"49.7.21"},"15":{"id":"2557","structure_id":"12","section_number":"49.7.22","catch_line":"Acceptance Or Rejection Of Matching Funds.","url":"\/49.7.22\/","token":"49.7.22"},"16":{"id":"1030","structure_id":"12","section_number":"49.7.23","catch_line":"Participation And Qualification Requirements.","url":"\/49.7.23\/","token":"49.7.23"},"17":{"id":"280","structure_id":"12","section_number":"49.7.24","catch_line":"Expenditure Ceilings.","url":"\/49.7.24\/","token":"49.7.24"},"18":{"id":"2683","structure_id":"12","section_number":"49.7.25","catch_line":"Expenditure Ceilings Lifted.","url":"\/49.7.25\/","token":"49.7.25"},"19":{"id":"1146","structure_id":"12","section_number":"49.7.26","catch_line":"Notice Regarding Expenditure Ceilings.","url":"\/49.7.26\/","token":"49.7.26"},"20":{"id":"1710","structure_id":"12","section_number":"49.7.27","catch_line":"Matching Funds Formula.","url":"\/49.7.27\/","token":"49.7.27"},"21":{"id":"1154","structure_id":"12","section_number":"49.7.28","catch_line":"Requests For Matching Funds Payments.","url":"\/49.7.28\/","token":"49.7.28"},"22":{"id":"3125","structure_id":"12","section_number":"49.7.29","catch_line":"Maximum Matching Funds.","url":"\/49.7.29\/","token":"49.7.29"},"23":{"id":"2696","structure_id":"12","section_number":"49.7.3","catch_line":"Charter-Based Adjustments.","url":"\/49.7.3\/","token":"49.7.3"},"24":{"id":"1118","structure_id":"12","section_number":"49.7.30","catch_line":"Matching Funds Payments To Candidates.","url":"\/49.7.30\/","token":"49.7.30"},"25":{"id":"192","structure_id":"12","section_number":"49.7.31","catch_line":"Disclosure Of Independent Expenditure Communications.","url":"\/49.7.31\/","token":"49.7.31"},"26":{"id":"2892","structure_id":"12","section_number":"49.7.33","catch_line":"Disclaimers On Political Communications.","url":"\/49.7.33\/","token":"49.7.33"},"27":{"id":"2214","structure_id":"12","section_number":"49.7.34","catch_line":"Social Media Accounts.","url":"\/49.7.34\/","token":"49.7.34"},"28":{"id":"1028","structure_id":"12","section_number":"49.7.35","catch_line":"Bidder Contribution And Fundraising Restrictions.","url":"\/49.7.35\/","token":"49.7.35"},"29":{"id":"1442","structure_id":"12","section_number":"49.7.36","catch_line":"Underwriter Contribution And Fundraising Restrictions.","url":"\/49.7.36\/","token":"49.7.36"},"30":{"id":"1504","structure_id":"12","section_number":"49.7.37","catch_line":"Recordkeeping.","url":"\/49.7.37\/","token":"49.7.37"},"31":{"id":"1326","structure_id":"12","section_number":"49.7.38","catch_line":"Enforcement.","url":"\/49.7.38\/","token":"49.7.38"},"32":{"id":"1833","structure_id":"12","section_number":"49.7.39","catch_line":"Late Filing Penalties.","url":"\/49.7.39\/","token":"49.7.39"},"33":{"id":"3162","structure_id":"12","section_number":"49.7.4","catch_line":"Aggregation Of Contributions And Expenditures.","url":"\/49.7.4\/","token":"49.7.4"},"34":{"id":"4032","structure_id":"12","section_number":"49.7.40","catch_line":"Severability.","url":"\/49.7.40\/","token":"49.7.40"},"35":{"id":"1641","structure_id":"12","section_number":"49.7.5","catch_line":"Family Contributions.","url":"\/49.7.5\/","token":"49.7.5"},"36":{"id":"2382","structure_id":"12","section_number":"49.7.6","catch_line":"Text Message Contributions.","url":"\/49.7.6\/","token":"49.7.6"},"37":{"id":"1873","structure_id":"12","section_number":"49.7.7","catch_line":"Receipt Of Contributions.","url":"\/49.7.7\/","token":"49.7.7"},"38":{"id":"835","structure_id":"12","section_number":"49.7.8","catch_line":"Treatment Of Payments.","url":"\/49.7.8\/","token":"49.7.8"},"39":{"id":"1661","structure_id":"12","section_number":"49.7.9","catch_line":"Loans And Credit.","url":"\/49.7.9\/","token":"49.7.9"}},"previous_section":{"id":"801","structure_id":"12","section_number":"49.7.13","catch_line":"Committees To Oppose Recall Petitions.","url":"\/49.7.13\/","token":"49.7.13"},"next_section":{"id":"2023","structure_id":"12","section_number":"49.7.15","catch_line":"Campaign Information.","url":"\/49.7.15\/","token":"49.7.15"},"metadata":false,"references":false,"url":"\/49.7.14\/","token":"49.7.14","formats":{"txt":"\/49.7.14.txt","json":"\/49.7.14.xml"},"dublin_core":{"Title":"Campaign Statement Filing Deadlines.","Type":"Text","Format":"text\/html","Identifier":"\u00a7 49.7.14","Relation":"Los Angeles Municipal Code"},"plain_text":"                            LOS ANGELES MUNICIPAL CODE\n\nCAMPAIGN STATEMENT FILING DEADLINES. (\u00a7 49.7.14)\n\n\u00a0 CAMPAIGN STATEMENT FILING DEADLINES.\tIn addition to the campaign statements\nthat must be filed pursuant to the Political Reform Act, candidates for elected\nCity office, their City controlled committees, City recall committees, City\nballot measure committees, or committees primarily formed to support or oppose\nCity candidates or City ballot measures shall file campaign statements by the\nfollowing dates prior to an election in which the candidate or measure appears\non the ballot:\tA.\tThe Friday before an election, covering activity through the\nWednesday before the election.\tB.\tOctober 10, covering activity from July 1\nthrough September 30 in years prior to a City primary election that is held in\nMarch of an odd-numbered year.\tC.\tJanuary 10, covering activity from October 1\nthrough December 31 in years prior to a City primary election that is held in\nMarch of an odd-numbered year.\n","html":"\n\t\t\t\t\t<section><p>\u00a0 CAMPAIGN STATEMENT FILING DEADLINES.<br \/><br \/>\tIn addition to the campaign statements that must be filed pursuant to the Political Reform Act, candidates for elected City office, their City controlled committees, City recall committees, City ballot measure committees, or committees primarily formed to support or oppose City candidates or City ballot measures shall file campaign statements by the following dates prior to an election in which the candidate or measure appears on the ballot:<br \/><br \/>\tA.\tThe Friday before an election, covering activity through the Wednesday before the election.<br \/><br \/>\tB.\tOctober 10, covering activity from July 1 through September 30 in years prior to a City primary election that is held in March of an odd-numbered year.<br \/><br \/>\tC.\tJanuary 10, covering activity from October 1 through December 31 in years prior to a City primary election that is held in March of an odd-numbered year.<\/p><\/section>","text":{"0":{"id":"1028","text":"\u00a0 CAMPAIGN STATEMENT FILING DEADLINES.\tIn addition to the campaign statements that must be filed pursuant to the Political Reform Act, candidates for elected City office, their City controlled committees, City recall committees, City ballot measure committees, or committees primarily formed to support or oppose City candidates or City ballot measures shall file campaign statements by the following dates prior to an election in which the candidate or measure appears on the ballot:\tA.\tThe Friday before an election, covering activity through the Wednesday before the election.\tB.\tOctober 10, covering activity from July 1 through September 30 in years prior to a City primary election that is held in March of an odd-numbered year.\tC.\tJanuary 10, covering activity from October 1 through December 31 in years prior to a City primary election that is held in March of an odd-numbered year.","type":"section","prefixes":[""],"prefix":"","entire_prefix":"","prefix_anchor":"","level":1}}}