{"section_number":"49.7.31","edition_id":"1","section_id":"192","structure_id":"12","catch_line":"Disclosure Of Independent Expenditure Communications.","history":"","full_text":"\u00a0 DISCLOSURE OF INDEPENDENT EXPENDITURE COMMUNICATIONS.\n\n\tA.\tA person shall notify the Ethics Commission of an independent expenditure communication when either of the following occurs:\n\n\t1.\tThe person makes or incurs expenditures of $1,000 or more for the communication; or\n\n\t2.\tThe person makes or incurs expenditures of $100 or more for the communication and distributes the communication to the following number of persons:\n\n\ta.\t200 or more persons, if the distributor is a person who qualifies as a committee under the Political Reform Act.\n\n\tb.\t1,000 or more persons, if the distributor is not a person who qualifies as a committee under the Political Reform Act.\n\n\tOnce a notification threshold is met, every subsequent expenditure made or incurred regarding that measure or candidate shall also be disclosed.\n\n\tB.\tThe notification shall be submitted to the Ethics Commission within the following time frames:\n\n\t1.\tFrom the first date an individual may file a Declaration of Intention to Become a Candidate with the City Clerk through the date of the associated general election, or during the 90 days prior to an election if no City candidates will be on the ballot, within 24 hours after making or incurring the expenditures.\u00a0 (Amended by Ord. No. 182,362, Eff. 1\/30\/13.)\n\n\t2.\tAt all other times, within five business days after making or incurring the expenditures provided, however, in no event later than the first date an individual may file a Declaration of Intention to Become a Candidate.\n\n\tC.\tThe notification shall include the following:\n\n\t1.\tA declaration under penalty of perjury signed by the person and, if applicable, the committee treasurer, specifying the following:\n\n\ta.\tEach candidate or measure supported or opposed by the communication;\n\n\tb.\tThe amount of the expenditure and the amount spent to support or oppose each candidate or measure;\n\n\tc.\tWhether each candidate or measure was supported or opposed;\n\n\td.\tThat the communication was not behested by any of the candidates who benefited from it;\n\n\te.\tThe dates the communication was made or distributed and any expenditure was incurred;\n\n\tf.\tA description of the type of communication;\n\n\tg.\tThe name and address of the person making, distributing, or incurring the expenditures or distributing the communication;\n\n\th.\tThe name and address of the payee, if applicable, and any vendor that provided service for the communication;\n\n\ti.\tFor committees, contributions of $100 or more received by the committee since the latter of the day after the closing date of the campaign statement filed by the committee or the first day of the current calendar year.\u00a0 This disclosure requirement does not apply to contributions that are earmarked for a non-City candidate or ballot measure; and\n\n\tj.\tContributions of $100 or more that the person made in the current calendar year to City candidates, City controlled committees, City ballot measure committees, City recall committees, committees primarily formed to support or oppose City candidates or measures, and City general purpose recipient committees.\n\n\t2.\tA copy of the communication.\n\n\ta.\tIf the communication is a telephone call or similar audio communication, a copy of the script and, if the communication is recorded, the recording shall be provided.\n\n\tb.\tIf the communication is audio or video, a copy of the script and an audio or video file shall be provided.\n\n\tD.\tIf an independent expenditure communication supports or opposes a City candidate, the Ethics Commission staff will notify all candidates in the affected race within one business day after receiving the required notice.\u00a0 The notification will indicate the candidates supported or opposed by the independent expenditure communication, as indicated on the signed declaration, and will include a copy of the independent expenditure communication.\n\n\tE.\tThe Ethics Commission shall post on its website, without alteration, all copies of independent expenditure communications filed with the Ethics Commission.\u00a0 The Ethics Commission may not judge, comment upon, or edit the contents of an independent expenditure communication.\n\n\tF.\tThis Section shall not apply to a news story, commentary, or editorial by a newspaper, radio station, television station, or other recognized news medium, unless the disclaimer is required for a paid communication under Section 49.7.34.\u00a0 (Added by Ord. No. 182,362, Eff. 1\/30\/13.)","order_by":"7.31","ancestry":{"1":{"id":"12","name":"Campaign Financing","identifier":"9.7","label":"article","url":"\/4\/9.7\/"},"2":{"id":"11","name":"Public Welfare","identifier":"4","label":"chapter","url":"\/4\/"}},"structure_contents":{"0":{"id":"437","structure_id":"12","section_number":"49.7.32","catch_line":"1.\nFrom The First Date An\nIndividual May File A Declaration Of Intention To Become A\nCandidate With The City Clerk Through The Date Of The Associated\nGeneral Election, Or During The 90 Days Prior To An Election If No\nCity Candidate Will Be On The Ballot, Within 24 Hours After Making\nOr Incurring The Expenditures.\n","url":"\/49.7.32\/","token":"49.7.32"},"1":{"id":"45","structure_id":"12","section_number":"49.7.1","catch_line":"Relation To The City Charter.","url":"\/49.7.1\/","token":"49.7.1"},"2":{"id":"3597","structure_id":"12","section_number":"49.7.10","catch_line":"Fundraising Windows.","url":"\/49.7.10\/","token":"49.7.10"},"3":{"id":"2462","structure_id":"12","section_number":"49.7.11","catch_line":"Solicitation And Delivery Of Campaign Contributions.","url":"\/49.7.11\/","token":"49.7.11"},"4":{"id":"1617","structure_id":"12","section_number":"49.7.12","catch_line":"Training For Candidates And Treasurers.","url":"\/49.7.12\/","token":"49.7.12"},"5":{"id":"801","structure_id":"12","section_number":"49.7.13","catch_line":"Committees To Oppose Recall Petitions.","url":"\/49.7.13\/","token":"49.7.13"},"6":{"id":"1040","structure_id":"12","section_number":"49.7.14","catch_line":"Campaign Statement Filing Deadlines.","url":"\/49.7.14\/","token":"49.7.14"},"7":{"id":"2023","structure_id":"12","section_number":"49.7.15","catch_line":"Campaign Information.","url":"\/49.7.15\/","token":"49.7.15"},"8":{"id":"1356","structure_id":"12","section_number":"49.7.16","catch_line":"Contributor Information.","url":"\/49.7.16\/","token":"49.7.16"},"9":{"id":"3921","structure_id":"12","section_number":"49.7.17","catch_line":"Filing And Recordkeeping Requirements.","url":"\/49.7.17\/","token":"49.7.17"},"10":{"id":"2433","structure_id":"12","section_number":"49.7.18","catch_line":"Reproduction Of Materials.","url":"\/49.7.18\/","token":"49.7.18"},"11":{"id":"3587","structure_id":"12","section_number":"49.7.19","catch_line":"Officeholder Expense Fund.","url":"\/49.7.19\/","token":"49.7.19"},"12":{"id":"2988","structure_id":"12","section_number":"49.7.2","catch_line":"Definitions.","url":"\/49.7.2\/","token":"49.7.2"},"13":{"id":"8","structure_id":"12","section_number":"49.7.20","catch_line":"Legal Defense Fund.","url":"\/49.7.20\/","token":"49.7.20"},"14":{"id":"3625","structure_id":"12","section_number":"49.7.21","catch_line":"Disclosure By Officeholder Expense Funds And Legal Defense Funds.","url":"\/49.7.21\/","token":"49.7.21"},"15":{"id":"2557","structure_id":"12","section_number":"49.7.22","catch_line":"Acceptance Or Rejection Of Matching Funds.","url":"\/49.7.22\/","token":"49.7.22"},"16":{"id":"1030","structure_id":"12","section_number":"49.7.23","catch_line":"Participation And Qualification Requirements.","url":"\/49.7.23\/","token":"49.7.23"},"17":{"id":"280","structure_id":"12","section_number":"49.7.24","catch_line":"Expenditure Ceilings.","url":"\/49.7.24\/","token":"49.7.24"},"18":{"id":"2683","structure_id":"12","section_number":"49.7.25","catch_line":"Expenditure Ceilings Lifted.","url":"\/49.7.25\/","token":"49.7.25"},"19":{"id":"1146","structure_id":"12","section_number":"49.7.26","catch_line":"Notice Regarding Expenditure Ceilings.","url":"\/49.7.26\/","token":"49.7.26"},"20":{"id":"1710","structure_id":"12","section_number":"49.7.27","catch_line":"Matching Funds Formula.","url":"\/49.7.27\/","token":"49.7.27"},"21":{"id":"1154","structure_id":"12","section_number":"49.7.28","catch_line":"Requests For Matching Funds Payments.","url":"\/49.7.28\/","token":"49.7.28"},"22":{"id":"3125","structure_id":"12","section_number":"49.7.29","catch_line":"Maximum Matching Funds.","url":"\/49.7.29\/","token":"49.7.29"},"23":{"id":"2696","structure_id":"12","section_number":"49.7.3","catch_line":"Charter-Based Adjustments.","url":"\/49.7.3\/","token":"49.7.3"},"24":{"id":"1118","structure_id":"12","section_number":"49.7.30","catch_line":"Matching Funds Payments To Candidates.","url":"\/49.7.30\/","token":"49.7.30"},"25":{"id":"192","structure_id":"12","section_number":"49.7.31","catch_line":"Disclosure Of Independent Expenditure Communications.","url":"\/49.7.31\/","token":"49.7.31"},"26":{"id":"2892","structure_id":"12","section_number":"49.7.33","catch_line":"Disclaimers On Political Communications.","url":"\/49.7.33\/","token":"49.7.33"},"27":{"id":"2214","structure_id":"12","section_number":"49.7.34","catch_line":"Social Media Accounts.","url":"\/49.7.34\/","token":"49.7.34"},"28":{"id":"1028","structure_id":"12","section_number":"49.7.35","catch_line":"Bidder Contribution And Fundraising Restrictions.","url":"\/49.7.35\/","token":"49.7.35"},"29":{"id":"1442","structure_id":"12","section_number":"49.7.36","catch_line":"Underwriter Contribution And Fundraising Restrictions.","url":"\/49.7.36\/","token":"49.7.36"},"30":{"id":"1504","structure_id":"12","section_number":"49.7.37","catch_line":"Recordkeeping.","url":"\/49.7.37\/","token":"49.7.37"},"31":{"id":"1326","structure_id":"12","section_number":"49.7.38","catch_line":"Enforcement.","url":"\/49.7.38\/","token":"49.7.38"},"32":{"id":"1833","structure_id":"12","section_number":"49.7.39","catch_line":"Late Filing Penalties.","url":"\/49.7.39\/","token":"49.7.39"},"33":{"id":"3162","structure_id":"12","section_number":"49.7.4","catch_line":"Aggregation Of Contributions And Expenditures.","url":"\/49.7.4\/","token":"49.7.4"},"34":{"id":"4032","structure_id":"12","section_number":"49.7.40","catch_line":"Severability.","url":"\/49.7.40\/","token":"49.7.40"},"35":{"id":"1641","structure_id":"12","section_number":"49.7.5","catch_line":"Family Contributions.","url":"\/49.7.5\/","token":"49.7.5"},"36":{"id":"2382","structure_id":"12","section_number":"49.7.6","catch_line":"Text Message Contributions.","url":"\/49.7.6\/","token":"49.7.6"},"37":{"id":"1873","structure_id":"12","section_number":"49.7.7","catch_line":"Receipt Of Contributions.","url":"\/49.7.7\/","token":"49.7.7"},"38":{"id":"835","structure_id":"12","section_number":"49.7.8","catch_line":"Treatment Of Payments.","url":"\/49.7.8\/","token":"49.7.8"},"39":{"id":"1661","structure_id":"12","section_number":"49.7.9","catch_line":"Loans And Credit.","url":"\/49.7.9\/","token":"49.7.9"}},"previous_section":{"id":"1118","structure_id":"12","section_number":"49.7.30","catch_line":"Matching Funds Payments To Candidates.","url":"\/49.7.30\/","token":"49.7.30"},"next_section":{"id":"2892","structure_id":"12","section_number":"49.7.33","catch_line":"Disclaimers On Political Communications.","url":"\/49.7.33\/","token":"49.7.33"},"metadata":false,"references":false,"url":"\/49.7.31\/","token":"49.7.31","formats":{"txt":"\/49.7.31.txt","json":"\/49.7.31.xml"},"dublin_core":{"Title":"Disclosure Of Independent Expenditure Communications.","Type":"Text","Format":"text\/html","Identifier":"\u00a7 49.7.31","Relation":"Los Angeles Municipal Code"},"plain_text":"                            LOS ANGELES MUNICIPAL CODE\n\nDISCLOSURE OF INDEPENDENT EXPENDITURE COMMUNICATIONS. (\u00a7 49.7.31)\n\n\u00a0 DISCLOSURE OF INDEPENDENT EXPENDITURE COMMUNICATIONS.\tA.\tA person shall\nnotify the Ethics Commission of an independent expenditure communication when\neither of the following occurs:\t1.\tThe person makes or incurs expenditures of\n$1,000 or more for the communication; or\t2.\tThe person makes or incurs\nexpenditures of $100 or more for the communication and distributes the\ncommunication to the following number of persons:\ta.\t200 or more persons, if the\ndistributor is a person who qualifies as a committee under the Political Reform\nAct.\tb.\t1,000 or more persons, if the distributor is not a person who qualifies\nas a committee under the Political Reform Act.\tOnce a notification threshold is\nmet, every subsequent expenditure made or incurred regarding that measure or\ncandidate shall also be disclosed.\tB.\tThe notification shall be submitted to the\nEthics Commission within the following time frames:\t1.\tFrom the first date an\nindividual may file a Declaration of Intention to Become a Candidate with the\nCity Clerk through the date of the associated general election, or during the 90\ndays prior to an election if no City candidates will be on the ballot, within 24\nhours after making or incurring the expenditures.\u00a0 (Amended by Ord. No.\n182,362, Eff. 1\/30\/13.)\t2.\tAt all other times, within five business days after\nmaking or incurring the expenditures provided, however, in no event later than\nthe first date an individual may file a Declaration of Intention to Become a\nCandidate.\tC.\tThe notification shall include the following:\t1.\tA declaration\nunder penalty of perjury signed by the person and, if applicable, the committee\ntreasurer, specifying the following:\ta.\tEach candidate or measure supported or\nopposed by the communication;\tb.\tThe amount of the expenditure and the amount\nspent to support or oppose each candidate or measure;\tc.\tWhether each candidate\nor measure was supported or opposed;\td.\tThat the communication was not behested\nby any of the candidates who benefited from it;\te.\tThe dates the communication\nwas made or distributed and any expenditure was incurred;\tf.\tA description of\nthe type of communication;\tg.\tThe name and address of the person making,\ndistributing, or incurring the expenditures or distributing the\ncommunication;\th.\tThe name and address of the payee, if applicable, and any\nvendor that provided service for the communication;\ti.\tFor committees,\ncontributions of $100 or more received by the committee since the latter of the\nday after the closing date of the campaign statement filed by the committee or\nthe first day of the current calendar year.\u00a0 This disclosure requirement does\nnot apply to contributions that are earmarked for a non-City candidate or ballot\nmeasure; and\tj.\tContributions of $100 or more that the person made in the\ncurrent calendar year to City candidates, City controlled committees, City\nballot measure committees, City recall committees, committees primarily formed\nto support or oppose City candidates or measures, and City general purpose\nrecipient committees.\t2.\tA copy of the communication.\ta.\tIf the communication is\na telephone call or similar audio communication, a copy of the script and, if\nthe communication is recorded, the recording shall be provided.\tb.\tIf the\ncommunication is audio or video, a copy of the script and an audio or video file\nshall be provided.\tD.\tIf an independent expenditure communication supports or\nopposes a City candidate, the Ethics Commission staff will notify all candidates\nin the affected race within one business day after receiving the required\nnotice.\u00a0 The notification will indicate the candidates supported or opposed by\nthe independent expenditure communication, as indicated on the signed\ndeclaration, and will include a copy of the independent expenditure\ncommunication.\tE.\tThe Ethics Commission shall post on its website, without\nalteration, all copies of independent expenditure communications filed with the\nEthics Commission.\u00a0 The Ethics Commission may not judge, comment upon, or edit\nthe contents of an independent expenditure communication.\tF.\tThis Section shall\nnot apply to a news story, commentary, or editorial by a newspaper, radio\nstation, television station, or other recognized news medium, unless the\ndisclaimer is required for a paid communication under Section 49.7.34.\u00a0 (Added\nby Ord. No. 182,362, Eff. 1\/30\/13.)\n","html":"\n\t\t\t\t\t<section><p>\u00a0 DISCLOSURE OF INDEPENDENT EXPENDITURE COMMUNICATIONS.<br \/><br \/>\tA.\tA person shall notify the Ethics Commission of an independent expenditure communication when either of the following occurs:<br \/><br \/>\t1.\tThe person makes or incurs expenditures of $1,000 or more for the communication; or<br \/><br \/>\t2.\tThe person makes or incurs expenditures of $100 or more for the communication and distributes the communication to the following number of persons:<br \/><br \/>\ta.\t200 or more persons, if the distributor is a person who qualifies as a committee under the Political Reform Act.<br \/><br \/>\tb.\t1,000 or more persons, if the distributor is not a person who qualifies as a committee under the Political Reform Act.<br \/><br \/>\tOnce a notification threshold is met, every subsequent expenditure made or incurred regarding that measure or candidate shall also be disclosed.<br \/><br \/>\tB.\tThe notification shall be submitted to the Ethics Commission within the following time frames:<br \/><br \/>\t1.\tFrom the first date an individual may file a Declaration of Intention to Become a Candidate with the City Clerk through the date of the associated general election, or during the 90 days prior to an election if no City candidates will be on the ballot, within 24 hours after making or incurring the expenditures.\u00a0 (Amended by Ord. No. 182,362, Eff. 1\/30\/13.)<br \/><br \/>\t2.\tAt all other times, within five business days after making or incurring the expenditures provided, however, in no event later than the first date an individual may file a Declaration of Intention to Become a Candidate.<br \/><br \/>\tC.\tThe notification shall include the following:<br \/><br \/>\t1.\tA declaration under <span class=\"dictionary\">penalty<\/span> of <span class=\"dictionary\">perjury<\/span> signed by the person and, if applicable, the committee treasurer, specifying the following:<br \/><br \/>\ta.\tEach candidate or measure supported or opposed by the communication;<br \/><br \/>\tb.\tThe amount of the expenditure and the amount spent to support or oppose each candidate or measure;<br \/><br \/>\tc.\tWhether each candidate or measure was supported or opposed;<br \/><br \/>\td.\tThat the communication was not behested by any of the candidates who benefited from it;<br \/><br \/>\te.\tThe dates the communication was made or distributed and any expenditure was incurred;<br \/><br \/>\tf.\tA description of the type of communication;<br \/><br \/>\tg.\tThe name and address of the person making, distributing, or incurring the expenditures or distributing the communication;<br \/><br \/>\th.\tThe name and address of the payee, if applicable, and any vendor that provided service for the communication;<br \/><br \/>\ti.\tFor committees, contributions of $100 or more received by the committee since the latter of the day after the closing date of the campaign statement filed by the committee or the first day of the current calendar year.\u00a0 This disclosure requirement does not apply to contributions that are earmarked for a non-City candidate or ballot measure; and<br \/><br \/>\tj.\tContributions of $100 or more that the person made in the current calendar year to City candidates, City controlled committees, City ballot measure committees, City recall committees, committees primarily formed to support or oppose City candidates or measures, and City general purpose recipient committees.<br \/><br \/>\t2.\tA copy of the communication.<br \/><br \/>\ta.\tIf the communication is a telephone call or similar audio communication, a copy of the script and, if the communication is recorded, the recording shall be provided.<br \/><br \/>\tb.\tIf the communication is audio or video, a copy of the script and an audio or video file shall be provided.<br \/><br \/>\tD.\tIf an independent expenditure communication supports or opposes a City candidate, the Ethics Commission staff will notify all candidates in the affected race within one business day after receiving the required notice.\u00a0 The notification will indicate the candidates supported or opposed by the independent expenditure communication, as indicated on the signed declaration, and will include a copy of the independent expenditure communication.<br \/><br \/>\tE.\tThe Ethics Commission shall post on its website, without alteration, all copies of independent expenditure communications filed with the Ethics Commission.\u00a0 The Ethics Commission may not <span class=\"dictionary\">judge<\/span>, comment upon, or edit the contents of an independent expenditure communication.<br \/><br \/>\tF.\tThis Section shall not apply to a news story, commentary, or editorial by a newspaper, radio station, television station, or other recognized news medium, unless the disclaimer is required for a paid communication under Section 49.7.34.\u00a0 (Added by Ord. No. 182,362, Eff. 1\/30\/13.)<\/p><\/section>","text":{"0":{"id":"189","text":"\u00a0 DISCLOSURE OF INDEPENDENT EXPENDITURE COMMUNICATIONS.\tA.\tA person shall notify the Ethics Commission of an independent expenditure communication when either of the following occurs:\t1.\tThe person makes or incurs expenditures of $1,000 or more for the communication; or\t2.\tThe person makes or incurs expenditures of $100 or more for the communication and distributes the communication to the following number of persons:\ta.\t200 or more persons, if the distributor is a person who qualifies as a committee under the Political Reform Act.\tb.\t1,000 or more persons, if the distributor is not a person who qualifies as a committee under the Political Reform Act.\tOnce a notification threshold is met, every subsequent expenditure made or incurred regarding that measure or candidate shall also be disclosed.\tB.\tThe notification shall be submitted to the Ethics Commission within the following time frames:\t1.\tFrom the first date an individual may file a Declaration of Intention to Become a Candidate with the City Clerk through the date of the associated general election, or during the 90 days prior to an election if no City candidates will be on the ballot, within 24 hours after making or incurring the expenditures.\u00a0 (Amended by Ord. No. 182,362, Eff. 1\/30\/13.)\t2.\tAt all other times, within five business days after making or incurring the expenditures provided, however, in no event later than the first date an individual may file a Declaration of Intention to Become a Candidate.\tC.\tThe notification shall include the following:\t1.\tA declaration under penalty of perjury signed by the person and, if applicable, the committee treasurer, specifying the following:\ta.\tEach candidate or measure supported or opposed by the communication;\tb.\tThe amount of the expenditure and the amount spent to support or oppose each candidate or measure;\tc.\tWhether each candidate or measure was supported or opposed;\td.\tThat the communication was not behested by any of the candidates who benefited from it;\te.\tThe dates the communication was made or distributed and any expenditure was incurred;\tf.\tA description of the type of communication;\tg.\tThe name and address of the person making, distributing, or incurring the expenditures or distributing the communication;\th.\tThe name and address of the payee, if applicable, and any vendor that provided service for the communication;\ti.\tFor committees, contributions of $100 or more received by the committee since the latter of the day after the closing date of the campaign statement filed by the committee or the first day of the current calendar year.\u00a0 This disclosure requirement does not apply to contributions that are earmarked for a non-City candidate or ballot measure; and\tj.\tContributions of $100 or more that the person made in the current calendar year to City candidates, City controlled committees, City ballot measure committees, City recall committees, committees primarily formed to support or oppose City candidates or measures, and City general purpose recipient committees.\t2.\tA copy of the communication.\ta.\tIf the communication is a telephone call or similar audio communication, a copy of the script and, if the communication is recorded, the recording shall be provided.\tb.\tIf the communication is audio or video, a copy of the script and an audio or video file shall be provided.\tD.\tIf an independent expenditure communication supports or opposes a City candidate, the Ethics Commission staff will notify all candidates in the affected race within one business day after receiving the required notice.\u00a0 The notification will indicate the candidates supported or opposed by the independent expenditure communication, as indicated on the signed declaration, and will include a copy of the independent expenditure communication.\tE.\tThe Ethics Commission shall post on its website, without alteration, all copies of independent expenditure communications filed with the Ethics Commission.\u00a0 The Ethics Commission may not judge, comment upon, or edit the contents of an independent expenditure communication.\tF.\tThis Section shall not apply to a news story, commentary, or editorial by a newspaper, radio station, television station, or other recognized news medium, unless the disclaimer is required for a paid communication under Section 49.7.34.\u00a0 (Added by Ord. No. 182,362, Eff. 1\/30\/13.)","type":"section","prefixes":[""],"prefix":"","entire_prefix":"","prefix_anchor":"","level":1}}}