{"section_number":"54.04","edition_id":"1","section_id":"2603","structure_id":"115","catch_line":"Computation And Recovery Of Costs.","history":"","full_text":"\u00a0 COMPUTATION AND RECOVERY OF COSTS.\n\n\tThe costs referred to in Section 54.01 and Section 54.02 shall include, in addition to the City\u2019s direct out\u2013of\u2013pocket expenses for labor and materials, administrative costs in an amount equal to ten (10) percent of the reasonable cost actually incurred or five hundred dollars ($500), whichever is greater. The amount of such costs for which liability is imposed pursuant to this article shall be recoverable in a civil action by the City or by ordinance and shall be in addition to any other fees or penalties authorized by law, provided that any sums actually received by the City in connection with such work pursuant to Chapter 6.8 (commencing with Section 25300) of Division 20 of the Health and Safety Code shall be credited against any amount recoverable in such civil action. If recovery of part or all costs is by way of an ordinance the procedure set forth in LAAC \u00a7 19.96B.3 through 7, C.34 and D. shall be followed.","order_by":"04","ancestry":{"1":{"id":"115","name":"Liability For Violation Of Hazardous Waste And Substance Control Laws.","identifier":"4","label":"article","url":"\/5\/4\/"},"2":{"id":"9","name":"Public Safety and Protection","identifier":"5","label":"chapter","url":"\/5\/"}},"structure_contents":{"0":{"id":"1733","structure_id":"115","section_number":"54.00","catch_line":"Scope.","url":"\/54.00\/","token":"54.00"},"1":{"id":"3987","structure_id":"115","section_number":"54.01","catch_line":"Definitions.","url":"\/54.01\/","token":"54.01"},"2":{"id":"846","structure_id":"115","section_number":"54.02","catch_line":"Liability For Unauthorized Disposal Or Release.","url":"\/54.02\/","token":"54.02"},"3":{"id":"2710","structure_id":"115","section_number":"54.03","catch_line":"Liability For Failure To Comply With Orders.","url":"\/54.03\/","token":"54.03"},"4":{"id":"2603","structure_id":"115","section_number":"54.04","catch_line":"Computation And Recovery Of Costs.","url":"\/54.04\/","token":"54.04"},"5":{"id":"3373","structure_id":"115","section_number":"54.05","catch_line":"Hazardous Substance Clearance Report.","url":"\/54.05\/","token":"54.05"}},"next_section":{"id":"3373","structure_id":"115","section_number":"54.05","catch_line":"Hazardous Substance Clearance Report.","url":"\/54.05\/","token":"54.05"},"metadata":false,"references":false,"url":"\/54.04\/","token":"54.04","formats":{"txt":"\/54.04.txt","json":"\/54.04.xml"},"dublin_core":{"Title":"Computation And Recovery Of Costs.","Type":"Text","Format":"text\/html","Identifier":"\u00a7 54.04","Relation":"Los Angeles Municipal Code"},"plain_text":"                            LOS ANGELES MUNICIPAL CODE\n\nCOMPUTATION AND RECOVERY OF COSTS. (\u00a7 54.04)\n\n\u00a0 COMPUTATION AND RECOVERY OF COSTS.\tThe costs referred to in Section 54.01 and\nSection 54.02 shall include, in addition to the City\u2019s direct\nout\u2013of\u2013pocket expenses for labor and materials, administrative costs in an\namount equal to ten (10) percent of the reasonable cost actually incurred or\nfive hundred dollars ($500), whichever is greater. The amount of such costs for\nwhich liability is imposed pursuant to this article shall be recoverable in a\ncivil action by the City or by ordinance and shall be in addition to any other\nfees or penalties authorized by law, provided that any sums actually received by\nthe City in connection with such work pursuant to Chapter 6.8 (commencing with\nSection 25300) of Division 20 of the Health and Safety Code shall be credited\nagainst any amount recoverable in such civil action. If recovery of part or all\ncosts is by way of an ordinance the procedure set forth in LAAC \u00a7 19.96B.3\nthrough 7, C.34 and D. shall be followed.\n","html":"\n\t\t\t\t\t<section><p>\u00a0 COMPUTATION AND RECOVERY OF COSTS.<br \/><br \/>\tThe costs referred to in Section 54.01 and Section 54.02 shall include, in addition to the City\u2019s direct out\u2013of\u2013pocket expenses for labor and <span class=\"dictionary\">materials<\/span>, administrative costs in an amount equal to ten (10) percent of the reasonable cost actually incurred or five hundred dollars ($500), whichever is greater. The amount of such costs for which liability is imposed pursuant to this article shall be recoverable in a <span class=\"dictionary\">civil action<\/span> by the City or by <span class=\"dictionary\">ordinance<\/span> and shall be in addition to any other fees or penalties authorized by <span class=\"dictionary\">law<\/span>, provided that any sums actually received by the City in connection with such work pursuant to Chapter 6.8 (commencing with Section 25300) of Division 20 of the Health and Safety Code shall be credited against any amount recoverable in such <span class=\"dictionary\">civil action<\/span>. If recovery of part or all costs is by way of an <span class=\"dictionary\">ordinance<\/span> the procedure set forth in LAAC \u00a7&nbsp;19.96B.3 through 7, C.34 and D. shall be followed.<\/p><\/section>","previous_section":{"id":"2710","structure_id":"115","section_number":"54.03","catch_line":"Liability For Failure To Comply With Orders.","url":"\/54.03\/","token":"54.03"},"text":{"0":{"id":"2580","text":"\u00a0 COMPUTATION AND RECOVERY OF COSTS.\tThe costs referred to in Section 54.01 and Section 54.02 shall include, in addition to the City\u2019s direct out\u2013of\u2013pocket expenses for labor and materials, administrative costs in an amount equal to ten (10) percent of the reasonable cost actually incurred or five hundred dollars ($500), whichever is greater. The amount of such costs for which liability is imposed pursuant to this article shall be recoverable in a civil action by the City or by ordinance and shall be in addition to any other fees or penalties authorized by law, provided that any sums actually received by the City in connection with such work pursuant to Chapter 6.8 (commencing with Section 25300) of Division 20 of the Health and Safety Code shall be credited against any amount recoverable in such civil action. If recovery of part or all costs is by way of an ordinance the procedure set forth in LAAC \u00a7 19.96B.3 through 7, C.34 and D. shall be followed.","type":"section","prefixes":[""],"prefix":"","entire_prefix":"","prefix_anchor":"","level":1}}}