{"section_number":"56.09","edition_id":"1","section_id":"3160","structure_id":"110","catch_line":"Sidewalks \u2013 Opening In.","history":"","full_text":"\u00a0 SIDEWALKS \u2013 OPENING IN.\n\n\t(a)\tNo person shall construct or maintain, any permanent opening in any sidewalk, unless the same be constructed and maintained in the manner required by this section.\n\n\tEvery such opening in any sidewalk shall be covered with metal trap doors. The sides or ends of any such door nearest the curb shall not be less than four (4) feet from the outer edge of such curb and no such door shall be more than five (5) feet in width; provided however, that the provisions of this section regulating the width of any such door and its distance from the curb shall not apply to any such door erected, constructed or maintained prior to the passage of Ordinance No. 20,449 (N.S.), approved June 16, 1910. Metal guards of the kind herein described shall be provided and maintained at each such opening. Each such metal guard shall reach to the height of such doors when the same are open and shall be constructed of wire mesh, the meshes of which shall not exceed three inches in the greatest dimension.\n\n\tIn addition to the opening hereinbefore described, an opening through a sidewalk not more than thirty inches in its greatest dimension, may be maintained for the admittance of fuel to the cellar or basement of the building fronting on such portion of such sidewalk. Every such opening shall have a metal cover flush with the surface of the sidewalk, and its upper surface shall be roughened.\n\n\tAll structural parts of sidewalks, including such doors and covers, shall be capable of sustaining a uniform live load of 300 pounds per square foot. (Amended by Ord. No. 113,043, Eff. 4\/23\/59.)\n\n\t(b)\tNo person shall open any such door, unless a metal guard is placed along the edge of and on each side of such opening and so maintained during such time as such door shall remain open; provided, however, that such metal guard need not be placed or maintained along the side of such opening on which goods, wares, merchandise or other articles are being removed from or taken into the space beneath such opening, if a person is stationed on the sides of such opening for the purpose of warning passers-by and of preventing accidents.\n\n\t(c)\tNo person shall keep open any door or cover of any opening mentioned in this section, except during such time as goods, wares, merchandise or other articles are actually being removed from or taken into the space beneath such opening.\n\n\t(d)\tNo person shall construct or maintain, in any sidewalk, any opening covered with a grating of any description, or any permanent uncovered opening provided however the Board of Public Works may grant permits for such in conjunction with the construction of rapid transit facilities\/stations subject to compliance with such terms and conditions imposed by the Board, including, but not limited to, providing general liability insurance and agreeing to indemnify the City. Any grating so installed in the sidewalk and any metal exit doors shall be designed, installed and maintained to the satisfaction of the City Engineer.\u00a0 (Amended by Ord. No 162,778, Eff. 10\/11\/87.)","order_by":"09","ancestry":{"1":{"id":"110","name":"Public Hazards","identifier":"6","label":"article","url":"\/5\/6\/"},"2":{"id":"9","name":"Public Safety and Protection","identifier":"5","label":"chapter","url":"\/5\/"}},"structure_contents":{"0":{"id":"2720","structure_id":"110","section_number":"56.00","catch_line":"Words And Phrases.","url":"\/56.00\/","token":"56.00"},"1":{"id":"1091","structure_id":"110","section_number":"56.01","catch_line":"Window Sills \u2013 Placing Articles On.","url":"\/56.01\/","token":"56.01"},"2":{"id":"2264","structure_id":"110","section_number":"56.02","catch_line":"Silly String \u2013 Hollywood Division During Halloween.","url":"\/56.02\/","token":"56.02"},"3":{"id":"4015","structure_id":"110","section_number":"56.07","catch_line":"Hat Block \u2013 Revolving Device.","url":"\/56.07\/","token":"56.07"},"4":{"id":"2619","structure_id":"110","section_number":"56.08","catch_line":"Sidewalks \u2013 Streets \u2013 Obstructions.","url":"\/56.08\/","token":"56.08"},"5":{"id":"3160","structure_id":"110","section_number":"56.09","catch_line":"Sidewalks \u2013 Opening In.","url":"\/56.09\/","token":"56.09"},"6":{"id":"3425","structure_id":"110","section_number":"56.10","catch_line":"Sidewalks \u2013 Sprinklers.","url":"\/56.10\/","token":"56.10"},"7":{"id":"1319","structure_id":"110","section_number":"56.11","catch_line":"Sidewalks\u2014Merchandise \u2013 Baggage.","url":"\/56.11\/","token":"56.11"},"8":{"id":"1144","structure_id":"110","section_number":"56.12","catch_line":"Street \u2013 Personal Property \u2013 Packing \u2013 Unpacking.","url":"\/56.12\/","token":"56.12"},"9":{"id":"827","structure_id":"110","section_number":"56.13","catch_line":"Streets \u2013 Sidewalks \u2013 Traps \u2013 Receiving Goods \u2013 Time.","url":"\/56.13\/","token":"56.13"},"10":{"id":"2251","structure_id":"110","section_number":"56.14","catch_line":"Streets \u2013 Loading Or Unloading Freight Cars Upon.","url":"\/56.14\/","token":"56.14"},"11":{"id":"3850","structure_id":"110","section_number":"56.15","catch_line":"Bicycle Riding \u2013 Sidewalks.","url":"\/56.15\/","token":"56.15"},"12":{"id":"689","structure_id":"110","section_number":"56.15.1","catch_line":"Use Of Skateboards.","url":"\/56.15.1\/","token":"56.15.1"},"13":{"id":"1599","structure_id":"110","section_number":"56.16","catch_line":"Streets \u2014 Sidewalks \u2014 Playing Ball Or Games Of Sport.","url":"\/56.16\/","token":"56.16"},"14":{"id":"1270","structure_id":"110","section_number":"56.17","catch_line":"Roller Skates And Skateboards.","url":"\/56.17\/","token":"56.17"},"15":{"id":"847","structure_id":"110","section_number":"56.18","catch_line":"(Repealed By Ord. No. 166.189, Eff. 10\/7\/90.)","url":"\/56.18\/","token":"56.18"},"16":{"id":"2005","structure_id":"110","section_number":"56.20","catch_line":"Street Cars \u2013 Places Of Stopping.","url":"\/56.20\/","token":"56.20"},"17":{"id":"1799","structure_id":"110","section_number":"56.22","catch_line":"Traumatic Injuries \u2013 Reports Of.","url":"\/56.22\/","token":"56.22"},"18":{"id":"3184","structure_id":"110","section_number":"56.23","catch_line":"Traumatic Injuries \u2013 Hospital Report Of.","url":"\/56.23\/","token":"56.23"},"19":{"id":"4072","structure_id":"110","section_number":"56.24","catch_line":"Bodily Specimens In Locked Containers.","url":"\/56.24\/","token":"56.24"},"20":{"id":"1791","structure_id":"110","section_number":"56.30","catch_line":"Trespassing And Loitering \u2013 Forbidden Upon And Near\nPosted Properties.","url":"\/56.30\/","token":"56.30"}},"next_section":{"id":"3425","structure_id":"110","section_number":"56.10","catch_line":"Sidewalks \u2013 Sprinklers.","url":"\/56.10\/","token":"56.10"},"metadata":false,"references":false,"url":"\/56.09\/","token":"56.09","formats":{"txt":"\/56.09.txt","json":"\/56.09.xml"},"dublin_core":{"Title":"Sidewalks \u2013 Opening In.","Type":"Text","Format":"text\/html","Identifier":"\u00a7 56.09","Relation":"Los Angeles Municipal Code"},"plain_text":"                            LOS ANGELES MUNICIPAL CODE\n\nSIDEWALKS \u2013 OPENING IN. (\u00a7 56.09)\n\n\u00a0 SIDEWALKS \u2013 OPENING IN.\t(a)\tNo person shall construct or maintain, any\npermanent opening in any sidewalk, unless the same be constructed and maintained\nin the manner required by this section.\tEvery such opening in any sidewalk shall\nbe covered with metal trap doors. The sides or ends of any such door nearest the\ncurb shall not be less than four (4) feet from the outer edge of such curb and\nno such door shall be more than five (5) feet in width; provided however, that\nthe provisions of this section regulating the width of any such door and its\ndistance from the curb shall not apply to any such door erected, constructed or\nmaintained prior to the passage of Ordinance No. 20,449 (N.S.), approved June\n16, 1910. Metal guards of the kind herein described shall be provided and\nmaintained at each such opening. Each such metal guard shall reach to the height\nof such doors when the same are open and shall be constructed of wire mesh, the\nmeshes of which shall not exceed three inches in the greatest dimension.\tIn\naddition to the opening hereinbefore described, an opening through a sidewalk\nnot more than thirty inches in its greatest dimension, may be maintained for the\nadmittance of fuel to the cellar or basement of the building fronting on such\nportion of such sidewalk. Every such opening shall have a metal cover flush with\nthe surface of the sidewalk, and its upper surface shall be roughened.\tAll\nstructural parts of sidewalks, including such doors and covers, shall be capable\nof sustaining a uniform live load of 300 pounds per square foot. (Amended by\nOrd. No. 113,043, Eff. 4\/23\/59.)\t(b)\tNo person shall open any such door, unless\na metal guard is placed along the edge of and on each side of such opening and\nso maintained during such time as such door shall remain open; provided,\nhowever, that such metal guard need not be placed or maintained along the side\nof such opening on which goods, wares, merchandise or other articles are being\nremoved from or taken into the space beneath such opening, if a person is\nstationed on the sides of such opening for the purpose of warning passers-by and\nof preventing accidents.\t(c)\tNo person shall keep open any door or cover of any\nopening mentioned in this section, except during such time as goods, wares,\nmerchandise or other articles are actually being removed from or taken into the\nspace beneath such opening.\t(d)\tNo person shall construct or maintain, in any\nsidewalk, any opening covered with a grating of any description, or any\npermanent uncovered opening provided however the Board of Public Works may grant\npermits for such in conjunction with the construction of rapid transit\nfacilities\/stations subject to compliance with such terms and conditions imposed\nby the Board, including, but not limited to, providing general liability\ninsurance and agreeing to indemnify the City. Any grating so installed in the\nsidewalk and any metal exit doors shall be designed, installed and maintained to\nthe satisfaction of the City Engineer.\u00a0 (Amended by Ord. No 162,778, Eff.\n10\/11\/87.)\n","html":"\n\t\t\t\t\t<section><p>\u00a0 SIDEWALKS \u2013 OPENING IN.<br \/><br \/>\t(a)\tNo person shall construct or maintain, any permanent opening in any sidewalk, unless the same be constructed and maintained in the manner required by this section.<br \/><br \/>\tEvery such opening in any sidewalk shall be covered with metal trap doors. The sides or ends of any such door nearest the curb shall not be less than four (4) feet from the outer edge of such curb and no such door shall be more than five (5) feet in width; provided however, that the provisions of this section regulating the width of any such door and its distance from the curb shall not apply to any such door erected, constructed or maintained prior to the passage of <span class=\"dictionary\">Ordinance<\/span> No. 20,449 (N.S.), approved June 16, 1910. Metal guards of the kind herein described shall be provided and maintained at each such opening. Each such metal guard shall reach to the height of such doors when the same are open and shall be constructed of wire mesh, the meshes of which shall not exceed three inches in the greatest dimension.<br \/><br \/>\tIn addition to the opening hereinbefore described, an opening through a sidewalk not more than thirty inches in its greatest dimension, may be maintained for the admittance of fuel to the cellar or basement of the building fronting on such portion of such sidewalk. Every such opening shall have a metal cover flush with the surface of the sidewalk, and its upper surface shall be roughened.<br \/><br \/>\tAll structural parts of sidewalks, including such doors and covers, shall be capable of sustaining a uniform live load of 300 pounds per square foot. (Amended by Ord. No. 113,043, Eff. 4\/23\/59.)<br \/><br \/>\t(b)\tNo person shall open any such door, unless a metal guard is placed along the edge of and on each side of such opening and so maintained during such time as such door shall remain open; provided, however, that such metal guard need not be placed or maintained along the side of such opening on which goods, wares, merchandise or other articles are being removed from or taken into the space beneath such opening, if a person is stationed on the sides of such opening for the purpose of warning passers-by and of preventing accidents.<br \/><br \/>\t(c)\tNo person shall keep open any door or cover of any opening mentioned in this section, except during such time as goods, wares, merchandise or other articles are actually being removed from or taken into the space beneath such opening.<br \/><br \/>\t(d)\tNo person shall construct or maintain, in any sidewalk, any opening covered with a grating of any description, or any permanent uncovered opening provided however the Board of Public Works may grant permits for such in conjunction with the construction of rapid transit facilities\/stations subject to compliance with such terms and conditions imposed by the Board, including, but not limited to, providing general liability insurance and agreeing to indemnify the City. Any grating so installed in the sidewalk and any metal exit doors shall be designed, installed and maintained to the satisfaction of the City Engineer.\u00a0 (Amended by Ord. No 162,778, Eff. 10\/11\/87.)<\/p><\/section>","previous_section":{"id":"2619","structure_id":"110","section_number":"56.08","catch_line":"Sidewalks \u2013 Streets \u2013 Obstructions.","url":"\/56.08\/","token":"56.08"},"text":{"0":{"id":"3134","text":"\u00a0 SIDEWALKS \u2013 OPENING IN.\t(a)\tNo person shall construct or maintain, any permanent opening in any sidewalk, unless the same be constructed and maintained in the manner required by this section.\tEvery such opening in any sidewalk shall be covered with metal trap doors. The sides or ends of any such door nearest the curb shall not be less than four (4) feet from the outer edge of such curb and no such door shall be more than five (5) feet in width; provided however, that the provisions of this section regulating the width of any such door and its distance from the curb shall not apply to any such door erected, constructed or maintained prior to the passage of Ordinance No. 20,449 (N.S.), approved June 16, 1910. Metal guards of the kind herein described shall be provided and maintained at each such opening. Each such metal guard shall reach to the height of such doors when the same are open and shall be constructed of wire mesh, the meshes of which shall not exceed three inches in the greatest dimension.\tIn addition to the opening hereinbefore described, an opening through a sidewalk not more than thirty inches in its greatest dimension, may be maintained for the admittance of fuel to the cellar or basement of the building fronting on such portion of such sidewalk. Every such opening shall have a metal cover flush with the surface of the sidewalk, and its upper surface shall be roughened.\tAll structural parts of sidewalks, including such doors and covers, shall be capable of sustaining a uniform live load of 300 pounds per square foot. (Amended by Ord. No. 113,043, Eff. 4\/23\/59.)\t(b)\tNo person shall open any such door, unless a metal guard is placed along the edge of and on each side of such opening and so maintained during such time as such door shall remain open; provided, however, that such metal guard need not be placed or maintained along the side of such opening on which goods, wares, merchandise or other articles are being removed from or taken into the space beneath such opening, if a person is stationed on the sides of such opening for the purpose of warning passers-by and of preventing accidents.\t(c)\tNo person shall keep open any door or cover of any opening mentioned in this section, except during such time as goods, wares, merchandise or other articles are actually being removed from or taken into the space beneath such opening.\t(d)\tNo person shall construct or maintain, in any sidewalk, any opening covered with a grating of any description, or any permanent uncovered opening provided however the Board of Public Works may grant permits for such in conjunction with the construction of rapid transit facilities\/stations subject to compliance with such terms and conditions imposed by the Board, including, but not limited to, providing general liability insurance and agreeing to indemnify the City. Any grating so installed in the sidewalk and any metal exit doors shall be designed, installed and maintained to the satisfaction of the City Engineer.\u00a0 (Amended by Ord. No 162,778, Eff. 10\/11\/87.)","type":"section","prefixes":[""],"prefix":"","entire_prefix":"","prefix_anchor":"","level":1}}}