{"section_number":"61.14","edition_id":"1","section_id":"2502","structure_id":"99","catch_line":"Special Engineering Fee.","history":"","full_text":"\u00a0 SPECIAL ENGINEERING FEE.\n\t(Added by Ord. No. 182,237, Eff. 9\/28\/12.)\n\n\tFor all Bureau of Engineering permits and services identified in this Code for which a fee is charged, and which require Bureau staff time for plan checking, field investigation, project evaluation, or other work or effort in addition to that which is ordinarily required for the permit or service for which the fee is charged, the following fees shall apply:\n\n\t(a)\tfor Bureau of Engineering services that require 16 or fewer additional hours of Bureau staff time, a of $145 per hour shall be charged for each hour of additional service, up to a maximum of 16 hours total; and\n\n\t(b)\tfor Bureau of Engineering services that require more than 16 additional hours of Bureau staff time, the Bureau will charge and collect the actual cost of its services pursuant to the provisions of Section 61.15, unless a provision of this Code provides for a different fee amount.\n\n\tThe provisions of this Section shall not apply to any Bureau of Engineering fee that requires payment of actual Bureau costs rather than a fixed pre-determined fee amount.","order_by":"14","ancestry":{"1":{"id":"99","name":"Authority And Procedure","identifier":"1","label":"article","url":"\/6\/1\/"},"2":{"id":"5","name":"Public Works and Property","identifier":"6","label":"chapter","url":"\/6\/"}},"structure_contents":{"0":{"id":"4169","structure_id":"99","section_number":"61.00","catch_line":"Chapter Definitions.","url":"\/61.00\/","token":"61.00"},"1":{"id":"2127","structure_id":"99","section_number":"61.01","catch_line":"Nuisances \u2013 Summary Abatement.","url":"\/61.01\/","token":"61.01"},"2":{"id":"3304","structure_id":"99","section_number":"61.02","catch_line":"Abatement Of Erosion Or Flood Hazard.","url":"\/61.02\/","token":"61.02"},"3":{"id":"655","structure_id":"99","section_number":"61.03","catch_line":"Surcharge For Equipment And Training.","url":"\/61.03\/","token":"61.03"},"4":{"id":"517","structure_id":"99","section_number":"61.04","catch_line":"Surcharge For Development Of Automated Systems For The Department Of City Planning.","url":"\/61.04\/","token":"61.04"},"5":{"id":"2129","structure_id":"99","section_number":"61.05","catch_line":"Prisoner Employment On Public Works.","url":"\/61.05\/","token":"61.05"},"6":{"id":"3352","structure_id":"99","section_number":"61.06","catch_line":"Compliance With Traffic Control Manual.","url":"\/61.06\/","token":"61.06"},"7":{"id":"3652","structure_id":"99","section_number":"61.07","catch_line":"Arrest Authority Of City Employees.","url":"\/61.07\/","token":"61.07"},"8":{"id":"864","structure_id":"99","section_number":"61.08","catch_line":"Authority To Assign Inspectors For Overtime Work.","url":"\/61.08\/","token":"61.08"},"9":{"id":"1299","structure_id":"99","section_number":"61.09","catch_line":"Authority To Inspect And Enforce Stormwater Pollution Control Measures For Construction Activities.","url":"\/61.09\/","token":"61.09"},"10":{"id":"3087","structure_id":"99","section_number":"61.10","catch_line":"Engineering Process Fees.","url":"\/61.10\/","token":"61.10"},"11":{"id":"1059","structure_id":"99","section_number":"61.11","catch_line":"Expedited Permit Surcharge.","url":"\/61.11\/","token":"61.11"},"12":{"id":"1607","structure_id":"99","section_number":"61.12","catch_line":"Survey Monument Inspection Fee.","url":"\/61.12\/","token":"61.12"},"13":{"id":"1033","structure_id":"99","section_number":"61.13","catch_line":"Improvement Bond Processing Fee.","url":"\/61.13\/","token":"61.13"},"14":{"id":"2502","structure_id":"99","section_number":"61.14","catch_line":"Special Engineering Fee.","url":"\/61.14\/","token":"61.14"},"15":{"id":"3270","structure_id":"99","section_number":"61.15","catch_line":"Actual Cost Special Engineering Services.","url":"\/61.15\/","token":"61.15"},"16":{"id":"2593","structure_id":"99","section_number":"61.16","catch_line":"Summary Of Fees For The Bureau Of\nEngineering.","url":"\/61.16\/","token":"61.16"}},"next_section":{"id":"3270","structure_id":"99","section_number":"61.15","catch_line":"Actual Cost Special Engineering Services.","url":"\/61.15\/","token":"61.15"},"metadata":false,"references":false,"url":"\/61.14\/","token":"61.14","formats":{"txt":"\/61.14.txt","json":"\/61.14.xml"},"dublin_core":{"Title":"Special Engineering Fee.","Type":"Text","Format":"text\/html","Identifier":"\u00a7 61.14","Relation":"Los Angeles Municipal Code"},"plain_text":"                            LOS ANGELES MUNICIPAL CODE\n\nSPECIAL ENGINEERING FEE. (\u00a7 61.14)\n\n\u00a0 SPECIAL ENGINEERING FEE.\n\t(Added by Ord. No. 182,237, Eff. 9\/28\/12.)\tFor all Bureau of Engineering\npermits and services identified in this Code for which a fee is charged, and\nwhich require Bureau staff time for plan checking, field investigation, project\nevaluation, or other work or effort in addition to that which is ordinarily\nrequired for the permit or service for which the fee is charged, the following\nfees shall apply:\t(a)\tfor Bureau of Engineering services that require 16 or\nfewer additional hours of Bureau staff time, a of $145 per hour shall be charged\nfor each hour of additional service, up to a maximum of 16 hours total;\nand\t(b)\tfor Bureau of Engineering services that require more than 16 additional\nhours of Bureau staff time, the Bureau will charge and collect the actual cost\nof its services pursuant to the provisions of Section 61.15, unless a provision\nof this Code provides for a different fee amount.\tThe provisions of this Section\nshall not apply to any Bureau of Engineering fee that requires payment of actual\nBureau costs rather than a fixed pre-determined fee amount.\n","html":"\n\t\t\t\t\t<section><p>\u00a0 SPECIAL ENGINEERING FEE.\n\t(Added by Ord. No. 182,237, Eff. 9\/28\/12.)<br \/><br \/>\tFor all Bureau of Engineering permits and services identified in this Code for which a fee is charged, and which require Bureau staff time for plan checking, field investigation, project evaluation, or other work or effort in addition to that which is ordinarily required for the permit or service for which the fee is charged, the following fees shall apply:<br \/><br \/>\t(a)\tfor Bureau of Engineering services that require 16 or fewer additional hours of Bureau staff time, a of $145 per hour shall be charged for each hour of additional service, up to a maximum of 16 hours total; and<br \/><br \/>\t(b)\tfor Bureau of Engineering services that require more than 16 additional hours of Bureau staff time, the Bureau will charge and collect the actual cost of its services pursuant to the provisions of Section 61.15, unless a provision of this Code provides for a different fee amount.<br \/><br \/>\tThe provisions of this Section shall not apply to any Bureau of Engineering fee that requires payment of actual Bureau costs rather than a fixed pre-determined fee amount.<\/p><\/section>","previous_section":{"id":"1033","structure_id":"99","section_number":"61.13","catch_line":"Improvement Bond Processing Fee.","url":"\/61.13\/","token":"61.13"},"text":{"0":{"id":"2479","text":"\u00a0 SPECIAL ENGINEERING FEE.\n\t(Added by Ord. No. 182,237, Eff. 9\/28\/12.)\tFor all Bureau of Engineering permits and services identified in this Code for which a fee is charged, and which require Bureau staff time for plan checking, field investigation, project evaluation, or other work or effort in addition to that which is ordinarily required for the permit or service for which the fee is charged, the following fees shall apply:\t(a)\tfor Bureau of Engineering services that require 16 or fewer additional hours of Bureau staff time, a of $145 per hour shall be charged for each hour of additional service, up to a maximum of 16 hours total; and\t(b)\tfor Bureau of Engineering services that require more than 16 additional hours of Bureau staff time, the Bureau will charge and collect the actual cost of its services pursuant to the provisions of Section 61.15, unless a provision of this Code provides for a different fee amount.\tThe provisions of this Section shall not apply to any Bureau of Engineering fee that requires payment of actual Bureau costs rather than a fixed pre-determined fee amount.","type":"section","prefixes":[""],"prefix":"","entire_prefix":"","prefix_anchor":"","level":1}}}