{"section_number":"63.113","edition_id":"1","section_id":"95","structure_id":"32","catch_line":"Street Address Numbers \u2013 Responsibility Therefor, Designation, Location, Size, Maintenance, Change And Removal.","history":"","full_text":"\u00a0 STREET ADDRESS NUMBERS \u2013 RESPONSIBILITY THEREFOR, DESIGNATION, LOCATION, SIZE, MAINTENANCE, CHANGE AND REMOVAL.\n\t(Amended by Ord. No. 144,527, Eff. 4\/19\/73.)\n\n\t(a)\tEvery person exercising or having ownership, possession, custody, control, or charge of any building, structure or parking lot shall have and maintain the established street address number thereon upon or near each entrance from a street of the City, and from any other public access way, in the manner and location designated by the City Engineer. \u201cAccess way,\u201d shall include, but not be limited to, any alley, waterway, stairway, driveway or walkway. (Amended by Ord. No. 161,786, Eff. 1\/9\/87.)\n\n\t(b)\tInstallation, change, substitution or removal of any existing or subsequently-designated street address number shall be completed within five (5) days after receipt by the owner, occupant, lessee, tenant, subtenant, fiduciary, or custodian of such building, structure or parking lot, or any person or agent in charge thereof, of a written notice containing appropriate instructions therefor, from the City Engineer.\n\n\t(c)\tThe minimum dimensions of any street address number designated by the City Engineer on or after June 1, 1973, shall be as follows:\n\n\ti.\tThe height in inches of any number or figure therein shall be the sum of one-tenth (1\/10) of the distance in feet of the number from the boundary of the property (upon which the building, structure or parking lot is situated) abutting the street, plus two (2), providing that every number shall not be less than four inches in height.\n\n\tii.\tThe overall width of any figure in or comprising the number shall be one-half (1\/2) of its height.\n\n\tiii.\tThe width of any portion of a figure in or comprising the number shall be one-tenth (1\/10) of its height.\n\n\t(d)\tDesign (including shape and style) as well as location of the street address numbers shall be such that they are legible and easily readable. The City Engineer may prescribe a street address number larger in size than the dimensions stated at Subparagraph (c) hereinabove when he determines that due to lighting conditions, building locations, shadows, background, or other reasons, street address numbers of minimum dimensions will not be easily readable from the street or approach to the entrance. A street address number of unusual design or placement may not be employed without prior written approval of the City Engineer.\n\n\t(e)\tThe City Engineer shall adopt such reasonable rules and regulations as are necessary to implement the street address numbers provisions of this article.","order_by":"113","ancestry":{"1":{"id":"32","name":"Public Parks, Playgrounds, Beaches And Other Property","identifier":"3","label":"article","url":"\/6\/3\/"},"2":{"id":"5","name":"Public Works and Property","identifier":"6","label":"chapter","url":"\/6\/"}},"structure_contents":{"0":{"id":"1515","structure_id":"32","section_number":"63.00","catch_line":"Definitions.","url":"\/63.00\/","token":"63.00"},"1":{"id":"2679","structure_id":"32","section_number":"63.00.1","catch_line":"Board Of Recreation And Park Commissioners And Department Of Recreation And Parks Defined.","url":"\/63.00.1\/","token":"63.00.1"},"2":{"id":"2791","structure_id":"32","section_number":"63.01","catch_line":"Playground And Recreation Department \u2013 Jurisdiction.","url":"\/63.01\/","token":"63.01"},"3":{"id":"1886","structure_id":"32","section_number":"63.02","catch_line":"Beach Lands \u2013 Jurisdiction And Authority.","url":"\/63.02\/","token":"63.02"},"4":{"id":"1076","structure_id":"32","section_number":"63.03","catch_line":"Playground And Recreation Department \u2013 Power To Issue Permits.","url":"\/63.03\/","token":"63.03"},"5":{"id":"48","structure_id":"32","section_number":"63.04","catch_line":"Jurisdiction Over Groins, Etc.","url":"\/63.04\/","token":"63.04"},"6":{"id":"1703","structure_id":"32","section_number":"63.05","catch_line":"Power To Renew Grants.","url":"\/63.05\/","token":"63.05"},"7":{"id":"1058","structure_id":"32","section_number":"63.06","catch_line":"Rules Governing Exhibitions.","url":"\/63.06\/","token":"63.06"},"8":{"id":"1638","structure_id":"32","section_number":"63.07","catch_line":"Forfeiture Of Grants.","url":"\/63.07\/","token":"63.07"},"9":{"id":"4007","structure_id":"32","section_number":"63.08","catch_line":"Grant Required For Structures.","url":"\/63.08\/","token":"63.08"},"10":{"id":"1066","structure_id":"32","section_number":"63.09","catch_line":"Public Sewers And Storm Drains Exempt.","url":"\/63.09\/","token":"63.09"},"11":{"id":"1150","structure_id":"32","section_number":"63.10","catch_line":"Application For Grants, Contents.","url":"\/63.10\/","token":"63.10"},"12":{"id":"593","structure_id":"32","section_number":"63.11","catch_line":"Repairs Not To Affect Current Or Drift.","url":"\/63.11\/","token":"63.11"},"13":{"id":"4154","structure_id":"32","section_number":"63.12","catch_line":"Filing Fee.","url":"\/63.12\/","token":"63.12"},"14":{"id":"3594","structure_id":"32","section_number":"63.13","catch_line":"Board To Investigate.","url":"\/63.13\/","token":"63.13"},"15":{"id":"3013","structure_id":"32","section_number":"63.14","catch_line":"Board \u2013 Power To Grant Permit.","url":"\/63.14\/","token":"63.14"},"16":{"id":"2425","structure_id":"32","section_number":"63.15","catch_line":"Revocation Of Grants.","url":"\/63.15\/","token":"63.15"},"17":{"id":"1345","structure_id":"32","section_number":"63.16","catch_line":"Grants \u2013 May Impose Conditions.","url":"\/63.16\/","token":"63.16"},"18":{"id":"4126","structure_id":"32","section_number":"63.17","catch_line":"Board May Deny Grants.","url":"\/63.17\/","token":"63.17"},"19":{"id":"3185","structure_id":"32","section_number":"63.18","catch_line":"Renewal Of Grants \u2013 Existing Structures.","url":"\/63.18\/","token":"63.18"},"20":{"id":"1218","structure_id":"32","section_number":"63.19","catch_line":"Grants \u2013 What To Prescribe.","url":"\/63.19\/","token":"63.19"},"21":{"id":"1793","structure_id":"32","section_number":"63.20","catch_line":"Waiver Required.","url":"\/63.20\/","token":"63.20"},"22":{"id":"2004","structure_id":"32","section_number":"63.21","catch_line":"Board To Determine If Repair Will Alter The Current.","url":"\/63.21\/","token":"63.21"},"23":{"id":"194","structure_id":"32","section_number":"63.22","catch_line":"Natural Accretions.","url":"\/63.22\/","token":"63.22"},"24":{"id":"1637","structure_id":"32","section_number":"63.23","catch_line":"Council To Approve Certain Grants.","url":"\/63.23\/","token":"63.23"},"25":{"id":"3934","structure_id":"32","section_number":"63.24","catch_line":"Harbor Department \u2013 Jurisdiction.","url":"\/63.24\/","token":"63.24"},"26":{"id":"3986","structure_id":"32","section_number":"63.25","catch_line":"Building Permits Required.","url":"\/63.25\/","token":"63.25"},"27":{"id":"2303","structure_id":"32","section_number":"63.41","catch_line":"Park Rangers: Authorization To Arrest.","url":"\/63.41\/","token":"63.41"},"28":{"id":"3080","structure_id":"32","section_number":"63.44","catch_line":"Regulations Affecting Park And Recreation Areas.","url":"\/63.44\/","token":"63.44"},"29":{"id":"2555","structure_id":"32","section_number":"63.45","catch_line":"Emergency Park Closure.","url":"\/63.45\/","token":"63.45"},"30":{"id":"2275","structure_id":"32","section_number":"63.46","catch_line":"Designation Of Drug-Free Zones.","url":"\/63.46\/","token":"63.46"},"31":{"id":"1646","structure_id":"32","section_number":"63.50","catch_line":"Power Boat Prohibition On The Venice Canals.","url":"\/63.50\/","token":"63.50"},"32":{"id":"92","structure_id":"32","section_number":"63.92.1","catch_line":"Charges For Handling Aviation Enginefuels, Lubricants And Solvents At Los Angeles International Airport.","url":"\/63.92.1\/","token":"63.92.1"},"33":{"id":"3527","structure_id":"32","section_number":"63.93","catch_line":"Library Regulations.","url":"\/63.93\/","token":"63.93"},"34":{"id":"3730","structure_id":"32","section_number":"63.94","catch_line":"School Grounds \u2013 Trespass On.","url":"\/63.94\/","token":"63.94"},"35":{"id":"216","structure_id":"32","section_number":"63.95","catch_line":"City Records \u2013 Removal Of.","url":"\/63.95\/","token":"63.95"},"36":{"id":"4012","structure_id":"32","section_number":"63.96","catch_line":"City Records \u2013 Safe Keeping \u2013 Exemptions.","url":"\/63.96\/","token":"63.96"},"37":{"id":"2232","structure_id":"32","section_number":"63.97","catch_line":"Vehicles \u2013 Fire Signs On.","url":"\/63.97\/","token":"63.97"},"38":{"id":"1379","structure_id":"32","section_number":"63.98","catch_line":"City Vehicles \u2013 Use Of Seal.","url":"\/63.98\/","token":"63.98"},"39":{"id":"3471","structure_id":"32","section_number":"63.99","catch_line":"City Vehicles \u2013 Director Of The Office Of Administrative And Research Services May Exempt Use Of Seal.","url":"\/63.99\/","token":"63.99"},"40":{"id":"794","structure_id":"32","section_number":"63.100","catch_line":"City Trucks \u2013 Use Of Seal.","url":"\/63.100\/","token":"63.100"},"41":{"id":"4079","structure_id":"32","section_number":"63.101","catch_line":"Exemptions.","url":"\/63.101\/","token":"63.101"},"42":{"id":"2389","structure_id":"32","section_number":"63.101.1","catch_line":"55 Mph Speed Limit Bumper Stickers On City Vehicles.","url":"\/63.101.1\/","token":"63.101.1"},"43":{"id":"4122","structure_id":"32","section_number":"63.101.2","catch_line":"Back To School Bumper Stickers On City Vehicles.","url":"\/63.101.2\/","token":"63.101.2"},"44":{"id":"4162","structure_id":"32","section_number":"63.101.3","catch_line":"Bumper Stickers \u2013 Smog Checks.","url":"\/63.101.3\/","token":"63.101.3"},"45":{"id":"3101","structure_id":"32","section_number":"63.101.4","catch_line":"Department Of Transportation Parking Management Program Vehicle Identifiers.","url":"\/63.101.4\/","token":"63.101.4"},"46":{"id":"1263","structure_id":"32","section_number":"63.101.5","catch_line":"Police Department Vehicles \u2013 Drug Abuse Resistance Education Program.","url":"\/63.101.5\/","token":"63.101.5"},"47":{"id":"3530","structure_id":"32","section_number":"63.101.6","catch_line":"Bumper Stickers: City Vehicles \u2013 Drug Abuse Resistance Education Program.","url":"\/63.101.6\/","token":"63.101.6"},"48":{"id":"2066","structure_id":"32","section_number":"63.102","catch_line":"City Vehicles \u2013 Report To Be Made To Council.","url":"\/63.102\/","token":"63.102"},"49":{"id":"3307","structure_id":"32","section_number":"63.103","catch_line":"Registration Plates \u2013 Assignment Of.","url":"\/63.103\/","token":"63.103"},"50":{"id":"668","structure_id":"32","section_number":"63.104","catch_line":"Change Of Ownership \u2013 Removal Of Plates.","url":"\/63.104\/","token":"63.104"},"51":{"id":"4111","structure_id":"32","section_number":"63.105","catch_line":"Transfer Of Registration Plates.","url":"\/63.105\/","token":"63.105"},"52":{"id":"2565","structure_id":"32","section_number":"63.106","catch_line":"City Vehicles \u2013 Private Use Prohibited.","url":"\/63.106\/","token":"63.106"},"53":{"id":"54","structure_id":"32","section_number":"63.107","catch_line":"Display Of Official Seal.","url":"\/63.107\/","token":"63.107"},"54":{"id":"1535","structure_id":"32","section_number":"63.108","catch_line":"City Seal - Imitating.","url":"\/63.108\/","token":"63.108"},"55":{"id":"3404","structure_id":"32","section_number":"63.109.1","catch_line":"Employees Forbidden To Cash Checks, Etc.","url":"\/63.109.1\/","token":"63.109.1"},"56":{"id":"707","structure_id":"32","section_number":"63.110","catch_line":"Disobedience Of Charter Subpoenas.","url":"\/63.110\/","token":"63.110"},"57":{"id":"490","structure_id":"32","section_number":"63.111","catch_line":"Election Supplies \u2013 Return Of.","url":"\/63.111\/","token":"63.111"},"58":{"id":"2258","structure_id":"32","section_number":"63.112","catch_line":"Street Address Numbers \u2013 Authority And Duty Of City Engineer.","url":"\/63.112\/","token":"63.112"},"59":{"id":"95","structure_id":"32","section_number":"63.113","catch_line":"Street Address Numbers \u2013 Responsibility Therefor, Designation, Location, Size, Maintenance, Change And Removal.","url":"\/63.113\/","token":"63.113"},"60":{"id":"3248","structure_id":"32","section_number":"63.114","catch_line":"Base Lines.","url":"\/63.114\/","token":"63.114"},"61":{"id":"1193","structure_id":"32","section_number":"63.115","catch_line":"Street Address Numbers \u2013 Odd And Even Numbers.","url":"\/63.115\/","token":"63.115"},"62":{"id":"2601","structure_id":"32","section_number":"63.116","catch_line":"Block Numbers And Spacing.","url":"\/63.116\/","token":"63.116"},"63":{"id":"3466","structure_id":"32","section_number":"63.117","catch_line":"Communications Systems \u2013 Possession Of Keys For.","url":"\/63.117\/","token":"63.117"},"64":{"id":"3130","structure_id":"32","section_number":"63.118","catch_line":"Communications System \u2013 Obstruction.","url":"\/63.118\/","token":"63.118"},"65":{"id":"4174","structure_id":"32","section_number":"63.119","catch_line":"Communications Systems \u2013 Stringing Wires Near.","url":"\/63.119\/","token":"63.119"},"66":{"id":"912","structure_id":"32","section_number":"63.119.5","catch_line":"Communications Systems \u2013 Automatic Calling Devices.","url":"\/63.119.5\/","token":"63.119.5"},"67":{"id":"3996","structure_id":"32","section_number":"63.120","catch_line":"Communications Systems \u2013 Tree Obstruction.","url":"\/63.120\/","token":"63.120"},"68":{"id":"1858","structure_id":"32","section_number":"63.122","catch_line":"False Alarms \u2013 Reward.","url":"\/63.122\/","token":"63.122"},"69":{"id":"3747","structure_id":"32","section_number":"63.123","catch_line":"Hitching Animals To Signal Systems.","url":"\/63.123\/","token":"63.123"},"70":{"id":"4189","structure_id":"32","section_number":"63.124","catch_line":"Excavation Of Natural Deposits \u2013 Permit.","url":"\/63.124\/","token":"63.124"},"71":{"id":"158","structure_id":"32","section_number":"63.125","catch_line":"Board To Adopt Rules For Excavating Sand, Etc.","url":"\/63.125\/","token":"63.125"},"72":{"id":"1201","structure_id":"32","section_number":"63.126","catch_line":"Board To Issue Permits.","url":"\/63.126\/","token":"63.126"},"73":{"id":"3165","structure_id":"32","section_number":"63.127","catch_line":"Depth Of Excavations.","url":"\/63.127\/","token":"63.127"},"74":{"id":"3758","structure_id":"32","section_number":"63.128","catch_line":"Excavations \u2013 Tujunga Wash.","url":"\/63.128\/","token":"63.128"},"75":{"id":"2288","structure_id":"32","section_number":"63.130","catch_line":"Trespassing Forbidden Upon Certain Public Plants, Yards, Etc.","url":"\/63.130\/","token":"63.130"},"76":{"id":"93","structure_id":"32","section_number":"63.131","catch_line":"Police Department Property \u2013 Trespass On.","url":"\/63.131\/","token":"63.131"},"77":{"id":"894","structure_id":"32","section_number":"63.132","catch_line":"Fire Department Property \u2013 Trespass On.","url":"\/63.132\/","token":"63.132"}},"next_section":{"id":"3248","structure_id":"32","section_number":"63.114","catch_line":"Base Lines.","url":"\/63.114\/","token":"63.114"},"metadata":false,"references":false,"url":"\/63.113\/","token":"63.113","formats":{"txt":"\/63.113.txt","json":"\/63.113.xml"},"dublin_core":{"Title":"Street Address Numbers \u2013 Responsibility Therefor, Designation, Location, Size, Maintenance, Change And Removal.","Type":"Text","Format":"text\/html","Identifier":"\u00a7 63.113","Relation":"Los Angeles Municipal Code"},"plain_text":"                            LOS ANGELES MUNICIPAL CODE\n\nSTREET ADDRESS NUMBERS \u2013 RESPONSIBILITY THEREFOR, DESIGNATION, LOCATION, SIZE,\nMAINTENANCE, CHANGE AND REMOVAL. (\u00a7 63.113)\n\n\u00a0 STREET ADDRESS NUMBERS \u2013 RESPONSIBILITY THEREFOR, DESIGNATION, LOCATION,\nSIZE, MAINTENANCE, CHANGE AND REMOVAL.\n\t(Amended by Ord. No. 144,527, Eff. 4\/19\/73.)\t(a)\tEvery person exercising or\nhaving ownership, possession, custody, control, or charge of any building,\nstructure or parking lot shall have and maintain the established street address\nnumber thereon upon or near each entrance from a street of the City, and from\nany other public access way, in the manner and location designated by the City\nEngineer. \u201cAccess way,\u201d shall include, but not be limited to, any alley,\nwaterway, stairway, driveway or walkway. (Amended by Ord. No. 161,786, Eff.\n1\/9\/87.)\t(b)\tInstallation, change, substitution or removal of any existing or\nsubsequently-designated street address number shall be completed within five (5)\ndays after receipt by the owner, occupant, lessee, tenant, subtenant, fiduciary,\nor custodian of such building, structure or parking lot, or any person or agent\nin charge thereof, of a written notice containing appropriate instructions\ntherefor, from the City Engineer.\t(c)\tThe minimum dimensions of any street\naddress number designated by the City Engineer on or after June 1, 1973, shall\nbe as follows:\ti.\tThe height in inches of any number or figure therein shall be\nthe sum of one-tenth (1\/10) of the distance in feet of the number from the\nboundary of the property (upon which the building, structure or parking lot is\nsituated) abutting the street, plus two (2), providing that every number shall\nnot be less than four inches in height.\tii.\tThe overall width of any figure in\nor comprising the number shall be one-half (1\/2) of its height.\tiii.\tThe width\nof any portion of a figure in or comprising the number shall be one-tenth (1\/10)\nof its height.\t(d)\tDesign (including shape and style) as well as location of the\nstreet address numbers shall be such that they are legible and easily readable.\nThe City Engineer may prescribe a street address number larger in size than the\ndimensions stated at Subparagraph (c) hereinabove when he determines that due to\nlighting conditions, building locations, shadows, background, or other reasons,\nstreet address numbers of minimum dimensions will not be easily readable from\nthe street or approach to the entrance. A street address number of unusual\ndesign or placement may not be employed without prior written approval of the\nCity Engineer.\t(e)\tThe City Engineer shall adopt such reasonable rules and\nregulations as are necessary to implement the street address numbers provisions\nof this article.\n","html":"\n\t\t\t\t\t<section><p>\u00a0 STREET ADDRESS NUMBERS \u2013 RESPONSIBILITY THEREFOR, DESIGNATION, LOCATION, SIZE, MAINTENANCE, CHANGE AND REMOVAL.\n\t(Amended by Ord. No. 144,527, Eff. 4\/19\/73.)<br \/><br \/>\t(a)\tEvery person exercising or having ownership, <span class=\"dictionary\">possession<\/span>, <span class=\"dictionary\">custody<\/span>, control, or charge of any building, structure or parking lot shall have and maintain the established street address number thereon upon or near each entrance from a street of the City, and from any other public access way, in the manner and location designated by the City Engineer. \u201cAccess way,\u201d shall include, but not be limited to, any alley, waterway, stairway, driveway or walkway. (Amended by Ord. No. 161,786, Eff. 1\/9\/87.)<br \/><br \/>\t(b)\tInstallation, change, substitution or removal of any existing or subsequently-designated street address number shall be completed within five (5) days after receipt by the owner, occupant, lessee, tenant, subtenant, fiduciary, or custodian of such building, structure or parking lot, or any person or agent in charge thereof, of a written notice containing appropriate instructions therefor, from the City Engineer.<br \/><br \/>\t(c)\tThe minimum dimensions of any street address number designated by the City Engineer on or after June 1, 1973, shall be as follows:<br \/><br \/>\ti.\tThe height in inches of any number or figure therein shall be the sum of one-tenth (1\/10) of the distance in feet of the number from the boundary of the property (upon which the building, structure or parking lot is situated) abutting the street, plus two (2), providing that every number shall not be less than four inches in height.<br \/><br \/>\tii.\tThe overall width of any figure in or comprising the number shall be one-half (1\/2) of its height.<br \/><br \/>\tiii.\tThe width of any portion of a figure in or comprising the number shall be one-tenth (1\/10) of its height.<br \/><br \/>\t(d)\tDesign (including shape and style) as well as location of the street address numbers shall be such that they are legible and easily readable. The City Engineer may prescribe a street address number larger in size than the dimensions stated at Subparagraph (c) hereinabove when he determines that due to lighting conditions, building locations, shadows, background, or other reasons, street address numbers of minimum dimensions will not be easily readable from the street or approach to the entrance. A street address number of unusual design or placement may not be employed without prior written approval of the City Engineer.<br \/><br \/>\t(e)\tThe City Engineer shall adopt such reasonable rules and regulations as are necessary to implement the street address numbers provisions of this article.<\/p><\/section>","previous_section":{"id":"2258","structure_id":"32","section_number":"63.112","catch_line":"Street Address Numbers \u2013 Authority And Duty Of City Engineer.","url":"\/63.112\/","token":"63.112"},"text":{"0":{"id":"95","text":"\u00a0 STREET ADDRESS NUMBERS \u2013 RESPONSIBILITY THEREFOR, DESIGNATION, LOCATION, SIZE, MAINTENANCE, CHANGE AND REMOVAL.\n\t(Amended by Ord. No. 144,527, Eff. 4\/19\/73.)\t(a)\tEvery person exercising or having ownership, possession, custody, control, or charge of any building, structure or parking lot shall have and maintain the established street address number thereon upon or near each entrance from a street of the City, and from any other public access way, in the manner and location designated by the City Engineer. \u201cAccess way,\u201d shall include, but not be limited to, any alley, waterway, stairway, driveway or walkway. (Amended by Ord. No. 161,786, Eff. 1\/9\/87.)\t(b)\tInstallation, change, substitution or removal of any existing or subsequently-designated street address number shall be completed within five (5) days after receipt by the owner, occupant, lessee, tenant, subtenant, fiduciary, or custodian of such building, structure or parking lot, or any person or agent in charge thereof, of a written notice containing appropriate instructions therefor, from the City Engineer.\t(c)\tThe minimum dimensions of any street address number designated by the City Engineer on or after June 1, 1973, shall be as follows:\ti.\tThe height in inches of any number or figure therein shall be the sum of one-tenth (1\/10) of the distance in feet of the number from the boundary of the property (upon which the building, structure or parking lot is situated) abutting the street, plus two (2), providing that every number shall not be less than four inches in height.\tii.\tThe overall width of any figure in or comprising the number shall be one-half (1\/2) of its height.\tiii.\tThe width of any portion of a figure in or comprising the number shall be one-tenth (1\/10) of its height.\t(d)\tDesign (including shape and style) as well as location of the street address numbers shall be such that they are legible and easily readable. The City Engineer may prescribe a street address number larger in size than the dimensions stated at Subparagraph (c) hereinabove when he determines that due to lighting conditions, building locations, shadows, background, or other reasons, street address numbers of minimum dimensions will not be easily readable from the street or approach to the entrance. A street address number of unusual design or placement may not be employed without prior written approval of the City Engineer.\t(e)\tThe City Engineer shall adopt such reasonable rules and regulations as are necessary to implement the street address numbers provisions of this article.","type":"section","prefixes":[""],"prefix":"","entire_prefix":"","prefix_anchor":"","level":1}}}