{"section_number":"64.11.5","edition_id":"1","section_id":"3995","structure_id":"41","catch_line":"Temporary Waiver Of Sewer Facilities Charge Due To 1994 Northridge Earthquake.","history":"","full_text":"\u00a0 TEMPORARY WAIVER OF SEWER FACILITIES CHARGE DUE TO 1994 NORTHRIDGE EARTHQUAKE.\n\t(Added by Ord. No. 169,864, Eff. 7\/17\/94.)\n\n\t(a)\tDefinitions.\n\n\t1.\t\u201cLOT\u201d shall mean any parcel, identified by parcel number and situs address on the City\u2019s database of properties damaged or destroyed by the local emergency.\u00a0 This database, compiled by the Department of Building and Safety, is titled \u201cEQ1-94\u201d.\n\n\t2.\t\u201cLOCAL EMERGENCY\u201d shall mean the Northridge Earthquake of January 17, 1994, and subsequent aftershocks, (EQ1-94) declared to be a local emergency under the provisions of Section 8.27 of the Los Angeles Administrative Code.\n\n\t3.\t\u201cRED-TAGGED BUILDING\u201d shall mean a building, all or any portion of which was red-tagged by the Department of Building and Safety as a result of the local emergency and which is so listed in the database of EQ1-94 compiled by the Department of Building and Safety in effect on the date of adoption of this ordinance or as the database is updated through April 17, 1994.\n\n\tEXCEPTION:\u00a0 \u201cACCESSORY BUILDING,\u201d as defined in Los Angeles Municipal Code Section 12.03, shall not be included in this definition.\n\n\t(b)\tTemporary Waiver of The Sewerage Facilities Charge (SFC).\u00a0 Notwithstanding the provisions of the Los Angeles Municipal Code to the contrary, for an occupying owner or tenant vacating a red-tagged building other than a \u201cresidential building\u201d, as defined in the Los Angeles Municipal Code Section 12.03, and temporarily relocating his or her enterprise to a different site after January 17, 1994 but before January 17, 1995, the Sewerage Facilities Charge due at the time of that relocation, if any, shall be temporarily waived.\u00a0 This waiver shall terminate and the Sewerage Facilities Charge become due and payable within 30 days if the enterprise remains at the different site on January 17, 1996.\u00a0 A waived Sewerage Facilities Charge at a site shall not confer any flow credit to the site which would be applicable to future occupancies.","order_by":"11.5","ancestry":{"1":{"id":"41","name":"Sewers, Water Courses And Drains","identifier":"4","label":"article","url":"\/6\/4\/"},"2":{"id":"5","name":"Public Works and Property","identifier":"6","label":"chapter","url":"\/6\/"}},"structure_contents":{"0":{"id":"1060","structure_id":"41","section_number":"64.03","catch_line":"\n\n","url":"\/64.03\/","token":"64.03"},"1":{"id":"3546","structure_id":"41","section_number":"64.00","catch_line":"Definitions And Abbreviations.","url":"\/64.00\/","token":"64.00"},"2":{"id":"126","structure_id":"41","section_number":"64.01","catch_line":"(None)","url":"\/64.01\/","token":"64.01"},"3":{"id":"3226","structure_id":"41","section_number":"64.02","catch_line":"(None)","url":"\/64.02\/","token":"64.02"},"4":{"id":"1795","structure_id":"41","section_number":"64.04","catch_line":"(None)","url":"\/64.04\/","token":"64.04"},"5":{"id":"1023","structure_id":"41","section_number":"64.05","catch_line":"(None)","url":"\/64.05\/","token":"64.05"},"6":{"id":"2848","structure_id":"41","section_number":"64.06","catch_line":"Water Supply \u2013 Contamination Of.","url":"\/64.06\/","token":"64.06"},"7":{"id":"2171","structure_id":"41","section_number":"64.06.1","catch_line":"Water Supply \u2013 Sanitary Standards.","url":"\/64.06.1\/","token":"64.06.1"},"8":{"id":"541","structure_id":"41","section_number":"64.07","catch_line":"Water Course Obstruction \u2013 Permits.","url":"\/64.07\/","token":"64.07"},"9":{"id":"297","structure_id":"41","section_number":"64.08","catch_line":"Water Course Structures \u2013 Permits.","url":"\/64.08\/","token":"64.08"},"10":{"id":"661","structure_id":"41","section_number":"64.09","catch_line":"Water Courses \u2013 Interference With.","url":"\/64.09\/","token":"64.09"},"11":{"id":"1662","structure_id":"41","section_number":"64.10","catch_line":"Water Courses.","url":"\/64.10\/","token":"64.10"},"12":{"id":"2110","structure_id":"41","section_number":"64.11","catch_line":"Sewers \u2013 Undedicated Streets.","url":"\/64.11\/","token":"64.11"},"13":{"id":"3759","structure_id":"41","section_number":"64.11.1","catch_line":"House Connection Sewer.","url":"\/64.11.1\/","token":"64.11.1"},"14":{"id":"1653","structure_id":"41","section_number":"64.11.2","catch_line":"Sewage Facilities Charge For New Tracts.","url":"\/64.11.2\/","token":"64.11.2"},"15":{"id":"3269","structure_id":"41","section_number":"64.11.3","catch_line":"Basis For Sewerage Facilities Charge.","url":"\/64.11.3\/","token":"64.11.3"},"16":{"id":"3029","structure_id":"41","section_number":"64.11.4","catch_line":"Disposition Of Sewerage Facilities Charge.","url":"\/64.11.4\/","token":"64.11.4"},"17":{"id":"3995","structure_id":"41","section_number":"64.11.5","catch_line":"Temporary Waiver Of Sewer Facilities Charge Due To 1994 Northridge Earthquake.","url":"\/64.11.5\/","token":"64.11.5"},"18":{"id":"1174","structure_id":"41","section_number":"64.12","catch_line":"House Sewer Connection \u2013 Permit.","url":"\/64.12\/","token":"64.12"},"19":{"id":"307","structure_id":"41","section_number":"64.13","catch_line":"Permit Exemptions.","url":"\/64.13\/","token":"64.13"},"20":{"id":"4117","structure_id":"41","section_number":"64.14","catch_line":"Duration And Revocation Of Permits.","url":"\/64.14\/","token":"64.14"},"21":{"id":"4148","structure_id":"41","section_number":"64.15","catch_line":"Permit And Inspection Fees.","url":"\/64.15\/","token":"64.15"},"22":{"id":"406","structure_id":"41","section_number":"64.15.1","catch_line":"Liability Insurance And Deposit Requirements.","url":"\/64.15.1\/","token":"64.15.1"},"23":{"id":"934","structure_id":"41","section_number":"64.16","catch_line":"Exemptions From Liability Insurance And Deposit Requirements.","url":"\/64.16\/","token":"64.16"},"24":{"id":"3953","structure_id":"41","section_number":"64.16.1","catch_line":"Sewerage Facilities Charge For Sewer Connection.","url":"\/64.16.1\/","token":"64.16.1"},"25":{"id":"3246","structure_id":"41","section_number":"64.16.2","catch_line":"Transfer Of Industrial Flow Sewerage Facilities Charge Credits Within Or Between Revitalization, Enterprise Or Empowerment Zones.","url":"\/64.16.2\/","token":"64.16.2"},"26":{"id":"1757","structure_id":"41","section_number":"64.17","catch_line":"Sewer Connection Regulations.","url":"\/64.17\/","token":"64.17"},"27":{"id":"3368","structure_id":"41","section_number":"64.18","catch_line":"Bonded Sewers \u2013 Fees.","url":"\/64.18\/","token":"64.18"},"28":{"id":"2478","structure_id":"41","section_number":"64.19","catch_line":"Refund Of Sewer Fees.","url":"\/64.19\/","token":"64.19"},"29":{"id":"834","structure_id":"41","section_number":"64.19.1","catch_line":"Sewerage Facilities Fund.","url":"\/64.19.1\/","token":"64.19.1"},"30":{"id":"1102","structure_id":"41","section_number":"64.19.2","catch_line":"Sewer Construction And Maintenance Fund.","url":"\/64.19.2\/","token":"64.19.2"},"31":{"id":"1762","structure_id":"41","section_number":"64.19.3","catch_line":"Sewer Operation And Maintenance Fund.","url":"\/64.19.3\/","token":"64.19.3"},"32":{"id":"2815","structure_id":"41","section_number":"64.19.4","catch_line":"Sewer Capital Fund.","url":"\/64.19.4\/","token":"64.19.4"},"33":{"id":"2746","structure_id":"41","section_number":"64.20","catch_line":"Tapping Sewers, Storm Drains And Catch Basins.","url":"\/64.20\/","token":"64.20"},"34":{"id":"209","structure_id":"41","section_number":"64.21","catch_line":"Emergency Work.","url":"\/64.21\/","token":"64.21"},"35":{"id":"2947","structure_id":"41","section_number":"64.22","catch_line":"Board To Keep Accounts.","url":"\/64.22\/","token":"64.22"},"36":{"id":"1491","structure_id":"41","section_number":"64.22.1","catch_line":"Permit Fee Exemptions.","url":"\/64.22.1\/","token":"64.22.1"},"37":{"id":"1759","structure_id":"41","section_number":"64.23","catch_line":"Drains, Sewers, Etc. \u2013 Notice Of Abandonment.","url":"\/64.23\/","token":"64.23"},"38":{"id":"186","structure_id":"41","section_number":"64.25","catch_line":"Investigation On Private Property.","url":"\/64.25\/","token":"64.25"},"39":{"id":"72","structure_id":"41","section_number":"64.26","catch_line":"Mandatory Abandonment Of Private Sewage Disposal Systems.","url":"\/64.26\/","token":"64.26"},"40":{"id":"3949","structure_id":"41","section_number":"64.30","catch_line":"Industrial Wastewater Disposal.","url":"\/64.30\/","token":"64.30"},"41":{"id":"2242","structure_id":"41","section_number":"64.30.1","catch_line":"Industrial Wastes Treated By County Sanitation Districts Of Los Angeles County (Csdla).","url":"\/64.30.1\/","token":"64.30.1"},"42":{"id":"1956","structure_id":"41","section_number":"64.31","catch_line":"Septage Disposal Control.","url":"\/64.31\/","token":"64.31"},"43":{"id":"250","structure_id":"41","section_number":"64.32","catch_line":"Privies \u2013 Prohibited.","url":"\/64.32\/","token":"64.32"},"44":{"id":"2517","structure_id":"41","section_number":"64.33","catch_line":"Testing And Analysis Of Materials, Products, Services,\nProcesses And Technologies.","url":"\/64.33\/","token":"64.33"}},"previous_section":{"id":"3029","structure_id":"41","section_number":"64.11.4","catch_line":"Disposition Of Sewerage Facilities Charge.","url":"\/64.11.4\/","token":"64.11.4"},"next_section":{"id":"1174","structure_id":"41","section_number":"64.12","catch_line":"House Sewer Connection \u2013 Permit.","url":"\/64.12\/","token":"64.12"},"metadata":false,"references":false,"url":"\/64.11.5\/","token":"64.11.5","formats":{"txt":"\/64.11.5.txt","json":"\/64.11.5.xml"},"dublin_core":{"Title":"Temporary Waiver Of Sewer Facilities Charge Due To 1994 Northridge Earthquake.","Type":"Text","Format":"text\/html","Identifier":"\u00a7 64.11.5","Relation":"Los Angeles Municipal Code"},"plain_text":"                            LOS ANGELES MUNICIPAL CODE\n\nTEMPORARY WAIVER OF SEWER FACILITIES CHARGE DUE TO 1994 NORTHRIDGE EARTHQUAKE.\n(\u00a7 64.11.5)\n\n\u00a0 TEMPORARY WAIVER OF SEWER FACILITIES CHARGE DUE TO 1994 NORTHRIDGE\nEARTHQUAKE.\n\t(Added by Ord. No. 169,864, Eff. 7\/17\/94.)\t(a)\tDefinitions.\t1.\t\u201cLOT\u201d shall\nmean any parcel, identified by parcel number and situs address on the City\u2019s\ndatabase of properties damaged or destroyed by the local emergency.\u00a0 This\ndatabase, compiled by the Department of Building and Safety, is titled\n\u201cEQ1-94\u201d.\t2.\t\u201cLOCAL EMERGENCY\u201d shall mean the Northridge Earthquake of\nJanuary 17, 1994, and subsequent aftershocks, (EQ1-94) declared to be a local\nemergency under the provisions of Section 8.27 of the Los Angeles Administrative\nCode.\t3.\t\u201cRED-TAGGED BUILDING\u201d shall mean a building, all or any portion of\nwhich was red-tagged by the Department of Building and Safety as a result of the\nlocal emergency and which is so listed in the database of EQ1-94 compiled by the\nDepartment of Building and Safety in effect on the date of adoption of this\nordinance or as the database is updated through April 17, 1994.\tEXCEPTION:\u00a0\n\u201cACCESSORY BUILDING,\u201d as defined in Los Angeles Municipal Code Section\n12.03, shall not be included in this definition.\t(b)\tTemporary Waiver of The\nSewerage Facilities Charge (SFC).\u00a0 Notwithstanding the provisions of the Los\nAngeles Municipal Code to the contrary, for an occupying owner or tenant\nvacating a red-tagged building other than a \u201cresidential building\u201d, as\ndefined in the Los Angeles Municipal Code Section 12.03, and temporarily\nrelocating his or her enterprise to a different site after January 17, 1994 but\nbefore January 17, 1995, the Sewerage Facilities Charge due at the time of that\nrelocation, if any, shall be temporarily waived.\u00a0 This waiver shall terminate\nand the Sewerage Facilities Charge become due and payable within 30 days if the\nenterprise remains at the different site on January 17, 1996.\u00a0 A waived\nSewerage Facilities Charge at a site shall not confer any flow credit to the\nsite which would be applicable to future occupancies.\n","html":"\n\t\t\t\t\t<section><p>\u00a0 TEMPORARY <span class=\"dictionary\">WAIVER<\/span> OF SEWER FACILITIES CHARGE DUE TO 1994 NORTHRIDGE EARTHQUAKE.\n\t(Added by Ord. No. 169,864, Eff. 7\/17\/94.)<br \/><br \/>\t(a)\tDefinitions.<br \/><br \/>\t1.\t\u201cLOT\u201d shall mean any parcel, identified by parcel number and situs address on the City\u2019s database of properties damaged or destroyed by the local emergency.\u00a0 This database, compiled by the Department of Building and Safety, is titled \u201cEQ1-94\u201d.<br \/><br \/>\t2.\t\u201cLOCAL EMERGENCY\u201d shall mean the Northridge Earthquake of January 17, 1994, and subsequent aftershocks, (EQ1-94) declared to be a local emergency under the provisions of Section 8.27 of the Los Angeles Administrative Code.<br \/><br \/>\t3.\t\u201cRED-TAGGED BUILDING\u201d shall mean a building, all or any portion of which was red-tagged by the Department of Building and Safety as a result of the local emergency and which is so listed in the database of EQ1-94 compiled by the Department of Building and Safety in effect on the date of adoption of this <span class=\"dictionary\">ordinance<\/span> or as the database is updated through April 17, 1994.<br \/><br \/>\tEXCEPTION:\u00a0 \u201c<span class=\"dictionary\">ACCESSORY<\/span> BUILDING,\u201d as defined in Los Angeles Municipal Code Section 12.03, shall not be included in this definition.<br \/><br \/>\t(b)\tTemporary <span class=\"dictionary\">Waiver<\/span> of The Sewerage Facilities Charge (SFC).\u00a0 Notwithstanding the provisions of the Los Angeles Municipal Code to the contrary, for an occupying owner or tenant vacating a red-tagged building other than a \u201cresidential building\u201d, as defined in the Los Angeles Municipal Code Section 12.03, and temporarily relocating his or her enterprise to a different site after January 17, 1994 but before January 17, 1995, the Sewerage Facilities Charge due at the time of that relocation, if any, shall be temporarily waived.\u00a0 This <span class=\"dictionary\">waiver<\/span> shall terminate and the Sewerage Facilities Charge become due and payable within 30 days if the enterprise remains at the different site on January 17, 1996.\u00a0 A waived Sewerage Facilities Charge at a site shall not confer any flow credit to the site which would be applicable to future occupancies.<\/p><\/section>","text":{"0":{"id":"3969","text":"\u00a0 TEMPORARY WAIVER OF SEWER FACILITIES CHARGE DUE TO 1994 NORTHRIDGE EARTHQUAKE.\n\t(Added by Ord. No. 169,864, Eff. 7\/17\/94.)\t(a)\tDefinitions.\t1.\t\u201cLOT\u201d shall mean any parcel, identified by parcel number and situs address on the City\u2019s database of properties damaged or destroyed by the local emergency.\u00a0 This database, compiled by the Department of Building and Safety, is titled \u201cEQ1-94\u201d.\t2.\t\u201cLOCAL EMERGENCY\u201d shall mean the Northridge Earthquake of January 17, 1994, and subsequent aftershocks, (EQ1-94) declared to be a local emergency under the provisions of Section 8.27 of the Los Angeles Administrative Code.\t3.\t\u201cRED-TAGGED BUILDING\u201d shall mean a building, all or any portion of which was red-tagged by the Department of Building and Safety as a result of the local emergency and which is so listed in the database of EQ1-94 compiled by the Department of Building and Safety in effect on the date of adoption of this ordinance or as the database is updated through April 17, 1994.\tEXCEPTION:\u00a0 \u201cACCESSORY BUILDING,\u201d as defined in Los Angeles Municipal Code Section 12.03, shall not be included in this definition.\t(b)\tTemporary Waiver of The Sewerage Facilities Charge (SFC).\u00a0 Notwithstanding the provisions of the Los Angeles Municipal Code to the contrary, for an occupying owner or tenant vacating a red-tagged building other than a \u201cresidential building\u201d, as defined in the Los Angeles Municipal Code Section 12.03, and temporarily relocating his or her enterprise to a different site after January 17, 1994 but before January 17, 1995, the Sewerage Facilities Charge due at the time of that relocation, if any, shall be temporarily waived.\u00a0 This waiver shall terminate and the Sewerage Facilities Charge become due and payable within 30 days if the enterprise remains at the different site on January 17, 1996.\u00a0 A waived Sewerage Facilities Charge at a site shall not confer any flow credit to the site which would be applicable to future occupancies.","type":"section","prefixes":[""],"prefix":"","entire_prefix":"","prefix_anchor":"","level":1}}}