{"section_number":"64.10","edition_id":"1","section_id":"1662","structure_id":"41","catch_line":"Water Courses.","history":"","full_text":"\u00a0 WATER COURSES.\n\t(Title and Section Amended by Ord. No. 182,237, Eff. 9\/28\/12.)\n\n\tA.\tWater Course Interference.\n\n\t1.\tInterference Prohibited.\u00a0 No person shall do anything to any natural water course or any channel that may carry storm water that would in any manner obstruct or interfere with the flow of water through such course or channel without first obtaining a permit from the Bureau of Engineering pursuant to the provisions of Subsection B. of this Section.\n\n\t2.\tProperty Owner Duties.\u00a0 A property owner and a lessee or tenant of any property through which a natural water course or any channel that may carry storm water passes shall keep and maintain the course or channel free from any obstruction that would in any manner prevent or disrupt the flow of water through the course or channel without first obtaining a permit from the Bureau of Engineering pursuant to the provisions of Subsection B. of this Section.\n\n\tB.\tWater Course Disruption Permit.\n\n\t1.\tPermit Required.\u00a0 Any person desiring to do any of the following actions must first obtain a permit issued by the Bureau of Engineering:\n\n\ta.\tDam, fill, or obstruct any natural water course or channel that may carry storm water;\n\n\tb.\tConstruct, reconstruct, alter, repair, install or maintain any drainage structure in any natural water course or channel that may carry storm water;\n\n\tc.\tConstruct, reconstruct, or repair any drainage structure; or\n\n\td.\tAlter, fill, obstruct, or otherwise change any natural water course or channel, or natural drainage channel or course.\n\n\t2.\tPermit Application.\u00a0 Any person applying for issuance of a permit pursuant to the provisions of this Section shall file an application with the Bureau of Engineering.\u00a0 The application shall contain all information required by the Bureau of Engineering, including but not limited to the proposed location of the construction, reconstruction, repair or alteration, the materials to be used, and a diagram of the work to be performed.\n\n\t3.\tBureau Determination.\u00a0 The Bureau of Engineering shall issue a permit pursuant to the provisions of this Subsection if it finds all of the following:\n\n\ta.\tThe proposed structure, fill, alteration or repair would not become part of the City\u2019s permanently improved storm water drainage system;\n\n\tb.\tThe proposed structure, fill, alteration or repair would not interfere with the flow of natural storm water; and\n\n\tc.\tThe proposed structure, fill, alteration or repair would not injure adjoining property.\n\n\tIf the Bureau determines that the proposed structure, fill, alteration or repair would become part of the City\u2019s permanently improved storm water drainage system, the Bureau shall require an applicant to apply for a Class \u201cB\u201d permit and if a permit is issued, to perform work pursuant to the provisions of Section 62.110 et seq. of this Code.\n\n\t4.\tPermit Conditions.\u00a0 A permit issued by the Bureau of Engineering pursuant to the provisions of this Section may impose conditions and requirements for its use, and the permit applicant must ensure compliance with all such conditions and requirements.\u00a0 No person shall fail, neglect or refuse to comply with any term or condition contained in any permit issued pursuant to the provisions of this Section.\n\n\t5.\tFees.\u00a0 Before acceptance for examination by the City Engineer, the Bureau of Engineering shall charge and collect a fee in the amount of $3,035 for each permit application made pursuant to the provisions of this Section.\u00a0 The provisions of Section 61.14 and 61.15 shall also apply to Bureau of Engineering services provided pursuant to the provisions of this Section.","order_by":"10","ancestry":{"1":{"id":"41","name":"Sewers, Water Courses And Drains","identifier":"4","label":"article","url":"\/6\/4\/"},"2":{"id":"5","name":"Public Works and Property","identifier":"6","label":"chapter","url":"\/6\/"}},"structure_contents":{"0":{"id":"1060","structure_id":"41","section_number":"64.03","catch_line":"\n\n","url":"\/64.03\/","token":"64.03"},"1":{"id":"3546","structure_id":"41","section_number":"64.00","catch_line":"Definitions And Abbreviations.","url":"\/64.00\/","token":"64.00"},"2":{"id":"126","structure_id":"41","section_number":"64.01","catch_line":"(None)","url":"\/64.01\/","token":"64.01"},"3":{"id":"3226","structure_id":"41","section_number":"64.02","catch_line":"(None)","url":"\/64.02\/","token":"64.02"},"4":{"id":"1795","structure_id":"41","section_number":"64.04","catch_line":"(None)","url":"\/64.04\/","token":"64.04"},"5":{"id":"1023","structure_id":"41","section_number":"64.05","catch_line":"(None)","url":"\/64.05\/","token":"64.05"},"6":{"id":"2848","structure_id":"41","section_number":"64.06","catch_line":"Water Supply \u2013 Contamination Of.","url":"\/64.06\/","token":"64.06"},"7":{"id":"2171","structure_id":"41","section_number":"64.06.1","catch_line":"Water Supply \u2013 Sanitary Standards.","url":"\/64.06.1\/","token":"64.06.1"},"8":{"id":"541","structure_id":"41","section_number":"64.07","catch_line":"Water Course Obstruction \u2013 Permits.","url":"\/64.07\/","token":"64.07"},"9":{"id":"297","structure_id":"41","section_number":"64.08","catch_line":"Water Course Structures \u2013 Permits.","url":"\/64.08\/","token":"64.08"},"10":{"id":"661","structure_id":"41","section_number":"64.09","catch_line":"Water Courses \u2013 Interference With.","url":"\/64.09\/","token":"64.09"},"11":{"id":"1662","structure_id":"41","section_number":"64.10","catch_line":"Water Courses.","url":"\/64.10\/","token":"64.10"},"12":{"id":"2110","structure_id":"41","section_number":"64.11","catch_line":"Sewers \u2013 Undedicated Streets.","url":"\/64.11\/","token":"64.11"},"13":{"id":"3759","structure_id":"41","section_number":"64.11.1","catch_line":"House Connection Sewer.","url":"\/64.11.1\/","token":"64.11.1"},"14":{"id":"1653","structure_id":"41","section_number":"64.11.2","catch_line":"Sewage Facilities Charge For New Tracts.","url":"\/64.11.2\/","token":"64.11.2"},"15":{"id":"3269","structure_id":"41","section_number":"64.11.3","catch_line":"Basis For Sewerage Facilities Charge.","url":"\/64.11.3\/","token":"64.11.3"},"16":{"id":"3029","structure_id":"41","section_number":"64.11.4","catch_line":"Disposition Of Sewerage Facilities Charge.","url":"\/64.11.4\/","token":"64.11.4"},"17":{"id":"3995","structure_id":"41","section_number":"64.11.5","catch_line":"Temporary Waiver Of Sewer Facilities Charge Due To 1994 Northridge Earthquake.","url":"\/64.11.5\/","token":"64.11.5"},"18":{"id":"1174","structure_id":"41","section_number":"64.12","catch_line":"House Sewer Connection \u2013 Permit.","url":"\/64.12\/","token":"64.12"},"19":{"id":"307","structure_id":"41","section_number":"64.13","catch_line":"Permit Exemptions.","url":"\/64.13\/","token":"64.13"},"20":{"id":"4117","structure_id":"41","section_number":"64.14","catch_line":"Duration And Revocation Of Permits.","url":"\/64.14\/","token":"64.14"},"21":{"id":"4148","structure_id":"41","section_number":"64.15","catch_line":"Permit And Inspection Fees.","url":"\/64.15\/","token":"64.15"},"22":{"id":"406","structure_id":"41","section_number":"64.15.1","catch_line":"Liability Insurance And Deposit Requirements.","url":"\/64.15.1\/","token":"64.15.1"},"23":{"id":"934","structure_id":"41","section_number":"64.16","catch_line":"Exemptions From Liability Insurance And Deposit Requirements.","url":"\/64.16\/","token":"64.16"},"24":{"id":"3953","structure_id":"41","section_number":"64.16.1","catch_line":"Sewerage Facilities Charge For Sewer Connection.","url":"\/64.16.1\/","token":"64.16.1"},"25":{"id":"3246","structure_id":"41","section_number":"64.16.2","catch_line":"Transfer Of Industrial Flow Sewerage Facilities Charge Credits Within Or Between Revitalization, Enterprise Or Empowerment Zones.","url":"\/64.16.2\/","token":"64.16.2"},"26":{"id":"1757","structure_id":"41","section_number":"64.17","catch_line":"Sewer Connection Regulations.","url":"\/64.17\/","token":"64.17"},"27":{"id":"3368","structure_id":"41","section_number":"64.18","catch_line":"Bonded Sewers \u2013 Fees.","url":"\/64.18\/","token":"64.18"},"28":{"id":"2478","structure_id":"41","section_number":"64.19","catch_line":"Refund Of Sewer Fees.","url":"\/64.19\/","token":"64.19"},"29":{"id":"834","structure_id":"41","section_number":"64.19.1","catch_line":"Sewerage Facilities Fund.","url":"\/64.19.1\/","token":"64.19.1"},"30":{"id":"1102","structure_id":"41","section_number":"64.19.2","catch_line":"Sewer Construction And Maintenance Fund.","url":"\/64.19.2\/","token":"64.19.2"},"31":{"id":"1762","structure_id":"41","section_number":"64.19.3","catch_line":"Sewer Operation And Maintenance Fund.","url":"\/64.19.3\/","token":"64.19.3"},"32":{"id":"2815","structure_id":"41","section_number":"64.19.4","catch_line":"Sewer Capital Fund.","url":"\/64.19.4\/","token":"64.19.4"},"33":{"id":"2746","structure_id":"41","section_number":"64.20","catch_line":"Tapping Sewers, Storm Drains And Catch Basins.","url":"\/64.20\/","token":"64.20"},"34":{"id":"209","structure_id":"41","section_number":"64.21","catch_line":"Emergency Work.","url":"\/64.21\/","token":"64.21"},"35":{"id":"2947","structure_id":"41","section_number":"64.22","catch_line":"Board To Keep Accounts.","url":"\/64.22\/","token":"64.22"},"36":{"id":"1491","structure_id":"41","section_number":"64.22.1","catch_line":"Permit Fee Exemptions.","url":"\/64.22.1\/","token":"64.22.1"},"37":{"id":"1759","structure_id":"41","section_number":"64.23","catch_line":"Drains, Sewers, Etc. \u2013 Notice Of Abandonment.","url":"\/64.23\/","token":"64.23"},"38":{"id":"186","structure_id":"41","section_number":"64.25","catch_line":"Investigation On Private Property.","url":"\/64.25\/","token":"64.25"},"39":{"id":"72","structure_id":"41","section_number":"64.26","catch_line":"Mandatory Abandonment Of Private Sewage Disposal Systems.","url":"\/64.26\/","token":"64.26"},"40":{"id":"3949","structure_id":"41","section_number":"64.30","catch_line":"Industrial Wastewater Disposal.","url":"\/64.30\/","token":"64.30"},"41":{"id":"2242","structure_id":"41","section_number":"64.30.1","catch_line":"Industrial Wastes Treated By County Sanitation Districts Of Los Angeles County (Csdla).","url":"\/64.30.1\/","token":"64.30.1"},"42":{"id":"1956","structure_id":"41","section_number":"64.31","catch_line":"Septage Disposal Control.","url":"\/64.31\/","token":"64.31"},"43":{"id":"250","structure_id":"41","section_number":"64.32","catch_line":"Privies \u2013 Prohibited.","url":"\/64.32\/","token":"64.32"},"44":{"id":"2517","structure_id":"41","section_number":"64.33","catch_line":"Testing And Analysis Of Materials, Products, Services,\nProcesses And Technologies.","url":"\/64.33\/","token":"64.33"}},"previous_section":{"id":"661","structure_id":"41","section_number":"64.09","catch_line":"Water Courses \u2013 Interference With.","url":"\/64.09\/","token":"64.09"},"next_section":{"id":"2110","structure_id":"41","section_number":"64.11","catch_line":"Sewers \u2013 Undedicated Streets.","url":"\/64.11\/","token":"64.11"},"metadata":false,"references":false,"url":"\/64.10\/","token":"64.10","formats":{"txt":"\/64.10.txt","json":"\/64.10.xml"},"dublin_core":{"Title":"Water Courses.","Type":"Text","Format":"text\/html","Identifier":"\u00a7 64.10","Relation":"Los Angeles Municipal Code"},"plain_text":"                            LOS ANGELES MUNICIPAL CODE\n\nWATER COURSES. (\u00a7 64.10)\n\n\u00a0 WATER COURSES.\n\t(Title and Section Amended by Ord. No. 182,237, Eff. 9\/28\/12.)\tA.\tWater Course\nInterference.\t1.\tInterference Prohibited.\u00a0 No person shall do anything to any\nnatural water course or any channel that may carry storm water that would in any\nmanner obstruct or interfere with the flow of water through such course or\nchannel without first obtaining a permit from the Bureau of Engineering pursuant\nto the provisions of Subsection B. of this Section.\t2.\tProperty Owner Duties.\u00a0\nA property owner and a lessee or tenant of any property through which a natural\nwater course or any channel that may carry storm water passes shall keep and\nmaintain the course or channel free from any obstruction that would in any\nmanner prevent or disrupt the flow of water through the course or channel\nwithout first obtaining a permit from the Bureau of Engineering pursuant to the\nprovisions of Subsection B. of this Section.\tB.\tWater Course Disruption\nPermit.\t1.\tPermit Required.\u00a0 Any person desiring to do any of the following\nactions must first obtain a permit issued by the Bureau of Engineering:\ta.\tDam,\nfill, or obstruct any natural water course or channel that may carry storm\nwater;\tb.\tConstruct, reconstruct, alter, repair, install or maintain any\ndrainage structure in any natural water course or channel that may carry storm\nwater;\tc.\tConstruct, reconstruct, or repair any drainage structure; or\td.\tAlter,\nfill, obstruct, or otherwise change any natural water course or channel, or\nnatural drainage channel or course.\t2.\tPermit Application.\u00a0 Any person applying\nfor issuance of a permit pursuant to the provisions of this Section shall file\nan application with the Bureau of Engineering.\u00a0 The application shall contain\nall information required by the Bureau of Engineering, including but not limited\nto the proposed location of the construction, reconstruction, repair or\nalteration, the materials to be used, and a diagram of the work to be\nperformed.\t3.\tBureau Determination.\u00a0 The Bureau of Engineering shall issue a\npermit pursuant to the provisions of this Subsection if it finds all of the\nfollowing:\ta.\tThe proposed structure, fill, alteration or repair would not\nbecome part of the City\u2019s permanently improved storm water drainage\nsystem;\tb.\tThe proposed structure, fill, alteration or repair would not\ninterfere with the flow of natural storm water; and\tc.\tThe proposed structure,\nfill, alteration or repair would not injure adjoining property.\tIf the Bureau\ndetermines that the proposed structure, fill, alteration or repair would become\npart of the City\u2019s permanently improved storm water drainage system, the\nBureau shall require an applicant to apply for a Class \u201cB\u201d permit and if a\npermit is issued, to perform work pursuant to the provisions of Section 62.110\net seq. of this Code.\t4.\tPermit Conditions.\u00a0 A permit issued by the Bureau of\nEngineering pursuant to the provisions of this Section may impose conditions and\nrequirements for its use, and the permit applicant must ensure compliance with\nall such conditions and requirements.\u00a0 No person shall fail, neglect or refuse\nto comply with any term or condition contained in any permit issued pursuant to\nthe provisions of this Section.\t5.\tFees.\u00a0 Before acceptance for examination by\nthe City Engineer, the Bureau of Engineering shall charge and collect a fee in\nthe amount of $3,035 for each permit application made pursuant to the provisions\nof this Section.\u00a0 The provisions of Section 61.14 and 61.15 shall also apply to\nBureau of Engineering services provided pursuant to the provisions of this\nSection.\n","html":"\n\t\t\t\t\t<section><p>\u00a0 WATER COURSES.\n\t(Title and Section Amended by Ord. No. 182,237, Eff. 9\/28\/12.)<br \/><br \/>\tA.\tWater Course Interference.<br \/><br \/>\t1.\tInterference Prohibited.\u00a0 No person shall do anything to any natural water course or any channel that may carry storm water that would in any manner obstruct or interfere with the flow of water through such course or channel without first obtaining a permit from the Bureau of Engineering pursuant to the provisions of Subsection B. of this Section.<br \/><br \/>\t2.\tProperty Owner Duties.\u00a0 A property owner and a lessee or tenant of any property through which a natural water course or any channel that may carry storm water passes shall keep and maintain the course or channel free from any obstruction that would in any manner prevent or disrupt the flow of water through the course or channel without first obtaining a permit from the Bureau of Engineering pursuant to the provisions of Subsection B. of this Section.<br \/><br \/>\tB.\tWater Course Disruption Permit.<br \/><br \/>\t1.\tPermit Required.\u00a0 Any person desiring to do any of the following actions must first obtain a permit issued by the Bureau of Engineering:<br \/><br \/>\ta.\tDam, fill, or obstruct any natural water course or channel that may carry storm water;<br \/><br \/>\tb.\tConstruct, reconstruct, alter, repair, install or maintain any drainage structure in any natural water course or channel that may carry storm water;<br \/><br \/>\tc.\tConstruct, reconstruct, or repair any drainage structure; or<br \/><br \/>\td.\tAlter, fill, obstruct, or otherwise change any natural water course or channel, or natural drainage channel or course.<br \/><br \/>\t2.\tPermit Application.\u00a0 Any person applying for issuance of a permit pursuant to the provisions of this Section shall file an application with the Bureau of Engineering.\u00a0 The application shall contain all information required by the Bureau of Engineering, including but not limited to the proposed location of the construction, reconstruction, repair or alteration, the <span class=\"dictionary\">materials<\/span> to be used, and a diagram of the work to be performed.<br \/><br \/>\t3.\tBureau Determination.\u00a0 The Bureau of Engineering shall <span class=\"dictionary\">issue<\/span> a permit pursuant to the provisions of this Subsection if it finds all of the following:<br \/><br \/>\ta.\tThe proposed structure, fill, alteration or repair would not become part of the City\u2019s permanently improved storm water drainage system;<br \/><br \/>\tb.\tThe proposed structure, fill, alteration or repair would not interfere with the flow of natural storm water; and<br \/><br \/>\tc.\tThe proposed structure, fill, alteration or repair would not injure adjoining property.<br \/><br \/>\tIf the Bureau determines that the proposed structure, fill, alteration or repair would become part of the City\u2019s permanently improved storm water drainage system, the Bureau shall require an applicant to apply for a Class \u201cB\u201d permit and if a permit is issued, to perform work pursuant to the provisions of Section 62.110 et seq. of this Code.<br \/><br \/>\t4.\tPermit Conditions.\u00a0 A permit issued by the Bureau of Engineering pursuant to the provisions of this Section may impose conditions and requirements for its use, and the permit applicant must ensure compliance with all such conditions and requirements.\u00a0 No person shall fail, neglect or refuse to comply with any term or condition contained in any permit issued pursuant to the provisions of this Section.<br \/><br \/>\t5.\tFees.\u00a0 Before acceptance for examination by the City Engineer, the Bureau of Engineering shall charge and collect a fee in the amount of $3,035 for each permit application made pursuant to the provisions of this Section.\u00a0 The provisions of Section 61.14 and 61.15 shall also apply to Bureau of Engineering services provided pursuant to the provisions of this Section.<\/p><\/section>","text":{"0":{"id":"1647","text":"\u00a0 WATER COURSES.\n\t(Title and Section Amended by Ord. No. 182,237, Eff. 9\/28\/12.)\tA.\tWater Course Interference.\t1.\tInterference Prohibited.\u00a0 No person shall do anything to any natural water course or any channel that may carry storm water that would in any manner obstruct or interfere with the flow of water through such course or channel without first obtaining a permit from the Bureau of Engineering pursuant to the provisions of Subsection B. of this Section.\t2.\tProperty Owner Duties.\u00a0 A property owner and a lessee or tenant of any property through which a natural water course or any channel that may carry storm water passes shall keep and maintain the course or channel free from any obstruction that would in any manner prevent or disrupt the flow of water through the course or channel without first obtaining a permit from the Bureau of Engineering pursuant to the provisions of Subsection B. of this Section.\tB.\tWater Course Disruption Permit.\t1.\tPermit Required.\u00a0 Any person desiring to do any of the following actions must first obtain a permit issued by the Bureau of Engineering:\ta.\tDam, fill, or obstruct any natural water course or channel that may carry storm water;\tb.\tConstruct, reconstruct, alter, repair, install or maintain any drainage structure in any natural water course or channel that may carry storm water;\tc.\tConstruct, reconstruct, or repair any drainage structure; or\td.\tAlter, fill, obstruct, or otherwise change any natural water course or channel, or natural drainage channel or course.\t2.\tPermit Application.\u00a0 Any person applying for issuance of a permit pursuant to the provisions of this Section shall file an application with the Bureau of Engineering.\u00a0 The application shall contain all information required by the Bureau of Engineering, including but not limited to the proposed location of the construction, reconstruction, repair or alteration, the materials to be used, and a diagram of the work to be performed.\t3.\tBureau Determination.\u00a0 The Bureau of Engineering shall issue a permit pursuant to the provisions of this Subsection if it finds all of the following:\ta.\tThe proposed structure, fill, alteration or repair would not become part of the City\u2019s permanently improved storm water drainage system;\tb.\tThe proposed structure, fill, alteration or repair would not interfere with the flow of natural storm water; and\tc.\tThe proposed structure, fill, alteration or repair would not injure adjoining property.\tIf the Bureau determines that the proposed structure, fill, alteration or repair would become part of the City\u2019s permanently improved storm water drainage system, the Bureau shall require an applicant to apply for a Class \u201cB\u201d permit and if a permit is issued, to perform work pursuant to the provisions of Section 62.110 et seq. of this Code.\t4.\tPermit Conditions.\u00a0 A permit issued by the Bureau of Engineering pursuant to the provisions of this Section may impose conditions and requirements for its use, and the permit applicant must ensure compliance with all such conditions and requirements.\u00a0 No person shall fail, neglect or refuse to comply with any term or condition contained in any permit issued pursuant to the provisions of this Section.\t5.\tFees.\u00a0 Before acceptance for examination by the City Engineer, the Bureau of Engineering shall charge and collect a fee in the amount of $3,035 for each permit application made pursuant to the provisions of this Section.\u00a0 The provisions of Section 61.14 and 61.15 shall also apply to Bureau of Engineering services provided pursuant to the provisions of this Section.","type":"section","prefixes":[""],"prefix":"","entire_prefix":"","prefix_anchor":"","level":1}}}