{"section_number":"66.40","edition_id":"1","section_id":"2838","structure_id":"6","catch_line":"Definition.","history":"","full_text":"\u00a0 DEFINITION.\n\n\tThe following words and phrases whenever used in this article shall be construed as defined in this section, unless otherwise defined:\n\n\t(a)\t\u201cDwelling Unit\u201d shall mean one or more rooms which has a kitchen and is designed for residential occupancy.\n\n\t(b)\t\u201cSingle Family Dwelling\u201d shall mean a building designed for residential occupancy, and containing one or two dwelling units.\n\n\t(c)\t\u201cMultiple Dwelling\u201d shall mean any building, structure, unit or location designed for residential occupancy, exclusive of \u201cSingle Family Dwelling.\u201d\n\n\t(d)\t\u201cHousehold Refuse\u201d shall mean any combination of rubbish and garbage, as those terms are defined in Article 6 of this chapter, generated at a single family dwelling or a multiple dwelling.\n\n\t(e)\t\u201cCustomer\u201d shall mean any individual, firm, partnership, joint venture, association, fraternal organization, corporation, estate trust, business trust, receiver, trustee, executor, administrator, syndicate, the United States, any state, any county, city and county, municipality, district or other political subdivision of any state or of the United States, or any other group or combination acting as a unit.","order_by":"40","text":{"0":{"id":"2813","text":"\u00a0 DEFINITION.\n\n\tThe following words and phrases whenever used in this article shall be construed as defined in this section, unless otherwise defined:\n\n\t(a)\t\u201cDwelling Unit\u201d shall mean one or more rooms which has a kitchen and is designed for residential occupancy.\n\n\t(b)\t\u201cSingle Family Dwelling\u201d shall mean a building designed for residential occupancy, and containing one or two dwelling units.\n\n\t(c)\t\u201cMultiple Dwelling\u201d shall mean any building, structure, unit or location designed for residential occupancy, exclusive of \u201cSingle Family Dwelling.\u201d\n\n\t(d)\t\u201cHousehold Refuse\u201d shall mean any combination of rubbish and garbage, as those terms are defined in Article 6 of this chapter, generated at a single family dwelling or a multiple dwelling.\n\n\t(e)\t\u201cCustomer\u201d shall mean any individual, firm, partnership, joint venture, association, fraternal organization, corporation, estate trust, business trust, receiver, trustee, executor, administrator, syndicate, the United States, any state, any county, city and county, municipality, district or other political subdivision of any state or of the United States, or any other group or combination acting as a unit.","type":"section","prefixes":[""],"prefix":"","entire_prefix":"","prefix_anchor":"","level":1}},"ancestry":{"1":{"id":"6","name":"Solid Waste Collection, Transfer, Recycling, Recovery Of Waste Resources And Disposal Fee","identifier":"6.1","label":"article","url":"\/6\/6.1\/"},"2":{"id":"5","name":"Public Works and Property","identifier":"6","label":"chapter","url":"\/6\/"}},"structure_contents":{"0":{"id":"2838","structure_id":"6","section_number":"66.40","catch_line":"Definition.","url":"\/66.40\/","token":"66.40"},"1":{"id":"3","structure_id":"6","section_number":"66.41","catch_line":"Charge Imposed.","url":"\/66.41\/","token":"66.41"},"2":{"id":"2851","structure_id":"6","section_number":"66.42","catch_line":"Customers Liable.","url":"\/66.42\/","token":"66.42"},"3":{"id":"1266","structure_id":"6","section_number":"66.43","catch_line":"Billing, Collection And Payment Of Charges.","url":"\/66.43\/","token":"66.43"},"4":{"id":"3178","structure_id":"6","section_number":"66.44","catch_line":"Additional Powers And Duties.","url":"\/66.44\/","token":"66.44"},"5":{"id":"172","structure_id":"6","section_number":"66.45","catch_line":"Actions To Collect.","url":"\/66.45\/","token":"66.45"},"6":{"id":"2118","structure_id":"6","section_number":"66.46","catch_line":"Uncollectible Accounts.","url":"\/66.46\/","token":"66.46"},"7":{"id":"2665","structure_id":"6","section_number":"66.47","catch_line":"Refunds And Credits.","url":"\/66.47\/","token":"66.47"},"8":{"id":"2487","structure_id":"6","section_number":"66.48","catch_line":"Extra Capacity Refuse Collection Fee.","url":"\/66.48\/","token":"66.48"}},"next_section":{"id":"3","structure_id":"6","section_number":"66.41","catch_line":"Charge Imposed.","url":"\/66.41\/","token":"66.41"},"metadata":false,"references":false,"url":"\/66.40\/","token":"66.40","formats":{"txt":"\/66.40.txt","json":"\/66.40.xml"},"dublin_core":{"Title":"Definition.","Type":"Text","Format":"text\/html","Identifier":"\u00a7 66.40","Relation":"Los Angeles Municipal Code"},"plain_text":"                            LOS ANGELES MUNICIPAL CODE\n\nDEFINITION. (\u00a7 66.40)\n\n\u00a0 DEFINITION.\n\n\tThe following words and phrases whenever used in this article shall be\nconstrued as defined in this section, unless otherwise defined:\n\n\t(a)\t\u201cDwelling Unit\u201d shall mean one or more rooms which has a kitchen and is\ndesigned for residential occupancy.\n\n\t(b)\t\u201cSingle Family Dwelling\u201d shall mean a building designed for residential\noccupancy, and containing one or two dwelling units.\n\n\t(c)\t\u201cMultiple Dwelling\u201d shall mean any building, structure, unit or\nlocation designed for residential occupancy, exclusive of \u201cSingle Family\nDwelling.\u201d\n\n\t(d)\t\u201cHousehold Refuse\u201d shall mean any combination of rubbish and garbage,\nas those terms are defined in Article 6 of this chapter, generated at a single\nfamily dwelling or a multiple dwelling.\n\n\t(e)\t\u201cCustomer\u201d shall mean any individual, firm, partnership, joint venture,\nassociation, fraternal organization, corporation, estate trust, business trust,\nreceiver, trustee, executor, administrator, syndicate, the United States, any\nstate, any county, city and county, municipality, district or other political\nsubdivision of any state or of the United States, or any other group or\ncombination acting as a unit.\n"}