{"section_number":"66.46","edition_id":"1","section_id":"2118","structure_id":"6","catch_line":"Uncollectible Accounts.","history":"","full_text":"\u00a0 UNCOLLECTIBLE ACCOUNTS.\n\t(Amended by Ord. No. 173,293, Eff. 6\/30\/00, Oper. 7\/1\/00.)\n\n\tIf the Director of Finance finds that he or she cannot collect the charges and penalty imposed under this article, or either of them, or that efforts to collect any such amount would be disproportionately costly with relation to the probable outcome of the collection efforts, the Director of Finance may prepare a report setting forth his or her finding and the reasons therefor, and submit it to a Board of Review which shall be composed of the City Controller, the Director of Finance and the City Attorney, or the duly appointed representative of each. The Board of Review may call for additional evidence which it may deem relevant. Upon unanimous approval of a finding by the Board of Review, the Director of Finance may remove from his or her active accounts receivable said unpaid charges and penalty, or either of them. If the Board of Review does not unanimously recommend approval of the finding, the matter shall be returned to the Director of Finance. The Director of Finance may include in a single report his or her findings and supporting reasons regarding the charges and penalty imposed under this article, or either of them, due from more than one customer. The removal from the active accounts receivable of the Director of Finance of any unpaid charges and penalty imposed under this article, or either of them, shall not preclude the City from collecting or attempting to collect any such charges and penalty, or either of them.","order_by":"46","ancestry":{"1":{"id":"6","name":"Solid Waste Collection, Transfer, Recycling, Recovery Of Waste Resources And Disposal Fee","identifier":"6.1","label":"article","url":"\/6\/6.1\/"},"2":{"id":"5","name":"Public Works and Property","identifier":"6","label":"chapter","url":"\/6\/"}},"structure_contents":{"0":{"id":"2838","structure_id":"6","section_number":"66.40","catch_line":"Definition.","url":"\/66.40\/","token":"66.40"},"1":{"id":"3","structure_id":"6","section_number":"66.41","catch_line":"Charge Imposed.","url":"\/66.41\/","token":"66.41"},"2":{"id":"2851","structure_id":"6","section_number":"66.42","catch_line":"Customers Liable.","url":"\/66.42\/","token":"66.42"},"3":{"id":"1266","structure_id":"6","section_number":"66.43","catch_line":"Billing, Collection And Payment Of Charges.","url":"\/66.43\/","token":"66.43"},"4":{"id":"3178","structure_id":"6","section_number":"66.44","catch_line":"Additional Powers And Duties.","url":"\/66.44\/","token":"66.44"},"5":{"id":"172","structure_id":"6","section_number":"66.45","catch_line":"Actions To Collect.","url":"\/66.45\/","token":"66.45"},"6":{"id":"2118","structure_id":"6","section_number":"66.46","catch_line":"Uncollectible Accounts.","url":"\/66.46\/","token":"66.46"},"7":{"id":"2665","structure_id":"6","section_number":"66.47","catch_line":"Refunds And Credits.","url":"\/66.47\/","token":"66.47"},"8":{"id":"2487","structure_id":"6","section_number":"66.48","catch_line":"Extra Capacity Refuse Collection Fee.","url":"\/66.48\/","token":"66.48"}},"next_section":{"id":"2665","structure_id":"6","section_number":"66.47","catch_line":"Refunds And Credits.","url":"\/66.47\/","token":"66.47"},"metadata":false,"references":false,"url":"\/66.46\/","token":"66.46","formats":{"txt":"\/66.46.txt","json":"\/66.46.xml"},"dublin_core":{"Title":"Uncollectible Accounts.","Type":"Text","Format":"text\/html","Identifier":"\u00a7 66.46","Relation":"Los Angeles Municipal Code"},"plain_text":"                            LOS ANGELES MUNICIPAL CODE\n\nUNCOLLECTIBLE ACCOUNTS. (\u00a7 66.46)\n\n\u00a0 UNCOLLECTIBLE ACCOUNTS.\n\t(Amended by Ord. No. 173,293, Eff. 6\/30\/00, Oper. 7\/1\/00.)\tIf the Director of\nFinance finds that he or she cannot collect the charges and penalty imposed\nunder this article, or either of them, or that efforts to collect any such\namount would be disproportionately costly with relation to the probable outcome\nof the collection efforts, the Director of Finance may prepare a report setting\nforth his or her finding and the reasons therefor, and submit it to a Board of\nReview which shall be composed of the City Controller, the Director of Finance\nand the City Attorney, or the duly appointed representative of each. The Board\nof Review may call for additional evidence which it may deem relevant. Upon\nunanimous approval of a finding by the Board of Review, the Director of Finance\nmay remove from his or her active accounts receivable said unpaid charges and\npenalty, or either of them. If the Board of Review does not unanimously\nrecommend approval of the finding, the matter shall be returned to the Director\nof Finance. The Director of Finance may include in a single report his or her\nfindings and supporting reasons regarding the charges and penalty imposed under\nthis article, or either of them, due from more than one customer. The removal\nfrom the active accounts receivable of the Director of Finance of any unpaid\ncharges and penalty imposed under this article, or either of them, shall not\npreclude the City from collecting or attempting to collect any such charges and\npenalty, or either of them.\n","html":"\n\t\t\t\t\t<section><p>\u00a0 UNCOLLECTIBLE ACCOUNTS.\n\t(Amended by Ord. No. 173,293, Eff. 6\/30\/00, Oper. 7\/1\/00.)<br \/><br \/>\tIf the Director of Finance finds that he or she cannot collect the charges and <span class=\"dictionary\">penalty<\/span> imposed under this article, or either of them, or that efforts to collect any such amount would be disproportionately costly with relation to the probable outcome of the collection efforts, the Director of Finance may prepare a report setting forth his or her <span class=\"dictionary\">finding<\/span> and the reasons therefor, and submit it to a Board of Review which shall be composed of the City Controller, the Director of Finance and the City Attorney, or the duly appointed representative of each. The Board of Review may call for additional <span class=\"dictionary\">evidence<\/span> which it may deem relevant. Upon unanimous approval of a <span class=\"dictionary\">finding<\/span> by the Board of Review, the Director of Finance may remove from his or her active accounts receivable said unpaid charges and <span class=\"dictionary\">penalty<\/span>, or either of them. If the Board of Review does not unanimously recommend approval of the <span class=\"dictionary\">finding<\/span>, the matter shall be returned to the Director of Finance. The Director of Finance may include in a single report his or her <span class=\"dictionary\">findings<\/span> and supporting reasons regarding the charges and <span class=\"dictionary\">penalty<\/span> imposed under this article, or either of them, due from more than one customer. The removal from the active accounts receivable of the Director of Finance of any unpaid charges and <span class=\"dictionary\">penalty<\/span> imposed under this article, or either of them, shall not preclude the City from collecting or attempting to collect any such charges and <span class=\"dictionary\">penalty<\/span>, or either of them.<\/p><\/section>","previous_section":{"id":"172","structure_id":"6","section_number":"66.45","catch_line":"Actions To Collect.","url":"\/66.45\/","token":"66.45"},"text":{"0":{"id":"2100","text":"\u00a0 UNCOLLECTIBLE ACCOUNTS.\n\t(Amended by Ord. No. 173,293, Eff. 6\/30\/00, Oper. 7\/1\/00.)\tIf the Director of Finance finds that he or she cannot collect the charges and penalty imposed under this article, or either of them, or that efforts to collect any such amount would be disproportionately costly with relation to the probable outcome of the collection efforts, the Director of Finance may prepare a report setting forth his or her finding and the reasons therefor, and submit it to a Board of Review which shall be composed of the City Controller, the Director of Finance and the City Attorney, or the duly appointed representative of each. The Board of Review may call for additional evidence which it may deem relevant. Upon unanimous approval of a finding by the Board of Review, the Director of Finance may remove from his or her active accounts receivable said unpaid charges and penalty, or either of them. If the Board of Review does not unanimously recommend approval of the finding, the matter shall be returned to the Director of Finance. The Director of Finance may include in a single report his or her findings and supporting reasons regarding the charges and penalty imposed under this article, or either of them, due from more than one customer. The removal from the active accounts receivable of the Director of Finance of any unpaid charges and penalty imposed under this article, or either of them, shall not preclude the City from collecting or attempting to collect any such charges and penalty, or either of them.","type":"section","prefixes":[""],"prefix":"","entire_prefix":"","prefix_anchor":"","level":1}}}