{"section_number":"68.06","edition_id":"1","section_id":"580","structure_id":"60","catch_line":"Benches \u2013 Advertising And Signs.","history":"","full_text":"\u00a0 BENCHES \u2013 ADVERTISING AND SIGNS.\n\n\t(a)\tNo advertising matter or sign whatever shall be displayed upon any bench except upon the front and rear surfaces of the backrest, and not more than 75% of each such surface shall be so used. No pictures or representations in irregular contour shall appear on any such bench. All advertising shall be subject to the approval of the Board.\n\n\t(b)\tNo advertisement or sign on any bench shall display the words \u201cSTOP,\u201d \u201cLOOK,\u201d \u201cDRIVE-IN\u201d, \u201cDANGER\u201d or any other word, phrase, symbol or character calculated to interfere with, mislead or distract traffic.","order_by":"06","ancestry":{"1":{"id":"60","name":"Benches Along Public Ways","identifier":"8","label":"article","url":"\/6\/8\/"},"2":{"id":"5","name":"Public Works and Property","identifier":"6","label":"chapter","url":"\/6\/"}},"structure_contents":{"0":{"id":"761","structure_id":"60","section_number":"68.00","catch_line":"Definitions.","url":"\/68.00\/","token":"68.00"},"1":{"id":"929","structure_id":"60","section_number":"68.01","catch_line":"Benches \u2013 Where Prohibited.","url":"\/68.01\/","token":"68.01"},"2":{"id":"1676","structure_id":"60","section_number":"68.02","catch_line":"Permit Required From Board Of Public Works.","url":"\/68.02\/","token":"68.02"},"3":{"id":"187","structure_id":"60","section_number":"68.03","catch_line":"Application For Permit \u2013 Fees \u2013 Renewal.","url":"\/68.03\/","token":"68.03"},"4":{"id":"2254","structure_id":"60","section_number":"68.04","catch_line":"Permits \u2013 Denial \u2013 Revocation.","url":"\/68.04\/","token":"68.04"},"5":{"id":"4165","structure_id":"60","section_number":"68.05","catch_line":"Benches \u2013 Lawful Installation And Maintenance.","url":"\/68.05\/","token":"68.05"},"6":{"id":"580","structure_id":"60","section_number":"68.06","catch_line":"Benches \u2013 Advertising And Signs.","url":"\/68.06\/","token":"68.06"},"7":{"id":"3224","structure_id":"60","section_number":"68.07","catch_line":"Removal Of Benches.","url":"\/68.07\/","token":"68.07"},"8":{"id":"1411","structure_id":"60","section_number":"68.08","catch_line":"Enforcement.","url":"\/68.08\/","token":"68.08"},"9":{"id":"1022","structure_id":"60","section_number":"68.09","catch_line":"Refunds \u2013 Not Permitted.","url":"\/68.09\/","token":"68.09"},"10":{"id":"1255","structure_id":"60","section_number":"68.10","catch_line":"Bond Or Insurance Policy.","url":"\/68.10\/","token":"68.10"},"11":{"id":"3182","structure_id":"60","section_number":"68.11","catch_line":"Bond Or Insurance Policy \u2013 Limit Of Liability.","url":"\/68.11\/","token":"68.11"},"12":{"id":"890","structure_id":"60","section_number":"68.12","catch_line":"One-Stop Permit Center Surcharge.","url":"\/68.12\/","token":"68.12"}},"next_section":{"id":"3224","structure_id":"60","section_number":"68.07","catch_line":"Removal Of Benches.","url":"\/68.07\/","token":"68.07"},"metadata":false,"references":false,"url":"\/68.06\/","token":"68.06","formats":{"txt":"\/68.06.txt","json":"\/68.06.xml"},"dublin_core":{"Title":"Benches \u2013 Advertising And Signs.","Type":"Text","Format":"text\/html","Identifier":"\u00a7 68.06","Relation":"Los Angeles Municipal Code"},"plain_text":"                            LOS ANGELES MUNICIPAL CODE\n\nBENCHES \u2013 ADVERTISING AND SIGNS. (\u00a7 68.06)\n\n\u00a0 BENCHES \u2013 ADVERTISING AND SIGNS.\t(a)\tNo advertising matter or sign whatever\nshall be displayed upon any bench except upon the front and rear surfaces of the\nbackrest, and not more than 75% of each such surface shall be so used. No\npictures or representations in irregular contour shall appear on any such bench.\nAll advertising shall be subject to the approval of the Board.\t(b)\tNo\nadvertisement or sign on any bench shall display the words \u201cSTOP,\u201d\n\u201cLOOK,\u201d \u201cDRIVE-IN\u201d, \u201cDANGER\u201d or any other word, phrase, symbol or\ncharacter calculated to interfere with, mislead or distract traffic.\n","html":"\n\t\t\t\t\t<section><p>\u00a0 BENCHES \u2013 ADVERTISING AND SIGNS.<br \/><br \/>\t(a)\tNo advertising matter or sign whatever shall be displayed upon any bench except upon the front and rear surfaces of the backrest, and not more than 75% of each such surface shall be so used. No pictures or representations in irregular contour shall appear on any such bench. All advertising shall be subject to the approval of the Board.<br \/><br \/>\t(b)\tNo advertisement or sign on any bench shall display the words \u201cSTOP,\u201d \u201cLOOK,\u201d \u201cDRIVE-IN\u201d, \u201cDANGER\u201d or any other word, phrase, symbol or character calculated to interfere with, mislead or distract traffic.<\/p><\/section>","previous_section":{"id":"4165","structure_id":"60","section_number":"68.05","catch_line":"Benches \u2013 Lawful Installation And Maintenance.","url":"\/68.05\/","token":"68.05"},"text":{"0":{"id":"573","text":"\u00a0 BENCHES \u2013 ADVERTISING AND SIGNS.\t(a)\tNo advertising matter or sign whatever shall be displayed upon any bench except upon the front and rear surfaces of the backrest, and not more than 75% of each such surface shall be so used. No pictures or representations in irregular contour shall appear on any such bench. All advertising shall be subject to the approval of the Board.\t(b)\tNo advertisement or sign on any bench shall display the words \u201cSTOP,\u201d \u201cLOOK,\u201d \u201cDRIVE-IN\u201d, \u201cDANGER\u201d or any other word, phrase, symbol or character calculated to interfere with, mislead or distract traffic.","type":"section","prefixes":[""],"prefix":"","entire_prefix":"","prefix_anchor":"","level":1}}}