{"section_number":"68.02","edition_id":"1","section_id":"1676","structure_id":"60","catch_line":"Permit Required From Board Of Public Works.","history":"","full_text":"\u00a0 PERMIT REQUIRED FROM BOARD OF PUBLIC WORKS.\n\n\tNo person shall install or maintain any bench on any street without a permit therefor from the Board of Public Works. A separate permit shall be obtained for each bench, which permit shall be valid only for the particular location specified therein. Each permit shall bear a separate number and not more than two permits shall be issued for any one location.\n\n\tWhere bus stop changes are authorized by the Department of Transportation, the permit and bench may be transferred to another location at the same intersection upon the payment of a transfer fee. When the bus stop is moved on a temporary basis, the permit and bench may be transferred to another location at the same intersection without an additional fee or permit upon condition that the bench and permit be restored to its original location as soon as practicable. The Department of Public Works shall be notified of such change.\u00a0 (Amended by Ord. No. 152,426, Eff. 6\/29\/79.)","order_by":"02","ancestry":{"1":{"id":"60","name":"Benches Along Public Ways","identifier":"8","label":"article","url":"\/6\/8\/"},"2":{"id":"5","name":"Public Works and Property","identifier":"6","label":"chapter","url":"\/6\/"}},"structure_contents":{"0":{"id":"761","structure_id":"60","section_number":"68.00","catch_line":"Definitions.","url":"\/68.00\/","token":"68.00"},"1":{"id":"929","structure_id":"60","section_number":"68.01","catch_line":"Benches \u2013 Where Prohibited.","url":"\/68.01\/","token":"68.01"},"2":{"id":"1676","structure_id":"60","section_number":"68.02","catch_line":"Permit Required From Board Of Public Works.","url":"\/68.02\/","token":"68.02"},"3":{"id":"187","structure_id":"60","section_number":"68.03","catch_line":"Application For Permit \u2013 Fees \u2013 Renewal.","url":"\/68.03\/","token":"68.03"},"4":{"id":"2254","structure_id":"60","section_number":"68.04","catch_line":"Permits \u2013 Denial \u2013 Revocation.","url":"\/68.04\/","token":"68.04"},"5":{"id":"4165","structure_id":"60","section_number":"68.05","catch_line":"Benches \u2013 Lawful Installation And Maintenance.","url":"\/68.05\/","token":"68.05"},"6":{"id":"580","structure_id":"60","section_number":"68.06","catch_line":"Benches \u2013 Advertising And Signs.","url":"\/68.06\/","token":"68.06"},"7":{"id":"3224","structure_id":"60","section_number":"68.07","catch_line":"Removal Of Benches.","url":"\/68.07\/","token":"68.07"},"8":{"id":"1411","structure_id":"60","section_number":"68.08","catch_line":"Enforcement.","url":"\/68.08\/","token":"68.08"},"9":{"id":"1022","structure_id":"60","section_number":"68.09","catch_line":"Refunds \u2013 Not Permitted.","url":"\/68.09\/","token":"68.09"},"10":{"id":"1255","structure_id":"60","section_number":"68.10","catch_line":"Bond Or Insurance Policy.","url":"\/68.10\/","token":"68.10"},"11":{"id":"3182","structure_id":"60","section_number":"68.11","catch_line":"Bond Or Insurance Policy \u2013 Limit Of Liability.","url":"\/68.11\/","token":"68.11"},"12":{"id":"890","structure_id":"60","section_number":"68.12","catch_line":"One-Stop Permit Center Surcharge.","url":"\/68.12\/","token":"68.12"}},"next_section":{"id":"187","structure_id":"60","section_number":"68.03","catch_line":"Application For Permit \u2013 Fees \u2013 Renewal.","url":"\/68.03\/","token":"68.03"},"metadata":false,"references":false,"url":"\/68.02\/","token":"68.02","formats":{"txt":"\/68.02.txt","json":"\/68.02.xml"},"dublin_core":{"Title":"Permit Required From Board Of Public Works.","Type":"Text","Format":"text\/html","Identifier":"\u00a7 68.02","Relation":"Los Angeles Municipal Code"},"plain_text":"                            LOS ANGELES MUNICIPAL CODE\n\nPERMIT REQUIRED FROM BOARD OF PUBLIC WORKS. (\u00a7 68.02)\n\n\u00a0 PERMIT REQUIRED FROM BOARD OF PUBLIC WORKS.\tNo person shall install or\nmaintain any bench on any street without a permit therefor from the Board of\nPublic Works. A separate permit shall be obtained for each bench, which permit\nshall be valid only for the particular location specified therein. Each permit\nshall bear a separate number and not more than two permits shall be issued for\nany one location.\tWhere bus stop changes are authorized by the Department of\nTransportation, the permit and bench may be transferred to another location at\nthe same intersection upon the payment of a transfer fee. When the bus stop is\nmoved on a temporary basis, the permit and bench may be transferred to another\nlocation at the same intersection without an additional fee or permit upon\ncondition that the bench and permit be restored to its original location as soon\nas practicable. The Department of Public Works shall be notified of such\nchange.\u00a0 (Amended by Ord. No. 152,426, Eff. 6\/29\/79.)\n","html":"\n\t\t\t\t\t<section><p>\u00a0 PERMIT REQUIRED FROM BOARD OF PUBLIC WORKS.<br \/><br \/>\tNo person shall install or maintain any bench on any street without a permit therefor from the Board of Public Works. A separate permit shall be obtained for each bench, which permit shall be valid only for the particular location specified therein. Each permit shall bear a separate number and not more than two permits shall be issued for any one location.<br \/><br \/>\tWhere bus stop changes are authorized by the Department of Transportation, the permit and bench may be transferred to another location at the same intersection upon the payment of a transfer fee. When the bus stop is moved on a temporary basis, the permit and bench may be transferred to another location at the same intersection without an additional fee or permit upon condition that the bench and permit be restored to its original location as soon as practicable. The Department of Public Works shall be notified of such change.\u00a0 (Amended by Ord. No. 152,426, Eff. 6\/29\/79.)<\/p><\/section>","previous_section":{"id":"929","structure_id":"60","section_number":"68.01","catch_line":"Benches \u2013 Where Prohibited.","url":"\/68.01\/","token":"68.01"},"text":{"0":{"id":"1660","text":"\u00a0 PERMIT REQUIRED FROM BOARD OF PUBLIC WORKS.\tNo person shall install or maintain any bench on any street without a permit therefor from the Board of Public Works. A separate permit shall be obtained for each bench, which permit shall be valid only for the particular location specified therein. Each permit shall bear a separate number and not more than two permits shall be issued for any one location.\tWhere bus stop changes are authorized by the Department of Transportation, the permit and bench may be transferred to another location at the same intersection upon the payment of a transfer fee. When the bus stop is moved on a temporary basis, the permit and bench may be transferred to another location at the same intersection without an additional fee or permit upon condition that the bench and permit be restored to its original location as soon as practicable. The Department of Public Works shall be notified of such change.\u00a0 (Amended by Ord. No. 152,426, Eff. 6\/29\/79.)","type":"section","prefixes":[""],"prefix":"","entire_prefix":"","prefix_anchor":"","level":1}}}