{"section_number":"68.00","edition_id":"1","section_id":"761","structure_id":"60","catch_line":"Definitions.","history":"","full_text":"\u00a0 DEFINITIONS.\n\t(Amended by Ord. No. 148,020, Eff. 3\/3\/76. )\n\n\t(a)\t\u201cBench,\u201d a seat located upon public property along any public way for the accommodation of passersby or persons awaiting transportation.\n\n\t(b)\t\u201cStreet,\u201d any public thoroughfare or way including the sidewalk, the parkway and any other public property bordering upon a public way.\n\n\t(c)\t\u201cCommercial street\u201d shall mean that portion of any street:\n\n\t1.\tUpon one side of which street, for a distance of 600 feet, 50 percent or more of the contiguous property fronting thereon is occupied by buildings in use for business, or;\n\n\t2.\tUpon both sides of which street, collectively, for a distance of 300 feet, 50 percent or more of the contiguous property fronting thereon is so occupied. A commercial street may be longer than the distances specified in this definition if the above ratio of buildings in use for business to the length of the street exists.","order_by":"00","text":{"0":{"id":"750","text":"\u00a0 DEFINITIONS.\n\t(Amended by Ord. No. 148,020, Eff. 3\/3\/76. )\n\n\t(a)\t\u201cBench,\u201d a seat located upon public property along any public way for the accommodation of passersby or persons awaiting transportation.\n\n\t(b)\t\u201cStreet,\u201d any public thoroughfare or way including the sidewalk, the parkway and any other public property bordering upon a public way.\n\n\t(c)\t\u201cCommercial street\u201d shall mean that portion of any street:\n\n\t1.\tUpon one side of which street, for a distance of 600 feet, 50 percent or more of the contiguous property fronting thereon is occupied by buildings in use for business, or;\n\n\t2.\tUpon both sides of which street, collectively, for a distance of 300 feet, 50 percent or more of the contiguous property fronting thereon is so occupied. A commercial street may be longer than the distances specified in this definition if the above ratio of buildings in use for business to the length of the street exists.","type":"section","prefixes":[""],"prefix":"","entire_prefix":"","prefix_anchor":"","level":1}},"ancestry":{"1":{"id":"60","name":"Benches Along Public Ways","identifier":"8","label":"article","url":"\/6\/8\/"},"2":{"id":"5","name":"Public Works and Property","identifier":"6","label":"chapter","url":"\/6\/"}},"structure_contents":{"0":{"id":"761","structure_id":"60","section_number":"68.00","catch_line":"Definitions.","url":"\/68.00\/","token":"68.00"},"1":{"id":"929","structure_id":"60","section_number":"68.01","catch_line":"Benches \u2013 Where Prohibited.","url":"\/68.01\/","token":"68.01"},"2":{"id":"1676","structure_id":"60","section_number":"68.02","catch_line":"Permit Required From Board Of Public Works.","url":"\/68.02\/","token":"68.02"},"3":{"id":"187","structure_id":"60","section_number":"68.03","catch_line":"Application For Permit \u2013 Fees \u2013 Renewal.","url":"\/68.03\/","token":"68.03"},"4":{"id":"2254","structure_id":"60","section_number":"68.04","catch_line":"Permits \u2013 Denial \u2013 Revocation.","url":"\/68.04\/","token":"68.04"},"5":{"id":"4165","structure_id":"60","section_number":"68.05","catch_line":"Benches \u2013 Lawful Installation And Maintenance.","url":"\/68.05\/","token":"68.05"},"6":{"id":"580","structure_id":"60","section_number":"68.06","catch_line":"Benches \u2013 Advertising And Signs.","url":"\/68.06\/","token":"68.06"},"7":{"id":"3224","structure_id":"60","section_number":"68.07","catch_line":"Removal Of Benches.","url":"\/68.07\/","token":"68.07"},"8":{"id":"1411","structure_id":"60","section_number":"68.08","catch_line":"Enforcement.","url":"\/68.08\/","token":"68.08"},"9":{"id":"1022","structure_id":"60","section_number":"68.09","catch_line":"Refunds \u2013 Not Permitted.","url":"\/68.09\/","token":"68.09"},"10":{"id":"1255","structure_id":"60","section_number":"68.10","catch_line":"Bond Or Insurance Policy.","url":"\/68.10\/","token":"68.10"},"11":{"id":"3182","structure_id":"60","section_number":"68.11","catch_line":"Bond Or Insurance Policy \u2013 Limit Of Liability.","url":"\/68.11\/","token":"68.11"},"12":{"id":"890","structure_id":"60","section_number":"68.12","catch_line":"One-Stop Permit Center Surcharge.","url":"\/68.12\/","token":"68.12"}},"next_section":{"id":"929","structure_id":"60","section_number":"68.01","catch_line":"Benches \u2013 Where Prohibited.","url":"\/68.01\/","token":"68.01"},"metadata":false,"references":false,"url":"\/68.00\/","token":"68.00","formats":{"txt":"\/68.00.txt","json":"\/68.00.xml"},"dublin_core":{"Title":"Definitions.","Type":"Text","Format":"text\/html","Identifier":"\u00a7 68.00","Relation":"Los Angeles Municipal Code"},"plain_text":"                            LOS ANGELES MUNICIPAL CODE\n\nDEFINITIONS. (\u00a7 68.00)\n\n\u00a0 DEFINITIONS.\n\t(Amended by Ord. No. 148,020, Eff. 3\/3\/76. )\n\n\t(a)\t\u201cBench,\u201d a seat located upon public property along any public way for\nthe accommodation of passersby or persons awaiting transportation.\n\n\t(b)\t\u201cStreet,\u201d any public thoroughfare or way including the sidewalk, the\nparkway and any other public property bordering upon a public way.\n\n\t(c)\t\u201cCommercial street\u201d shall mean that portion of any street:\n\n\t1.\tUpon one side of which street, for a distance of 600 feet, 50 percent or\nmore of the contiguous property fronting thereon is occupied by buildings in use\nfor business, or;\n\n\t2.\tUpon both sides of which street, collectively, for a distance of 300 feet,\n50 percent or more of the contiguous property fronting thereon is so occupied. A\ncommercial street may be longer than the distances specified in this definition\nif the above ratio of buildings in use for business to the length of the street\nexists.\n"}