{"section_number":"69.21","edition_id":"1","section_id":"3045","structure_id":"23","catch_line":"Sanitation Regulations.","history":"","full_text":"\u00a0 SANITATION REGULATIONS.\n\n\t(a)\tIt shall be unlawful for a person to throw, discard, discharge or deposit any refuse, trash, sewage or matter of any description into the waters of the entrance channel or upon the contiguous lands.\n\n\t(b)\tA person shall not discharge or deposit or permit to pass into the waters of the entrance channel any coal, tar, oil, gasoline, sludge or residuary products of coal petroleum, asphalt, bitumen or other carbonaceous material or substance nor any varnish, paint or similar products. Any accidental spill of said materials or products shall be immediately reported to the Harbor Master and it shall be a violation of this article to fail to do so.\n\n\t(c)\tAny person who causes such accidentally spill of coal, tar, oil, gasoline, sludge or residuary products thereof, or of varnish, paint, or similar products, shall take all reasonable and appropriate steps to remove such material, or as much thereof as may be possible, from the waters of the entrance channel.\n\n\t(d)\tA person shall not place or deposit and subsequently abandon any\u00a0 dead animals, fish, shell fish, bait or other putrefying matter on or along the jetties, breakwater, vessels, or land, nor shall a person throw or deposit any animal carcass in the waters.\n\n\t(e)\tA person shall not clean fish on the jetties, breakwater, land or waters.\n\n\t(f)\tNo person shall operate the toilet fixtures of a vessel within the entrance channel at any time so as to cause or permit to pass or to be discharged into the waters of said channel any excrement, sewage, or other waste matter or contaminant of any kind.","order_by":"21","ancestry":{"1":{"id":"23","name":"Marina Del Rey Entrance Channel","identifier":"9","label":"article","url":"\/6\/9\/"},"2":{"id":"5","name":"Public Works and Property","identifier":"6","label":"chapter","url":"\/6\/"}},"structure_contents":{"0":{"id":"115","structure_id":"23","section_number":"69.00","catch_line":"Finding.","url":"\/69.00\/","token":"69.00"},"1":{"id":"2378","structure_id":"23","section_number":"69.01","catch_line":"Description.","url":"\/69.01\/","token":"69.01"},"2":{"id":"2844","structure_id":"23","section_number":"69.02","catch_line":"Authority For Enforcement.","url":"\/69.02\/","token":"69.02"},"3":{"id":"3950","structure_id":"23","section_number":"69.03","catch_line":"Definitions.","url":"\/69.03\/","token":"69.03"},"4":{"id":"398","structure_id":"23","section_number":"69.04","catch_line":"Traffic Control Authority.","url":"\/69.04\/","token":"69.04"},"5":{"id":"2823","structure_id":"23","section_number":"69.05","catch_line":"Basic Speed Law.","url":"\/69.05\/","token":"69.05"},"6":{"id":"28","structure_id":"23","section_number":"69.06","catch_line":"Permits For Races And Special Events.","url":"\/69.06\/","token":"69.06"},"7":{"id":"1322","structure_id":"23","section_number":"69.07","catch_line":"Reverse Gears.","url":"\/69.07\/","token":"69.07"},"8":{"id":"2824","structure_id":"23","section_number":"69.08","catch_line":"Launching Or Recovering Vessels.","url":"\/69.08\/","token":"69.08"},"9":{"id":"1788","structure_id":"23","section_number":"69.09","catch_line":"Permits, Suspensions, Or Revocations.","url":"\/69.09\/","token":"69.09"},"10":{"id":"2606","structure_id":"23","section_number":"69.10","catch_line":"Lost And Found Property.","url":"\/69.10\/","token":"69.10"},"11":{"id":"1190","structure_id":"23","section_number":"69.11","catch_line":"Underwater Diving.","url":"\/69.11\/","token":"69.11"},"12":{"id":"2580","structure_id":"23","section_number":"69.12","catch_line":"Prohibited Swimming.","url":"\/69.12\/","token":"69.12"},"13":{"id":"1421","structure_id":"23","section_number":"69.13","catch_line":"Hazardous Lights.","url":"\/69.13\/","token":"69.13"},"14":{"id":"3350","structure_id":"23","section_number":"69.14","catch_line":"Anchoring Or Mooring In Entrance Channel.","url":"\/69.14\/","token":"69.14"},"15":{"id":"3612","structure_id":"23","section_number":"69.15","catch_line":"Illegally Moored Or Abandoned Vessels.","url":"\/69.15\/","token":"69.15"},"16":{"id":"2807","structure_id":"23","section_number":"69.16","catch_line":"Fees Incidental To Recovery, Movement And Storage.","url":"\/69.16\/","token":"69.16"},"17":{"id":"2001","structure_id":"23","section_number":"69.17","catch_line":"Dangerous Vessels, Sunken Vessels, Or Obstruction Of Channels.","url":"\/69.17\/","token":"69.17"},"18":{"id":"862","structure_id":"23","section_number":"69.18","catch_line":"Duty Upon Collision.","url":"\/69.18\/","token":"69.18"},"19":{"id":"1183","structure_id":"23","section_number":"69.19","catch_line":"Commercial Activities Prohibited.","url":"\/69.19\/","token":"69.19"},"20":{"id":"676","structure_id":"23","section_number":"69.20","catch_line":"Bait Tanks.","url":"\/69.20\/","token":"69.20"},"21":{"id":"3045","structure_id":"23","section_number":"69.21","catch_line":"Sanitation Regulations.","url":"\/69.21\/","token":"69.21"},"22":{"id":"1042","structure_id":"23","section_number":"69.22","catch_line":"Prohibited Operation Upon Waters Of The Channel.","url":"\/69.22\/","token":"69.22"},"23":{"id":"2730","structure_id":"23","section_number":"69.23","catch_line":"Prohibited Activities Upon Areas Abutting The Entrance Channel.","url":"\/69.23\/","token":"69.23"}},"next_section":{"id":"1042","structure_id":"23","section_number":"69.22","catch_line":"Prohibited Operation Upon Waters Of The Channel.","url":"\/69.22\/","token":"69.22"},"metadata":false,"references":false,"url":"\/69.21\/","token":"69.21","formats":{"txt":"\/69.21.txt","json":"\/69.21.xml"},"dublin_core":{"Title":"Sanitation Regulations.","Type":"Text","Format":"text\/html","Identifier":"\u00a7 69.21","Relation":"Los Angeles Municipal Code"},"plain_text":"                            LOS ANGELES MUNICIPAL CODE\n\nSANITATION REGULATIONS. (\u00a7 69.21)\n\n\u00a0 SANITATION REGULATIONS.\t(a)\tIt shall be unlawful for a person to throw,\ndiscard, discharge or deposit any refuse, trash, sewage or matter of any\ndescription into the waters of the entrance channel or upon the contiguous\nlands.\t(b)\tA person shall not discharge or deposit or permit to pass into the\nwaters of the entrance channel any coal, tar, oil, gasoline, sludge or residuary\nproducts of coal petroleum, asphalt, bitumen or other carbonaceous material or\nsubstance nor any varnish, paint or similar products. Any accidental spill of\nsaid materials or products shall be immediately reported to the Harbor Master\nand it shall be a violation of this article to fail to do so.\t(c)\tAny person who\ncauses such accidentally spill of coal, tar, oil, gasoline, sludge or residuary\nproducts thereof, or of varnish, paint, or similar products, shall take all\nreasonable and appropriate steps to remove such material, or as much thereof as\nmay be possible, from the waters of the entrance channel.\t(d)\tA person shall not\nplace or deposit and subsequently abandon any\u00a0 dead animals, fish, shell fish,\nbait or other putrefying matter on or along the jetties, breakwater, vessels, or\nland, nor shall a person throw or deposit any animal carcass in the\nwaters.\t(e)\tA person shall not clean fish on the jetties, breakwater, land or\nwaters.\t(f)\tNo person shall operate the toilet fixtures of a vessel within the\nentrance channel at any time so as to cause or permit to pass or to be\ndischarged into the waters of said channel any excrement, sewage, or other waste\nmatter or contaminant of any kind.\n","html":"\n\t\t\t\t\t<section><p>\u00a0 SANITATION REGULATIONS.<br \/><br \/>\t(a)\tIt shall be unlawful for a person to throw, discard, discharge or deposit any refuse, trash, sewage or matter of any description into the waters of the entrance channel or upon the contiguous lands.<br \/><br \/>\t(b)\tA person shall not discharge or deposit or permit to pass into the waters of the entrance channel any coal, tar, oil, gasoline, sludge or residuary products of coal petroleum, asphalt, bitumen or other carbonaceous <span class=\"dictionary\">material<\/span> or substance nor any varnish, paint or similar products. Any accidental spill of said <span class=\"dictionary\">materials<\/span> or products shall be immediately reported to the Harbor Master and it shall be a violation of this article to fail to do so.<br \/><br \/>\t(c)\tAny person who causes such accidentally spill of coal, tar, oil, gasoline, sludge or residuary products thereof, or of varnish, paint, or similar products, shall take all reasonable and appropriate steps to remove such <span class=\"dictionary\">material<\/span>, or as much thereof as may be possible, from the waters of the entrance channel.<br \/><br \/>\t(d)\tA person shall not place or deposit and subsequently abandon any\u00a0 dead animals, fish, shell fish, bait or other putrefying matter on or along the jetties, breakwater, vessels, or land, nor shall a person throw or deposit any animal carcass in the waters.<br \/><br \/>\t(e)\tA person shall not clean fish on the jetties, breakwater, land or waters.<br \/><br \/>\t(f)\tNo person shall operate the toilet fixtures of a vessel within the entrance channel at any time so as to cause or permit to pass or to be discharged into the waters of said channel any excrement, sewage, or other waste matter or contaminant of any kind.<\/p><\/section>","previous_section":{"id":"676","structure_id":"23","section_number":"69.20","catch_line":"Bait Tanks.","url":"\/69.20\/","token":"69.20"},"text":{"0":{"id":"3019","text":"\u00a0 SANITATION REGULATIONS.\t(a)\tIt shall be unlawful for a person to throw, discard, discharge or deposit any refuse, trash, sewage or matter of any description into the waters of the entrance channel or upon the contiguous lands.\t(b)\tA person shall not discharge or deposit or permit to pass into the waters of the entrance channel any coal, tar, oil, gasoline, sludge or residuary products of coal petroleum, asphalt, bitumen or other carbonaceous material or substance nor any varnish, paint or similar products. Any accidental spill of said materials or products shall be immediately reported to the Harbor Master and it shall be a violation of this article to fail to do so.\t(c)\tAny person who causes such accidentally spill of coal, tar, oil, gasoline, sludge or residuary products thereof, or of varnish, paint, or similar products, shall take all reasonable and appropriate steps to remove such material, or as much thereof as may be possible, from the waters of the entrance channel.\t(d)\tA person shall not place or deposit and subsequently abandon any\u00a0 dead animals, fish, shell fish, bait or other putrefying matter on or along the jetties, breakwater, vessels, or land, nor shall a person throw or deposit any animal carcass in the waters.\t(e)\tA person shall not clean fish on the jetties, breakwater, land or waters.\t(f)\tNo person shall operate the toilet fixtures of a vessel within the entrance channel at any time so as to cause or permit to pass or to be discharged into the waters of said channel any excrement, sewage, or other waste matter or contaminant of any kind.","type":"section","prefixes":[""],"prefix":"","entire_prefix":"","prefix_anchor":"","level":1}}}