{"section_number":"72.16","edition_id":"1","section_id":"2164","structure_id":"87","catch_line":"Sprinkling Or Oiling Of Roadbed.","history":"","full_text":"\u00a0 SPRINKLING OR OILING OF ROADBED.\n\n\tIt shall be the duty of every railroad and street railroad to so sprinkle with water, or treat with oil, or otherwise treat that part of the surface of each street occupied or used by its tracks between the rails and between the tracks and a strip two (2) feet in width on each side thereof, that dust will remain settled on said portions of such street when any train, car or rolling equipment is operated on such tracks; provided, however, that said requirement shall not apply when such streets are paved.","order_by":"16","ancestry":{"1":{"id":"87","name":"Railroads And Railways","identifier":"2","label":"article","url":"\/7\/2\/"},"2":{"id":"50","name":"Transporation","identifier":"7","label":"chapter","url":"\/7\/"}},"structure_contents":{"0":{"id":"431","structure_id":"87","section_number":"72.06","catch_line":"Trains \u2013 Lights On.","url":"\/72.06\/","token":"72.06"},"1":{"id":"2212","structure_id":"87","section_number":"72.07","catch_line":"Trains \u2013 Flagman To Precede.","url":"\/72.07\/","token":"72.07"},"2":{"id":"1966","structure_id":"87","section_number":"72.10","catch_line":"Trains \u2013 Speed.","url":"\/72.10\/","token":"72.10"},"3":{"id":"3616","structure_id":"87","section_number":"72.10.1","catch_line":"Clearing Crossings.","url":"\/72.10.1\/","token":"72.10.1"},"4":{"id":"4034","structure_id":"87","section_number":"72.11","catch_line":"Railroad Connections \u2013 Permits.","url":"\/72.11\/","token":"72.11"},"5":{"id":"2326","structure_id":"87","section_number":"72.12","catch_line":"Regulation Of Train Whistles.","url":"\/72.12\/","token":"72.12"},"6":{"id":"2164","structure_id":"87","section_number":"72.16","catch_line":"Sprinkling Or Oiling Of Roadbed.","url":"\/72.16\/","token":"72.16"}},"next_section":{"id":"2164","structure_id":"87","section_number":"72.16","catch_line":"Sprinkling Or Oiling Of Roadbed.","url":"\/72.16\/","token":"72.16"},"metadata":false,"references":false,"url":"\/72.16\/","token":"72.16","formats":{"txt":"\/72.16.txt","json":"\/72.16.xml"},"dublin_core":{"Title":"Sprinkling Or Oiling Of Roadbed.","Type":"Text","Format":"text\/html","Identifier":"\u00a7 72.16","Relation":"Los Angeles Municipal Code"},"plain_text":"                            LOS ANGELES MUNICIPAL CODE\n\nSPRINKLING OR OILING OF ROADBED. (\u00a7 72.16)\n\n\u00a0 SPRINKLING OR OILING OF ROADBED.\tIt shall be the duty of every railroad and\nstreet railroad to so sprinkle with water, or treat with oil, or otherwise treat\nthat part of the surface of each street occupied or used by its tracks between\nthe rails and between the tracks and a strip two (2) feet in width on each side\nthereof, that dust will remain settled on said portions of such street when any\ntrain, car or rolling equipment is operated on such tracks; provided, however,\nthat said requirement shall not apply when such streets are paved.\n","html":"\n\t\t\t\t\t<section><p>\u00a0 SPRINKLING OR OILING OF ROADBED.<br \/><br \/>\tIt shall be the duty of every railroad and street railroad to so sprinkle with water, or treat with oil, or otherwise treat that part of the surface of each street occupied or used by its tracks between the rails and between the tracks and a strip two (2) feet in width on each side thereof, that dust will remain settled on said portions of such street when any train, car or rolling equipment is operated on such tracks; provided, however, that said requirement shall not apply when such streets are paved.<\/p><\/section>","previous_section":{"id":"2326","structure_id":"87","section_number":"72.12","catch_line":"Regulation Of Train Whistles.","url":"\/72.12\/","token":"72.12"},"text":{"0":{"id":"2146","text":"\u00a0 SPRINKLING OR OILING OF ROADBED.\tIt shall be the duty of every railroad and street railroad to so sprinkle with water, or treat with oil, or otherwise treat that part of the surface of each street occupied or used by its tracks between the rails and between the tracks and a strip two (2) feet in width on each side thereof, that dust will remain settled on said portions of such street when any train, car or rolling equipment is operated on such tracks; provided, however, that said requirement shall not apply when such streets are paved.","type":"section","prefixes":[""],"prefix":"","entire_prefix":"","prefix_anchor":"","level":1}}}