{"section_number":"95.211.0","edition_id":"1","section_id":"344","structure_id":"73","catch_line":"I.","history":"","full_text":"\u00a0 \n\n\tSection 211.0 of the C.M.C. is adopted by reference.","order_by":"211.0","ancestry":{"1":{"id":"73","name":"Mechanical Code","identifier":"5","label":"article","url":"\/9\/5\/"},"2":{"id":"3","name":"Building Regulations","identifier":"9","label":"chapter","url":"\/9\/"}},"structure_contents":{"0":{"id":"361","structure_id":"73","section_number":"95.101","catch_line":"Title.","url":"\/95.101\/","token":"95.101"},"1":{"id":"266","structure_id":"73","section_number":"95.102","catch_line":"Purpose.","url":"\/95.102\/","token":"95.102"},"2":{"id":"3770","structure_id":"73","section_number":"95.103","catch_line":"Scope.","url":"\/95.103\/","token":"95.103"},"3":{"id":"1894","structure_id":"73","section_number":"95.104","catch_line":"Application To Existing Mechanical Systems.","url":"\/95.104\/","token":"95.104"},"4":{"id":"3181","structure_id":"73","section_number":"95.105","catch_line":"Alternate Materials And Methods Of Construction.","url":"\/95.105\/","token":"95.105"},"5":{"id":"4187","structure_id":"73","section_number":"95.106","catch_line":"Modifications.","url":"\/95.106\/","token":"95.106"},"6":{"id":"3533","structure_id":"73","section_number":"95.107","catch_line":"Tests.","url":"\/95.107\/","token":"95.107"},"7":{"id":"3910","structure_id":"73","section_number":"95.108","catch_line":"Powers And Duties Of The Department.","url":"\/95.108\/","token":"95.108"},"8":{"id":"1431","structure_id":"73","section_number":"95.109","catch_line":"Unsafe Equipment.","url":"\/95.109\/","token":"95.109"},"9":{"id":"3067","structure_id":"73","section_number":"95.110","catch_line":"Appeals.","url":"\/95.110\/","token":"95.110"},"10":{"id":"3023","structure_id":"73","section_number":"95.111","catch_line":"Prohibited Acts.","url":"\/95.111\/","token":"95.111"},"11":{"id":"1702","structure_id":"73","section_number":"95.112","catch_line":"Permits.","url":"\/95.112\/","token":"95.112"},"12":{"id":"446","structure_id":"73","section_number":"95.113","catch_line":"Application For Permit.","url":"\/95.113\/","token":"95.113"},"13":{"id":"1506","structure_id":"73","section_number":"95.114","catch_line":"Permit Issuance.","url":"\/95.114\/","token":"95.114"},"14":{"id":"2820","structure_id":"73","section_number":"95.115","catch_line":"Permit Fees.","url":"\/95.115\/","token":"95.115"},"15":{"id":"4077","structure_id":"73","section_number":"95.116","catch_line":"Inspections.","url":"\/95.116\/","token":"95.116"},"16":{"id":"1522","structure_id":"73","section_number":"95.117","catch_line":"Connection Approval.","url":"\/95.117\/","token":"95.117"},"17":{"id":"2137","structure_id":"73","section_number":"95.118","catch_line":"Registration.","url":"\/95.118\/","token":"95.118"},"18":{"id":"3673","structure_id":"73","section_number":"95.119","catch_line":"Format.","url":"\/95.119\/","token":"95.119"},"19":{"id":"515","structure_id":"73","section_number":"95.120","catch_line":"Validity.","url":"\/95.120\/","token":"95.120"},"20":{"id":"471","structure_id":"73","section_number":"95.121","catch_line":"Standard Reference Documents.","url":"\/95.121\/","token":"95.121"},"21":{"id":"1801","structure_id":"73","section_number":"95.201","catch_line":"General.","url":"\/95.201\/","token":"95.201"},"22":{"id":"1896","structure_id":"73","section_number":"95.202","catch_line":"Accepted Meanings.","url":"\/95.202\/","token":"95.202"},"23":{"id":"3871","structure_id":"73","section_number":"95.203.0","catch_line":"A.","url":"\/95.203.0\/","token":"95.203.0"},"24":{"id":"1744","structure_id":"73","section_number":"95.204.0","catch_line":"B.","url":"\/95.204.0\/","token":"95.204.0"},"25":{"id":"1469","structure_id":"73","section_number":"95.205.0","catch_line":"C.","url":"\/95.205.0\/","token":"95.205.0"},"26":{"id":"540","structure_id":"73","section_number":"95.206.0","catch_line":"D.","url":"\/95.206.0\/","token":"95.206.0"},"27":{"id":"3626","structure_id":"73","section_number":"95.207.0","catch_line":"E.","url":"\/95.207.0\/","token":"95.207.0"},"28":{"id":"619","structure_id":"73","section_number":"95.208.0","catch_line":"F.","url":"\/95.208.0\/","token":"95.208.0"},"29":{"id":"4132","structure_id":"73","section_number":"95.209.0","catch_line":"G.","url":"\/95.209.0\/","token":"95.209.0"},"30":{"id":"3291","structure_id":"73","section_number":"95.210.0","catch_line":"H.","url":"\/95.210.0\/","token":"95.210.0"},"31":{"id":"344","structure_id":"73","section_number":"95.211.0","catch_line":"I.","url":"\/95.211.0\/","token":"95.211.0"},"32":{"id":"849","structure_id":"73","section_number":"95.212.0","catch_line":"J.","url":"\/95.212.0\/","token":"95.212.0"},"33":{"id":"3992","structure_id":"73","section_number":"95.213.0","catch_line":"K.","url":"\/95.213.0\/","token":"95.213.0"},"34":{"id":"879","structure_id":"73","section_number":"95.214.0","catch_line":"L.","url":"\/95.214.0\/","token":"95.214.0"},"35":{"id":"3353","structure_id":"73","section_number":"95.215.0","catch_line":"M.","url":"\/95.215.0\/","token":"95.215.0"},"36":{"id":"1349","structure_id":"73","section_number":"95.216.0","catch_line":"N.","url":"\/95.216.0\/","token":"95.216.0"},"37":{"id":"3595","structure_id":"73","section_number":"95.217.0","catch_line":"O.","url":"\/95.217.0\/","token":"95.217.0"},"38":{"id":"2243","structure_id":"73","section_number":"95.218.0","catch_line":"P.","url":"\/95.218.0\/","token":"95.218.0"},"39":{"id":"3788","structure_id":"73","section_number":"95.219.0","catch_line":"Q.","url":"\/95.219.0\/","token":"95.219.0"},"40":{"id":"2347","structure_id":"73","section_number":"95.220.0","catch_line":"R.","url":"\/95.220.0\/","token":"95.220.0"},"41":{"id":"3141","structure_id":"73","section_number":"95.221.0","catch_line":"S.","url":"\/95.221.0\/","token":"95.221.0"},"42":{"id":"4159","structure_id":"73","section_number":"95.222.0","catch_line":"T.","url":"\/95.222.0\/","token":"95.222.0"},"43":{"id":"561","structure_id":"73","section_number":"95.223.0","catch_line":"U.","url":"\/95.223.0\/","token":"95.223.0"},"44":{"id":"624","structure_id":"73","section_number":"95.224.0","catch_line":"V.","url":"\/95.224.0\/","token":"95.224.0"},"45":{"id":"1719","structure_id":"73","section_number":"95.225.0","catch_line":"W.","url":"\/95.225.0\/","token":"95.225.0"},"46":{"id":"3858","structure_id":"73","section_number":"95.226.0","catch_line":"X.","url":"\/95.226.0\/","token":"95.226.0"},"47":{"id":"2935","structure_id":"73","section_number":"95.227.0","catch_line":"Y.","url":"\/95.227.0\/","token":"95.227.0"},"48":{"id":"955","structure_id":"73","section_number":"95.228.0","catch_line":"Z.","url":"\/95.228.0\/","token":"95.228.0"},"49":{"id":"3644","structure_id":"73","section_number":"95.300","catch_line":"Basic Provisions.","url":"\/95.300\/","token":"95.300"},"50":{"id":"2894","structure_id":"73","section_number":"95.312","catch_line":"Water Supply.","url":"\/95.312\/","token":"95.312"},"51":{"id":"883","structure_id":"73","section_number":"95.400","catch_line":"Basic Provisions.","url":"\/95.400\/","token":"95.400"},"52":{"id":"423","structure_id":"73","section_number":"95.500","catch_line":"Basic Provisions.","url":"\/95.500\/","token":"95.500"},"53":{"id":"3524","structure_id":"73","section_number":"95.600","catch_line":"Basic Provisions.","url":"\/95.600\/","token":"95.600"},"54":{"id":"2330","structure_id":"73","section_number":"95.700","catch_line":"Basic Provisions.","url":"\/95.700\/","token":"95.700"},"55":{"id":"2795","structure_id":"73","section_number":"95.800","catch_line":"Basic Provisions.","url":"\/95.800\/","token":"95.800"},"56":{"id":"2081","structure_id":"73","section_number":"95.900","catch_line":"Basic Provisions.","url":"\/95.900\/","token":"95.900"},"57":{"id":"2141","structure_id":"73","section_number":"95.1000","catch_line":"Basic Provisions.","url":"\/95.1000\/","token":"95.1000"},"58":{"id":"1634","structure_id":"73","section_number":"95.1100","catch_line":"Basic Provisions.","url":"\/95.1100\/","token":"95.1100"},"59":{"id":"1424","structure_id":"73","section_number":"95.1200","catch_line":"Basic Provisions.","url":"\/95.1200\/","token":"95.1200"},"60":{"id":"703","structure_id":"73","section_number":"95.1300","catch_line":"Basic Provisions.","url":"\/95.1300\/","token":"95.1300"},"61":{"id":"3818","structure_id":"73","section_number":"95.1400","catch_line":"Basic Provisions.","url":"\/95.1400\/","token":"95.1400"},"62":{"id":"2018","structure_id":"73","section_number":"95.1500","catch_line":"Basic Provisions.","url":"\/95.1500\/","token":"95.1500"},"63":{"id":"1574","structure_id":"73","section_number":"95.1600","catch_line":"Basic Provisions.","url":"\/95.1600\/","token":"95.1600"},"64":{"id":"598","structure_id":"73","section_number":"95.1700","catch_line":"Basic Provisions.","url":"\/95.1700\/","token":"95.1700"},"65":{"id":"3197","structure_id":"73","section_number":"95.1800","catch_line":"Basic Provisions.","url":"\/95.1800\/","token":"95.1800"}},"previous_section":{"id":"3291","structure_id":"73","section_number":"95.210.0","catch_line":"H.","url":"\/95.210.0\/","token":"95.210.0"},"next_section":{"id":"849","structure_id":"73","section_number":"95.212.0","catch_line":"J.","url":"\/95.212.0\/","token":"95.212.0"},"metadata":false,"references":false,"url":"\/95.211.0\/","token":"95.211.0","formats":{"txt":"\/95.211.0.txt","json":"\/95.211.0.xml"},"dublin_core":{"Title":"I.","Type":"Text","Format":"text\/html","Identifier":"\u00a7 95.211.0","Relation":"Los Angeles Municipal Code"},"plain_text":"                            LOS ANGELES MUNICIPAL CODE\n\nI. (\u00a7 95.211.0)\n\n\u00a0 \tSection 211.0 of the C.M.C. is adopted by reference.\n","html":"\n\t\t\t\t\t<section><p>\u00a0 <br \/><br \/>\tSection 211.0 of the C.M.C. is adopted by reference.<\/p><\/section>","text":{"0":{"id":"339","text":"\u00a0 \tSection 211.0 of the C.M.C. is adopted by reference.","type":"section","prefixes":[""],"prefix":"","entire_prefix":"","prefix_anchor":"","level":1}}}