<?xml version="1.0"?>
<law><section_number>102.12</section_number><edition_id>1</edition_id><section_id>415</section_id><structure_id>30</structure_id><catch_line>Amendment Of Accusation After Submission.</catch_line><history></history><full_text>&#xA0; AMENDMENT OF ACCUSATION AFTER SUBMISSION.

	The Board or hearing examiner may order amendment of the accusation after submission of the case for decision. Each party shall be given notice of the intended amendment and opportunity to show that he will be prejudiced thereby unless the case is reopened to permit the introduction of additional evidence in his behalf.&#xA0; If such prejudice is shown, the Board or hearing examiner shall reopen the case to permit the introduction of additional evidence.</full_text><order_by>12</order_by><ancestry><unit id="30" label="article"><name>Hearings</name><identifier>2</identifier><url>/10/2/</url></unit><unit id="29" label="chapter"><name>Business Regulations</name><identifier>10</identifier><url>/10/</url></unit></ancestry><structure_contents><unit id="2006"><structure_id>30</structure_id><section_number>102.00</section_number><catch_line>Scope.</catch_line><url>/102.00/</url><token>102.00</token></unit><unit id="1685"><structure_id>30</structure_id><section_number>102.01</section_number><catch_line>Definitions.</catch_line><url>/102.01/</url><token>102.01</token></unit><unit id="1979"><structure_id>30</structure_id><section_number>102.02</section_number><catch_line>Hearings Procedure.</catch_line><url>/102.02/</url><token>102.02</token></unit><unit id="1651"><structure_id>30</structure_id><section_number>102.03</section_number><catch_line>Hearing On Revocation Or Suspension Of Permit &#x2013; Initiation By Accusation.</catch_line><url>/102.03/</url><token>102.03</token></unit><unit id="3945"><structure_id>30</structure_id><section_number>102.04</section_number><catch_line>Service Of Accusation.</catch_line><url>/102.04/</url><token>102.04</token></unit><unit id="42"><structure_id>30</structure_id><section_number>102.05</section_number><catch_line>Notice Of Defense.</catch_line><url>/102.05/</url><token>102.05</token></unit><unit id="2440"><structure_id>30</structure_id><section_number>102.06</section_number><catch_line>Amendment Of Accusation.</catch_line><url>/102.06/</url><token>102.06</token></unit><unit id="3228"><structure_id>30</structure_id><section_number>102.07</section_number><catch_line>Notice Of Hearing.</catch_line><url>/102.07/</url><token>102.07</token></unit><unit id="4143"><structure_id>30</structure_id><section_number>102.08</section_number><catch_line>Time And Place Of Hearing.</catch_line><url>/102.08/</url><token>102.08</token></unit><unit id="808"><structure_id>30</structure_id><section_number>102.09</section_number><catch_line>Subpoenas.</catch_line><url>/102.09/</url><token>102.09</token></unit><unit id="1753"><structure_id>30</structure_id><section_number>102.10</section_number><catch_line>Evidence.</catch_line><url>/102.10/</url><token>102.10</token></unit><unit id="3483"><structure_id>30</structure_id><section_number>102.11</section_number><catch_line>Official Notice.</catch_line><url>/102.11/</url><token>102.11</token></unit><unit id="415"><structure_id>30</structure_id><section_number>102.12</section_number><catch_line>Amendment Of Accusation After Submission.</catch_line><url>/102.12/</url><token>102.12</token></unit><unit id="2134"><structure_id>30</structure_id><section_number>102.13</section_number><catch_line>Method Of Decision In Contested Cases.</catch_line><url>/102.13/</url><token>102.13</token></unit><unit id="3510"><structure_id>30</structure_id><section_number>102.13.01</section_number><catch_line>Method Of Decision &#x2013; Referral To Police Permit Review Panel.</catch_line><url>/102.13.01/</url><token>102.13.01</token></unit><unit id="4121"><structure_id>30</structure_id><section_number>102.14</section_number><catch_line>Form Of Decision &#x2013; Findings &#x2013; Copies To Parties.</catch_line><url>/102.14/</url><token>102.14</token></unit><unit id="177"><structure_id>30</structure_id><section_number>102.15</section_number><catch_line>Effective Date Of Decision.</catch_line><url>/102.15/</url><token>102.15</token></unit><unit id="1009"><structure_id>30</structure_id><section_number>102.16</section_number><catch_line>Defaults And Uncontested Cases.</catch_line><url>/102.16/</url><token>102.16</token></unit><unit id="2146"><structure_id>30</structure_id><section_number>102.17</section_number><catch_line>Reconsideration.</catch_line><url>/102.17/</url><token>102.17</token></unit><unit id="3828"><structure_id>30</structure_id><section_number>102.18</section_number><catch_line>Preparation Of Record.</catch_line><url>/102.18/</url><token>102.18</token></unit><unit id="1087"><structure_id>30</structure_id><section_number>102.19</section_number><catch_line>Settlement Of Accusations.</catch_line><url>/102.19/</url><token>102.19</token></unit></structure_contents><next_section id="2134"><structure_id>30</structure_id><section_number>102.13</section_number><catch_line>Method Of Decision In Contested Cases.</catch_line><url>/102.13/</url><token>102.13</token></next_section><metadata></metadata><references></references><url>/102.12/</url><token>102.12</token><formats><txt>/102.12.txt</txt><json>/102.12.xml</json></formats><dublin_core><Title>Amendment Of Accusation After Submission.</Title><Type>Text</Type><Format>text/html</Format><Identifier>&#xA7; 102.12</Identifier><Relation>Los Angeles Municipal Code</Relation></dublin_core><plain_text>                            LOS ANGELES MUNICIPAL CODE

AMENDMENT OF ACCUSATION AFTER SUBMISSION. (&#xA7; 102.12)

&#xA0; AMENDMENT OF ACCUSATION AFTER SUBMISSION.	The Board or hearing examiner may
order amendment of the accusation after submission of the case for decision.
Each party shall be given notice of the intended amendment and opportunity to
show that he will be prejudiced thereby unless the case is reopened to permit
the introduction of additional evidence in his behalf.&#xA0; If such prejudice is
shown, the Board or hearing examiner shall reopen the case to permit the
introduction of additional evidence.
</plain_text><html>
					&lt;section&gt;&lt;p&gt;&#xA0; AMENDMENT OF ACCUSATION AFTER SUBMISSION.&lt;br /&gt;&lt;br /&gt;	The Board or &lt;span class="dictionary"&gt;hearing&lt;/span&gt; examiner may &lt;span class="dictionary"&gt;order&lt;/span&gt; amendment of the accusation after submission of the case for decision. Each &lt;span class="dictionary"&gt;party&lt;/span&gt; shall be given notice of the intended amendment and opportunity to show that he will be prejudiced thereby unless the case is reopened to permit the introduction of additional &lt;span class="dictionary"&gt;evidence&lt;/span&gt; in his behalf.&#xA0; If such prejudice is shown, the Board or &lt;span class="dictionary"&gt;hearing&lt;/span&gt; examiner shall reopen the case to permit the introduction of additional &lt;span class="dictionary"&gt;evidence&lt;/span&gt;.&lt;/p&gt;&lt;/section&gt;</html><previous_section id="3483"><structure_id>30</structure_id><section_number>102.11</section_number><catch_line>Official Notice.</catch_line><url>/102.11/</url><token>102.11</token></previous_section><text><unit id="409" prefix=""><text>&#xA0; AMENDMENT OF ACCUSATION AFTER SUBMISSION.	The Board or hearing examiner may order amendment of the accusation after submission of the case for decision. Each party shall be given notice of the intended amendment and opportunity to show that he will be prejudiced thereby unless the case is reopened to permit the introduction of additional evidence in his behalf.&#xA0; If such prejudice is shown, the Board or hearing examiner shall reopen the case to permit the introduction of additional evidence.</text><type>section</type><prefixes><unit></unit></prefixes><entire_prefix></entire_prefix><prefix_anchor></prefix_anchor><level>1</level></unit></text></law>
