<?xml version="1.0"?>
<law><section_number>102.05</section_number><edition_id>1</edition_id><section_id>42</section_id><structure_id>30</structure_id><catch_line>Notice Of Defense.</catch_line><history></history><full_text>&#xA0; NOTICE OF DEFENSE.

	(a)	Time of Filing.&#xA0; Within 10 days after service upon him of the accusation the respondent may file with the Board one or more notices of defense in which he may:

	1.	Request a hearing;

	2.	Object to the accusation upon the ground that it does not state acts or omissions upon which the Board may proceed;

	3.	Object to the form of the accusation on the ground that it is so indefinite or uncertain that he can not identify the transaction or prepare his defense;

	4.	Admit the accusation in whole or in part.

	(b)	Failure to File &#x2013; Waiver.&#xA0; The respondent shall be entitled to a hearing on the merits if he files a notice of defense within 10 days, and any such notice shall be deemed a specific denial of all parts of the accusation not expressly admitted. Failure to file such notice shall constitute a waiver of respondent&#x2019;s rights to a hearing, but the Board in its discretion may nevertheless grant a hearing.&#xA0; Unless objection is taken as provided in this section, all objections to the form of the accusation shall be deemed waived.

	(c)	Written Notice of Defense.&#xA0; The notice of defense shall be in writing signed by or on behalf of the respondent and shall state his mailing address.&#xA0; It need not be verified or follow any particular form.</full_text><order_by>05</order_by><ancestry><unit id="30" label="article"><name>Hearings</name><identifier>2</identifier><url>/10/2/</url></unit><unit id="29" label="chapter"><name>Business Regulations</name><identifier>10</identifier><url>/10/</url></unit></ancestry><structure_contents><unit id="2006"><structure_id>30</structure_id><section_number>102.00</section_number><catch_line>Scope.</catch_line><url>/102.00/</url><token>102.00</token></unit><unit id="1685"><structure_id>30</structure_id><section_number>102.01</section_number><catch_line>Definitions.</catch_line><url>/102.01/</url><token>102.01</token></unit><unit id="1979"><structure_id>30</structure_id><section_number>102.02</section_number><catch_line>Hearings Procedure.</catch_line><url>/102.02/</url><token>102.02</token></unit><unit id="1651"><structure_id>30</structure_id><section_number>102.03</section_number><catch_line>Hearing On Revocation Or Suspension Of Permit &#x2013; Initiation By Accusation.</catch_line><url>/102.03/</url><token>102.03</token></unit><unit id="3945"><structure_id>30</structure_id><section_number>102.04</section_number><catch_line>Service Of Accusation.</catch_line><url>/102.04/</url><token>102.04</token></unit><unit id="42"><structure_id>30</structure_id><section_number>102.05</section_number><catch_line>Notice Of Defense.</catch_line><url>/102.05/</url><token>102.05</token></unit><unit id="2440"><structure_id>30</structure_id><section_number>102.06</section_number><catch_line>Amendment Of Accusation.</catch_line><url>/102.06/</url><token>102.06</token></unit><unit id="3228"><structure_id>30</structure_id><section_number>102.07</section_number><catch_line>Notice Of Hearing.</catch_line><url>/102.07/</url><token>102.07</token></unit><unit id="4143"><structure_id>30</structure_id><section_number>102.08</section_number><catch_line>Time And Place Of Hearing.</catch_line><url>/102.08/</url><token>102.08</token></unit><unit id="808"><structure_id>30</structure_id><section_number>102.09</section_number><catch_line>Subpoenas.</catch_line><url>/102.09/</url><token>102.09</token></unit><unit id="1753"><structure_id>30</structure_id><section_number>102.10</section_number><catch_line>Evidence.</catch_line><url>/102.10/</url><token>102.10</token></unit><unit id="3483"><structure_id>30</structure_id><section_number>102.11</section_number><catch_line>Official Notice.</catch_line><url>/102.11/</url><token>102.11</token></unit><unit id="415"><structure_id>30</structure_id><section_number>102.12</section_number><catch_line>Amendment Of Accusation After Submission.</catch_line><url>/102.12/</url><token>102.12</token></unit><unit id="2134"><structure_id>30</structure_id><section_number>102.13</section_number><catch_line>Method Of Decision In Contested Cases.</catch_line><url>/102.13/</url><token>102.13</token></unit><unit id="3510"><structure_id>30</structure_id><section_number>102.13.01</section_number><catch_line>Method Of Decision &#x2013; Referral To Police Permit Review Panel.</catch_line><url>/102.13.01/</url><token>102.13.01</token></unit><unit id="4121"><structure_id>30</structure_id><section_number>102.14</section_number><catch_line>Form Of Decision &#x2013; Findings &#x2013; Copies To Parties.</catch_line><url>/102.14/</url><token>102.14</token></unit><unit id="177"><structure_id>30</structure_id><section_number>102.15</section_number><catch_line>Effective Date Of Decision.</catch_line><url>/102.15/</url><token>102.15</token></unit><unit id="1009"><structure_id>30</structure_id><section_number>102.16</section_number><catch_line>Defaults And Uncontested Cases.</catch_line><url>/102.16/</url><token>102.16</token></unit><unit id="2146"><structure_id>30</structure_id><section_number>102.17</section_number><catch_line>Reconsideration.</catch_line><url>/102.17/</url><token>102.17</token></unit><unit id="3828"><structure_id>30</structure_id><section_number>102.18</section_number><catch_line>Preparation Of Record.</catch_line><url>/102.18/</url><token>102.18</token></unit><unit id="1087"><structure_id>30</structure_id><section_number>102.19</section_number><catch_line>Settlement Of Accusations.</catch_line><url>/102.19/</url><token>102.19</token></unit></structure_contents><next_section id="2440"><structure_id>30</structure_id><section_number>102.06</section_number><catch_line>Amendment Of Accusation.</catch_line><url>/102.06/</url><token>102.06</token></next_section><metadata></metadata><references></references><url>/102.05/</url><token>102.05</token><formats><txt>/102.05.txt</txt><json>/102.05.xml</json></formats><dublin_core><Title>Notice Of Defense.</Title><Type>Text</Type><Format>text/html</Format><Identifier>&#xA7; 102.05</Identifier><Relation>Los Angeles Municipal Code</Relation></dublin_core><plain_text>                            LOS ANGELES MUNICIPAL CODE

NOTICE OF DEFENSE. (&#xA7; 102.05)

&#xA0; NOTICE OF DEFENSE.	(a)	Time of Filing.&#xA0; Within 10 days after service upon
him of the accusation the respondent may file with the Board one or more notices
of defense in which he may:	1.	Request a hearing;	2.	Object to the accusation
upon the ground that it does not state acts or omissions upon which the Board
may proceed;	3.	Object to the form of the accusation on the ground that it is so
indefinite or uncertain that he can not identify the transaction or prepare his
defense;	4.	Admit the accusation in whole or in part.	(b)	Failure to File &#x2013;
Waiver.&#xA0; The respondent shall be entitled to a hearing on the merits if he
files a notice of defense within 10 days, and any such notice shall be deemed a
specific denial of all parts of the accusation not expressly admitted. Failure
to file such notice shall constitute a waiver of respondent&#x2019;s rights to a
hearing, but the Board in its discretion may nevertheless grant a hearing.&#xA0;
Unless objection is taken as provided in this section, all objections to the
form of the accusation shall be deemed waived.	(c)	Written Notice of Defense.&#xA0;
The notice of defense shall be in writing signed by or on behalf of the
respondent and shall state his mailing address.&#xA0; It need not be verified or
follow any particular form.
</plain_text><html>
					&lt;section&gt;&lt;p&gt;&#xA0; NOTICE OF DEFENSE.&lt;br /&gt;&lt;br /&gt;	(a)	Time of Filing.&#xA0; Within 10 days after service upon him of the accusation the respondent may file with the Board one or more notices of defense in which he may:&lt;br /&gt;&lt;br /&gt;	1.	Request a &lt;span class="dictionary"&gt;hearing&lt;/span&gt;;&lt;br /&gt;&lt;br /&gt;	2.	&lt;span class="dictionary"&gt;Object&lt;/span&gt; to the accusation upon the ground that it does not state acts or omissions upon which the Board may proceed;&lt;br /&gt;&lt;br /&gt;	3.	&lt;span class="dictionary"&gt;Object&lt;/span&gt; to the form of the accusation on the ground that it is so indefinite or uncertain that he can not identify the transaction or prepare his defense;&lt;br /&gt;&lt;br /&gt;	4.	Admit the accusation in whole or in part.&lt;br /&gt;&lt;br /&gt;	(b)	Failure to File &#x2013; &lt;span class="dictionary"&gt;Waiver&lt;/span&gt;.&#xA0; The respondent shall be entitled to a &lt;span class="dictionary"&gt;hearing&lt;/span&gt; on the merits if he files a notice of defense within 10 days, and any such notice shall be deemed a specific denial of all parts of the accusation not expressly admitted. Failure to file such notice shall constitute a &lt;span class="dictionary"&gt;waiver&lt;/span&gt; of respondent&#x2019;s rights to a &lt;span class="dictionary"&gt;hearing&lt;/span&gt;, but the Board in its discretion may nevertheless grant a &lt;span class="dictionary"&gt;hearing&lt;/span&gt;.&#xA0; Unless objection is taken as provided in this section, all objections to the form of the accusation shall be deemed waived.&lt;br /&gt;&lt;br /&gt;	(c)	Written Notice of Defense.&#xA0; The notice of defense shall be in writing signed by or on behalf of the respondent and shall state his mailing address.&#xA0; It need not be verified or follow any particular form.&lt;/p&gt;&lt;/section&gt;</html><previous_section id="3945"><structure_id>30</structure_id><section_number>102.04</section_number><catch_line>Service Of Accusation.</catch_line><url>/102.04/</url><token>102.04</token></previous_section><text><unit id="42" prefix=""><text>&#xA0; NOTICE OF DEFENSE.	(a)	Time of Filing.&#xA0; Within 10 days after service upon him of the accusation the respondent may file with the Board one or more notices of defense in which he may:	1.	Request a hearing;	2.	Object to the accusation upon the ground that it does not state acts or omissions upon which the Board may proceed;	3.	Object to the form of the accusation on the ground that it is so indefinite or uncertain that he can not identify the transaction or prepare his defense;	4.	Admit the accusation in whole or in part.	(b)	Failure to File &#x2013; Waiver.&#xA0; The respondent shall be entitled to a hearing on the merits if he files a notice of defense within 10 days, and any such notice shall be deemed a specific denial of all parts of the accusation not expressly admitted. Failure to file such notice shall constitute a waiver of respondent&#x2019;s rights to a hearing, but the Board in its discretion may nevertheless grant a hearing.&#xA0; Unless objection is taken as provided in this section, all objections to the form of the accusation shall be deemed waived.	(c)	Written Notice of Defense.&#xA0; The notice of defense shall be in writing signed by or on behalf of the respondent and shall state his mailing address.&#xA0; It need not be verified or follow any particular form.</text><type>section</type><prefixes><unit></unit></prefixes><entire_prefix></entire_prefix><prefix_anchor></prefix_anchor><level>1</level></unit></text></law>
