<?xml version="1.0"?>
<law><section_number>11.5.8</section_number><edition_id>1</edition_id><section_id>88</section_id><structure_id>46</structure_id><catch_line>Periodic Comprehensive General Plan Review.</catch_line><history></history><full_text>&#xA0; PERIODIC COMPREHENSIVE GENERAL PLAN REVIEW.
	(Repealed by Ord. No. 177,103, Eff. 12/18/05.)</full_text><order_by>5.8</order_by><ancestry><unit id="46" label="article"><name>Planning Comprehensive Planning Program</name><identifier>1.5</identifier><url>/1/1.5/</url></unit><unit id="7" label="chapter"><name>General Provisions and Zoning</name><identifier>1</identifier><url>/1/</url></unit></ancestry><structure_contents><unit id="788"><structure_id>46</structure_id><section_number>11.5.1</section_number><catch_line>Title.</catch_line><url>/11.5.1/</url><token>11.5.1</token></unit><unit id="2556"><structure_id>46</structure_id><section_number>11.5.10</section_number><catch_line>Withdrawal Of Appeal.</catch_line><url>/11.5.10/</url><token>11.5.10</token></unit><unit id="3258"><structure_id>46</structure_id><section_number>11.5.2</section_number><catch_line>Area Planning Commissions.</catch_line><url>/11.5.2/</url><token>11.5.2</token></unit><unit id="1863"><structure_id>46</structure_id><section_number>11.5.3</section_number><catch_line>Director Of Planning (Director).</catch_line><url>/11.5.3/</url><token>11.5.3</token></unit><unit id="3422"><structure_id>46</structure_id><section_number>11.5.4</section_number><catch_line>City Planning Commission.</catch_line><url>/11.5.4/</url><token>11.5.4</token></unit><unit id="2150"><structure_id>46</structure_id><section_number>11.5.5</section_number><catch_line>Mandatory Referrals &#x2013; Authority Of Commission &#x2013; Requirements.</catch_line><url>/11.5.5/</url><token>11.5.5</token></unit><unit id="2540"><structure_id>46</structure_id><section_number>11.5.6</section_number><catch_line>General Plan.</catch_line><url>/11.5.6/</url><token>11.5.6</token></unit><unit id="1777"><structure_id>46</structure_id><section_number>11.5.7</section_number><catch_line>Specific Plan Procedures.</catch_line><url>/11.5.7/</url><token>11.5.7</token></unit><unit id="88"><structure_id>46</structure_id><section_number>11.5.8</section_number><catch_line>Periodic Comprehensive General Plan Review.</catch_line><url>/11.5.8/</url><token>11.5.8</token></unit><unit id="2396"><structure_id>46</structure_id><section_number>11.5.9</section_number><catch_line>Withdrawal Of Application.</catch_line><url>/11.5.9/</url><token>11.5.9</token></unit></structure_contents><next_section id="2396"><structure_id>46</structure_id><section_number>11.5.9</section_number><catch_line>Withdrawal Of Application.</catch_line><url>/11.5.9/</url><token>11.5.9</token></next_section><metadata></metadata><references></references><url>/11.5.8/</url><token>11.5.8</token><formats><txt>/11.5.8.txt</txt><json>/11.5.8.xml</json></formats><dublin_core><Title>Periodic Comprehensive General Plan Review.</Title><Type>Text</Type><Format>text/html</Format><Identifier>&#xA7; 11.5.8</Identifier><Relation>Los Angeles Municipal Code</Relation></dublin_core><plain_text>                            LOS ANGELES MUNICIPAL CODE

PERIODIC COMPREHENSIVE GENERAL PLAN REVIEW. (&#xA7; 11.5.8)

&#xA0; PERIODIC COMPREHENSIVE GENERAL PLAN REVIEW.
	(Repealed by Ord. No. 177,103, Eff. 12/18/05.)
</plain_text><html>
					&lt;section&gt;&lt;p&gt;&#xA0; PERIODIC COMPREHENSIVE GENERAL PLAN REVIEW.
	(Repealed by Ord. No. 177,103, Eff. 12/18/05.)&lt;/p&gt;&lt;/section&gt;</html><previous_section id="1777"><structure_id>46</structure_id><section_number>11.5.7</section_number><catch_line>Specific Plan Procedures.</catch_line><url>/11.5.7/</url><token>11.5.7</token></previous_section><text><unit id="88" prefix=""><text>&#xA0; PERIODIC COMPREHENSIVE GENERAL PLAN REVIEW.
	(Repealed by Ord. No. 177,103, Eff. 12/18/05.)</text><type>section</type><prefixes><unit></unit></prefixes><entire_prefix></entire_prefix><prefix_anchor></prefix_anchor><level>1</level></unit></text></law>
