<?xml version="1.0"?>
<law><section_number>114.06</section_number><edition_id>1</edition_id><section_id>389</section_id><structure_id>84</structure_id><catch_line>Vehicle Theft Alarm Systems.</catch_line><history></history><full_text>&#xA0; VEHICLE THEFT ALARM SYSTEMS.
	(Former Sec. 114.05, Renumbered by Ord. No. 164,532, Eff. 4/20/89.)

	It shall be unlawful for any person to install, operate or use any vehicle theft alarm system that emits or causes the emission of an audible sound, which is not, or does not become, automatically and completely silenced within five minutes. The time period shall be calculated based upon the emission of the first audible sound and shall end five minutes thereafter notwithstanding any variation or stoppage in the emissions of audible sound.&#xA0; Violation of this section shall constitute an infraction.</full_text><order_by>06</order_by><ancestry><unit id="84" label="article"><name>Vehicles</name><identifier>4</identifier><url>/11/4/</url></unit><unit id="79" label="chapter"><name>Noise Regulation</name><identifier>11</identifier><url>/11/</url></unit></ancestry><structure_contents><unit id="565"><structure_id>84</structure_id><section_number>114.01</section_number><catch_line>Vehicle Repairs.</catch_line><url>/114.01/</url><token>114.01</token></unit><unit id="2105"><structure_id>84</structure_id><section_number>114.02</section_number><catch_line>Motor Driven Vehicles.</catch_line><url>/114.02/</url><token>114.02</token></unit><unit id="3725"><structure_id>84</structure_id><section_number>114.03</section_number><catch_line>Vehicles &#x2013; Loading And Unloading.</catch_line><url>/114.03/</url><token>114.03</token></unit><unit id="2293"><structure_id>84</structure_id><section_number>114.04</section_number><catch_line>Audible Signaling Devices.</catch_line><url>/114.04/</url><token>114.04</token></unit><unit id="4133"><structure_id>84</structure_id><section_number>114.05</section_number><catch_line>Audible Advertising Devices &#x2013; Commercial Food Vendors.</catch_line><url>/114.05/</url><token>114.05</token></unit><unit id="389"><structure_id>84</structure_id><section_number>114.06</section_number><catch_line>Vehicle Theft Alarm Systems.</catch_line><url>/114.06/</url><token>114.06</token></unit><unit id="486"><structure_id>84</structure_id><section_number>114.07</section_number><catch_line>Audible Status Indicator.</catch_line><url>/114.07/</url><token>114.07</token></unit></structure_contents><next_section id="486"><structure_id>84</structure_id><section_number>114.07</section_number><catch_line>Audible Status Indicator.</catch_line><url>/114.07/</url><token>114.07</token></next_section><metadata></metadata><references></references><url>/114.06/</url><token>114.06</token><formats><txt>/114.06.txt</txt><json>/114.06.xml</json></formats><dublin_core><Title>Vehicle Theft Alarm Systems.</Title><Type>Text</Type><Format>text/html</Format><Identifier>&#xA7; 114.06</Identifier><Relation>Los Angeles Municipal Code</Relation></dublin_core><plain_text>                            LOS ANGELES MUNICIPAL CODE

VEHICLE THEFT ALARM SYSTEMS. (&#xA7; 114.06)

&#xA0; VEHICLE THEFT ALARM SYSTEMS.
	(Former Sec. 114.05, Renumbered by Ord. No. 164,532, Eff. 4/20/89.)	It shall be
unlawful for any person to install, operate or use any vehicle theft alarm
system that emits or causes the emission of an audible sound, which is not, or
does not become, automatically and completely silenced within five minutes. The
time period shall be calculated based upon the emission of the first audible
sound and shall end five minutes thereafter notwithstanding any variation or
stoppage in the emissions of audible sound.&#xA0; Violation of this section shall
constitute an infraction.
</plain_text><html>
					&lt;section&gt;&lt;p&gt;&#xA0; VEHICLE THEFT ALARM SYSTEMS.
	(Former Sec. 114.05, Renumbered by Ord. No. 164,532, Eff. 4/20/89.)&lt;br /&gt;&lt;br /&gt;	It shall be unlawful for any person to install, operate or use any vehicle theft alarm system that emits or causes the emission of an audible sound, which is not, or does not become, automatically and completely silenced within five minutes. The time period shall be calculated based upon the emission of the first audible sound and shall end five minutes thereafter notwithstanding any variation or stoppage in the emissions of audible sound.&#xA0; Violation of this section shall constitute an infraction.&lt;/p&gt;&lt;/section&gt;</html><previous_section id="4133"><structure_id>84</structure_id><section_number>114.05</section_number><catch_line>Audible Advertising Devices &#x2013; Commercial Food Vendors.</catch_line><url>/114.05/</url><token>114.05</token></previous_section><text><unit id="384" prefix=""><text>&#xA0; VEHICLE THEFT ALARM SYSTEMS.
	(Former Sec. 114.05, Renumbered by Ord. No. 164,532, Eff. 4/20/89.)	It shall be unlawful for any person to install, operate or use any vehicle theft alarm system that emits or causes the emission of an audible sound, which is not, or does not become, automatically and completely silenced within five minutes. The time period shall be calculated based upon the emission of the first audible sound and shall end five minutes thereafter notwithstanding any variation or stoppage in the emissions of audible sound.&#xA0; Violation of this section shall constitute an infraction.</text><type>section</type><prefixes><unit></unit></prefixes><entire_prefix></entire_prefix><prefix_anchor></prefix_anchor><level>1</level></unit></text></law>
