<?xml version="1.0"?>
<law><section_number>12.16.3</section_number><edition_id>1</edition_id><section_id>265</section_id><structure_id>20</structure_id><catch_line>Lased Los Angeles Sports And Entertainment District Specific Plan Zone.</catch_line><history></history><full_text>&#xA0; LASED LOS ANGELES SPORTS AND ENTERTAINMENT DISTRICT SPECIFIC PLAN ZONE.
	(Added by Ord. No. 174,225, Eff. 10/13/01.)

	The following regulations shall apply in the &#x201C;LASED&#x201D; Los Angeles Sports and Entertainment District Specific Plan Zone:

	A.	Purpose.&#xA0; The purposes set forth in the Los Angeles Sports and Entertainment District Specific Plan Ordinance are incorporated by this reference into these regulations.

	B.	Use.&#xA0; No building, structure or land shall be used and no building or structure shall be erected, structurally altered, enlarged or maintained, except as permitted by the Los Angeles Sports and Entertainment District Specific Plan Ordinance.

	C.	Area.&#xA0; No building or structure, nor the enlargement of any building or structure, shall be erected or maintained unless the requirements of the Los Angeles Sports and Entertainment District Specific Plan Ordinance are met and maintained in connection with the building, structure or enlargement.</full_text><order_by>16.3</order_by><ancestry><unit id="20" label="article"><name>Specific Planning &#x2013; Zoning
Comprehensive Zoning Plan</name><identifier>2</identifier><url>/1/2/</url></unit><unit id="7" label="chapter"><name>General Provisions and Zoning</name><identifier>1</identifier><url>/1/</url></unit></ancestry><structure_contents><unit id="3095"><structure_id>20</structure_id><section_number>12.00</section_number><catch_line>Title.</catch_line><url>/12.00/</url><token>12.00</token></unit><unit id="1517"><structure_id>20</structure_id><section_number>12.01</section_number><catch_line>Continuation Of Existing Regulations.</catch_line><url>/12.01/</url><token>12.01</token></unit><unit id="1627"><structure_id>20</structure_id><section_number>12.02</section_number><catch_line>Purpose.</catch_line><url>/12.02/</url><token>12.02</token></unit><unit id="2312"><structure_id>20</structure_id><section_number>12.03</section_number><catch_line>Definitions.</catch_line><url>/12.03/</url><token>12.03</token></unit><unit id="3734"><structure_id>20</structure_id><section_number>12.04</section_number><catch_line>Zones - Districts - Symbols.</catch_line><url>/12.04/</url><token>12.04</token></unit><unit id="1459"><structure_id>20</structure_id><section_number>12.04.01</section_number><catch_line>Violations Of Specific Plans.</catch_line><url>/12.04.01/</url><token>12.04.01</token></unit><unit id="1812"><structure_id>20</structure_id><section_number>12.04.05</section_number><catch_line>&#x201C;Os&#x201D; Open Space Zone.</catch_line><url>/12.04.05/</url><token>12.04.05</token></unit><unit id="4037"><structure_id>20</structure_id><section_number>12.04.09</section_number><catch_line>&#x201C;Pf&#x201D; Public Facilities Zone.</catch_line><url>/12.04.09/</url><token>12.04.09</token></unit><unit id="3058"><structure_id>20</structure_id><section_number>12.05</section_number><catch_line>&#x201C;A1&#x201D; Agriculture Zone.</catch_line><url>/12.05/</url><token>12.05</token></unit><unit id="1807"><structure_id>20</structure_id><section_number>12.06</section_number><catch_line>&#x201C;A2&#x201D; Agricultural Zone.</catch_line><url>/12.06/</url><token>12.06</token></unit><unit id="2434"><structure_id>20</structure_id><section_number>12.07</section_number><catch_line>&#x201C;Ra&#x201D; Suburban Zone.</catch_line><url>/12.07/</url><token>12.07</token></unit><unit id="833"><structure_id>20</structure_id><section_number>12.07.01</section_number><catch_line>&#x201C;Re&#x201D; Residential Estate Zone.</catch_line><url>/12.07.01/</url><token>12.07.01</token></unit><unit id="3662"><structure_id>20</structure_id><section_number>12.07.1</section_number><catch_line>&#x201C;Rs&#x201D; Suburban Zone.</catch_line><url>/12.07.1/</url><token>12.07.1</token></unit><unit id="1550"><structure_id>20</structure_id><section_number>12.08</section_number><catch_line>&#x201C;R1&#x201D; One-Family Zone.</catch_line><url>/12.08/</url><token>12.08</token></unit><unit id="1455"><structure_id>20</structure_id><section_number>12.08.1</section_number><catch_line>Ru Residential Urban Zone.</catch_line><url>/12.08.1/</url><token>12.08.1</token></unit><unit id="1635"><structure_id>20</structure_id><section_number>12.08.3</section_number><catch_line>Rz Residential Zero Side Yard Zone.</catch_line><url>/12.08.3/</url><token>12.08.3</token></unit><unit id="504"><structure_id>20</structure_id><section_number>12.08.5</section_number><catch_line>&#x201C;Rw1&#x201D; Residential Waterways Zone.</catch_line><url>/12.08.5/</url><token>12.08.5</token></unit><unit id="2976"><structure_id>20</structure_id><section_number>12.09</section_number><catch_line>&#x201C;R2&#x201D; Two-Family Zone.</catch_line><url>/12.09/</url><token>12.09</token></unit><unit id="3015"><structure_id>20</structure_id><section_number>12.09.1</section_number><catch_line>&#x201C;Rd&#x201D; Restricted Density Multiple Dwelling Zone.</catch_line><url>/12.09.1/</url><token>12.09.1</token></unit><unit id="3789"><structure_id>20</structure_id><section_number>12.09.3</section_number><catch_line>&#x201C;Rmp&#x201D; Mobilehome Park Zone.</catch_line><url>/12.09.3/</url><token>12.09.3</token></unit><unit id="3264"><structure_id>20</structure_id><section_number>12.09.5</section_number><catch_line>&#x201C;Rw2&#x201D; Residential Waterways Zone.</catch_line><url>/12.09.5/</url><token>12.09.5</token></unit><unit id="1735"><structure_id>20</structure_id><section_number>12.10</section_number><catch_line>&#x201C;R3&#x201D; Multiple Dwelling Zone.</catch_line><url>/12.10/</url><token>12.10</token></unit><unit id="2343"><structure_id>20</structure_id><section_number>12.10.5</section_number><catch_line>Ras3 Residential/Accessory Services Zone Purpose Statement.</catch_line><url>/12.10.5/</url><token>12.10.5</token></unit><unit id="621"><structure_id>20</structure_id><section_number>12.11</section_number><catch_line>&#x201C;R4&#x201D; Multiple Dwelling Zone.</catch_line><url>/12.11/</url><token>12.11</token></unit><unit id="1231"><structure_id>20</structure_id><section_number>12.11.5</section_number><catch_line>Ras4 Residential/Accessory Services Zone Purpose Statement.</catch_line><url>/12.11.5/</url><token>12.11.5</token></unit><unit id="1666"><structure_id>20</structure_id><section_number>12.12</section_number><catch_line>&#x201C;R5&#x201D; Multiple Dwelling Zone.</catch_line><url>/12.12/</url><token>12.12</token></unit><unit id="601"><structure_id>20</structure_id><section_number>12.12.1</section_number><catch_line>&#x201C;P&#x201D; Automobile Parking Zone.</catch_line><url>/12.12.1/</url><token>12.12.1</token></unit><unit id="286"><structure_id>20</structure_id><section_number>12.12.1.5</section_number><catch_line>&#x201C;Pb&#x201D; Parking Building Zone.*</catch_line><url>/12.12.1.5/</url><token>12.12.1.5</token></unit><unit id="2454"><structure_id>20</structure_id><section_number>12.12.2</section_number><catch_line>&#x201C;Cr&#x201D; Limited Commercial Zone.</catch_line><url>/12.12.2/</url><token>12.12.2</token></unit><unit id="3444"><structure_id>20</structure_id><section_number>12.13</section_number><catch_line>&#x201C;C1&#x201D; Limited Commercial Zone.</catch_line><url>/12.13/</url><token>12.13</token></unit><unit id="2973"><structure_id>20</structure_id><section_number>12.13.5</section_number><catch_line>&#x201C;C1.5&#x201D; Limited Commercial Zone</catch_line><url>/12.13.5/</url><token>12.13.5</token></unit><unit id="156"><structure_id>20</structure_id><section_number>12.14</section_number><catch_line>&#x201C;C2&#x201D; Commercial Zone.</catch_line><url>/12.14/</url><token>12.14</token></unit><unit id="1739"><structure_id>20</structure_id><section_number>12.16</section_number><catch_line>&#x201C;C4&#x201D;Commercial Zone.</catch_line><url>/12.16/</url><token>12.16</token></unit><unit id="24"><structure_id>20</structure_id><section_number>12.16.1</section_number><catch_line>&#x201C;Cw&#x201D; Central City West Specific Plan Zone.</catch_line><url>/12.16.1/</url><token>12.16.1</token></unit><unit id="1075"><structure_id>20</structure_id><section_number>12.16.2</section_number><catch_line>Adp Alameda District Specific Plan Zone.</catch_line><url>/12.16.2/</url><token>12.16.2</token></unit><unit id="265"><structure_id>20</structure_id><section_number>12.16.3</section_number><catch_line>Lased Los Angeles Sports And Entertainment District Specific Plan Zone.</catch_line><url>/12.16.3/</url><token>12.16.3</token></unit><unit id="1579"><structure_id>20</structure_id><section_number>12.17</section_number><catch_line>&#x201C;C5&#x201D; Commercial Zone.</catch_line><url>/12.17/</url><token>12.17</token></unit><unit id="2695"><structure_id>20</structure_id><section_number>12.17.1</section_number><catch_line>&#x201C;Cm&#x201D; Commercial Manufacturing Zone.</catch_line><url>/12.17.1/</url><token>12.17.1</token></unit><unit id="2925"><structure_id>20</structure_id><section_number>12.17.2</section_number><catch_line>&#x201C;Cm(Gm)&#x201D;Commercial Manufacturing (Glencoe/Maxella) Specific Plan Zone.</catch_line><url>/12.17.2/</url><token>12.17.2</token></unit><unit id="1704"><structure_id>20</structure_id><section_number>12.17.5</section_number><catch_line>&#x201C;Mr1&#x201D; Restricted Industrial Zone.</catch_line><url>/12.17.5/</url><token>12.17.5</token></unit><unit id="383"><structure_id>20</structure_id><section_number>12.17.5.5</section_number><catch_line>&#x201C;Ccs&#x201D; Century City South Specific Plan Studio Zone.</catch_line><url>/12.17.5.5/</url><token>12.17.5.5</token></unit><unit id="1032"><structure_id>20</structure_id><section_number>12.17.6</section_number><catch_line>&#x201C;M1&#x201D; Limited Industrial Zone.</catch_line><url>/12.17.6/</url><token>12.17.6</token></unit><unit id="65"><structure_id>20</structure_id><section_number>12.18</section_number><catch_line>&#x201C;Mr2&#x201D; Restricted Light Industrial Zone.</catch_line><url>/12.18/</url><token>12.18</token></unit><unit id="2426"><structure_id>20</structure_id><section_number>12.18.1</section_number><catch_line>&#x201C;Wc&#x201D; Warner Center Specific Plan Zone.</catch_line><url>/12.18.1/</url><token>12.18.1</token></unit><unit id="1290"><structure_id>20</structure_id><section_number>12.19</section_number><catch_line>&#x201C;M2&#x201D; Light Industrial Zone.</catch_line><url>/12.19/</url><token>12.19</token></unit><unit id="1435"><structure_id>20</structure_id><section_number>12.19.1</section_number><catch_line>Lax Los Angeles International Airport Zone.</catch_line><url>/12.19.1/</url><token>12.19.1</token></unit><unit id="3523"><structure_id>20</structure_id><section_number>12.20</section_number><catch_line>&#x201C;M3&#x201D; Heavy Industrial Zone.</catch_line><url>/12.20/</url><token>12.20</token></unit><unit id="3019"><structure_id>20</structure_id><section_number>12.20.1</section_number><catch_line>Sl Ocean &#x2013; Submerged Land Zone.</catch_line><url>/12.20.1/</url><token>12.20.1</token></unit><unit id="3360"><structure_id>20</structure_id><section_number>12.20.2</section_number><catch_line>Coastal Development Permits (Prior To Certification Of The Local Coastal Program.)</catch_line><url>/12.20.2/</url><token>12.20.2</token></unit><unit id="2874"><structure_id>20</structure_id><section_number>12.20.2.1</section_number><catch_line>Coastal Development Permit Procedures After Certification Of The Local Coastal Program.</catch_line><url>/12.20.2.1/</url><token>12.20.2.1</token></unit><unit id="2479"><structure_id>20</structure_id><section_number>12.20.3</section_number><catch_line>&#x201C;Hp&#x201D; Historic Preservation Overlay Zone.</catch_line><url>/12.20.3/</url><token>12.20.3</token></unit><unit id="3236"><structure_id>20</structure_id><section_number>12.21.1</section_number><catch_line>Height Of Building Or Structures.</catch_line><url>/12.21.1/</url><token>12.21.1</token></unit><unit id="488"><structure_id>20</structure_id><section_number>12.21.2</section_number><catch_line>Height Of Buildings Or Structures In Century City.</catch_line><url>/12.21.2/</url><token>12.21.2</token></unit><unit id="2253"><structure_id>20</structure_id><section_number>12.21.3</section_number><catch_line>Height Of Buildings Or Structures In Community Redevelopment Plan Areas.</catch_line><url>/12.21.3/</url><token>12.21.3</token></unit><unit id="3709"><structure_id>20</structure_id><section_number>12.21.4</section_number><catch_line>Height Of Buildings Or Structures In Enterprise Zones.</catch_line><url>/12.21.4/</url><token>12.21.4</token></unit><unit id="605"><structure_id>20</structure_id><section_number>12.21.5</section_number><catch_line>Height Of Buildings Or Structures In Centers Study Areas.</catch_line><url>/12.21.5/</url><token>12.21.5</token></unit><unit id="1399"><structure_id>20</structure_id><section_number>12.22</section_number><catch_line>Exceptions.</catch_line><url>/12.22/</url><token>12.22</token></unit><unit id="2993"><structure_id>20</structure_id><section_number>12.22.1</section_number><catch_line>Safer Sex.</catch_line><url>/12.22.1/</url><token>12.22.1</token></unit><unit id="3237"><structure_id>20</structure_id><section_number>12.23</section_number><catch_line>Nonconforming Building And Uses.</catch_line><url>/12.23/</url><token>12.23</token></unit><unit id="1191"><structure_id>20</structure_id><section_number>12.24</section_number><catch_line>Conditional Use Permits And Other Similar Quasi-Judicial Approvals.</catch_line><url>/12.24/</url><token>12.24</token></unit><unit id="546"><structure_id>20</structure_id><section_number>12.24.1</section_number><catch_line>Land Use Determination By City Planning Commission.</catch_line><url>/12.24.1/</url><token>12.24.1</token></unit><unit id="1889"><structure_id>20</structure_id><section_number>12.25</section_number><catch_line>Time Limitations.</catch_line><url>/12.25/</url><token>12.25</token></unit><unit id="2902"><structure_id>20</structure_id><section_number>12.26</section_number><catch_line>Department Of Building And Safety.</catch_line><url>/12.26/</url><token>12.26</token></unit><unit id="2923"><structure_id>20</structure_id><section_number>12.27</section_number><catch_line>Variances.</catch_line><url>/12.27/</url><token>12.27</token></unit><unit id="799"><structure_id>20</structure_id><section_number>12.27.1</section_number><catch_line>Administrative Nuisance Abatement Proceedings.</catch_line><url>/12.27.1/</url><token>12.27.1</token></unit><unit id="4040"><structure_id>20</structure_id><section_number>12.28</section_number><catch_line>Adjustments And Slight Modifications.</catch_line><url>/12.28/</url><token>12.28</token></unit><unit id="2103"><structure_id>20</structure_id><section_number>12.29</section_number><catch_line>Violation Of Conditions &#x2013; Penalty.</catch_line><url>/12.29/</url><token>12.29</token></unit><unit id="339"><structure_id>20</structure_id><section_number>12.30</section_number><catch_line>Boundaries Of Zones.</catch_line><url>/12.30/</url><token>12.30</token></unit><unit id="1073"><structure_id>20</structure_id><section_number>12.31</section_number><catch_line>Interpretation &#x2013; Purpose &#x2013; Conflict.</catch_line><url>/12.31/</url><token>12.31</token></unit><unit id="3171"><structure_id>20</structure_id><section_number>12.32</section_number><catch_line>Land Use Legislative Actions.</catch_line><url>/12.32/</url><token>12.32</token></unit><unit id="511"><structure_id>20</structure_id><section_number>12.33</section_number><catch_line>Dedication Of Land Or Payment For Park And Recreational Facilities As A Requirement For A Zone Change For A Multiple Residential Use In Any Multiple Residential Or Commercial Zone.</catch_line><url>/12.33/</url><token>12.33</token></unit><unit id="1730"><structure_id>20</structure_id><section_number>12.34</section_number><catch_line>Application Of Provisions.</catch_line><url>/12.34/</url><token>12.34</token></unit><unit id="3843"><structure_id>20</structure_id><section_number>12.35</section_number><catch_line>Zoning Of Annexed Or Unzoned Areas.</catch_line><url>/12.35/</url><token>12.35</token></unit><unit id="1352"><structure_id>20</structure_id><section_number>12.36</section_number><catch_line>Projects Requiring Multiple Approvals.(Charter &#xA7; 564).</catch_line><url>/12.36/</url><token>12.36</token></unit><unit id="1765"><structure_id>20</structure_id><section_number>12.37</section_number><catch_line>Highway And Collector Street Dedication And Improvement.</catch_line><url>/12.37/</url><token>12.37</token></unit><unit id="2301"><structure_id>20</structure_id><section_number>12.38</section_number><catch_line>Dedication Of Streets By Long Term Leases.</catch_line><url>/12.38/</url><token>12.38</token></unit><unit id="2657"><structure_id>20</structure_id><section_number>12.39</section_number><catch_line>Low And Moderate Housing.</catch_line><url>/12.39/</url><token>12.39</token></unit><unit id="1295"><structure_id>20</structure_id><section_number>12.40</section_number><catch_line>Landscape - General Requirements.</catch_line><url>/12.40/</url><token>12.40</token></unit><unit id="2364"><structure_id>20</structure_id><section_number>12.41</section_number><catch_line>Landscape - Water Management.</catch_line><url>/12.41/</url><token>12.41</token></unit><unit id="2169"><structure_id>20</structure_id><section_number>12.42</section_number><catch_line>Landscape.</catch_line><url>/12.42/</url><token>12.42</token></unit><unit id="4030"><structure_id>20</structure_id><section_number>12.43</section_number><catch_line>Source Reduction Of Waste.</catch_line><url>/12.43/</url><token>12.43</token></unit><unit id="1485"><structure_id>20</structure_id><section_number>12.50</section_number><catch_line>Airport Approach Zoning Regulations.</catch_line><url>/12.50/</url><token>12.50</token></unit><unit id="1328"><structure_id>20</structure_id><section_number>12.70</section_number><catch_line>Adult Entertainment Zoning.</catch_line><url>/12.70/</url><token>12.70</token></unit><unit id="481"><structure_id>20</structure_id><section_number>12.80</section_number><catch_line>Homeless Shelters - Emergencies - Government Owned And Leased Property.</catch_line><url>/12.80/</url><token>12.80</token></unit><unit id="737"><structure_id>20</structure_id><section_number>12.81</section_number><catch_line>Homeless Shelters - Emergencies - Charitable
Organizations.</catch_line><url>/12.81/</url><token>12.81</token></unit></structure_contents><next_section id="1579"><structure_id>20</structure_id><section_number>12.17</section_number><catch_line>&#x201C;C5&#x201D; Commercial Zone.</catch_line><url>/12.17/</url><token>12.17</token></next_section><metadata></metadata><references></references><url>/12.16.3/</url><token>12.16.3</token><formats><txt>/12.16.3.txt</txt><json>/12.16.3.xml</json></formats><dublin_core><Title>Lased Los Angeles Sports And Entertainment District Specific Plan Zone.</Title><Type>Text</Type><Format>text/html</Format><Identifier>&#xA7; 12.16.3</Identifier><Relation>Los Angeles Municipal Code</Relation></dublin_core><plain_text>                            LOS ANGELES MUNICIPAL CODE

LASED LOS ANGELES SPORTS AND ENTERTAINMENT DISTRICT SPECIFIC PLAN ZONE. (&#xA7;
12.16.3)

&#xA0; LASED LOS ANGELES SPORTS AND ENTERTAINMENT DISTRICT SPECIFIC PLAN ZONE.
	(Added by Ord. No. 174,225, Eff. 10/13/01.)	The following regulations shall
apply in the &#x201C;LASED&#x201D; Los Angeles Sports and Entertainment District Specific
Plan Zone:	A.	Purpose.&#xA0; The purposes set forth in the Los Angeles Sports and
Entertainment District Specific Plan Ordinance are incorporated by this
reference into these regulations.	B.	Use.&#xA0; No building, structure or land shall
be used and no building or structure shall be erected, structurally altered,
enlarged or maintained, except as permitted by the Los Angeles Sports and
Entertainment District Specific Plan Ordinance.	C.	Area.&#xA0; No building or
structure, nor the enlargement of any building or structure, shall be erected or
maintained unless the requirements of the Los Angeles Sports and Entertainment
District Specific Plan Ordinance are met and maintained in connection with the
building, structure or enlargement.
</plain_text><html>
					&lt;section&gt;&lt;p&gt;&#xA0; LASED LOS ANGELES SPORTS AND ENTERTAINMENT DISTRICT SPECIFIC PLAN ZONE.
	(Added by Ord. No. 174,225, Eff. 10/13/01.)&lt;br /&gt;&lt;br /&gt;	The following regulations shall apply in the &#x201C;LASED&#x201D; Los Angeles Sports and Entertainment District Specific Plan Zone:&lt;br /&gt;&lt;br /&gt;	A.	Purpose.&#xA0; The purposes set forth in the Los Angeles Sports and Entertainment District Specific Plan &lt;span class="dictionary"&gt;Ordinance&lt;/span&gt; are incorporated by this reference into these regulations.&lt;br /&gt;&lt;br /&gt;	B.	Use.&#xA0; No building, structure or land shall be used and no building or structure shall be erected, structurally altered, enlarged or maintained, except as permitted by the Los Angeles Sports and Entertainment District Specific Plan &lt;span class="dictionary"&gt;Ordinance&lt;/span&gt;.&lt;br /&gt;&lt;br /&gt;	C.	Area.&#xA0; No building or structure, nor the enlargement of any building or structure, shall be erected or maintained unless the requirements of the Los Angeles Sports and Entertainment District Specific Plan &lt;span class="dictionary"&gt;Ordinance&lt;/span&gt; are met and maintained in connection with the building, structure or enlargement.&lt;/p&gt;&lt;/section&gt;</html><previous_section id="1075"><structure_id>20</structure_id><section_number>12.16.2</section_number><catch_line>Adp Alameda District Specific Plan Zone.</catch_line><url>/12.16.2/</url><token>12.16.2</token></previous_section><text><unit id="262" prefix=""><text>&#xA0; LASED LOS ANGELES SPORTS AND ENTERTAINMENT DISTRICT SPECIFIC PLAN ZONE.
	(Added by Ord. No. 174,225, Eff. 10/13/01.)	The following regulations shall apply in the &#x201C;LASED&#x201D; Los Angeles Sports and Entertainment District Specific Plan Zone:	A.	Purpose.&#xA0; The purposes set forth in the Los Angeles Sports and Entertainment District Specific Plan Ordinance are incorporated by this reference into these regulations.	B.	Use.&#xA0; No building, structure or land shall be used and no building or structure shall be erected, structurally altered, enlarged or maintained, except as permitted by the Los Angeles Sports and Entertainment District Specific Plan Ordinance.	C.	Area.&#xA0; No building or structure, nor the enlargement of any building or structure, shall be erected or maintained unless the requirements of the Los Angeles Sports and Entertainment District Specific Plan Ordinance are met and maintained in connection with the building, structure or enlargement.</text><type>section</type><prefixes><unit></unit></prefixes><entire_prefix></entire_prefix><prefix_anchor></prefix_anchor><level>1</level></unit></text></law>
