<?xml version="1.0"?>
<law><section_number>12.30</section_number><edition_id>1</edition_id><section_id>339</section_id><structure_id>20</structure_id><catch_line>Boundaries Of Zones.</catch_line><history></history><full_text>&#xA0; BOUNDARIES OF ZONES.
	(Amended by Ord. No. 173,268, Eff. 7/1/00, Oper. 7/1/00.)

	A.	Purpose.&#xA0; It is intended that zone and height district boundaries coincide with street, alley, or lot lines, unless otherwise shown on the zoning map.&#xA0; However, under certain conditions, zone boundaries do not precisely coincide with street, alley, or lot lines and in those cases, the Director shall make adjustments pursuant to this section.&#xA0; Boundary adjustments are normally requested in contemplation of more extensive development of the property involved.&#xA0; In connection with those plans, standard street dedication is essential.&#xA0; Therefore, the following procedure is necessary to be established so that standard dedication and improvement of streets and alleys abutting the subject property may be required, where reasonable, as a prerequisite to the approval of the zone boundary adjustment.

	B.	Street, Alley or Lot Lines.&#xA0; The zone boundaries shall be either street, alley or lot lines unless otherwise shown on the zoning map, and where the indicated boundaries on the zoning map are approximately street, alley or lot lines, the street, alley or lot lines shall be construed to be the boundaries of those zones.

	C.	Scale on Map.&#xA0; Where the zone boundary lines are not approximately street alley or lot lines, or where property indicated on the zoning map is acreage and not subdivided into lots and blocks, the zone boundary lines on the zoning map shall be determined by the scale contained on the map.

	D.	Symbol for Zone.&#xA0; Where one symbol is used on the zoning map to indicate the zone classification of an area divided by an alley or alleys, that symbol shall establish the classification of the whole of that area.

	E.	Street or Right of Way &#x2013; Allocation or Division.&#xA0; A street, alley, railroad or railway right-of-way, watercourse, channel or body of water, included on the zoning map shall, unless otherwise indicated, be included within the zones of adjoining property on either side of the street, alley, railroad or railway right-of-way, watercourse, channel or body of water; and where the street, alley, right-of-way, watercourse, channel or body of water, serves as a boundary between two or more different zones, a line midway in the street, alley, right-of-way, watercourse, channel or body of water, and extending in the general direction of its long dimension shall be considered the boundary between zones.

	F.	Vacated Street or Alley.&#xA0; In the event a dedicated street or alley shown on the zoning map is vacated by ordinance, the property formerly in the street or alley shall be included within the zone of the adjoining property on either side of the vacated street or alley.&#xA0; In the event the street or alley was a zone boundary between two or more different zones, the new zone boundary shall be the former center line of the vacated street or alley.

	G.	Individual Adjustments.&#xA0; The Director may, upon written request and after notice and hearing to the owners of the property affected by the proposed decision, make minor adjustments in the location of zone boundaries to carry out the intent of this section when:

	1.	Property as shown on the zoning map was in acreage but has been subsequently divided or approved for division into parcels or lots and blocks by a parcel map or final tract map and the parcel or lot and block arrangement does not conform to that anticipated when the zone boundaries were established;

	2.	Property was redivided or approved for redivision by a parcel or final tract map into a different arrangement of lots and blocks than indicated on the zoning map; or

	3.	A lot which was of record in the Los Angeles County Recorder&#x2019;s Office on July 30, 1962, and which was on that date and is, at the time the request is made, in two different zones as determined by scaling the zoning map and where there is nothing apparent on the map to indicate that the zone boundary line should be retained in its scaled location.&#xA0; Where uncertainty exists in applying the provisions of this section or where revision is necessary to correct dimensional or mapping errors the Director may, upon his or her own initiative, or upon the request of the Planning Department staff, determine the location of the zone boundary lines by written decision.&#xA0; Zone boundary adjustments permitted pursuant to this subsection shall be limited to a distance of no more than 50 feet.&#xA0; When the adjustment is requested prior to recordation because of a situation arising as described in Subdivisions 1 and 2 of this subsection the Director&#x2019;s decision shall not become effective until after the parcel map or final tract map has been recorded with the Office of the County Recorder.

	H.	Director Decision.&#xA0; Whenever the public necessity, convenience, general welfare or good zoning practice justify the action, the Director may approve, conditionally approve or deny any zone boundary adjustment.&#xA0; The Director may impose any conditions he or she deems appropriate to mitigate the negative impacts created by the development made possible by a zone boundary adjustment.&#xA0; One of the conditions may require that the abutting streets, alleys or highways be dedicated and improved in conformance with the standards for improvement of streets, alleys and highways, if the Director determines that traffic on the abutting streets, alleys or highways will be increased or impeded as a result of the zone boundary adjustment.&#xA0; However, an offer to dedicate and/or filing of a bond in conformance with the procedures set forth in Section 12.37C and D of this Code shall be construed as compliance with these requirements.&#xA0; The zoning map in the City Planning Department shall be made to conform with the Director&#x2019;s decision after the conditions imposed, if any, by the Director have been fulfilled.

	I.	Maps.&#xA0; A reproducible map shall accompany each application for boundary adjustments.&#xA0; This map shall be legibly drawn using a scale of 100 feet or 200 feet to the inch and in addition to data the Director may require in order to make a proper decision on the request for boundary adjustment, the map shall clearly show the following:

	1.	The dimensions and legal description of the parcel, the existing zone lines and the distance from the parcel to the nearest cross street; and

	2.	The abutting streets, alleys and highways and their dedicated width.

	J.	Height Districts.&#xA0; The procedure provided for in this section for the decisions on boundaries of zones shall also be followed in deciding boundaries of height districts.

	K.	Adjustment of C or M and P or PB Zone Boundaries.

	1.	Where a combination of C or M and P or PB Zones has been established on a lot, the Director may, upon written request from the owner of the property involved, adjust the boundary between the C or M Zone and the P or PB Zone, provided that the C or M Zone is not increased in area and that no portion of the C or M Zone is adjusted to within 50 feet of a street, center line of an alley or an A or R Zone, except that the C or M Zone may be as close to any particular street, alley center line or lot line in an A or R Zone as it was prior to the adjustment of the boundary.&#xA0; This exception shall not apply to a lot or portion of a lot in the C or M Zone which is less than 250 square feet.

	2.	Appeal &#x2013; Form and Contents &#x2013; Filing Fee.&#xA0; An applicant or any other person aggrieved by a decision of the Director of Planning made relative to the boundaries of these zones, may appeal the decision to the Area Planning Commission.&#xA0; That appeal shall be in writing upon forms provided by the Department of City Planning and shall be accompanied by a fee as set forth in Section 19.01B.&#xA0; The appeal shall set forth specifically the basis of the appeal and the reasons why the decision should be reversed or modified.&#xA0; The appeal shall be filed within 15 days from the date of mailing of the Director&#x2019;s decision.</full_text><order_by>30</order_by><ancestry><unit id="20" label="article"><name>Specific Planning &#x2013; Zoning
Comprehensive Zoning Plan</name><identifier>2</identifier><url>/1/2/</url></unit><unit id="7" label="chapter"><name>General Provisions and Zoning</name><identifier>1</identifier><url>/1/</url></unit></ancestry><structure_contents><unit id="3095"><structure_id>20</structure_id><section_number>12.00</section_number><catch_line>Title.</catch_line><url>/12.00/</url><token>12.00</token></unit><unit id="1517"><structure_id>20</structure_id><section_number>12.01</section_number><catch_line>Continuation Of Existing Regulations.</catch_line><url>/12.01/</url><token>12.01</token></unit><unit id="1627"><structure_id>20</structure_id><section_number>12.02</section_number><catch_line>Purpose.</catch_line><url>/12.02/</url><token>12.02</token></unit><unit id="2312"><structure_id>20</structure_id><section_number>12.03</section_number><catch_line>Definitions.</catch_line><url>/12.03/</url><token>12.03</token></unit><unit id="3734"><structure_id>20</structure_id><section_number>12.04</section_number><catch_line>Zones - Districts - Symbols.</catch_line><url>/12.04/</url><token>12.04</token></unit><unit id="1459"><structure_id>20</structure_id><section_number>12.04.01</section_number><catch_line>Violations Of Specific Plans.</catch_line><url>/12.04.01/</url><token>12.04.01</token></unit><unit id="1812"><structure_id>20</structure_id><section_number>12.04.05</section_number><catch_line>&#x201C;Os&#x201D; Open Space Zone.</catch_line><url>/12.04.05/</url><token>12.04.05</token></unit><unit id="4037"><structure_id>20</structure_id><section_number>12.04.09</section_number><catch_line>&#x201C;Pf&#x201D; Public Facilities Zone.</catch_line><url>/12.04.09/</url><token>12.04.09</token></unit><unit id="3058"><structure_id>20</structure_id><section_number>12.05</section_number><catch_line>&#x201C;A1&#x201D; Agriculture Zone.</catch_line><url>/12.05/</url><token>12.05</token></unit><unit id="1807"><structure_id>20</structure_id><section_number>12.06</section_number><catch_line>&#x201C;A2&#x201D; Agricultural Zone.</catch_line><url>/12.06/</url><token>12.06</token></unit><unit id="2434"><structure_id>20</structure_id><section_number>12.07</section_number><catch_line>&#x201C;Ra&#x201D; Suburban Zone.</catch_line><url>/12.07/</url><token>12.07</token></unit><unit id="833"><structure_id>20</structure_id><section_number>12.07.01</section_number><catch_line>&#x201C;Re&#x201D; Residential Estate Zone.</catch_line><url>/12.07.01/</url><token>12.07.01</token></unit><unit id="3662"><structure_id>20</structure_id><section_number>12.07.1</section_number><catch_line>&#x201C;Rs&#x201D; Suburban Zone.</catch_line><url>/12.07.1/</url><token>12.07.1</token></unit><unit id="1550"><structure_id>20</structure_id><section_number>12.08</section_number><catch_line>&#x201C;R1&#x201D; One-Family Zone.</catch_line><url>/12.08/</url><token>12.08</token></unit><unit id="1455"><structure_id>20</structure_id><section_number>12.08.1</section_number><catch_line>Ru Residential Urban Zone.</catch_line><url>/12.08.1/</url><token>12.08.1</token></unit><unit id="1635"><structure_id>20</structure_id><section_number>12.08.3</section_number><catch_line>Rz Residential Zero Side Yard Zone.</catch_line><url>/12.08.3/</url><token>12.08.3</token></unit><unit id="504"><structure_id>20</structure_id><section_number>12.08.5</section_number><catch_line>&#x201C;Rw1&#x201D; Residential Waterways Zone.</catch_line><url>/12.08.5/</url><token>12.08.5</token></unit><unit id="2976"><structure_id>20</structure_id><section_number>12.09</section_number><catch_line>&#x201C;R2&#x201D; Two-Family Zone.</catch_line><url>/12.09/</url><token>12.09</token></unit><unit id="3015"><structure_id>20</structure_id><section_number>12.09.1</section_number><catch_line>&#x201C;Rd&#x201D; Restricted Density Multiple Dwelling Zone.</catch_line><url>/12.09.1/</url><token>12.09.1</token></unit><unit id="3789"><structure_id>20</structure_id><section_number>12.09.3</section_number><catch_line>&#x201C;Rmp&#x201D; Mobilehome Park Zone.</catch_line><url>/12.09.3/</url><token>12.09.3</token></unit><unit id="3264"><structure_id>20</structure_id><section_number>12.09.5</section_number><catch_line>&#x201C;Rw2&#x201D; Residential Waterways Zone.</catch_line><url>/12.09.5/</url><token>12.09.5</token></unit><unit id="1735"><structure_id>20</structure_id><section_number>12.10</section_number><catch_line>&#x201C;R3&#x201D; Multiple Dwelling Zone.</catch_line><url>/12.10/</url><token>12.10</token></unit><unit id="2343"><structure_id>20</structure_id><section_number>12.10.5</section_number><catch_line>Ras3 Residential/Accessory Services Zone Purpose Statement.</catch_line><url>/12.10.5/</url><token>12.10.5</token></unit><unit id="621"><structure_id>20</structure_id><section_number>12.11</section_number><catch_line>&#x201C;R4&#x201D; Multiple Dwelling Zone.</catch_line><url>/12.11/</url><token>12.11</token></unit><unit id="1231"><structure_id>20</structure_id><section_number>12.11.5</section_number><catch_line>Ras4 Residential/Accessory Services Zone Purpose Statement.</catch_line><url>/12.11.5/</url><token>12.11.5</token></unit><unit id="1666"><structure_id>20</structure_id><section_number>12.12</section_number><catch_line>&#x201C;R5&#x201D; Multiple Dwelling Zone.</catch_line><url>/12.12/</url><token>12.12</token></unit><unit id="601"><structure_id>20</structure_id><section_number>12.12.1</section_number><catch_line>&#x201C;P&#x201D; Automobile Parking Zone.</catch_line><url>/12.12.1/</url><token>12.12.1</token></unit><unit id="286"><structure_id>20</structure_id><section_number>12.12.1.5</section_number><catch_line>&#x201C;Pb&#x201D; Parking Building Zone.*</catch_line><url>/12.12.1.5/</url><token>12.12.1.5</token></unit><unit id="2454"><structure_id>20</structure_id><section_number>12.12.2</section_number><catch_line>&#x201C;Cr&#x201D; Limited Commercial Zone.</catch_line><url>/12.12.2/</url><token>12.12.2</token></unit><unit id="3444"><structure_id>20</structure_id><section_number>12.13</section_number><catch_line>&#x201C;C1&#x201D; Limited Commercial Zone.</catch_line><url>/12.13/</url><token>12.13</token></unit><unit id="2973"><structure_id>20</structure_id><section_number>12.13.5</section_number><catch_line>&#x201C;C1.5&#x201D; Limited Commercial Zone</catch_line><url>/12.13.5/</url><token>12.13.5</token></unit><unit id="156"><structure_id>20</structure_id><section_number>12.14</section_number><catch_line>&#x201C;C2&#x201D; Commercial Zone.</catch_line><url>/12.14/</url><token>12.14</token></unit><unit id="1739"><structure_id>20</structure_id><section_number>12.16</section_number><catch_line>&#x201C;C4&#x201D;Commercial Zone.</catch_line><url>/12.16/</url><token>12.16</token></unit><unit id="24"><structure_id>20</structure_id><section_number>12.16.1</section_number><catch_line>&#x201C;Cw&#x201D; Central City West Specific Plan Zone.</catch_line><url>/12.16.1/</url><token>12.16.1</token></unit><unit id="1075"><structure_id>20</structure_id><section_number>12.16.2</section_number><catch_line>Adp Alameda District Specific Plan Zone.</catch_line><url>/12.16.2/</url><token>12.16.2</token></unit><unit id="265"><structure_id>20</structure_id><section_number>12.16.3</section_number><catch_line>Lased Los Angeles Sports And Entertainment District Specific Plan Zone.</catch_line><url>/12.16.3/</url><token>12.16.3</token></unit><unit id="1579"><structure_id>20</structure_id><section_number>12.17</section_number><catch_line>&#x201C;C5&#x201D; Commercial Zone.</catch_line><url>/12.17/</url><token>12.17</token></unit><unit id="2695"><structure_id>20</structure_id><section_number>12.17.1</section_number><catch_line>&#x201C;Cm&#x201D; Commercial Manufacturing Zone.</catch_line><url>/12.17.1/</url><token>12.17.1</token></unit><unit id="2925"><structure_id>20</structure_id><section_number>12.17.2</section_number><catch_line>&#x201C;Cm(Gm)&#x201D;Commercial Manufacturing (Glencoe/Maxella) Specific Plan Zone.</catch_line><url>/12.17.2/</url><token>12.17.2</token></unit><unit id="1704"><structure_id>20</structure_id><section_number>12.17.5</section_number><catch_line>&#x201C;Mr1&#x201D; Restricted Industrial Zone.</catch_line><url>/12.17.5/</url><token>12.17.5</token></unit><unit id="383"><structure_id>20</structure_id><section_number>12.17.5.5</section_number><catch_line>&#x201C;Ccs&#x201D; Century City South Specific Plan Studio Zone.</catch_line><url>/12.17.5.5/</url><token>12.17.5.5</token></unit><unit id="1032"><structure_id>20</structure_id><section_number>12.17.6</section_number><catch_line>&#x201C;M1&#x201D; Limited Industrial Zone.</catch_line><url>/12.17.6/</url><token>12.17.6</token></unit><unit id="65"><structure_id>20</structure_id><section_number>12.18</section_number><catch_line>&#x201C;Mr2&#x201D; Restricted Light Industrial Zone.</catch_line><url>/12.18/</url><token>12.18</token></unit><unit id="2426"><structure_id>20</structure_id><section_number>12.18.1</section_number><catch_line>&#x201C;Wc&#x201D; Warner Center Specific Plan Zone.</catch_line><url>/12.18.1/</url><token>12.18.1</token></unit><unit id="1290"><structure_id>20</structure_id><section_number>12.19</section_number><catch_line>&#x201C;M2&#x201D; Light Industrial Zone.</catch_line><url>/12.19/</url><token>12.19</token></unit><unit id="1435"><structure_id>20</structure_id><section_number>12.19.1</section_number><catch_line>Lax Los Angeles International Airport Zone.</catch_line><url>/12.19.1/</url><token>12.19.1</token></unit><unit id="3523"><structure_id>20</structure_id><section_number>12.20</section_number><catch_line>&#x201C;M3&#x201D; Heavy Industrial Zone.</catch_line><url>/12.20/</url><token>12.20</token></unit><unit id="3019"><structure_id>20</structure_id><section_number>12.20.1</section_number><catch_line>Sl Ocean &#x2013; Submerged Land Zone.</catch_line><url>/12.20.1/</url><token>12.20.1</token></unit><unit id="3360"><structure_id>20</structure_id><section_number>12.20.2</section_number><catch_line>Coastal Development Permits (Prior To Certification Of The Local Coastal Program.)</catch_line><url>/12.20.2/</url><token>12.20.2</token></unit><unit id="2874"><structure_id>20</structure_id><section_number>12.20.2.1</section_number><catch_line>Coastal Development Permit Procedures After Certification Of The Local Coastal Program.</catch_line><url>/12.20.2.1/</url><token>12.20.2.1</token></unit><unit id="2479"><structure_id>20</structure_id><section_number>12.20.3</section_number><catch_line>&#x201C;Hp&#x201D; Historic Preservation Overlay Zone.</catch_line><url>/12.20.3/</url><token>12.20.3</token></unit><unit id="3236"><structure_id>20</structure_id><section_number>12.21.1</section_number><catch_line>Height Of Building Or Structures.</catch_line><url>/12.21.1/</url><token>12.21.1</token></unit><unit id="488"><structure_id>20</structure_id><section_number>12.21.2</section_number><catch_line>Height Of Buildings Or Structures In Century City.</catch_line><url>/12.21.2/</url><token>12.21.2</token></unit><unit id="2253"><structure_id>20</structure_id><section_number>12.21.3</section_number><catch_line>Height Of Buildings Or Structures In Community Redevelopment Plan Areas.</catch_line><url>/12.21.3/</url><token>12.21.3</token></unit><unit id="3709"><structure_id>20</structure_id><section_number>12.21.4</section_number><catch_line>Height Of Buildings Or Structures In Enterprise Zones.</catch_line><url>/12.21.4/</url><token>12.21.4</token></unit><unit id="605"><structure_id>20</structure_id><section_number>12.21.5</section_number><catch_line>Height Of Buildings Or Structures In Centers Study Areas.</catch_line><url>/12.21.5/</url><token>12.21.5</token></unit><unit id="1399"><structure_id>20</structure_id><section_number>12.22</section_number><catch_line>Exceptions.</catch_line><url>/12.22/</url><token>12.22</token></unit><unit id="2993"><structure_id>20</structure_id><section_number>12.22.1</section_number><catch_line>Safer Sex.</catch_line><url>/12.22.1/</url><token>12.22.1</token></unit><unit id="3237"><structure_id>20</structure_id><section_number>12.23</section_number><catch_line>Nonconforming Building And Uses.</catch_line><url>/12.23/</url><token>12.23</token></unit><unit id="1191"><structure_id>20</structure_id><section_number>12.24</section_number><catch_line>Conditional Use Permits And Other Similar Quasi-Judicial Approvals.</catch_line><url>/12.24/</url><token>12.24</token></unit><unit id="546"><structure_id>20</structure_id><section_number>12.24.1</section_number><catch_line>Land Use Determination By City Planning Commission.</catch_line><url>/12.24.1/</url><token>12.24.1</token></unit><unit id="1889"><structure_id>20</structure_id><section_number>12.25</section_number><catch_line>Time Limitations.</catch_line><url>/12.25/</url><token>12.25</token></unit><unit id="2902"><structure_id>20</structure_id><section_number>12.26</section_number><catch_line>Department Of Building And Safety.</catch_line><url>/12.26/</url><token>12.26</token></unit><unit id="2923"><structure_id>20</structure_id><section_number>12.27</section_number><catch_line>Variances.</catch_line><url>/12.27/</url><token>12.27</token></unit><unit id="799"><structure_id>20</structure_id><section_number>12.27.1</section_number><catch_line>Administrative Nuisance Abatement Proceedings.</catch_line><url>/12.27.1/</url><token>12.27.1</token></unit><unit id="4040"><structure_id>20</structure_id><section_number>12.28</section_number><catch_line>Adjustments And Slight Modifications.</catch_line><url>/12.28/</url><token>12.28</token></unit><unit id="2103"><structure_id>20</structure_id><section_number>12.29</section_number><catch_line>Violation Of Conditions &#x2013; Penalty.</catch_line><url>/12.29/</url><token>12.29</token></unit><unit id="339"><structure_id>20</structure_id><section_number>12.30</section_number><catch_line>Boundaries Of Zones.</catch_line><url>/12.30/</url><token>12.30</token></unit><unit id="1073"><structure_id>20</structure_id><section_number>12.31</section_number><catch_line>Interpretation &#x2013; Purpose &#x2013; Conflict.</catch_line><url>/12.31/</url><token>12.31</token></unit><unit id="3171"><structure_id>20</structure_id><section_number>12.32</section_number><catch_line>Land Use Legislative Actions.</catch_line><url>/12.32/</url><token>12.32</token></unit><unit id="511"><structure_id>20</structure_id><section_number>12.33</section_number><catch_line>Dedication Of Land Or Payment For Park And Recreational Facilities As A Requirement For A Zone Change For A Multiple Residential Use In Any Multiple Residential Or Commercial Zone.</catch_line><url>/12.33/</url><token>12.33</token></unit><unit id="1730"><structure_id>20</structure_id><section_number>12.34</section_number><catch_line>Application Of Provisions.</catch_line><url>/12.34/</url><token>12.34</token></unit><unit id="3843"><structure_id>20</structure_id><section_number>12.35</section_number><catch_line>Zoning Of Annexed Or Unzoned Areas.</catch_line><url>/12.35/</url><token>12.35</token></unit><unit id="1352"><structure_id>20</structure_id><section_number>12.36</section_number><catch_line>Projects Requiring Multiple Approvals.(Charter &#xA7; 564).</catch_line><url>/12.36/</url><token>12.36</token></unit><unit id="1765"><structure_id>20</structure_id><section_number>12.37</section_number><catch_line>Highway And Collector Street Dedication And Improvement.</catch_line><url>/12.37/</url><token>12.37</token></unit><unit id="2301"><structure_id>20</structure_id><section_number>12.38</section_number><catch_line>Dedication Of Streets By Long Term Leases.</catch_line><url>/12.38/</url><token>12.38</token></unit><unit id="2657"><structure_id>20</structure_id><section_number>12.39</section_number><catch_line>Low And Moderate Housing.</catch_line><url>/12.39/</url><token>12.39</token></unit><unit id="1295"><structure_id>20</structure_id><section_number>12.40</section_number><catch_line>Landscape - General Requirements.</catch_line><url>/12.40/</url><token>12.40</token></unit><unit id="2364"><structure_id>20</structure_id><section_number>12.41</section_number><catch_line>Landscape - Water Management.</catch_line><url>/12.41/</url><token>12.41</token></unit><unit id="2169"><structure_id>20</structure_id><section_number>12.42</section_number><catch_line>Landscape.</catch_line><url>/12.42/</url><token>12.42</token></unit><unit id="4030"><structure_id>20</structure_id><section_number>12.43</section_number><catch_line>Source Reduction Of Waste.</catch_line><url>/12.43/</url><token>12.43</token></unit><unit id="1485"><structure_id>20</structure_id><section_number>12.50</section_number><catch_line>Airport Approach Zoning Regulations.</catch_line><url>/12.50/</url><token>12.50</token></unit><unit id="1328"><structure_id>20</structure_id><section_number>12.70</section_number><catch_line>Adult Entertainment Zoning.</catch_line><url>/12.70/</url><token>12.70</token></unit><unit id="481"><structure_id>20</structure_id><section_number>12.80</section_number><catch_line>Homeless Shelters - Emergencies - Government Owned And Leased Property.</catch_line><url>/12.80/</url><token>12.80</token></unit><unit id="737"><structure_id>20</structure_id><section_number>12.81</section_number><catch_line>Homeless Shelters - Emergencies - Charitable
Organizations.</catch_line><url>/12.81/</url><token>12.81</token></unit></structure_contents><next_section id="1073"><structure_id>20</structure_id><section_number>12.31</section_number><catch_line>Interpretation &#x2013; Purpose &#x2013; Conflict.</catch_line><url>/12.31/</url><token>12.31</token></next_section><metadata></metadata><references></references><url>/12.30/</url><token>12.30</token><formats><txt>/12.30.txt</txt><json>/12.30.xml</json></formats><dublin_core><Title>Boundaries Of Zones.</Title><Type>Text</Type><Format>text/html</Format><Identifier>&#xA7; 12.30</Identifier><Relation>Los Angeles Municipal Code</Relation></dublin_core><plain_text>                            LOS ANGELES MUNICIPAL CODE

BOUNDARIES OF ZONES. (&#xA7; 12.30)

&#xA0; BOUNDARIES OF ZONES.
	(Amended by Ord. No. 173,268, Eff. 7/1/00, Oper. 7/1/00.)	A.	Purpose.&#xA0; It is
intended that zone and height district boundaries coincide with street, alley,
or lot lines, unless otherwise shown on the zoning map.&#xA0; However, under certain
conditions, zone boundaries do not precisely coincide with street, alley, or lot
lines and in those cases, the Director shall make adjustments pursuant to this
section.&#xA0; Boundary adjustments are normally requested in contemplation of more
extensive development of the property involved.&#xA0; In connection with those
plans, standard street dedication is essential.&#xA0; Therefore, the following
procedure is necessary to be established so that standard dedication and
improvement of streets and alleys abutting the subject property may be required,
where reasonable, as a prerequisite to the approval of the zone boundary
adjustment.	B.	Street, Alley or Lot Lines.&#xA0; The zone boundaries shall be either
street, alley or lot lines unless otherwise shown on the zoning map, and where
the indicated boundaries on the zoning map are approximately street, alley or
lot lines, the street, alley or lot lines shall be construed to be the
boundaries of those zones.	C.	Scale on Map.&#xA0; Where the zone boundary lines are
not approximately street alley or lot lines, or where property indicated on the
zoning map is acreage and not subdivided into lots and blocks, the zone boundary
lines on the zoning map shall be determined by the scale contained on the
map.	D.	Symbol for Zone.&#xA0; Where one symbol is used on the zoning map to
indicate the zone classification of an area divided by an alley or alleys, that
symbol shall establish the classification of the whole of that area.	E.	Street
or Right of Way &#x2013; Allocation or Division.&#xA0; A street, alley, railroad or
railway right-of-way, watercourse, channel or body of water, included on the
zoning map shall, unless otherwise indicated, be included within the zones of
adjoining property on either side of the street, alley, railroad or railway
right-of-way, watercourse, channel or body of water; and where the street,
alley, right-of-way, watercourse, channel or body of water, serves as a boundary
between two or more different zones, a line midway in the street, alley,
right-of-way, watercourse, channel or body of water, and extending in the
general direction of its long dimension shall be considered the boundary between
zones.	F.	Vacated Street or Alley.&#xA0; In the event a dedicated street or alley
shown on the zoning map is vacated by ordinance, the property formerly in the
street or alley shall be included within the zone of the adjoining property on
either side of the vacated street or alley.&#xA0; In the event the street or alley
was a zone boundary between two or more different zones, the new zone boundary
shall be the former center line of the vacated street or alley.	G.	Individual
Adjustments.&#xA0; The Director may, upon written request and after notice and
hearing to the owners of the property affected by the proposed decision, make
minor adjustments in the location of zone boundaries to carry out the intent of
this section when:	1.	Property as shown on the zoning map was in acreage but has
been subsequently divided or approved for division into parcels or lots and
blocks by a parcel map or final tract map and the parcel or lot and block
arrangement does not conform to that anticipated when the zone boundaries were
established;	2.	Property was redivided or approved for redivision by a parcel or
final tract map into a different arrangement of lots and blocks than indicated
on the zoning map; or	3.	A lot which was of record in the Los Angeles County
Recorder&#x2019;s Office on July 30, 1962, and which was on that date and is, at the
time the request is made, in two different zones as determined by scaling the
zoning map and where there is nothing apparent on the map to indicate that the
zone boundary line should be retained in its scaled location.&#xA0; Where
uncertainty exists in applying the provisions of this section or where revision
is necessary to correct dimensional or mapping errors the Director may, upon his
or her own initiative, or upon the request of the Planning Department staff,
determine the location of the zone boundary lines by written decision.&#xA0; Zone
boundary adjustments permitted pursuant to this subsection shall be limited to a
distance of no more than 50 feet.&#xA0; When the adjustment is requested prior to
recordation because of a situation arising as described in Subdivisions 1 and 2
of this subsection the Director&#x2019;s decision shall not become effective until
after the parcel map or final tract map has been recorded with the Office of the
County Recorder.	H.	Director Decision.&#xA0; Whenever the public necessity,
convenience, general welfare or good zoning practice justify the action, the
Director may approve, conditionally approve or deny any zone boundary
adjustment.&#xA0; The Director may impose any conditions he or she deems appropriate
to mitigate the negative impacts created by the development made possible by a
zone boundary adjustment.&#xA0; One of the conditions may require that the abutting
streets, alleys or highways be dedicated and improved in conformance with the
standards for improvement of streets, alleys and highways, if the Director
determines that traffic on the abutting streets, alleys or highways will be
increased or impeded as a result of the zone boundary adjustment.&#xA0; However, an
offer to dedicate and/or filing of a bond in conformance with the procedures set
forth in Section 12.37C and D of this Code shall be construed as compliance with
these requirements.&#xA0; The zoning map in the City Planning Department shall be
made to conform with the Director&#x2019;s decision after the conditions imposed, if
any, by the Director have been fulfilled.	I.	Maps.&#xA0; A reproducible map shall
accompany each application for boundary adjustments.&#xA0; This map shall be legibly
drawn using a scale of 100 feet or 200 feet to the inch and in addition to data
the Director may require in order to make a proper decision on the request for
boundary adjustment, the map shall clearly show the following:	1.	The dimensions
and legal description of the parcel, the existing zone lines and the distance
from the parcel to the nearest cross street; and	2.	The abutting streets, alleys
and highways and their dedicated width.	J.	Height Districts.&#xA0; The procedure
provided for in this section for the decisions on boundaries of zones shall also
be followed in deciding boundaries of height districts.	K.	Adjustment of C or M
and P or PB Zone Boundaries.	1.	Where a combination of C or M and P or PB Zones
has been established on a lot, the Director may, upon written request from the
owner of the property involved, adjust the boundary between the C or M Zone and
the P or PB Zone, provided that the C or M Zone is not increased in area and
that no portion of the C or M Zone is adjusted to within 50 feet of a street,
center line of an alley or an A or R Zone, except that the C or M Zone may be as
close to any particular street, alley center line or lot line in an A or R Zone
as it was prior to the adjustment of the boundary.&#xA0; This exception shall not
apply to a lot or portion of a lot in the C or M Zone which is less than 250
square feet.	2.	Appeal &#x2013; Form and Contents &#x2013; Filing Fee.&#xA0; An applicant or
any other person aggrieved by a decision of the Director of Planning made
relative to the boundaries of these zones, may appeal the decision to the Area
Planning Commission.&#xA0; That appeal shall be in writing upon forms provided by
the Department of City Planning and shall be accompanied by a fee as set forth
in Section 19.01B.&#xA0; The appeal shall set forth specifically the basis of the
appeal and the reasons why the decision should be reversed or modified.&#xA0; The
appeal shall be filed within 15 days from the date of mailing of the
Director&#x2019;s decision.
</plain_text><html>
					&lt;section&gt;&lt;p&gt;&#xA0; BOUNDARIES OF ZONES.
	(Amended by Ord. No. 173,268, Eff. 7/1/00, Oper. 7/1/00.)&lt;br /&gt;&lt;br /&gt;	A.	Purpose.&#xA0; It is intended that zone and height district boundaries coincide with street, alley, or lot lines, unless otherwise shown on the zoning map.&#xA0; However, under certain conditions, zone boundaries do not precisely coincide with street, alley, or lot lines and in those cases, the Director shall make adjustments pursuant to this section.&#xA0; Boundary adjustments are normally requested in contemplation of more extensive development of the property involved.&#xA0; In connection with those plans, standard street dedication is essential.&#xA0; Therefore, the following procedure is necessary to be established so that standard dedication and improvement of streets and alleys abutting the subject property may be required, where reasonable, as a prerequisite to the approval of the zone boundary adjustment.&lt;br /&gt;&lt;br /&gt;	B.	Street, Alley or Lot Lines.&#xA0; The zone boundaries shall be either street, alley or lot lines unless otherwise shown on the zoning map, and where the indicated boundaries on the zoning map are approximately street, alley or lot lines, the street, alley or lot lines shall be construed to be the boundaries of those zones.&lt;br /&gt;&lt;br /&gt;	C.	Scale on Map.&#xA0; Where the zone boundary lines are not approximately street alley or lot lines, or where property indicated on the zoning map is acreage and not subdivided into lots and blocks, the zone boundary lines on the zoning map shall be determined by the scale contained on the map.&lt;br /&gt;&lt;br /&gt;	D.	Symbol for Zone.&#xA0; Where one symbol is used on the zoning map to indicate the zone classification of an area divided by an alley or alleys, that symbol shall establish the classification of the whole of that area.&lt;br /&gt;&lt;br /&gt;	E.	Street or Right of Way &#x2013; Allocation or Division.&#xA0; A street, alley, railroad or railway right-of-way, watercourse, channel or body of water, included on the zoning map shall, unless otherwise indicated, be included within the zones of adjoining property on either side of the street, alley, railroad or railway right-of-way, watercourse, channel or body of water; and where the street, alley, right-of-way, watercourse, channel or body of water, serves as a boundary between two or more different zones, a line midway in the street, alley, right-of-way, watercourse, channel or body of water, and extending in the general direction of its long dimension shall be considered the boundary between zones.&lt;br /&gt;&lt;br /&gt;	F.	Vacated Street or Alley.&#xA0; In the event a dedicated street or alley shown on the zoning map is vacated by &lt;span class="dictionary"&gt;ordinance&lt;/span&gt;, the property formerly in the street or alley shall be included within the zone of the adjoining property on either side of the vacated street or alley.&#xA0; In the event the street or alley was a zone boundary between two or more different zones, the new zone boundary shall be the former center line of the vacated street or alley.&lt;br /&gt;&lt;br /&gt;	G.	Individual Adjustments.&#xA0; The Director may, upon written request and after notice and &lt;span class="dictionary"&gt;hearing&lt;/span&gt; to the owners of the property affected by the proposed decision, make &lt;span class="dictionary"&gt;minor&lt;/span&gt; adjustments in the location of zone boundaries to carry out the &lt;span class="dictionary"&gt;intent&lt;/span&gt; of this section when:&lt;br /&gt;&lt;br /&gt;	1.	Property as shown on the zoning map was in acreage but has been subsequently divided or approved for division into parcels or lots and blocks by a parcel map or final tract map and the parcel or lot and block arrangement does not conform to that anticipated when the zone boundaries were established;&lt;br /&gt;&lt;br /&gt;	2.	Property was redivided or approved for redivision by a parcel or final tract map into a different arrangement of lots and blocks than indicated on the zoning map; or&lt;br /&gt;&lt;br /&gt;	3.	A lot which was of record in the Los Angeles County Recorder&#x2019;s Office on July 30, 1962, and which was on that date and is, at the time the request is made, in two different zones as determined by scaling the zoning map and where there is nothing apparent on the map to indicate that the zone boundary line should be retained in its scaled location.&#xA0; Where uncertainty exists in applying the provisions of this section or where revision is necessary to correct dimensional or mapping errors the Director may, upon his or her own initiative, or upon the request of the Planning Department staff, determine the location of the zone boundary lines by written decision.&#xA0; Zone boundary adjustments permitted pursuant to this subsection shall be limited to a distance of no more than 50 feet.&#xA0; When the adjustment is requested prior to recordation because of a situation arising as described in Subdivisions 1 and 2 of this subsection the Director&#x2019;s decision shall not become effective until after the parcel map or final tract map has been recorded with the Office of the County Recorder.&lt;br /&gt;&lt;br /&gt;	H.	Director Decision.&#xA0; Whenever the public necessity, convenience, general welfare or good zoning practice justify the action, the Director may approve, conditionally approve or deny any zone boundary adjustment.&#xA0; The Director may impose any conditions he or she deems appropriate to mitigate the negative impacts created by the development made possible by a zone boundary adjustment.&#xA0; One of the conditions may require that the abutting streets, alleys or highways be dedicated and improved in conformance with the standards for improvement of streets, alleys and highways, if the Director determines that traffic on the abutting streets, alleys or highways will be increased or impeded as a result of the zone boundary adjustment.&#xA0; However, an offer to dedicate and/or filing of a &lt;span class="dictionary"&gt;bond&lt;/span&gt; in conformance with the procedures set forth in Section 12.37C and D of this Code shall be construed as compliance with these requirements.&#xA0; The zoning map in the City Planning Department shall be made to conform with the Director&#x2019;s decision after the conditions imposed, if any, by the Director have been fulfilled.&lt;br /&gt;&lt;br /&gt;	I.	Maps.&#xA0; A reproducible map shall accompany each application for boundary adjustments.&#xA0; This map shall be legibly drawn using a scale of 100 feet or 200 feet to the inch and in addition to data the Director may require in &lt;span class="dictionary"&gt;order&lt;/span&gt; to make a proper decision on the request for boundary adjustment, the map shall clearly show the following:&lt;br /&gt;&lt;br /&gt;	1.	The dimensions and legal description of the parcel, the existing zone lines and the distance from the parcel to the nearest cross street; and&lt;br /&gt;&lt;br /&gt;	2.	The abutting streets, alleys and highways and their dedicated width.&lt;br /&gt;&lt;br /&gt;	J.	Height Districts.&#xA0; The procedure provided for in this section for the decisions on boundaries of zones shall also be followed in deciding boundaries of height districts.&lt;br /&gt;&lt;br /&gt;	K.	Adjustment of C or M and P or PB Zone Boundaries.&lt;br /&gt;&lt;br /&gt;	1.	Where a combination of C or M and P or PB Zones has been established on a lot, the Director may, upon written request from the owner of the property involved, adjust the boundary between the C or M Zone and the P or PB Zone, provided that the C or M Zone is not increased in area and that no portion of the C or M Zone is adjusted to within 50 feet of a street, center line of an alley or an A or R Zone, except that the C or M Zone may be as close to any particular street, alley center line or lot line in an A or R Zone as it was prior to the adjustment of the boundary.&#xA0; This exception shall not apply to a lot or portion of a lot in the C or M Zone which is less than 250 square feet.&lt;br /&gt;&lt;br /&gt;	2.	&lt;span class="dictionary"&gt;Appeal&lt;/span&gt; &#x2013; Form and Contents &#x2013; Filing Fee.&#xA0; An applicant or any other person aggrieved by a decision of the Director of Planning made relative to the boundaries of these zones, may &lt;span class="dictionary"&gt;appeal&lt;/span&gt; the decision to the Area Planning Commission.&#xA0; That &lt;span class="dictionary"&gt;appeal&lt;/span&gt; shall be in writing upon forms provided by the Department of City Planning and shall be accompanied by a fee as set forth in Section 19.01B.&#xA0; The &lt;span class="dictionary"&gt;appeal&lt;/span&gt; shall set forth specifically the basis of the &lt;span class="dictionary"&gt;appeal&lt;/span&gt; and the reasons why the decision should be reversed or modified.&#xA0; The &lt;span class="dictionary"&gt;appeal&lt;/span&gt; shall be filed within 15 days from the date of mailing of the Director&#x2019;s decision.&lt;/p&gt;&lt;/section&gt;</html><previous_section id="2103"><structure_id>20</structure_id><section_number>12.29</section_number><catch_line>Violation Of Conditions &#x2013; Penalty.</catch_line><url>/12.29/</url><token>12.29</token></previous_section><text><unit id="335" prefix=""><text>&#xA0; BOUNDARIES OF ZONES.
	(Amended by Ord. No. 173,268, Eff. 7/1/00, Oper. 7/1/00.)	A.	Purpose.&#xA0; It is intended that zone and height district boundaries coincide with street, alley, or lot lines, unless otherwise shown on the zoning map.&#xA0; However, under certain conditions, zone boundaries do not precisely coincide with street, alley, or lot lines and in those cases, the Director shall make adjustments pursuant to this section.&#xA0; Boundary adjustments are normally requested in contemplation of more extensive development of the property involved.&#xA0; In connection with those plans, standard street dedication is essential.&#xA0; Therefore, the following procedure is necessary to be established so that standard dedication and improvement of streets and alleys abutting the subject property may be required, where reasonable, as a prerequisite to the approval of the zone boundary adjustment.	B.	Street, Alley or Lot Lines.&#xA0; The zone boundaries shall be either street, alley or lot lines unless otherwise shown on the zoning map, and where the indicated boundaries on the zoning map are approximately street, alley or lot lines, the street, alley or lot lines shall be construed to be the boundaries of those zones.	C.	Scale on Map.&#xA0; Where the zone boundary lines are not approximately street alley or lot lines, or where property indicated on the zoning map is acreage and not subdivided into lots and blocks, the zone boundary lines on the zoning map shall be determined by the scale contained on the map.	D.	Symbol for Zone.&#xA0; Where one symbol is used on the zoning map to indicate the zone classification of an area divided by an alley or alleys, that symbol shall establish the classification of the whole of that area.	E.	Street or Right of Way &#x2013; Allocation or Division.&#xA0; A street, alley, railroad or railway right-of-way, watercourse, channel or body of water, included on the zoning map shall, unless otherwise indicated, be included within the zones of adjoining property on either side of the street, alley, railroad or railway right-of-way, watercourse, channel or body of water; and where the street, alley, right-of-way, watercourse, channel or body of water, serves as a boundary between two or more different zones, a line midway in the street, alley, right-of-way, watercourse, channel or body of water, and extending in the general direction of its long dimension shall be considered the boundary between zones.	F.	Vacated Street or Alley.&#xA0; In the event a dedicated street or alley shown on the zoning map is vacated by ordinance, the property formerly in the street or alley shall be included within the zone of the adjoining property on either side of the vacated street or alley.&#xA0; In the event the street or alley was a zone boundary between two or more different zones, the new zone boundary shall be the former center line of the vacated street or alley.	G.	Individual Adjustments.&#xA0; The Director may, upon written request and after notice and hearing to the owners of the property affected by the proposed decision, make minor adjustments in the location of zone boundaries to carry out the intent of this section when:	1.	Property as shown on the zoning map was in acreage but has been subsequently divided or approved for division into parcels or lots and blocks by a parcel map or final tract map and the parcel or lot and block arrangement does not conform to that anticipated when the zone boundaries were established;	2.	Property was redivided or approved for redivision by a parcel or final tract map into a different arrangement of lots and blocks than indicated on the zoning map; or	3.	A lot which was of record in the Los Angeles County Recorder&#x2019;s Office on July 30, 1962, and which was on that date and is, at the time the request is made, in two different zones as determined by scaling the zoning map and where there is nothing apparent on the map to indicate that the zone boundary line should be retained in its scaled location.&#xA0; Where uncertainty exists in applying the provisions of this section or where revision is necessary to correct dimensional or mapping errors the Director may, upon his or her own initiative, or upon the request of the Planning Department staff, determine the location of the zone boundary lines by written decision.&#xA0; Zone boundary adjustments permitted pursuant to this subsection shall be limited to a distance of no more than 50 feet.&#xA0; When the adjustment is requested prior to recordation because of a situation arising as described in Subdivisions 1 and 2 of this subsection the Director&#x2019;s decision shall not become effective until after the parcel map or final tract map has been recorded with the Office of the County Recorder.	H.	Director Decision.&#xA0; Whenever the public necessity, convenience, general welfare or good zoning practice justify the action, the Director may approve, conditionally approve or deny any zone boundary adjustment.&#xA0; The Director may impose any conditions he or she deems appropriate to mitigate the negative impacts created by the development made possible by a zone boundary adjustment.&#xA0; One of the conditions may require that the abutting streets, alleys or highways be dedicated and improved in conformance with the standards for improvement of streets, alleys and highways, if the Director determines that traffic on the abutting streets, alleys or highways will be increased or impeded as a result of the zone boundary adjustment.&#xA0; However, an offer to dedicate and/or filing of a bond in conformance with the procedures set forth in Section 12.37C and D of this Code shall be construed as compliance with these requirements.&#xA0; The zoning map in the City Planning Department shall be made to conform with the Director&#x2019;s decision after the conditions imposed, if any, by the Director have been fulfilled.	I.	Maps.&#xA0; A reproducible map shall accompany each application for boundary adjustments.&#xA0; This map shall be legibly drawn using a scale of 100 feet or 200 feet to the inch and in addition to data the Director may require in order to make a proper decision on the request for boundary adjustment, the map shall clearly show the following:	1.	The dimensions and legal description of the parcel, the existing zone lines and the distance from the parcel to the nearest cross street; and	2.	The abutting streets, alleys and highways and their dedicated width.	J.	Height Districts.&#xA0; The procedure provided for in this section for the decisions on boundaries of zones shall also be followed in deciding boundaries of height districts.	K.	Adjustment of C or M and P or PB Zone Boundaries.	1.	Where a combination of C or M and P or PB Zones has been established on a lot, the Director may, upon written request from the owner of the property involved, adjust the boundary between the C or M Zone and the P or PB Zone, provided that the C or M Zone is not increased in area and that no portion of the C or M Zone is adjusted to within 50 feet of a street, center line of an alley or an A or R Zone, except that the C or M Zone may be as close to any particular street, alley center line or lot line in an A or R Zone as it was prior to the adjustment of the boundary.&#xA0; This exception shall not apply to a lot or portion of a lot in the C or M Zone which is less than 250 square feet.	2.	Appeal &#x2013; Form and Contents &#x2013; Filing Fee.&#xA0; An applicant or any other person aggrieved by a decision of the Director of Planning made relative to the boundaries of these zones, may appeal the decision to the Area Planning Commission.&#xA0; That appeal shall be in writing upon forms provided by the Department of City Planning and shall be accompanied by a fee as set forth in Section 19.01B.&#xA0; The appeal shall set forth specifically the basis of the appeal and the reasons why the decision should be reversed or modified.&#xA0; The appeal shall be filed within 15 days from the date of mailing of the Director&#x2019;s decision.</text><type>section</type><prefixes><unit></unit></prefixes><entire_prefix></entire_prefix><prefix_anchor></prefix_anchor><level>1</level></unit></text></law>
