<?xml version="1.0"?>
<law><section_number>13.08</section_number><edition_id>1</edition_id><section_id>432</section_id><structure_id>43</structure_id><catch_line>&#x201C;Cdo&#x201D; Community Design Overlay District.</catch_line><history></history><full_text>&#xA0; &#x201C;CDO&#x201D; COMMUNITY DESIGN OVERLAY DISTRICT.
	(New Sec. 13.08 Added by Ord. No. 172,032, Eff. 6/29/98.)

	A.	Purpose.&#xA0; This section sets forth procedures and standards for the establishment of Community Design Overlay Districts throughout the City.&#xA0; The purpose of the Community Design Overlay district is to:

	1.	Assure that development within communities is in accordance with community design policies adopted in the Community Plans, and with the Community Design Guidelines and Standards;

	2.	Promote the distinctive character, stability and visual quality of existing neighborhoods and communities by ensuring that development visually provides a sense of place in terms of design within the Community Design Overlay District by considering the unique architectural character and environmental setting of the district;

	3.	Assist in improving the visual attractiveness of multi-family housing available to meet the needs of all social and economic groups within the community;

	4.	Protect areas of natural scenic beauty,&#xA0; cultural or environmental interest;

	5.	Prevent the development of structures or uses which are not of acceptable exterior design or appearance; and

	6.	Protect the integrity of previously attained entitlements.

	7.	Provide for on-going community involvement in project design and evolution of guidelines.

	B.	Establishment of District.&#xA0; (Amended by Ord. No. 173,268, Eff. 7/1/00, Oper. 7/1/00.)&#xA0; The City Council may establish new districts, or change boundaries of districts, by following the procedures set forth in Section 12.32S of this Code.&#xA0; A district may encompass all or portions of the area of a community plan, as recommended by the policies of that plan.&#xA0; Precise boundaries are required at the time of application or initiation of an individual Community Design Overlay District.&#xA0; A Community Design Overlay District shall not encompass an area designated as an Historic Preservation Overlay Zone pursuant to Section 12.20.3 of this Code.

	C.	Definitions.&#xA0; For the purpose of this section, the following words and phrases are defined as follows:

	1.	Design Overlay Plans.&#xA0; A document or documents which pictorially describe, by professionally accepted architectural graphic techniques, the location, appearance, configuration and dimensions of any proposed buildings, structures and site improvements including but not limited to landscaping, walls and fences, roof equipment, pole signs, monument signs, and parking areas.

	2.	Project.&#xA0; The erection, construction, addition to, or exterior structural alteration of any building or structure, including, but not limited to, pole signs and/or monument signs located in a Community Design Overlay District.&#xA0; A Project does not include construction that consists solely of&#xA0; (1)&#xA0; interior remodeling, interior rehabilitation or repair work;&#xA0; (2)&#xA0; alterations of, including structural repairs, or additions to any existing building or structure in which the aggregate value of the work, in any one 24-month period, is less than 50 percent of the building or structure&#x2019;s replacement value before the alterations or additions, as determined by the Department of Building and Safety, unless the alterations or additions are to any building facade facing a public street; or&#xA0; (3)&#xA0; a residential building on a parcel or lot which is developed entirely as a residential use and consists of four or fewer dwelling units, unless expressly provided for in a Community Design Overlay District established pursuant to this section.

	3.	Citizen Advisory Committee.&#xA0; A committee appointed by the Councilmember(s) pursuant to Subsection D2 of this section in whose District a Community Design Overlay District is established, who shall assist the Planning Department in the development of Design Guidelines and Standards.

	D.	Approval of Guidelines and Standards.&#xA0; In establishing any individual Community Design Overlay District, the Director of Planning shall prepare, and the City Planning Commission shall approve by resolution, Community Design Guidelines and Standards applicable to design overlay areas.&#xA0; These Guidelines and Standards shall be adopted or amended according to the following procedures and criteria:

	1.	Initiation.&#xA0; Preparation or amendment of the Guidelines and Standards may be initiated by the Director of Planning, the City Planning Commission or City Council.

	2.	Preparation and Content.&#xA0; Upon initiation, the Director shall prepare, or cause to be prepared, proposed Guidelines and Standards based on the design policies contained in the Community Plan.&#xA0; At the option of the Council District, the Director shall utilize Advisory Boards in the development of design standards for individual communities and neighborhoods.&#xA0; The Guidelines and Standards shall be organized into those which are anticipated to be superseded by future citywide standards, and those that are necessary to protect the unique architectural and environmental features of the Community Design Overlay District.

	The Guidelines and Standards are in addition to those set forth in the planning and zoning provisions of Los Angeles Municipal Code (LAMC) Chapter I, as amended, and any other relevant ordinances and do not convey any rights not otherwise granted under the provisions and procedures contained in that chapter and other relevant ordinances, except as specifically provided herein.

	Furthermore, nothing in the Guidelines and Standards shall interfere with any previously granted entitlements, nor shall they restrict any right authorized in the underlying zone or height district.

	At the option of the Councilmember(s), a Citizen Advisory Committee shall be appointed to assist in development of Guidelines and Standards.&#xA0; The Citizen Advisory Committee shall be appointed by the Councilmember in whose district the Community Design Overlay District is established, and the committee shall consist of a minimum of five and a maximum of seven voting members, each serving a term of office of four years, the terms being staggered so that at least one term becomes vacated on each successive year.&#xA0; The chairperson and vice chairperson shall be elected annually by a majority of the committee.&#xA0; The suggested composition of membership is as follows: two architects and two professionals from the following or related fields: planning, urban design and landscape architecture, or construction.&#xA0; The remaining member or members need not be design professionals.&#xA0; All members shall reside, operate a business, or be employed within the community plan area(s) in which the Community Design Overlay District is located.

	3.	Commission Hearing and Notice.&#xA0; (Amended by Ord. No. 173,268, Eff. 7/1/00, Oper. 7/1/00.)&#xA0; The proposed or amended Guidelines and Standards shall be set for a public hearing before the City Planning Commission or a hearing officer as directed by the City Planning Commission prior to the Commission action.&#xA0; Notice of the hearing shall be given as provided in Section 12.24D2 of this Code.

	4.	Reports.&#xA0; (Amended by Ord. No. 173,268, Eff. 7/1/00, Oper. 7/1/00.)&#xA0; If a hearing officer is designated to conduct the public hearing, after the conclusion of the hearing, the hearing officer shall submit his report to the City Planning Commission within a period of time as may be fixed by the Commission, setting forth his or her conclusions and recommendations in writing and stating briefly the reasons therefor.

	5.	Decision by City Planning Commission.&#xA0; (Amended by Ord. No. 173,268, Eff. 7/1/00, Oper. 7/1/00.)&#xA0; The City Planning Commission shall, by resolution, approve, modify or disapprove the proposed Guidelines and Standards.&#xA0; If the City Planning Commission fails to act within 75 days from the receipt of the report and recommendation of the Planning Department, the proposed Guidelines and Standards shall be automatically submitted to the City Council for action.&#xA0; In approving the Guidelines and Standards, the City Planning Commission or Council shall find that they are consistent with the policies of the adopted Community Plan and the purposes of this section.

	E.	Design Overlay Plan Approvals.&#xA0; (Amended by Ord. No. 173,268, Eff. 7/1/00, Oper. 7/1/00.)&#xA0; Within a Community Design Overlay District, no building permit shall be issued for any project, and no person shall perform any construction work on a Project, until a Design Overlay Plan has been submitted and approved according to the following procedures.&#xA0; No building permit shall be issued for any project, and no person shall do any construction work on a project except in conformance with the approved Design Overlay Plan.

	EXCEPTION:

	No Design Overlay Plan approval shall be required for any project until&#xA0; the Guidelines and Standards have been approved.

	1.	Approval Authority.&#xA0; The Director of Planning, or his or her designee, shall approve or conditionally approve Design Overlay Plans if the plans comply with the provisions of approved Community Design Guidelines and Standards.&#xA0; An approval of a Design Overlay Plan by the Director of Planning, or his or her designee, shall be appealable to the Area Planning Commission.

	2.	Procedures.

	(a)	Application.&#xA0; An application for a Design Overlay Plan approval shall be filed with the Department of City Planning on the prescribed form, and shall be accompanied by any required materials.&#xA0; The application shall not be considered complete unless and until the form has been properly completed, all required information has been provided and the filing fee set forth in Section 19.01T of this Code has been paid.

	(b)	Action of Director.&#xA0; The Director of Planning, or his or her designee, shall make a determination within 20 working days from the date of the filing of a completed application and the payment of the applicable fee.&#xA0; This time limit may be extended by mutual written agreement of the applicant and the Director.

	(c)	Transfer of Jurisdiction.&#xA0; If the Director or his or her designee fails to make a determination within the prescribed time period, the applicant may file a request for a transfer of jurisdiction to the Area Planning Commission for a determination on the original application, in which case, the Director shall lose jurisdiction.&#xA0; This request shall be filed in the public office of the Department of City Planning.&#xA0; Once filed, the request and the Department file shall be transmitted to the Area Planning Commission for action.

	3.	Findings.&#xA0; The Director of Planning, or the Area Planning Commission on appeal, shall approve a Design Overlay Plan as requested or in modified form if, based on the application and the evidence submitted, if the Director or Area Commission determines that it satisfies all of the following requirements:

	(a)	The project substantially complies with the adopted Community Design Overlay Guidelines and Standards.

	(b)	The structures, site plan and landscaping are harmonious in scale and design with existing development and any cultural, scenic or environmental resources adjacent to the site and in the vicinity.

	4.	Notice of Director&#x2019;s Determination.&#xA0; Within five working days following the decision, a Notice of the Director&#x2019;s Determination, and copies of the approved plans, shall be mailed to the applicant, the Councilmember in whose district the Project is located, the Citizen Advisory Committee, and any persons or organizations commenting on the application or requesting a Notice.

	5.	Effective Date and Appeal.

	(a)	The Director&#x2019;s determination shall become effective and final 15 days after the date of mailing the Notice of Director&#x2019;s Determination to the applicant, unless an appeal is filed with the Area Planning Commission within that period.

	(b)	An applicant, member of the City Council, or any other interested person adversely affected may appeal the Director&#x2019;s decision to the Area Commission.&#xA0; Appeals shall be processed in the manner prescribed in Section 16.05H of this Code, except as otherwise provided here.

	6.	Notice to Building and Safety.&#xA0; The Director of Planning shall notify the Department of Building and Safety of the final approval action of the Design Overlay Plan.</full_text><order_by>08</order_by><ancestry><unit id="43" label="article"><name>Specific Plan &#x2013; Zoning
Supplemental Use Districts</name><identifier>3</identifier><url>/1/3/</url></unit><unit id="7" label="chapter"><name>General Provisions and Zoning</name><identifier>1</identifier><url>/1/</url></unit></ancestry><structure_contents><unit id="3777"><structure_id>43</structure_id><section_number>13.00</section_number><catch_line>Establishment Of Districts.</catch_line><url>/13.00/</url><token>13.00</token></unit><unit id="77"><structure_id>43</structure_id><section_number>13.01</section_number><catch_line>&#x201C;O&#x201D; Oil Drilling Districts.</catch_line><url>/13.01/</url><token>13.01</token></unit><unit id="1885"><structure_id>43</structure_id><section_number>13.02</section_number><catch_line>&#x201C;S&#x201D; Animal Slaughtering Districts.</catch_line><url>/13.02/</url><token>13.02</token></unit><unit id="1805"><structure_id>43</structure_id><section_number>13.03</section_number><catch_line>&#x201C;G&#x201D; Surface Mining Operations Districts.</catch_line><url>/13.03/</url><token>13.03</token></unit><unit id="2713"><structure_id>43</structure_id><section_number>13.04</section_number><catch_line>&#x201C;Rpd&#x201D; Residential Planned Development Districts.</catch_line><url>/13.04/</url><token>13.04</token></unit><unit id="944"><structure_id>43</structure_id><section_number>13.05</section_number><catch_line>&#x201C;K&#x201D; Equinekeeping Districts.</catch_line><url>/13.05/</url><token>13.05</token></unit><unit id="2777"><structure_id>43</structure_id><section_number>13.06</section_number><catch_line>Commercial And Artcraft Districts.</catch_line><url>/13.06/</url><token>13.06</token></unit><unit id="2216"><structure_id>43</structure_id><section_number>13.07</section_number><catch_line>Pedestrian Oriented District.</catch_line><url>/13.07/</url><token>13.07</token></unit><unit id="432"><structure_id>43</structure_id><section_number>13.08</section_number><catch_line>&#x201C;Cdo&#x201D; Community Design Overlay District.</catch_line><url>/13.08/</url><token>13.08</token></unit><unit id="747"><structure_id>43</structure_id><section_number>13.09</section_number><catch_line>Mixed Use District.</catch_line><url>/13.09/</url><token>13.09</token></unit><unit id="947"><structure_id>43</structure_id><section_number>13.10</section_number><catch_line>Fence Heights District.</catch_line><url>/13.10/</url><token>13.10</token></unit><unit id="2996"><structure_id>43</structure_id><section_number>13.11</section_number><catch_line>&#x201C;Sn&#x201D; Sign District.</catch_line><url>/13.11/</url><token>13.11</token></unit><unit id="3998"><structure_id>43</structure_id><section_number>13.12</section_number><catch_line>"Nso" Neighborhood Stabilization Overlay District.</catch_line><url>/13.12/</url><token>13.12</token></unit><unit id="1837"><structure_id>43</structure_id><section_number>13.13</section_number><catch_line>&#x201C;Rfa&#x201D; Residential Floor Area District.</catch_line><url>/13.13/</url><token>13.13</token></unit><unit id="3509"><structure_id>43</structure_id><section_number>13.14</section_number><catch_line>"Cpio" Community Plan Implementation Overlay District.</catch_line><url>/13.14/</url><token>13.14</token></unit><unit id="2407"><structure_id>43</structure_id><section_number>13.15</section_number><catch_line>Modified Parking Requirement (Mpr) District.</catch_line><url>/13.15/</url><token>13.15</token></unit><unit id="2259"><structure_id>43</structure_id><section_number>13.16</section_number><catch_line>"Hs" Hillside Standards Overlay District.</catch_line><url>/13.16/</url><token>13.16</token></unit><unit id="2537"><structure_id>43</structure_id><section_number>13.17</section_number><catch_line>Violation.</catch_line><url>/13.17/</url><token>13.17</token></unit></structure_contents><next_section id="747"><structure_id>43</structure_id><section_number>13.09</section_number><catch_line>Mixed Use District.</catch_line><url>/13.09/</url><token>13.09</token></next_section><metadata></metadata><references></references><url>/13.08/</url><token>13.08</token><formats><txt>/13.08.txt</txt><json>/13.08.xml</json></formats><dublin_core><Title>&#x201C;Cdo&#x201D; Community Design Overlay District.</Title><Type>Text</Type><Format>text/html</Format><Identifier>&#xA7; 13.08</Identifier><Relation>Los Angeles Municipal Code</Relation></dublin_core><plain_text>                            LOS ANGELES MUNICIPAL CODE

&#x201C;CDO&#x201D; COMMUNITY DESIGN OVERLAY DISTRICT. (&#xA7; 13.08)

&#xA0; &#x201C;CDO&#x201D; COMMUNITY DESIGN OVERLAY DISTRICT.
	(New Sec. 13.08 Added by Ord. No. 172,032, Eff. 6/29/98.)	A.	Purpose.&#xA0; This
section sets forth procedures and standards for the establishment of Community
Design Overlay Districts throughout the City.&#xA0; The purpose of the Community
Design Overlay district is to:	1.	Assure that development within communities is
in accordance with community design policies adopted in the Community Plans, and
with the Community Design Guidelines and Standards;	2.	Promote the distinctive
character, stability and visual quality of existing neighborhoods and
communities by ensuring that development visually provides a sense of place in
terms of design within the Community Design Overlay District by considering the
unique architectural character and environmental setting of the
district;	3.	Assist in improving the visual attractiveness of multi-family
housing available to meet the needs of all social and economic groups within the
community;	4.	Protect areas of natural scenic beauty,&#xA0; cultural or
environmental interest;	5.	Prevent the development of structures or uses which
are not of acceptable exterior design or appearance; and	6.	Protect the
integrity of previously attained entitlements.	7.	Provide for on-going community
involvement in project design and evolution of guidelines.	B.	Establishment of
District.&#xA0; (Amended by Ord. No. 173,268, Eff. 7/1/00, Oper. 7/1/00.)&#xA0; The City
Council may establish new districts, or change boundaries of districts, by
following the procedures set forth in Section 12.32S of this Code.&#xA0; A district
may encompass all or portions of the area of a community plan, as recommended by
the policies of that plan.&#xA0; Precise boundaries are required at the time of
application or initiation of an individual Community Design Overlay District.&#xA0;
A Community Design Overlay District shall not encompass an area designated as an
Historic Preservation Overlay Zone pursuant to Section 12.20.3 of this
Code.	C.	Definitions.&#xA0; For the purpose of this section, the following words and
phrases are defined as follows:	1.	Design Overlay Plans.&#xA0; A document or
documents which pictorially describe, by professionally accepted architectural
graphic techniques, the location, appearance, configuration and dimensions of
any proposed buildings, structures and site improvements including but not
limited to landscaping, walls and fences, roof equipment, pole signs, monument
signs, and parking areas.	2.	Project.&#xA0; The erection, construction, addition to,
or exterior structural alteration of any building or structure, including, but
not limited to, pole signs and/or monument signs located in a Community Design
Overlay District.&#xA0; A Project does not include construction that consists solely
of&#xA0; (1)&#xA0; interior remodeling, interior rehabilitation or repair work;&#xA0; (2)&#xA0;
alterations of, including structural repairs, or additions to any existing
building or structure in which the aggregate value of the work, in any one
24-month period, is less than 50 percent of the building or structure&#x2019;s
replacement value before the alterations or additions, as determined by the
Department of Building and Safety, unless the alterations or additions are to
any building facade facing a public street; or&#xA0; (3)&#xA0; a residential building on
a parcel or lot which is developed entirely as a residential use and consists of
four or fewer dwelling units, unless expressly provided for in a Community
Design Overlay District established pursuant to this section.	3.	Citizen
Advisory Committee.&#xA0; A committee appointed by the Councilmember(s) pursuant to
Subsection D2 of this section in whose District a Community Design Overlay
District is established, who shall assist the Planning Department in the
development of Design Guidelines and Standards.	D.	Approval of Guidelines and
Standards.&#xA0; In establishing any individual Community Design Overlay District,
the Director of Planning shall prepare, and the City Planning Commission shall
approve by resolution, Community Design Guidelines and Standards applicable to
design overlay areas.&#xA0; These Guidelines and Standards shall be adopted or
amended according to the following procedures and criteria:	1.	Initiation.&#xA0;
Preparation or amendment of the Guidelines and Standards may be initiated by the
Director of Planning, the City Planning Commission or City
Council.	2.	Preparation and Content.&#xA0; Upon initiation, the Director shall
prepare, or cause to be prepared, proposed Guidelines and Standards based on the
design policies contained in the Community Plan.&#xA0; At the option of the Council
District, the Director shall utilize Advisory Boards in the development of
design standards for individual communities and neighborhoods.&#xA0; The Guidelines
and Standards shall be organized into those which are anticipated to be
superseded by future citywide standards, and those that are necessary to protect
the unique architectural and environmental features of the Community Design
Overlay District.	The Guidelines and Standards are in addition to those set
forth in the planning and zoning provisions of Los Angeles Municipal Code (LAMC)
Chapter I, as amended, and any other relevant ordinances and do not convey any
rights not otherwise granted under the provisions and procedures contained in
that chapter and other relevant ordinances, except as specifically provided
herein.	Furthermore, nothing in the Guidelines and Standards shall interfere
with any previously granted entitlements, nor shall they restrict any right
authorized in the underlying zone or height district.	At the option of the
Councilmember(s), a Citizen Advisory Committee shall be appointed to assist in
development of Guidelines and Standards.&#xA0; The Citizen Advisory Committee shall
be appointed by the Councilmember in whose district the Community Design Overlay
District is established, and the committee shall consist of a minimum of five
and a maximum of seven voting members, each serving a term of office of four
years, the terms being staggered so that at least one term becomes vacated on
each successive year.&#xA0; The chairperson and vice chairperson shall be elected
annually by a majority of the committee.&#xA0; The suggested composition of
membership is as follows: two architects and two professionals from the
following or related fields: planning, urban design and landscape architecture,
or construction.&#xA0; The remaining member or members need not be design
professionals.&#xA0; All members shall reside, operate a business, or be employed
within the community plan area(s) in which the Community Design Overlay District
is located.	3.	Commission Hearing and Notice.&#xA0; (Amended by Ord. No. 173,268,
Eff. 7/1/00, Oper. 7/1/00.)&#xA0; The proposed or amended Guidelines and Standards
shall be set for a public hearing before the City Planning Commission or a
hearing officer as directed by the City Planning Commission prior to the
Commission action.&#xA0; Notice of the hearing shall be given as provided in Section
12.24D2 of this Code.	4.	Reports.&#xA0; (Amended by Ord. No. 173,268, Eff. 7/1/00,
Oper. 7/1/00.)&#xA0; If a hearing officer is designated to conduct the public
hearing, after the conclusion of the hearing, the hearing officer shall submit
his report to the City Planning Commission within a period of time as may be
fixed by the Commission, setting forth his or her conclusions and
recommendations in writing and stating briefly the reasons therefor.	5.	Decision
by City Planning Commission.&#xA0; (Amended by Ord. No. 173,268, Eff. 7/1/00, Oper.
7/1/00.)&#xA0; The City Planning Commission shall, by resolution, approve, modify or
disapprove the proposed Guidelines and Standards.&#xA0; If the City Planning
Commission fails to act within 75 days from the receipt of the report and
recommendation of the Planning Department, the proposed Guidelines and Standards
shall be automatically submitted to the City Council for action.&#xA0; In approving
the Guidelines and Standards, the City Planning Commission or Council shall find
that they are consistent with the policies of the adopted Community Plan and the
purposes of this section.	E.	Design Overlay Plan Approvals.&#xA0; (Amended by Ord.
No. 173,268, Eff. 7/1/00, Oper. 7/1/00.)&#xA0; Within a Community Design Overlay
District, no building permit shall be issued for any project, and no person
shall perform any construction work on a Project, until a Design Overlay Plan
has been submitted and approved according to the following procedures.&#xA0; No
building permit shall be issued for any project, and no person shall do any
construction work on a project except in conformance with the approved Design
Overlay Plan.	EXCEPTION:	No Design Overlay Plan approval shall be required for
any project until&#xA0; the Guidelines and Standards have been approved.	1.	Approval
Authority.&#xA0; The Director of Planning, or his or her designee, shall approve or
conditionally approve Design Overlay Plans if the plans comply with the
provisions of approved Community Design Guidelines and Standards.&#xA0; An approval
of a Design Overlay Plan by the Director of Planning, or his or her designee,
shall be appealable to the Area Planning
Commission.	2.	Procedures.	(a)	Application.&#xA0; An application for a Design
Overlay Plan approval shall be filed with the Department of City Planning on the
prescribed form, and shall be accompanied by any required materials.&#xA0; The
application shall not be considered complete unless and until the form has been
properly completed, all required information has been provided and the filing
fee set forth in Section 19.01T of this Code has been paid.	(b)	Action of
Director.&#xA0; The Director of Planning, or his or her designee, shall make a
determination within 20 working days from the date of the filing of a completed
application and the payment of the applicable fee.&#xA0; This time limit may be
extended by mutual written agreement of the applicant and the
Director.	(c)	Transfer of Jurisdiction.&#xA0; If the Director or his or her designee
fails to make a determination within the prescribed time period, the applicant
may file a request for a transfer of jurisdiction to the Area Planning
Commission for a determination on the original application, in which case, the
Director shall lose jurisdiction.&#xA0; This request shall be filed in the public
office of the Department of City Planning.&#xA0; Once filed, the request and the
Department file shall be transmitted to the Area Planning Commission for
action.	3.	Findings.&#xA0; The Director of Planning, or the Area Planning Commission
on appeal, shall approve a Design Overlay Plan as requested or in modified form
if, based on the application and the evidence submitted, if the Director or Area
Commission determines that it satisfies all of the following
requirements:	(a)	The project substantially complies with the adopted Community
Design Overlay Guidelines and Standards.	(b)	The structures, site plan and
landscaping are harmonious in scale and design with existing development and any
cultural, scenic or environmental resources adjacent to the site and in the
vicinity.	4.	Notice of Director&#x2019;s Determination.&#xA0; Within five working days
following the decision, a Notice of the Director&#x2019;s Determination, and copies
of the approved plans, shall be mailed to the applicant, the Councilmember in
whose district the Project is located, the Citizen Advisory Committee, and any
persons or organizations commenting on the application or requesting a
Notice.	5.	Effective Date and Appeal.	(a)	The Director&#x2019;s determination shall
become effective and final 15 days after the date of mailing the Notice of
Director&#x2019;s Determination to the applicant, unless an appeal is filed with the
Area Planning Commission within that period.	(b)	An applicant, member of the
City Council, or any other interested person adversely affected may appeal the
Director&#x2019;s decision to the Area Commission.&#xA0; Appeals shall be processed in
the manner prescribed in Section 16.05H of this Code, except as otherwise
provided here.	6.	Notice to Building and Safety.&#xA0; The Director of Planning
shall notify the Department of Building and Safety of the final approval action
of the Design Overlay Plan.
</plain_text><html>
					&lt;section&gt;&lt;p&gt;&#xA0; &#x201C;CDO&#x201D; COMMUNITY DESIGN OVERLAY DISTRICT.
	(New Sec. 13.08 Added by Ord. No. 172,032, Eff. 6/29/98.)&lt;br /&gt;&lt;br /&gt;	A.	Purpose.&#xA0; This section sets forth procedures and standards for the establishment of Community Design Overlay Districts throughout the City.&#xA0; The purpose of the Community Design Overlay district is to:&lt;br /&gt;&lt;br /&gt;	1.	Assure that development within communities is in accordance with community design policies adopted in the Community Plans, and with the Community Design Guidelines and Standards;&lt;br /&gt;&lt;br /&gt;	2.	Promote the distinctive character, stability and visual quality of existing neighborhoods and communities by ensuring that development visually provides a sense of place in terms of design within the Community Design Overlay District by considering the unique architectural character and environmental setting of the district;&lt;br /&gt;&lt;br /&gt;	3.	Assist in improving the visual attractiveness of multi-family housing available to meet the needs of all social and economic groups within the community;&lt;br /&gt;&lt;br /&gt;	4.	Protect areas of natural scenic beauty,&#xA0; cultural or environmental interest;&lt;br /&gt;&lt;br /&gt;	5.	Prevent the development of structures or uses which are not of acceptable exterior design or &lt;span class="dictionary"&gt;appearance&lt;/span&gt;; and&lt;br /&gt;&lt;br /&gt;	6.	Protect the integrity of previously attained entitlements.&lt;br /&gt;&lt;br /&gt;	7.	Provide for on-going community involvement in project design and evolution of guidelines.&lt;br /&gt;&lt;br /&gt;	B.	Establishment of District.&#xA0; (Amended by Ord. No. 173,268, Eff. 7/1/00, Oper. 7/1/00.)&#xA0; The City Council may establish new districts, or change boundaries of districts, by following the procedures set forth in Section 12.32S of this Code.&#xA0; A district may encompass all or portions of the area of a community plan, as recommended by the policies of that plan.&#xA0; Precise boundaries are required at the time of application or initiation of an individual Community Design Overlay District.&#xA0; A Community Design Overlay District shall not encompass an area designated as an Historic Preservation Overlay Zone pursuant to Section 12.20.3 of this Code.&lt;br /&gt;&lt;br /&gt;	C.	Definitions.&#xA0; For the purpose of this section, the following words and phrases are defined as follows:&lt;br /&gt;&lt;br /&gt;	1.	Design Overlay Plans.&#xA0; A document or documents which pictorially describe, by professionally accepted architectural graphic techniques, the location, &lt;span class="dictionary"&gt;appearance&lt;/span&gt;, configuration and dimensions of any proposed buildings, structures and site improvements including but not limited to landscaping, walls and fences, roof equipment, pole signs, monument signs, and parking areas.&lt;br /&gt;&lt;br /&gt;	2.	Project.&#xA0; The erection, construction, addition to, or exterior structural alteration of any building or structure, including, but not limited to, pole signs and/or monument signs located in a Community Design Overlay District.&#xA0; A Project does not include construction that consists solely of&#xA0; (1)&#xA0; interior remodeling, interior rehabilitation or repair work;&#xA0; (2)&#xA0; alterations of, including structural repairs, or additions to any existing building or structure in which the aggregate value of the work, in any one 24-month period, is less than 50 percent of the building or structure&#x2019;s replacement value before the alterations or additions, as determined by the Department of Building and Safety, unless the alterations or additions are to any building facade facing a public street; or&#xA0; (3)&#xA0; a residential building on a parcel or lot which is developed entirely as a residential use and consists of four or fewer dwelling units, unless expressly provided for in a Community Design Overlay District established pursuant to this section.&lt;br /&gt;&lt;br /&gt;	3.	Citizen Advisory Committee.&#xA0; A committee appointed by the Councilmember(s) pursuant to Subsection D2 of this section in whose District a Community Design Overlay District is established, who shall assist the Planning Department in the development of Design Guidelines and Standards.&lt;br /&gt;&lt;br /&gt;	D.	Approval of Guidelines and Standards.&#xA0; In establishing any individual Community Design Overlay District, the Director of Planning shall prepare, and the City Planning Commission shall approve by resolution, Community Design Guidelines and Standards applicable to design overlay areas.&#xA0; These Guidelines and Standards shall be adopted or amended according to the following procedures and criteria:&lt;br /&gt;&lt;br /&gt;	1.	Initiation.&#xA0; Preparation or amendment of the Guidelines and Standards may be initiated by the Director of Planning, the City Planning Commission or City Council.&lt;br /&gt;&lt;br /&gt;	2.	Preparation and Content.&#xA0; Upon initiation, the Director shall prepare, or cause to be prepared, proposed Guidelines and Standards based on the design policies contained in the Community Plan.&#xA0; At the option of the Council District, the Director shall utilize Advisory Boards in the development of design standards for individual communities and neighborhoods.&#xA0; The Guidelines and Standards shall be organized into those which are anticipated to be superseded by future citywide standards, and those that are necessary to protect the unique architectural and environmental features of the Community Design Overlay District.&lt;br /&gt;&lt;br /&gt;	The Guidelines and Standards are in addition to those set forth in the planning and zoning provisions of Los Angeles Municipal Code (LAMC) Chapter I, as amended, and any other relevant &lt;span class="dictionary"&gt;ordinances&lt;/span&gt; and do not convey any rights not otherwise granted under the provisions and procedures contained in that chapter and other relevant &lt;span class="dictionary"&gt;ordinances&lt;/span&gt;, except as specifically provided herein.&lt;br /&gt;&lt;br /&gt;	Furthermore, nothing in the Guidelines and Standards shall interfere with any previously granted entitlements, nor shall they restrict any right authorized in the underlying zone or height district.&lt;br /&gt;&lt;br /&gt;	At the option of the Councilmember(s), a Citizen Advisory Committee shall be appointed to assist in development of Guidelines and Standards.&#xA0; The Citizen Advisory Committee shall be appointed by the Councilmember in whose district the Community Design Overlay District is established, and the committee shall consist of a minimum of five and a maximum of seven voting members, each serving a term of office of four years, the terms being staggered so that at least one term becomes vacated on each successive year.&#xA0; The chairperson and vice chairperson shall be elected annually by a majority of the committee.&#xA0; The suggested composition of membership is as follows: two architects and two professionals from the following or related fields: planning, urban design and landscape architecture, or construction.&#xA0; The remaining member or members need not be design professionals.&#xA0; All members shall reside, operate a business, or be employed within the community plan area(s) in which the Community Design Overlay District is located.&lt;br /&gt;&lt;br /&gt;	3.	Commission &lt;span class="dictionary"&gt;Hearing&lt;/span&gt; and Notice.&#xA0; (Amended by Ord. No. 173,268, Eff. 7/1/00, Oper. 7/1/00.)&#xA0; The proposed or amended Guidelines and Standards shall be set for a public &lt;span class="dictionary"&gt;hearing&lt;/span&gt; before the City Planning Commission or a &lt;span class="dictionary"&gt;hearing&lt;/span&gt; officer as directed by the City Planning Commission prior to the Commission action.&#xA0; Notice of the &lt;span class="dictionary"&gt;hearing&lt;/span&gt; shall be given as provided in Section 12.24D2 of this Code.&lt;br /&gt;&lt;br /&gt;	4.	Reports.&#xA0; (Amended by Ord. No. 173,268, Eff. 7/1/00, Oper. 7/1/00.)&#xA0; If a &lt;span class="dictionary"&gt;hearing&lt;/span&gt; officer is designated to conduct the public &lt;span class="dictionary"&gt;hearing&lt;/span&gt;, after the conclusion of the &lt;span class="dictionary"&gt;hearing&lt;/span&gt;, the &lt;span class="dictionary"&gt;hearing&lt;/span&gt; officer shall submit his report to the City Planning Commission within a period of time as may be fixed by the Commission, setting forth his or her conclusions and recommendations in writing and stating briefly the reasons therefor.&lt;br /&gt;&lt;br /&gt;	5.	Decision by City Planning Commission.&#xA0; (Amended by Ord. No. 173,268, Eff. 7/1/00, Oper. 7/1/00.)&#xA0; The City Planning Commission shall, by resolution, approve, modify or disapprove the proposed Guidelines and Standards.&#xA0; If the City Planning Commission fails to act within 75 days from the receipt of the report and recommendation of the Planning Department, the proposed Guidelines and Standards shall be automatically submitted to the City Council for action.&#xA0; In approving the Guidelines and Standards, the City Planning Commission or Council shall find that they are consistent with the policies of the adopted Community Plan and the purposes of this section.&lt;br /&gt;&lt;br /&gt;	E.	Design Overlay Plan Approvals.&#xA0; (Amended by Ord. No. 173,268, Eff. 7/1/00, Oper. 7/1/00.)&#xA0; Within a Community Design Overlay District, no building permit shall be issued for any project, and no person shall perform any construction work on a Project, until a Design Overlay Plan has been submitted and approved according to the following procedures.&#xA0; No building permit shall be issued for any project, and no person shall do any construction work on a project except in conformance with the approved Design Overlay Plan.&lt;br /&gt;&lt;br /&gt;	EXCEPTION:&lt;br /&gt;&lt;br /&gt;	No Design Overlay Plan approval shall be required for any project until&#xA0; the Guidelines and Standards have been approved.&lt;br /&gt;&lt;br /&gt;	1.	Approval Authority.&#xA0; The Director of Planning, or his or her designee, shall approve or conditionally approve Design Overlay Plans if the plans comply with the provisions of approved Community Design Guidelines and Standards.&#xA0; An approval of a Design Overlay Plan by the Director of Planning, or his or her designee, shall be appealable to the Area Planning Commission.&lt;br /&gt;&lt;br /&gt;	2.	Procedures.&lt;br /&gt;&lt;br /&gt;	(a)	Application.&#xA0; An application for a Design Overlay Plan approval shall be filed with the Department of City Planning on the prescribed form, and shall be accompanied by any required &lt;span class="dictionary"&gt;materials&lt;/span&gt;.&#xA0; The application shall not be considered complete unless and until the form has been properly completed, all required information has been provided and the filing fee set forth in Section 19.01T of this Code has been paid.&lt;br /&gt;&lt;br /&gt;	(b)	Action of Director.&#xA0; The Director of Planning, or his or her designee, shall make a determination within 20 working days from the date of the filing of a completed application and the payment of the applicable fee.&#xA0; This time limit may be extended by mutual written agreement of the applicant and the Director.&lt;br /&gt;&lt;br /&gt;	(c)	Transfer of &lt;span class="dictionary"&gt;Jurisdiction&lt;/span&gt;.&#xA0; If the Director or his or her designee fails to make a determination within the prescribed time period, the applicant may file a request for a transfer of &lt;span class="dictionary"&gt;jurisdiction&lt;/span&gt; to the Area Planning Commission for a determination on the original application, in which case, the Director shall lose &lt;span class="dictionary"&gt;jurisdiction&lt;/span&gt;.&#xA0; This request shall be filed in the public office of the Department of City Planning.&#xA0; Once filed, the request and the Department file shall be transmitted to the Area Planning Commission for action.&lt;br /&gt;&lt;br /&gt;	3.	&lt;span class="dictionary"&gt;Findings&lt;/span&gt;.&#xA0; The Director of Planning, or the Area Planning Commission on &lt;span class="dictionary"&gt;appeal&lt;/span&gt;, shall approve a Design Overlay Plan as requested or in modified form if, based on the application and the &lt;span class="dictionary"&gt;evidence&lt;/span&gt; submitted, if the Director or Area Commission determines that it satisfies all of the following requirements:&lt;br /&gt;&lt;br /&gt;	(a)	The project substantially complies with the adopted Community Design Overlay Guidelines and Standards.&lt;br /&gt;&lt;br /&gt;	(b)	The structures, site plan and landscaping are harmonious in scale and design with existing development and any cultural, scenic or environmental resources adjacent to the site and in the vicinity.&lt;br /&gt;&lt;br /&gt;	4.	Notice of Director&#x2019;s Determination.&#xA0; Within five working days following the decision, a Notice of the Director&#x2019;s Determination, and copies of the approved plans, shall be mailed to the applicant, the Councilmember in whose district the Project is located, the Citizen Advisory Committee, and any persons or organizations commenting on the application or requesting a Notice.&lt;br /&gt;&lt;br /&gt;	5.	Effective Date and &lt;span class="dictionary"&gt;Appeal&lt;/span&gt;.&lt;br /&gt;&lt;br /&gt;	(a)	The Director&#x2019;s determination shall become effective and final 15 days after the date of mailing the Notice of Director&#x2019;s Determination to the applicant, unless an &lt;span class="dictionary"&gt;appeal&lt;/span&gt; is filed with the Area Planning Commission within that period.&lt;br /&gt;&lt;br /&gt;	(b)	An applicant, member of the City Council, or any other interested person adversely affected may &lt;span class="dictionary"&gt;appeal&lt;/span&gt; the Director&#x2019;s decision to the Area Commission.&#xA0; &lt;span class="dictionary"&gt;Appeals&lt;/span&gt; shall be processed in the manner prescribed in Section 16.05H of this Code, except as otherwise provided here.&lt;br /&gt;&lt;br /&gt;	6.	Notice to Building and Safety.&#xA0; The Director of Planning shall notify the Department of Building and Safety of the final approval action of the Design Overlay Plan.&lt;/p&gt;&lt;/section&gt;</html><previous_section id="2216"><structure_id>43</structure_id><section_number>13.07</section_number><catch_line>Pedestrian Oriented District.</catch_line><url>/13.07/</url><token>13.07</token></previous_section><text><unit id="426" prefix=""><text>&#xA0; &#x201C;CDO&#x201D; COMMUNITY DESIGN OVERLAY DISTRICT.
	(New Sec. 13.08 Added by Ord. No. 172,032, Eff. 6/29/98.)	A.	Purpose.&#xA0; This section sets forth procedures and standards for the establishment of Community Design Overlay Districts throughout the City.&#xA0; The purpose of the Community Design Overlay district is to:	1.	Assure that development within communities is in accordance with community design policies adopted in the Community Plans, and with the Community Design Guidelines and Standards;	2.	Promote the distinctive character, stability and visual quality of existing neighborhoods and communities by ensuring that development visually provides a sense of place in terms of design within the Community Design Overlay District by considering the unique architectural character and environmental setting of the district;	3.	Assist in improving the visual attractiveness of multi-family housing available to meet the needs of all social and economic groups within the community;	4.	Protect areas of natural scenic beauty,&#xA0; cultural or environmental interest;	5.	Prevent the development of structures or uses which are not of acceptable exterior design or appearance; and	6.	Protect the integrity of previously attained entitlements.	7.	Provide for on-going community involvement in project design and evolution of guidelines.	B.	Establishment of District.&#xA0; (Amended by Ord. No. 173,268, Eff. 7/1/00, Oper. 7/1/00.)&#xA0; The City Council may establish new districts, or change boundaries of districts, by following the procedures set forth in Section 12.32S of this Code.&#xA0; A district may encompass all or portions of the area of a community plan, as recommended by the policies of that plan.&#xA0; Precise boundaries are required at the time of application or initiation of an individual Community Design Overlay District.&#xA0; A Community Design Overlay District shall not encompass an area designated as an Historic Preservation Overlay Zone pursuant to Section 12.20.3 of this Code.	C.	Definitions.&#xA0; For the purpose of this section, the following words and phrases are defined as follows:	1.	Design Overlay Plans.&#xA0; A document or documents which pictorially describe, by professionally accepted architectural graphic techniques, the location, appearance, configuration and dimensions of any proposed buildings, structures and site improvements including but not limited to landscaping, walls and fences, roof equipment, pole signs, monument signs, and parking areas.	2.	Project.&#xA0; The erection, construction, addition to, or exterior structural alteration of any building or structure, including, but not limited to, pole signs and/or monument signs located in a Community Design Overlay District.&#xA0; A Project does not include construction that consists solely of&#xA0; (1)&#xA0; interior remodeling, interior rehabilitation or repair work;&#xA0; (2)&#xA0; alterations of, including structural repairs, or additions to any existing building or structure in which the aggregate value of the work, in any one 24-month period, is less than 50 percent of the building or structure&#x2019;s replacement value before the alterations or additions, as determined by the Department of Building and Safety, unless the alterations or additions are to any building facade facing a public street; or&#xA0; (3)&#xA0; a residential building on a parcel or lot which is developed entirely as a residential use and consists of four or fewer dwelling units, unless expressly provided for in a Community Design Overlay District established pursuant to this section.	3.	Citizen Advisory Committee.&#xA0; A committee appointed by the Councilmember(s) pursuant to Subsection D2 of this section in whose District a Community Design Overlay District is established, who shall assist the Planning Department in the development of Design Guidelines and Standards.	D.	Approval of Guidelines and Standards.&#xA0; In establishing any individual Community Design Overlay District, the Director of Planning shall prepare, and the City Planning Commission shall approve by resolution, Community Design Guidelines and Standards applicable to design overlay areas.&#xA0; These Guidelines and Standards shall be adopted or amended according to the following procedures and criteria:	1.	Initiation.&#xA0; Preparation or amendment of the Guidelines and Standards may be initiated by the Director of Planning, the City Planning Commission or City Council.	2.	Preparation and Content.&#xA0; Upon initiation, the Director shall prepare, or cause to be prepared, proposed Guidelines and Standards based on the design policies contained in the Community Plan.&#xA0; At the option of the Council District, the Director shall utilize Advisory Boards in the development of design standards for individual communities and neighborhoods.&#xA0; The Guidelines and Standards shall be organized into those which are anticipated to be superseded by future citywide standards, and those that are necessary to protect the unique architectural and environmental features of the Community Design Overlay District.	The Guidelines and Standards are in addition to those set forth in the planning and zoning provisions of Los Angeles Municipal Code (LAMC) Chapter I, as amended, and any other relevant ordinances and do not convey any rights not otherwise granted under the provisions and procedures contained in that chapter and other relevant ordinances, except as specifically provided herein.	Furthermore, nothing in the Guidelines and Standards shall interfere with any previously granted entitlements, nor shall they restrict any right authorized in the underlying zone or height district.	At the option of the Councilmember(s), a Citizen Advisory Committee shall be appointed to assist in development of Guidelines and Standards.&#xA0; The Citizen Advisory Committee shall be appointed by the Councilmember in whose district the Community Design Overlay District is established, and the committee shall consist of a minimum of five and a maximum of seven voting members, each serving a term of office of four years, the terms being staggered so that at least one term becomes vacated on each successive year.&#xA0; The chairperson and vice chairperson shall be elected annually by a majority of the committee.&#xA0; The suggested composition of membership is as follows: two architects and two professionals from the following or related fields: planning, urban design and landscape architecture, or construction.&#xA0; The remaining member or members need not be design professionals.&#xA0; All members shall reside, operate a business, or be employed within the community plan area(s) in which the Community Design Overlay District is located.	3.	Commission Hearing and Notice.&#xA0; (Amended by Ord. No. 173,268, Eff. 7/1/00, Oper. 7/1/00.)&#xA0; The proposed or amended Guidelines and Standards shall be set for a public hearing before the City Planning Commission or a hearing officer as directed by the City Planning Commission prior to the Commission action.&#xA0; Notice of the hearing shall be given as provided in Section 12.24D2 of this Code.	4.	Reports.&#xA0; (Amended by Ord. No. 173,268, Eff. 7/1/00, Oper. 7/1/00.)&#xA0; If a hearing officer is designated to conduct the public hearing, after the conclusion of the hearing, the hearing officer shall submit his report to the City Planning Commission within a period of time as may be fixed by the Commission, setting forth his or her conclusions and recommendations in writing and stating briefly the reasons therefor.	5.	Decision by City Planning Commission.&#xA0; (Amended by Ord. No. 173,268, Eff. 7/1/00, Oper. 7/1/00.)&#xA0; The City Planning Commission shall, by resolution, approve, modify or disapprove the proposed Guidelines and Standards.&#xA0; If the City Planning Commission fails to act within 75 days from the receipt of the report and recommendation of the Planning Department, the proposed Guidelines and Standards shall be automatically submitted to the City Council for action.&#xA0; In approving the Guidelines and Standards, the City Planning Commission or Council shall find that they are consistent with the policies of the adopted Community Plan and the purposes of this section.	E.	Design Overlay Plan Approvals.&#xA0; (Amended by Ord. No. 173,268, Eff. 7/1/00, Oper. 7/1/00.)&#xA0; Within a Community Design Overlay District, no building permit shall be issued for any project, and no person shall perform any construction work on a Project, until a Design Overlay Plan has been submitted and approved according to the following procedures.&#xA0; No building permit shall be issued for any project, and no person shall do any construction work on a project except in conformance with the approved Design Overlay Plan.	EXCEPTION:	No Design Overlay Plan approval shall be required for any project until&#xA0; the Guidelines and Standards have been approved.	1.	Approval Authority.&#xA0; The Director of Planning, or his or her designee, shall approve or conditionally approve Design Overlay Plans if the plans comply with the provisions of approved Community Design Guidelines and Standards.&#xA0; An approval of a Design Overlay Plan by the Director of Planning, or his or her designee, shall be appealable to the Area Planning Commission.	2.	Procedures.	(a)	Application.&#xA0; An application for a Design Overlay Plan approval shall be filed with the Department of City Planning on the prescribed form, and shall be accompanied by any required materials.&#xA0; The application shall not be considered complete unless and until the form has been properly completed, all required information has been provided and the filing fee set forth in Section 19.01T of this Code has been paid.	(b)	Action of Director.&#xA0; The Director of Planning, or his or her designee, shall make a determination within 20 working days from the date of the filing of a completed application and the payment of the applicable fee.&#xA0; This time limit may be extended by mutual written agreement of the applicant and the Director.	(c)	Transfer of Jurisdiction.&#xA0; If the Director or his or her designee fails to make a determination within the prescribed time period, the applicant may file a request for a transfer of jurisdiction to the Area Planning Commission for a determination on the original application, in which case, the Director shall lose jurisdiction.&#xA0; This request shall be filed in the public office of the Department of City Planning.&#xA0; Once filed, the request and the Department file shall be transmitted to the Area Planning Commission for action.	3.	Findings.&#xA0; The Director of Planning, or the Area Planning Commission on appeal, shall approve a Design Overlay Plan as requested or in modified form if, based on the application and the evidence submitted, if the Director or Area Commission determines that it satisfies all of the following requirements:	(a)	The project substantially complies with the adopted Community Design Overlay Guidelines and Standards.	(b)	The structures, site plan and landscaping are harmonious in scale and design with existing development and any cultural, scenic or environmental resources adjacent to the site and in the vicinity.	4.	Notice of Director&#x2019;s Determination.&#xA0; Within five working days following the decision, a Notice of the Director&#x2019;s Determination, and copies of the approved plans, shall be mailed to the applicant, the Councilmember in whose district the Project is located, the Citizen Advisory Committee, and any persons or organizations commenting on the application or requesting a Notice.	5.	Effective Date and Appeal.	(a)	The Director&#x2019;s determination shall become effective and final 15 days after the date of mailing the Notice of Director&#x2019;s Determination to the applicant, unless an appeal is filed with the Area Planning Commission within that period.	(b)	An applicant, member of the City Council, or any other interested person adversely affected may appeal the Director&#x2019;s decision to the Area Commission.&#xA0; Appeals shall be processed in the manner prescribed in Section 16.05H of this Code, except as otherwise provided here.	6.	Notice to Building and Safety.&#xA0; The Director of Planning shall notify the Department of Building and Safety of the final approval action of the Design Overlay Plan.</text><type>section</type><prefixes><unit></unit></prefixes><entire_prefix></entire_prefix><prefix_anchor></prefix_anchor><level>1</level></unit></text></law>
