<?xml version="1.0"?>
<law><section_number>14.5.3</section_number><edition_id>1</edition_id><section_id>455</section_id><structure_id>90</structure_id><catch_line>Definitions.</catch_line><history></history><full_text>&#xA0; DEFINITIONS.

	The following terms, whenever used in this article, shall apply only to the Transfer of Floor Area Rights procedures in this article and shall be defined as set forth below.&#xA0; Other terms used in this article shall have the meanings set forth in Section 12.03 of this Code, if defined there.

	Administrator means the chief executive officer of the Agency and his or her designee.

	Agency means the Community Redevelopment Agency of the City of Los Angeles.

	Agency Board means the Board of Commissioners of the Community Redevelopment Agency of the City of Los Angeles.

	Applicant means the owner of a Receiver Site who has submitted a proposed Transfer Plan to the Agency or the Department of City Planning.

	Appraisal means an economic valuation of the Receiver Site submitted by the Applicant, which (a) has been prepared by an MAI appraiser with at least five years experience in appraising property in the City and (b) sets forth the fair market value of the Receiver Site (i) as of the date the application was submitted and (ii) as if the Receiver Site were vacant and used for its highest and best use under all then current zoning and planning restrictions and Agency policies affecting the Receiver Site.

	Buildable Area means the same as Lot Area, with the following exception: for the purposes of computing the maximum Floor Area Rights available through the approval of a Transfer Plan for a Transit Area Mixed Use Project, as defined herein, the buildable area shall include the lot area plus the area between the exterior lot lines and the centerline of any abutting public right-of-way.

	Central City TFAR Area means those portions of the Central City Community Plan Area, including portions of the City Center Redevelopment Project Area, as shown on Map A, dated April 30, 2010, and attached to Council File No. 10-1175, generally bounded by: U.S. Highway 101 on the north; Alameda Street, Los Angeles Street, San Pedro Street, and Main Street on the east; the Santa Monica Freeway (Interstate 10) on the south; and the Harbor Freeway (110 Freeway) and Hill Street on the west.

	City Council means the City Council of the City of Los Angeles.

	Commission means the City Planning Commission of the City of Los Angeles.

	Community Plan means the Central City Community Plan, a part of the General Plan of the City of Los Angeles, and including amendments to the Community Plan.

	Department means the Department of City Planning.

	Donor Site means a site within the Central City TFAR Area from which Floor Area Rights are transferred pursuant to the provisions of this article.

	Floor Area Deviation means the Transfer of Floor Area of less than 50,000 square feet as determined by the Director.

	Floor Area Ratio (FAR) means the Floor Area of a building divided by the Lot Area of the lot (prior to any dedications) upon which it is located.&#xA0; Notwithstanding the above, the maximum Floor Area Ratio of a Transit Area Mixed Use Project shall mean the Floor Area of a building divided by the Buildable Area.

	Floor Area Rights means the ability to construct additional Floor Area within a Project, pursuant to an approved Transfer Plan, in excess of the amount of Floor Area that Project would be allowed based on its Lot Area, or, in the case of a Transit Area Mixed Use Project, the Buildable Area.

	High-Density Floor Area Ratio Factor means a denominator of six and is used in calculating the amount of any TFAR Transfer Payment.

	Lot Area means the total horizontal area within the lot lines of a lot (prior to any dedication).

	Project means a building or structure or structural alteration or enlargement of an existing building or structure on a Receiver Site within the Central City TFAR Area.

	Public Benefits means amenities provided to the public including, but not limited to, providing for affordable housing; public open space; historic preservation; recreational, cultural, community and public facilities; job training and outreach programs; local hiring; payment of prevailing wages; affordable child care; streetscape improvements; sustainability features; public arts programs; homeless services programs; or public transportation improvements.

	Public Benefit Payment means that dollar sum established by the application of the formula set forth in Section 14.5.9 of this Code.

	Public Benefit Payment Trust Fund means that certain interest-bearing Trust Account administered by the City Clerk&#x2019;s Office designated as CB Public Benefit Program Fund 5158, from which funds may be distributed as set forth in Section 14.5.12 of this Code.

	Receiver Site means a site within the Central City TFAR Area, which receives Floor Area Rights pursuant to the provisions of this article.

	Redevelopment Plan means the City Center Redevelopment Project adopted by Ordinance No. 174,593 on May 15, 2002, or as subsequently amended.

	Redevelopment Project Area means the City Center Redevelopment Project Areas, as described in the City Center Redevelopment Plans.

	TFAR Transfer Payment means the payment made by the owner of a Receiver Site in exchange for the Agency&#x2019;s or City&#x2019;s Transfer of Floor Area Rights to a Receiver Site pursuant to the valuation method set forth in Section 14.5.10 of this Code.

	Transfer means the conveyance of unused allowable Floor Area of a lot from a Donor Site to a Receiver Site, which is approved in accordance with the requirements of this article.

	Transfer Plan means a plan that identifies and describes the Donor Site(s), Receiver Site(s), the amount of Floor Area Rights to be transferred and the Public Benefit Payment.

	Transit Area Mixed Use Project means any Project or portion of a Project in the Central City TFAR Area that: (1) provides floor area for at least two different land uses, such as commercial office and commercial retail, commercial office and multi-family residential, or commercial retail and hotel, or any other combination of uses; (2) is located within 1500 feet of a fixed rail transit station, as measured from the exterior lot line to the nearest station entrance; and (3) meets the standards and guidelines in the Downtown Design Guide.</full_text><order_by>5.3</order_by><ancestry><unit id="90" label="article"><name>Transfer Of Floor Area Rights &#x2013; Central City Community Plan And City Center Redevelopment Project Areas</name><identifier>4.5</identifier><url>/1/4.5/</url></unit><unit id="7" label="chapter"><name>General Provisions and Zoning</name><identifier>1</identifier><url>/1/</url></unit></ancestry><structure_contents><unit id="1872"><structure_id>90</structure_id><section_number>14.5.1</section_number><catch_line>Scope.</catch_line><url>/14.5.1/</url><token>14.5.1</token></unit><unit id="995"><structure_id>90</structure_id><section_number>14.5.10</section_number><catch_line>Tfar Transfer Payment.</catch_line><url>/14.5.10/</url><token>14.5.10</token></unit><unit id="671"><structure_id>90</structure_id><section_number>14.5.11</section_number><catch_line>Payments And Vesting.</catch_line><url>/14.5.11/</url><token>14.5.11</token></unit><unit id="3864"><structure_id>90</structure_id><section_number>14.5.12</section_number><catch_line>Public Benefit Payment Trust Fund.</catch_line><url>/14.5.12/</url><token>14.5.12</token></unit><unit id="1330"><structure_id>90</structure_id><section_number>14.5.2</section_number><catch_line>Purpose.</catch_line><url>/14.5.2/</url><token>14.5.2</token></unit><unit id="455"><structure_id>90</structure_id><section_number>14.5.3</section_number><catch_line>Definitions.</catch_line><url>/14.5.3/</url><token>14.5.3</token></unit><unit id="3099"><structure_id>90</structure_id><section_number>14.5.4</section_number><catch_line>Prohibition.</catch_line><url>/14.5.4/</url><token>14.5.4</token></unit><unit id="3408"><structure_id>90</structure_id><section_number>14.5.5</section_number><catch_line>Early Consultation Session.</catch_line><url>/14.5.5/</url><token>14.5.5</token></unit><unit id="2277"><structure_id>90</structure_id><section_number>14.5.6</section_number><catch_line>Approval Of Transfers - Authority And Procedures For Projects Involving Transfers Of 50,000 Square Feet Or Greater.</catch_line><url>/14.5.6/</url><token>14.5.6</token></unit><unit id="3856"><structure_id>90</structure_id><section_number>14.5.7</section_number><catch_line>Director&#x2019;S Determination.</catch_line><url>/14.5.7/</url><token>14.5.7</token></unit><unit id="1097"><structure_id>90</structure_id><section_number>14.5.8</section_number><catch_line>General Requirements.</catch_line><url>/14.5.8/</url><token>14.5.8</token></unit><unit id="2062"><structure_id>90</structure_id><section_number>14.5.9</section_number><catch_line>Public Benefit Payment.</catch_line><url>/14.5.9/</url><token>14.5.9</token></unit></structure_contents><next_section id="3099"><structure_id>90</structure_id><section_number>14.5.4</section_number><catch_line>Prohibition.</catch_line><url>/14.5.4/</url><token>14.5.4</token></next_section><metadata></metadata><references></references><url>/14.5.3/</url><token>14.5.3</token><formats><txt>/14.5.3.txt</txt><json>/14.5.3.xml</json></formats><dublin_core><Title>Definitions.</Title><Type>Text</Type><Format>text/html</Format><Identifier>&#xA7; 14.5.3</Identifier><Relation>Los Angeles Municipal Code</Relation></dublin_core><plain_text>                            LOS ANGELES MUNICIPAL CODE

DEFINITIONS. (&#xA7; 14.5.3)

&#xA0; DEFINITIONS.	The following terms, whenever used in this article, shall apply
only to the Transfer of Floor Area Rights procedures in this article and shall
be defined as set forth below.&#xA0; Other terms used in this article shall have the
meanings set forth in Section 12.03 of this Code, if defined
there.	Administrator means the chief executive officer of the Agency and his or
her designee.	Agency means the Community Redevelopment Agency of the City of Los
Angeles.	Agency Board means the Board of Commissioners of the Community
Redevelopment Agency of the City of Los Angeles.	Applicant means the owner of a
Receiver Site who has submitted a proposed Transfer Plan to the Agency or the
Department of City Planning.	Appraisal means an economic valuation of the
Receiver Site submitted by the Applicant, which (a) has been prepared by an MAI
appraiser with at least five years experience in appraising property in the City
and (b) sets forth the fair market value of the Receiver Site (i) as of the date
the application was submitted and (ii) as if the Receiver Site were vacant and
used for its highest and best use under all then current zoning and planning
restrictions and Agency policies affecting the Receiver Site.	Buildable Area
means the same as Lot Area, with the following exception: for the purposes of
computing the maximum Floor Area Rights available through the approval of a
Transfer Plan for a Transit Area Mixed Use Project, as defined herein, the
buildable area shall include the lot area plus the area between the exterior lot
lines and the centerline of any abutting public right-of-way.	Central City TFAR
Area means those portions of the Central City Community Plan Area, including
portions of the City Center Redevelopment Project Area, as shown on Map A, dated
April 30, 2010, and attached to Council File No. 10-1175, generally bounded by:
U.S. Highway 101 on the north; Alameda Street, Los Angeles Street, San Pedro
Street, and Main Street on the east; the Santa Monica Freeway (Interstate 10) on
the south; and the Harbor Freeway (110 Freeway) and Hill Street on the
west.	City Council means the City Council of the City of Los Angeles.	Commission
means the City Planning Commission of the City of Los Angeles.	Community Plan
means the Central City Community Plan, a part of the General Plan of the City of
Los Angeles, and including amendments to the Community Plan.	Department means
the Department of City Planning.	Donor Site means a site within the Central City
TFAR Area from which Floor Area Rights are transferred pursuant to the
provisions of this article.	Floor Area Deviation means the Transfer of Floor
Area of less than 50,000 square feet as determined by the Director.	Floor Area
Ratio (FAR) means the Floor Area of a building divided by the Lot Area of the
lot (prior to any dedications) upon which it is located.&#xA0; Notwithstanding the
above, the maximum Floor Area Ratio of a Transit Area Mixed Use Project shall
mean the Floor Area of a building divided by the Buildable Area.	Floor Area
Rights means the ability to construct additional Floor Area within a Project,
pursuant to an approved Transfer Plan, in excess of the amount of Floor Area
that Project would be allowed based on its Lot Area, or, in the case of a
Transit Area Mixed Use Project, the Buildable Area.	High-Density Floor Area
Ratio Factor means a denominator of six and is used in calculating the amount of
any TFAR Transfer Payment.	Lot Area means the total horizontal area within the
lot lines of a lot (prior to any dedication).	Project means a building or
structure or structural alteration or enlargement of an existing building or
structure on a Receiver Site within the Central City TFAR Area.	Public Benefits
means amenities provided to the public including, but not limited to, providing
for affordable housing; public open space; historic preservation; recreational,
cultural, community and public facilities; job training and outreach programs;
local hiring; payment of prevailing wages; affordable child care; streetscape
improvements; sustainability features; public arts programs; homeless services
programs; or public transportation improvements.	Public Benefit Payment means
that dollar sum established by the application of the formula set forth in
Section 14.5.9 of this Code.	Public Benefit Payment Trust Fund means that
certain interest-bearing Trust Account administered by the City Clerk&#x2019;s Office
designated as CB Public Benefit Program Fund 5158, from which funds may be
distributed as set forth in Section 14.5.12 of this Code.	Receiver Site means a
site within the Central City TFAR Area, which receives Floor Area Rights
pursuant to the provisions of this article.	Redevelopment Plan means the City
Center Redevelopment Project adopted by Ordinance No. 174,593 on May 15, 2002,
or as subsequently amended.	Redevelopment Project Area means the City Center
Redevelopment Project Areas, as described in the City Center Redevelopment
Plans.	TFAR Transfer Payment means the payment made by the owner of a Receiver
Site in exchange for the Agency&#x2019;s or City&#x2019;s Transfer of Floor Area Rights to
a Receiver Site pursuant to the valuation method set forth in Section 14.5.10 of
this Code.	Transfer means the conveyance of unused allowable Floor Area of a lot
from a Donor Site to a Receiver Site, which is approved in accordance with the
requirements of this article.	Transfer Plan means a plan that identifies and
describes the Donor Site(s), Receiver Site(s), the amount of Floor Area Rights
to be transferred and the Public Benefit Payment.	Transit Area Mixed Use Project
means any Project or portion of a Project in the Central City TFAR Area that:
(1) provides floor area for at least two different land uses, such as commercial
office and commercial retail, commercial office and multi-family residential, or
commercial retail and hotel, or any other combination of uses; (2) is located
within 1500 feet of a fixed rail transit station, as measured from the exterior
lot line to the nearest station entrance; and (3) meets the standards and
guidelines in the Downtown Design Guide.
</plain_text><html>
					&lt;section&gt;&lt;p&gt;&#xA0; DEFINITIONS.&lt;br /&gt;&lt;br /&gt;	The following terms, whenever used in this article, shall apply only to the Transfer of Floor Area Rights procedures in this article and shall be defined as set forth below.&#xA0; Other terms used in this article shall have the meanings set forth in Section 12.03 of this Code, if defined there.&lt;br /&gt;&lt;br /&gt;	Administrator means the chief executive officer of the Agency and his or her designee.&lt;br /&gt;&lt;br /&gt;	Agency means the Community Redevelopment Agency of the City of Los Angeles.&lt;br /&gt;&lt;br /&gt;	Agency Board means the Board of Commissioners of the Community Redevelopment Agency of the City of Los Angeles.&lt;br /&gt;&lt;br /&gt;	Applicant means the owner of a Receiver Site who has submitted a proposed Transfer Plan to the Agency or the Department of City Planning.&lt;br /&gt;&lt;br /&gt;	Appraisal means an economic valuation of the Receiver Site submitted by the Applicant, which (a) has been prepared by an MAI appraiser with at least five years experience in appraising property in the City and (b) sets forth the fair market value of the Receiver Site (i) as of the date the application was submitted and (ii) as if the Receiver Site were vacant and used for its highest and best use under all then current zoning and planning restrictions and Agency policies affecting the Receiver Site.&lt;br /&gt;&lt;br /&gt;	Buildable Area means the same as Lot Area, with the following exception: for the purposes of computing the maximum Floor Area Rights available through the approval of a Transfer Plan for a Transit Area Mixed Use Project, as defined herein, the buildable area shall include the lot area plus the area between the exterior lot lines and the centerline of any abutting public right-of-way.&lt;br /&gt;&lt;br /&gt;	Central City TFAR Area means those portions of the Central City Community Plan Area, including portions of the City Center Redevelopment Project Area, as shown on Map A, dated April 30, 2010, and attached to Council File No. 10-1175, generally bounded by: U.S. Highway 101 on the north; Alameda Street, Los Angeles Street, San Pedro Street, and Main Street on the east; the Santa Monica Freeway (Interstate 10) on the south; and the Harbor Freeway (110 Freeway) and Hill Street on the west.&lt;br /&gt;&lt;br /&gt;	City Council means the City Council of the City of Los Angeles.&lt;br /&gt;&lt;br /&gt;	Commission means the City Planning Commission of the City of Los Angeles.&lt;br /&gt;&lt;br /&gt;	Community Plan means the Central City Community Plan, a part of the General Plan of the City of Los Angeles, and including amendments to the Community Plan.&lt;br /&gt;&lt;br /&gt;	Department means the Department of City Planning.&lt;br /&gt;&lt;br /&gt;	Donor Site means a site within the Central City TFAR Area from which Floor Area Rights are transferred pursuant to the provisions of this article.&lt;br /&gt;&lt;br /&gt;	Floor Area Deviation means the Transfer of Floor Area of less than 50,000 square feet as determined by the Director.&lt;br /&gt;&lt;br /&gt;	Floor Area Ratio (FAR) means the Floor Area of a building divided by the Lot Area of the lot (prior to any dedications) upon which it is located.&#xA0; Notwithstanding the above, the maximum Floor Area Ratio of a Transit Area Mixed Use Project shall mean the Floor Area of a building divided by the Buildable Area.&lt;br /&gt;&lt;br /&gt;	Floor Area Rights means the ability to construct additional Floor Area within a Project, pursuant to an approved Transfer Plan, in excess of the amount of Floor Area that Project would be allowed based on its Lot Area, or, in the case of a Transit Area Mixed Use Project, the Buildable Area.&lt;br /&gt;&lt;br /&gt;	High-Density Floor Area Ratio Factor means a denominator of six and is used in calculating the amount of any TFAR Transfer Payment.&lt;br /&gt;&lt;br /&gt;	Lot Area means the total horizontal area within the lot lines of a lot (prior to any dedication).&lt;br /&gt;&lt;br /&gt;	Project means a building or structure or structural alteration or enlargement of an existing building or structure on a Receiver Site within the Central City TFAR Area.&lt;br /&gt;&lt;br /&gt;	Public Benefits means amenities provided to the public including, but not limited to, providing for affordable housing; public open space; historic preservation; recreational, cultural, community and public facilities; job training and outreach programs; local hiring; payment of prevailing wages; affordable child care; streetscape improvements; sustainability features; public arts programs; homeless services programs; or public transportation improvements.&lt;br /&gt;&lt;br /&gt;	Public Benefit Payment means that dollar sum established by the application of the formula set forth in Section 14.5.9 of this Code.&lt;br /&gt;&lt;br /&gt;	Public Benefit Payment Trust Fund means that certain interest-bearing Trust Account administered by the City Clerk&#x2019;s Office designated as CB Public Benefit Program Fund 5158, from which funds may be distributed as set forth in Section 14.5.12 of this Code.&lt;br /&gt;&lt;br /&gt;	Receiver Site means a site within the Central City TFAR Area, which receives Floor Area Rights pursuant to the provisions of this article.&lt;br /&gt;&lt;br /&gt;	Redevelopment Plan means the City Center Redevelopment Project adopted by &lt;span class="dictionary"&gt;Ordinance&lt;/span&gt; No. 174,593 on May 15, 2002, or as subsequently amended.&lt;br /&gt;&lt;br /&gt;	Redevelopment Project Area means the City Center Redevelopment Project Areas, as described in the City Center Redevelopment Plans.&lt;br /&gt;&lt;br /&gt;	TFAR Transfer Payment means the payment made by the owner of a Receiver Site in exchange for the Agency&#x2019;s or City&#x2019;s Transfer of Floor Area Rights to a Receiver Site pursuant to the valuation method set forth in Section 14.5.10 of this Code.&lt;br /&gt;&lt;br /&gt;	Transfer means the conveyance of unused allowable Floor Area of a lot from a Donor Site to a Receiver Site, which is approved in accordance with the requirements of this article.&lt;br /&gt;&lt;br /&gt;	Transfer Plan means a plan that identifies and describes the Donor Site(s), Receiver Site(s), the amount of Floor Area Rights to be transferred and the Public Benefit Payment.&lt;br /&gt;&lt;br /&gt;	Transit Area Mixed Use Project means any Project or portion of a Project in the Central City TFAR Area that: (1) provides floor area for at least two different land uses, such as commercial office and commercial retail, commercial office and multi-family residential, or commercial retail and hotel, or any other combination of uses; (2) is located within 1500 feet of a fixed rail transit station, as measured from the exterior lot line to the nearest station entrance; and (3) meets the standards and guidelines in the Downtown Design Guide.&lt;/p&gt;&lt;/section&gt;</html><previous_section id="1330"><structure_id>90</structure_id><section_number>14.5.2</section_number><catch_line>Purpose.</catch_line><url>/14.5.2/</url><token>14.5.2</token></previous_section><text><unit id="448" prefix=""><text>&#xA0; DEFINITIONS.	The following terms, whenever used in this article, shall apply only to the Transfer of Floor Area Rights procedures in this article and shall be defined as set forth below.&#xA0; Other terms used in this article shall have the meanings set forth in Section 12.03 of this Code, if defined there.	Administrator means the chief executive officer of the Agency and his or her designee.	Agency means the Community Redevelopment Agency of the City of Los Angeles.	Agency Board means the Board of Commissioners of the Community Redevelopment Agency of the City of Los Angeles.	Applicant means the owner of a Receiver Site who has submitted a proposed Transfer Plan to the Agency or the Department of City Planning.	Appraisal means an economic valuation of the Receiver Site submitted by the Applicant, which (a) has been prepared by an MAI appraiser with at least five years experience in appraising property in the City and (b) sets forth the fair market value of the Receiver Site (i) as of the date the application was submitted and (ii) as if the Receiver Site were vacant and used for its highest and best use under all then current zoning and planning restrictions and Agency policies affecting the Receiver Site.	Buildable Area means the same as Lot Area, with the following exception: for the purposes of computing the maximum Floor Area Rights available through the approval of a Transfer Plan for a Transit Area Mixed Use Project, as defined herein, the buildable area shall include the lot area plus the area between the exterior lot lines and the centerline of any abutting public right-of-way.	Central City TFAR Area means those portions of the Central City Community Plan Area, including portions of the City Center Redevelopment Project Area, as shown on Map A, dated April 30, 2010, and attached to Council File No. 10-1175, generally bounded by: U.S. Highway 101 on the north; Alameda Street, Los Angeles Street, San Pedro Street, and Main Street on the east; the Santa Monica Freeway (Interstate 10) on the south; and the Harbor Freeway (110 Freeway) and Hill Street on the west.	City Council means the City Council of the City of Los Angeles.	Commission means the City Planning Commission of the City of Los Angeles.	Community Plan means the Central City Community Plan, a part of the General Plan of the City of Los Angeles, and including amendments to the Community Plan.	Department means the Department of City Planning.	Donor Site means a site within the Central City TFAR Area from which Floor Area Rights are transferred pursuant to the provisions of this article.	Floor Area Deviation means the Transfer of Floor Area of less than 50,000 square feet as determined by the Director.	Floor Area Ratio (FAR) means the Floor Area of a building divided by the Lot Area of the lot (prior to any dedications) upon which it is located.&#xA0; Notwithstanding the above, the maximum Floor Area Ratio of a Transit Area Mixed Use Project shall mean the Floor Area of a building divided by the Buildable Area.	Floor Area Rights means the ability to construct additional Floor Area within a Project, pursuant to an approved Transfer Plan, in excess of the amount of Floor Area that Project would be allowed based on its Lot Area, or, in the case of a Transit Area Mixed Use Project, the Buildable Area.	High-Density Floor Area Ratio Factor means a denominator of six and is used in calculating the amount of any TFAR Transfer Payment.	Lot Area means the total horizontal area within the lot lines of a lot (prior to any dedication).	Project means a building or structure or structural alteration or enlargement of an existing building or structure on a Receiver Site within the Central City TFAR Area.	Public Benefits means amenities provided to the public including, but not limited to, providing for affordable housing; public open space; historic preservation; recreational, cultural, community and public facilities; job training and outreach programs; local hiring; payment of prevailing wages; affordable child care; streetscape improvements; sustainability features; public arts programs; homeless services programs; or public transportation improvements.	Public Benefit Payment means that dollar sum established by the application of the formula set forth in Section 14.5.9 of this Code.	Public Benefit Payment Trust Fund means that certain interest-bearing Trust Account administered by the City Clerk&#x2019;s Office designated as CB Public Benefit Program Fund 5158, from which funds may be distributed as set forth in Section 14.5.12 of this Code.	Receiver Site means a site within the Central City TFAR Area, which receives Floor Area Rights pursuant to the provisions of this article.	Redevelopment Plan means the City Center Redevelopment Project adopted by Ordinance No. 174,593 on May 15, 2002, or as subsequently amended.	Redevelopment Project Area means the City Center Redevelopment Project Areas, as described in the City Center Redevelopment Plans.	TFAR Transfer Payment means the payment made by the owner of a Receiver Site in exchange for the Agency&#x2019;s or City&#x2019;s Transfer of Floor Area Rights to a Receiver Site pursuant to the valuation method set forth in Section 14.5.10 of this Code.	Transfer means the conveyance of unused allowable Floor Area of a lot from a Donor Site to a Receiver Site, which is approved in accordance with the requirements of this article.	Transfer Plan means a plan that identifies and describes the Donor Site(s), Receiver Site(s), the amount of Floor Area Rights to be transferred and the Public Benefit Payment.	Transit Area Mixed Use Project means any Project or portion of a Project in the Central City TFAR Area that: (1) provides floor area for at least two different land uses, such as commercial office and commercial retail, commercial office and multi-family residential, or commercial retail and hotel, or any other combination of uses; (2) is located within 1500 feet of a fixed rail transit station, as measured from the exterior lot line to the nearest station entrance; and (3) meets the standards and guidelines in the Downtown Design Guide.</text><type>section</type><prefixes><unit></unit></prefixes><entire_prefix></entire_prefix><prefix_anchor></prefix_anchor><level>1</level></unit></text></law>
