<?xml version="1.0"?>
<law><section_number>151.14</section_number><edition_id>1</edition_id><section_id>467</section_id><structure_id>38</structure_id><catch_line>Filing Of Application For Rent Adjustments, Requests For Hearing, And Appeals.</catch_line><history></history><full_text>&#xA0; FILING OF APPLICATION FOR RENT ADJUSTMENTS, REQUESTS FOR HEARING, AND APPEALS.

	A.	Filing Date.&#xA0; (Amended by Ord. No. 165,251, Eff. 11/20/89.)&#xA0; An application for rent adjustment, request for hearing, appeal or re-rental certificate shall be considered as filed on the date it has been completed in accordance with the applicable rules and regulations, and received together with any required filing fee by the Department. If at any time during the processing of an application it is determined that an application has been improperly prepared, or requires additional information not submitted in accordance with the rules and regulations, the time limits specified within this chapter shall be suspended and not continue to run until the application has been rectified or the omitted information furnished upon written notification to the applicant.

	B.	Place of Filing.&#xA0; Whenever the provisions of this chapter provide that applications or requests for hearing or appeals be filed in the office of the Department, such applications or requests for hearing or appeals may be filed in any of the branch offices of the Department.

	C.	An application fee required under this section may be waived by the Department for any individual who files a declaration stating that he or she annually earns no more than 50% of the median income for the Los Angeles area. The declaration shall state the above information is true and correct.&#xA0; The median is to be determined by the standards utilized by the Housing Authority of the City of Los Angeles acting pursuant to HUD relations. (Amended by Ord. No. 160,791, Eff. 2/10/86.)

	D.	If a hearing officer determines, based on clear and convincing evidence, that an applicant has willfully or knowingly with the intent to deceive, made or caused to be made a false statement or representation, or knowingly failed to disclose a material fact, in connection with any application under consideration by the hearing officer, then the hearing officer may deny the application.&#xA0; Any determination by the hearing officer based on this subsection shall be appealable to the Rent Adjustment Commission.&#xA0; (Added by Ord. No. 160,791, Eff. 2/10/86.)

	E.	For purposes of this chapter, if an application, request for appeal or request for hearing is mailed to the Department, it is deemed to be received as established by the date of the postmark affixed on an envelope properly addressed to the Department.&#xA0; (Added by Ord. No. 160,791, Eff. 2/10/86.)</full_text><order_by>14</order_by><ancestry><unit id="38" label="article"><name>Rent Stabilization Ordinance</name><identifier>1</identifier><url>/15/1/</url></unit><unit id="37" label="chapter"><name>Rent Stabilization Ordinance</name><identifier>15</identifier><url>/15/</url></unit></ancestry><structure_contents><unit id="1697"><structure_id>38</structure_id><section_number>151.00</section_number><catch_line>Title.</catch_line><url>/151.00/</url><token>151.00</token></unit><unit id="1881"><structure_id>38</structure_id><section_number>151.01</section_number><catch_line>Declaration Of Purpose.</catch_line><url>/151.01/</url><token>151.01</token></unit><unit id="2461"><structure_id>38</structure_id><section_number>151.02</section_number><catch_line>Definitions.</catch_line><url>/151.02/</url><token>151.02</token></unit><unit id="1905"><structure_id>38</structure_id><section_number>151.03</section_number><catch_line>The Rent Adjustment Commission.</catch_line><url>/151.03/</url><token>151.03</token></unit><unit id="2887"><structure_id>38</structure_id><section_number>151.04</section_number><catch_line>Restriction On Rents.</catch_line><url>/151.04/</url><token>151.04</token></unit><unit id="2613"><structure_id>38</structure_id><section_number>151.05</section_number><catch_line>Registration, Notification Of Tenants, Posting Of Notice And Payment Of Fees.</catch_line><url>/151.05/</url><token>151.05</token></unit><unit id="1401"><structure_id>38</structure_id><section_number>151.05.1</section_number><catch_line>Passthrough Of Surcharge For The Systematic Code Enforcement Fee.</catch_line><url>/151.05.1/</url><token>151.05.1</token></unit><unit id="1394"><structure_id>38</structure_id><section_number>151.06</section_number><catch_line>Automatic Adjustments.</catch_line><url>/151.06/</url><token>151.06</token></unit><unit id="1165"><structure_id>38</structure_id><section_number>151.06.02</section_number><catch_line>Payment Of Interest On Security Deposits.</catch_line><url>/151.06.02/</url><token>151.06.02</token></unit><unit id="2392"><structure_id>38</structure_id><section_number>151.06.1</section_number><catch_line>Smoke Detectors.</catch_line><url>/151.06.1/</url><token>151.06.1</token></unit><unit id="3311"><structure_id>38</structure_id><section_number>151.06.2</section_number><catch_line>Surcharge For Water Conservation Assessment.</catch_line><url>/151.06.2/</url><token>151.06.2</token></unit><unit id="3423"><structure_id>38</structure_id><section_number>151.06.5</section_number><catch_line>Reductions In Rent.</catch_line><url>/151.06.5/</url><token>151.06.5</token></unit><unit id="66"><structure_id>38</structure_id><section_number>151.07</section_number><catch_line>Authority Of The Department And The Commission To Grant Individual Rent Adjustments.</catch_line><url>/151.07/</url><token>151.07</token></unit><unit id="3940"><structure_id>38</structure_id><section_number>151.08</section_number><catch_line>Authority Of Commission To Regulate By Class.</catch_line><url>/151.08/</url><token>151.08</token></unit><unit id="1253"><structure_id>38</structure_id><section_number>151.09</section_number><catch_line>Evictions.</catch_line><url>/151.09/</url><token>151.09</token></unit><unit id="2643"><structure_id>38</structure_id><section_number>151.10</section_number><catch_line>Remedies.</catch_line><url>/151.10/</url><token>151.10</token></unit><unit id="3461"><structure_id>38</structure_id><section_number>151.11</section_number><catch_line>Refusal Of A Tenant To Pay.</catch_line><url>/151.11/</url><token>151.11</token></unit><unit id="1361"><structure_id>38</structure_id><section_number>151.12</section_number><catch_line>Operative Date.</catch_line><url>/151.12/</url><token>151.12</token></unit><unit id="3106"><structure_id>38</structure_id><section_number>151.13</section_number><catch_line>Minor Errors In Payment.</catch_line><url>/151.13/</url><token>151.13</token></unit><unit id="467"><structure_id>38</structure_id><section_number>151.14</section_number><catch_line>Filing Of Application For Rent Adjustments, Requests For Hearing, And Appeals.</catch_line><url>/151.14/</url><token>151.14</token></unit><unit id="2596"><structure_id>38</structure_id><section_number>151.15</section_number><catch_line>151.15.Penalties For Late Registration And For Failure To Post Notice That Property Is Subject To The Rent Stabilization Ordinance.</catch_line><url>/151.15/</url><token>151.15</token></unit><unit id="2542"><structure_id>38</structure_id><section_number>151.16</section_number><catch_line>Research Services.</catch_line><url>/151.16/</url><token>151.16</token></unit><unit id="3174"><structure_id>38</structure_id><section_number>151.18</section_number><catch_line>Additional Services Contracts.</catch_line><url>/151.18/</url><token>151.18</token></unit><unit id="909"><structure_id>38</structure_id><section_number>151.19</section_number><catch_line>Review Of Ordinance.</catch_line><url>/151.19/</url><token>151.19</token></unit><unit id="2430"><structure_id>38</structure_id><section_number>151.20</section_number><catch_line>Temporary Eviction Controls And Rent Reductions For Mobile Homes Damaged In The January, 1994 Earthquake.</catch_line><url>/151.20/</url><token>151.20</token></unit><unit id="2740"><structure_id>38</structure_id><section_number>151.21</section_number><catch_line>Hurricane Katrina And Hurricane Rita Temporary Relief Program.</catch_line><url>/151.21/</url><token>151.21</token></unit><unit id="299"><structure_id>38</structure_id><section_number>151.22</section_number><catch_line>Ellis Act Provisions - Statement Of Purpose And Effect.</catch_line><url>/151.22/</url><token>151.22</token></unit><unit id="3047"><structure_id>38</structure_id><section_number>151.23</section_number><catch_line>Ellis Act Provisions - Required Notice.</catch_line><url>/151.23/</url><token>151.23</token></unit><unit id="2552"><structure_id>38</structure_id><section_number>151.24</section_number><catch_line>Ellis Act Provisions - Notification To Department Of Intent To Re-Rent Unit.</catch_line><url>/151.24/</url><token>151.24</token></unit><unit id="1480"><structure_id>38</structure_id><section_number>151.25</section_number><catch_line>Ellis Act Provisions - Civil Penalties For Offering Units For Rent Within Two Years Of Withdrawal.</catch_line><url>/151.25/</url><token>151.25</token></unit><unit id="1337"><structure_id>38</structure_id><section_number>151.26</section_number><catch_line>Ellis Act Provisions - Regulation Of Property On Re-Offer For Rent Or Lease After Withdrawal.</catch_line><url>/151.26/</url><token>151.26</token></unit><unit id="1267"><structure_id>38</structure_id><section_number>151.27</section_number><catch_line>Ellis Act Provisions - Re-Rental Rights Of Displaced Tenants.</catch_line><url>/151.27/</url><token>151.27</token></unit><unit id="2909"><structure_id>38</structure_id><section_number>151.28</section_number><catch_line>Ellis Act Provisions - Rental Of Replacement Units.</catch_line><url>/151.28/</url><token>151.28</token></unit><unit id="71"><structure_id>38</structure_id><section_number>151.29</section_number><catch_line>Regulation Of Leases In Mobilehome Parks.</catch_line><url>/151.29/</url><token>151.29</token></unit><unit id="3924"><structure_id>38</structure_id><section_number>151.30</section_number><catch_line>Evictions For Owner, Family, Or Resident Manager
Occupancy.</catch_line><url>/151.30/</url><token>151.30</token></unit></structure_contents><next_section id="2596"><structure_id>38</structure_id><section_number>151.15</section_number><catch_line>151.15.Penalties For Late Registration And For Failure To Post Notice That Property Is Subject To The Rent Stabilization Ordinance.</catch_line><url>/151.15/</url><token>151.15</token></next_section><metadata></metadata><references></references><url>/151.14/</url><token>151.14</token><formats><txt>/151.14.txt</txt><json>/151.14.xml</json></formats><dublin_core><Title>Filing Of Application For Rent Adjustments, Requests For Hearing, And Appeals.</Title><Type>Text</Type><Format>text/html</Format><Identifier>&#xA7; 151.14</Identifier><Relation>Los Angeles Municipal Code</Relation></dublin_core><plain_text>                            LOS ANGELES MUNICIPAL CODE

FILING OF APPLICATION FOR RENT ADJUSTMENTS, REQUESTS FOR HEARING, AND APPEALS.
(&#xA7; 151.14)

&#xA0; FILING OF APPLICATION FOR RENT ADJUSTMENTS, REQUESTS FOR HEARING, AND
APPEALS.	A.	Filing Date.&#xA0; (Amended by Ord. No. 165,251, Eff. 11/20/89.)&#xA0; An
application for rent adjustment, request for hearing, appeal or re-rental
certificate shall be considered as filed on the date it has been completed in
accordance with the applicable rules and regulations, and received together with
any required filing fee by the Department. If at any time during the processing
of an application it is determined that an application has been improperly
prepared, or requires additional information not submitted in accordance with
the rules and regulations, the time limits specified within this chapter shall
be suspended and not continue to run until the application has been rectified or
the omitted information furnished upon written notification to the
applicant.	B.	Place of Filing.&#xA0; Whenever the provisions of this chapter provide
that applications or requests for hearing or appeals be filed in the office of
the Department, such applications or requests for hearing or appeals may be
filed in any of the branch offices of the Department.	C.	An application fee
required under this section may be waived by the Department for any individual
who files a declaration stating that he or she annually earns no more than 50%
of the median income for the Los Angeles area. The declaration shall state the
above information is true and correct.&#xA0; The median is to be determined by the
standards utilized by the Housing Authority of the City of Los Angeles acting
pursuant to HUD relations. (Amended by Ord. No. 160,791, Eff. 2/10/86.)	D.	If a
hearing officer determines, based on clear and convincing evidence, that an
applicant has willfully or knowingly with the intent to deceive, made or caused
to be made a false statement or representation, or knowingly failed to disclose
a material fact, in connection with any application under consideration by the
hearing officer, then the hearing officer may deny the application.&#xA0; Any
determination by the hearing officer based on this subsection shall be
appealable to the Rent Adjustment Commission.&#xA0; (Added by Ord. No. 160,791, Eff.
2/10/86.)	E.	For purposes of this chapter, if an application, request for appeal
or request for hearing is mailed to the Department, it is deemed to be received
as established by the date of the postmark affixed on an envelope properly
addressed to the Department.&#xA0; (Added by Ord. No. 160,791, Eff. 2/10/86.)
</plain_text><html>
					&lt;section&gt;&lt;p&gt;&#xA0; FILING OF APPLICATION FOR RENT ADJUSTMENTS, REQUESTS FOR &lt;span class="dictionary"&gt;HEARING&lt;/span&gt;, AND &lt;span class="dictionary"&gt;APPEALS&lt;/span&gt;.&lt;br /&gt;&lt;br /&gt;	A.	Filing Date.&#xA0; (Amended by Ord. No. 165,251, Eff. 11/20/89.)&#xA0; An application for rent adjustment, request for &lt;span class="dictionary"&gt;hearing&lt;/span&gt;, &lt;span class="dictionary"&gt;appeal&lt;/span&gt; or re-rental certificate shall be considered as filed on the date it has been completed in accordance with the applicable rules and regulations, and received together with any required filing fee by the Department. If at any time during the processing of an application it is determined that an application has been improperly prepared, or requires additional information not submitted in accordance with the rules and regulations, the time limits specified within this chapter shall be suspended and not continue to run until the application has been rectified or the omitted information furnished upon written notification to the applicant.&lt;br /&gt;&lt;br /&gt;	B.	Place of Filing.&#xA0; Whenever the provisions of this chapter provide that applications or requests for &lt;span class="dictionary"&gt;hearing&lt;/span&gt; or &lt;span class="dictionary"&gt;appeals&lt;/span&gt; be filed in the office of the Department, such applications or requests for &lt;span class="dictionary"&gt;hearing&lt;/span&gt; or &lt;span class="dictionary"&gt;appeals&lt;/span&gt; may be filed in any of the branch offices of the Department.&lt;br /&gt;&lt;br /&gt;	C.	An application fee required under this section may be waived by the Department for any individual who files a declaration stating that he or she annually earns no more than 50% of the median income for the Los Angeles area. The declaration shall state the above information is true and correct.&#xA0; The median is to be determined by the standards utilized by the Housing Authority of the City of Los Angeles acting pursuant to HUD relations. (Amended by Ord. No. 160,791, Eff. 2/10/86.)&lt;br /&gt;&lt;br /&gt;	D.	If a &lt;span class="dictionary"&gt;hearing&lt;/span&gt; officer determines, based on clear and convincing &lt;span class="dictionary"&gt;evidence&lt;/span&gt;, that an applicant has willfully or knowingly with the &lt;span class="dictionary"&gt;intent&lt;/span&gt; to deceive, made or caused to be made a false statement or representation, or knowingly failed to disclose a &lt;span class="dictionary"&gt;material&lt;/span&gt; &lt;span class="dictionary"&gt;fact&lt;/span&gt;, in connection with any application under consideration by the &lt;span class="dictionary"&gt;hearing&lt;/span&gt; officer, then the &lt;span class="dictionary"&gt;hearing&lt;/span&gt; officer may deny the application.&#xA0; Any determination by the &lt;span class="dictionary"&gt;hearing&lt;/span&gt; officer based on this subsection shall be appealable to the Rent Adjustment Commission.&#xA0; (Added by Ord. No. 160,791, Eff. 2/10/86.)&lt;br /&gt;&lt;br /&gt;	E.	For purposes of this chapter, if an application, request for &lt;span class="dictionary"&gt;appeal&lt;/span&gt; or request for &lt;span class="dictionary"&gt;hearing&lt;/span&gt; is mailed to the Department, it is deemed to be received as established by the date of the postmark affixed on an envelope properly addressed to the Department.&#xA0; (Added by Ord. No. 160,791, Eff. 2/10/86.)&lt;/p&gt;&lt;/section&gt;</html><previous_section id="3106"><structure_id>38</structure_id><section_number>151.13</section_number><catch_line>Minor Errors In Payment.</catch_line><url>/151.13/</url><token>151.13</token></previous_section><text><unit id="460" prefix=""><text>&#xA0; FILING OF APPLICATION FOR RENT ADJUSTMENTS, REQUESTS FOR HEARING, AND APPEALS.	A.	Filing Date.&#xA0; (Amended by Ord. No. 165,251, Eff. 11/20/89.)&#xA0; An application for rent adjustment, request for hearing, appeal or re-rental certificate shall be considered as filed on the date it has been completed in accordance with the applicable rules and regulations, and received together with any required filing fee by the Department. If at any time during the processing of an application it is determined that an application has been improperly prepared, or requires additional information not submitted in accordance with the rules and regulations, the time limits specified within this chapter shall be suspended and not continue to run until the application has been rectified or the omitted information furnished upon written notification to the applicant.	B.	Place of Filing.&#xA0; Whenever the provisions of this chapter provide that applications or requests for hearing or appeals be filed in the office of the Department, such applications or requests for hearing or appeals may be filed in any of the branch offices of the Department.	C.	An application fee required under this section may be waived by the Department for any individual who files a declaration stating that he or she annually earns no more than 50% of the median income for the Los Angeles area. The declaration shall state the above information is true and correct.&#xA0; The median is to be determined by the standards utilized by the Housing Authority of the City of Los Angeles acting pursuant to HUD relations. (Amended by Ord. No. 160,791, Eff. 2/10/86.)	D.	If a hearing officer determines, based on clear and convincing evidence, that an applicant has willfully or knowingly with the intent to deceive, made or caused to be made a false statement or representation, or knowingly failed to disclose a material fact, in connection with any application under consideration by the hearing officer, then the hearing officer may deny the application.&#xA0; Any determination by the hearing officer based on this subsection shall be appealable to the Rent Adjustment Commission.&#xA0; (Added by Ord. No. 160,791, Eff. 2/10/86.)	E.	For purposes of this chapter, if an application, request for appeal or request for hearing is mailed to the Department, it is deemed to be received as established by the date of the postmark affixed on an envelope properly addressed to the Department.&#xA0; (Added by Ord. No. 160,791, Eff. 2/10/86.)</text><type>section</type><prefixes><unit></unit></prefixes><entire_prefix></entire_prefix><prefix_anchor></prefix_anchor><level>1</level></unit></text></law>
