<?xml version="1.0"?>
<law><section_number>151.22</section_number><edition_id>1</edition_id><section_id>299</section_id><structure_id>38</structure_id><catch_line>Ellis Act Provisions &#x2013; Statement Of Purpose And Effect.</catch_line><history></history><full_text>&#xA0; ELLIS ACT PROVISIONS &#x2013; STATEMENT OF PURPOSE AND EFFECT.
	(Added by Ord. No. 177,901, Eff. 9/29/06.)

	California Government Code Sections 7060, et seq. (the &#x201C;Ellis Act&#x201D;) permits the City, among other things, to require landlords to provide all tenants with 120 days notice, or one year if the tenants lived in the accommodations for at least one year and are more than 62 years of age or disabled, when rental units subject to the Rent Stabilization Ordinance are to be withdrawn from the rental market.&#xA0; The Ellis Act also permits the City to impose other restrictions, conditions and requirements upon the property.&#xA0; It is the purpose of this section, and Sections 151.23 through 151.28, to implement provisions of the Ellis Act.&#xA0; The Department may develop forms and regulations to assist in the implementation of these provisions.

	There continues to be a low vacancy rate for rental units in the City of Los Angeles, and the withdrawal of residential rental property from rent or lease will exacerbate the rental housing shortage and make it more difficult for tenants displaced by the withdrawal to obtain replacement housing.&#xA0; Because of the rental housing shortage, it is essential that tenants be afforded substantial advance notice to enable them to obtain replacement housing, and that they receive other protections available under law.

	In any action by a landlord to recover possession of a rental unit subject to the Rent Stabilization Ordinance, the tenant may raise as an affirmative defense the failure of the landlord to comply with the requirements of Sections 151.22 through 151.28, as well as the failure of the landlord to comply with any other requirement of this chapter.</full_text><order_by>22</order_by><ancestry><unit id="38" label="article"><name>Rent Stabilization Ordinance</name><identifier>1</identifier><url>/15/1/</url></unit><unit id="37" label="chapter"><name>Rent Stabilization Ordinance</name><identifier>15</identifier><url>/15/</url></unit></ancestry><structure_contents><unit id="1697"><structure_id>38</structure_id><section_number>151.00</section_number><catch_line>Title.</catch_line><url>/151.00/</url><token>151.00</token></unit><unit id="1881"><structure_id>38</structure_id><section_number>151.01</section_number><catch_line>Declaration Of Purpose.</catch_line><url>/151.01/</url><token>151.01</token></unit><unit id="2461"><structure_id>38</structure_id><section_number>151.02</section_number><catch_line>Definitions.</catch_line><url>/151.02/</url><token>151.02</token></unit><unit id="1905"><structure_id>38</structure_id><section_number>151.03</section_number><catch_line>The Rent Adjustment Commission.</catch_line><url>/151.03/</url><token>151.03</token></unit><unit id="2887"><structure_id>38</structure_id><section_number>151.04</section_number><catch_line>Restriction On Rents.</catch_line><url>/151.04/</url><token>151.04</token></unit><unit id="2613"><structure_id>38</structure_id><section_number>151.05</section_number><catch_line>Registration, Notification Of Tenants, Posting Of Notice And Payment Of Fees.</catch_line><url>/151.05/</url><token>151.05</token></unit><unit id="1401"><structure_id>38</structure_id><section_number>151.05.1</section_number><catch_line>Passthrough Of Surcharge For The Systematic Code Enforcement Fee.</catch_line><url>/151.05.1/</url><token>151.05.1</token></unit><unit id="1394"><structure_id>38</structure_id><section_number>151.06</section_number><catch_line>Automatic Adjustments.</catch_line><url>/151.06/</url><token>151.06</token></unit><unit id="1165"><structure_id>38</structure_id><section_number>151.06.02</section_number><catch_line>Payment Of Interest On Security Deposits.</catch_line><url>/151.06.02/</url><token>151.06.02</token></unit><unit id="2392"><structure_id>38</structure_id><section_number>151.06.1</section_number><catch_line>Smoke Detectors.</catch_line><url>/151.06.1/</url><token>151.06.1</token></unit><unit id="3311"><structure_id>38</structure_id><section_number>151.06.2</section_number><catch_line>Surcharge For Water Conservation Assessment.</catch_line><url>/151.06.2/</url><token>151.06.2</token></unit><unit id="3423"><structure_id>38</structure_id><section_number>151.06.5</section_number><catch_line>Reductions In Rent.</catch_line><url>/151.06.5/</url><token>151.06.5</token></unit><unit id="66"><structure_id>38</structure_id><section_number>151.07</section_number><catch_line>Authority Of The Department And The Commission To Grant Individual Rent Adjustments.</catch_line><url>/151.07/</url><token>151.07</token></unit><unit id="3940"><structure_id>38</structure_id><section_number>151.08</section_number><catch_line>Authority Of Commission To Regulate By Class.</catch_line><url>/151.08/</url><token>151.08</token></unit><unit id="1253"><structure_id>38</structure_id><section_number>151.09</section_number><catch_line>Evictions.</catch_line><url>/151.09/</url><token>151.09</token></unit><unit id="2643"><structure_id>38</structure_id><section_number>151.10</section_number><catch_line>Remedies.</catch_line><url>/151.10/</url><token>151.10</token></unit><unit id="3461"><structure_id>38</structure_id><section_number>151.11</section_number><catch_line>Refusal Of A Tenant To Pay.</catch_line><url>/151.11/</url><token>151.11</token></unit><unit id="1361"><structure_id>38</structure_id><section_number>151.12</section_number><catch_line>Operative Date.</catch_line><url>/151.12/</url><token>151.12</token></unit><unit id="3106"><structure_id>38</structure_id><section_number>151.13</section_number><catch_line>Minor Errors In Payment.</catch_line><url>/151.13/</url><token>151.13</token></unit><unit id="467"><structure_id>38</structure_id><section_number>151.14</section_number><catch_line>Filing Of Application For Rent Adjustments, Requests For Hearing, And Appeals.</catch_line><url>/151.14/</url><token>151.14</token></unit><unit id="2596"><structure_id>38</structure_id><section_number>151.15</section_number><catch_line>151.15.Penalties For Late Registration And For Failure To Post Notice That Property Is Subject To The Rent Stabilization Ordinance.</catch_line><url>/151.15/</url><token>151.15</token></unit><unit id="2542"><structure_id>38</structure_id><section_number>151.16</section_number><catch_line>Research Services.</catch_line><url>/151.16/</url><token>151.16</token></unit><unit id="3174"><structure_id>38</structure_id><section_number>151.18</section_number><catch_line>Additional Services Contracts.</catch_line><url>/151.18/</url><token>151.18</token></unit><unit id="909"><structure_id>38</structure_id><section_number>151.19</section_number><catch_line>Review Of Ordinance.</catch_line><url>/151.19/</url><token>151.19</token></unit><unit id="2430"><structure_id>38</structure_id><section_number>151.20</section_number><catch_line>Temporary Eviction Controls And Rent Reductions For Mobile Homes Damaged In The January, 1994 Earthquake.</catch_line><url>/151.20/</url><token>151.20</token></unit><unit id="2740"><structure_id>38</structure_id><section_number>151.21</section_number><catch_line>Hurricane Katrina And Hurricane Rita Temporary Relief Program.</catch_line><url>/151.21/</url><token>151.21</token></unit><unit id="299"><structure_id>38</structure_id><section_number>151.22</section_number><catch_line>Ellis Act Provisions - Statement Of Purpose And Effect.</catch_line><url>/151.22/</url><token>151.22</token></unit><unit id="3047"><structure_id>38</structure_id><section_number>151.23</section_number><catch_line>Ellis Act Provisions - Required Notice.</catch_line><url>/151.23/</url><token>151.23</token></unit><unit id="2552"><structure_id>38</structure_id><section_number>151.24</section_number><catch_line>Ellis Act Provisions - Notification To Department Of Intent To Re-Rent Unit.</catch_line><url>/151.24/</url><token>151.24</token></unit><unit id="1480"><structure_id>38</structure_id><section_number>151.25</section_number><catch_line>Ellis Act Provisions - Civil Penalties For Offering Units For Rent Within Two Years Of Withdrawal.</catch_line><url>/151.25/</url><token>151.25</token></unit><unit id="1337"><structure_id>38</structure_id><section_number>151.26</section_number><catch_line>Ellis Act Provisions - Regulation Of Property On Re-Offer For Rent Or Lease After Withdrawal.</catch_line><url>/151.26/</url><token>151.26</token></unit><unit id="1267"><structure_id>38</structure_id><section_number>151.27</section_number><catch_line>Ellis Act Provisions - Re-Rental Rights Of Displaced Tenants.</catch_line><url>/151.27/</url><token>151.27</token></unit><unit id="2909"><structure_id>38</structure_id><section_number>151.28</section_number><catch_line>Ellis Act Provisions - Rental Of Replacement Units.</catch_line><url>/151.28/</url><token>151.28</token></unit><unit id="71"><structure_id>38</structure_id><section_number>151.29</section_number><catch_line>Regulation Of Leases In Mobilehome Parks.</catch_line><url>/151.29/</url><token>151.29</token></unit><unit id="3924"><structure_id>38</structure_id><section_number>151.30</section_number><catch_line>Evictions For Owner, Family, Or Resident Manager
Occupancy.</catch_line><url>/151.30/</url><token>151.30</token></unit></structure_contents><next_section id="3047"><structure_id>38</structure_id><section_number>151.23</section_number><catch_line>Ellis Act Provisions - Required Notice.</catch_line><url>/151.23/</url><token>151.23</token></next_section><metadata></metadata><references></references><url>/151.22/</url><token>151.22</token><formats><txt>/151.22.txt</txt><json>/151.22.xml</json></formats><dublin_core><Title>Ellis Act Provisions &#x2013; Statement Of Purpose And Effect.</Title><Type>Text</Type><Format>text/html</Format><Identifier>&#xA7; 151.22</Identifier><Relation>Los Angeles Municipal Code</Relation></dublin_core><plain_text>                            LOS ANGELES MUNICIPAL CODE

ELLIS ACT PROVISIONS &#x2013; STATEMENT OF PURPOSE AND EFFECT. (&#xA7; 151.22)

&#xA0; ELLIS ACT PROVISIONS &#x2013; STATEMENT OF PURPOSE AND EFFECT.
	(Added by Ord. No. 177,901, Eff. 9/29/06.)	California Government Code Sections
7060, et seq. (the &#x201C;Ellis Act&#x201D;) permits the City, among other things, to
require landlords to provide all tenants with 120 days notice, or one year if
the tenants lived in the accommodations for at least one year and are more than
62 years of age or disabled, when rental units subject to the Rent Stabilization
Ordinance are to be withdrawn from the rental market.&#xA0; The Ellis Act also
permits the City to impose other restrictions, conditions and requirements upon
the property.&#xA0; It is the purpose of this section, and Sections 151.23 through
151.28, to implement provisions of the Ellis Act.&#xA0; The Department may develop
forms and regulations to assist in the implementation of these provisions.	There
continues to be a low vacancy rate for rental units in the City of Los Angeles,
and the withdrawal of residential rental property from rent or lease will
exacerbate the rental housing shortage and make it more difficult for tenants
displaced by the withdrawal to obtain replacement housing.&#xA0; Because of the
rental housing shortage, it is essential that tenants be afforded substantial
advance notice to enable them to obtain replacement housing, and that they
receive other protections available under law.	In any action by a landlord to
recover possession of a rental unit subject to the Rent Stabilization Ordinance,
the tenant may raise as an affirmative defense the failure of the landlord to
comply with the requirements of Sections 151.22 through 151.28, as well as the
failure of the landlord to comply with any other requirement of this chapter.
</plain_text><html>
					&lt;section&gt;&lt;p&gt;&#xA0; ELLIS ACT PROVISIONS &#x2013; STATEMENT OF PURPOSE AND EFFECT.
	(Added by Ord. No. 177,901, Eff. 9/29/06.)&lt;br /&gt;&lt;br /&gt;	California Government Code Sections 7060, et seq. (the &#x201C;Ellis Act&#x201D;) permits the City, among other things, to require landlords to provide all tenants with 120 days notice, or one year if the tenants lived in the accommodations for at least one year and are more than 62 years of age or disabled, when rental units subject to the Rent Stabilization &lt;span class="dictionary"&gt;Ordinance&lt;/span&gt; are to be withdrawn from the rental market.&#xA0; The Ellis Act also permits the City to impose other restrictions, conditions and requirements upon the property.&#xA0; It is the purpose of this section, and Sections 151.23 through 151.28, to implement provisions of the Ellis Act.&#xA0; The Department may develop forms and regulations to assist in the implementation of these provisions.&lt;br /&gt;&lt;br /&gt;	There continues to be a low vacancy rate for rental units in the City of Los Angeles, and the withdrawal of residential rental property from rent or lease will exacerbate the rental housing shortage and make it more difficult for tenants displaced by the withdrawal to obtain replacement housing.&#xA0; Because of the rental housing shortage, it is essential that tenants be afforded substantial advance notice to enable them to obtain replacement housing, and that they receive other protections available under &lt;span class="dictionary"&gt;law&lt;/span&gt;.&lt;br /&gt;&lt;br /&gt;	In any action by a landlord to recover &lt;span class="dictionary"&gt;possession&lt;/span&gt; of a rental unit subject to the Rent Stabilization &lt;span class="dictionary"&gt;Ordinance&lt;/span&gt;, the tenant may raise as an &lt;span class="dictionary"&gt;affirmative defense&lt;/span&gt; the failure of the landlord to comply with the requirements of Sections 151.22 through 151.28, as well as the failure of the landlord to comply with any other requirement of this chapter.&lt;/p&gt;&lt;/section&gt;</html><previous_section id="2740"><structure_id>38</structure_id><section_number>151.21</section_number><catch_line>Hurricane Katrina And Hurricane Rita Temporary Relief Program.</catch_line><url>/151.21/</url><token>151.21</token></previous_section><text><unit id="295" prefix=""><text>&#xA0; ELLIS ACT PROVISIONS &#x2013; STATEMENT OF PURPOSE AND EFFECT.
	(Added by Ord. No. 177,901, Eff. 9/29/06.)	California Government Code Sections 7060, et seq. (the &#x201C;Ellis Act&#x201D;) permits the City, among other things, to require landlords to provide all tenants with 120 days notice, or one year if the tenants lived in the accommodations for at least one year and are more than 62 years of age or disabled, when rental units subject to the Rent Stabilization Ordinance are to be withdrawn from the rental market.&#xA0; The Ellis Act also permits the City to impose other restrictions, conditions and requirements upon the property.&#xA0; It is the purpose of this section, and Sections 151.23 through 151.28, to implement provisions of the Ellis Act.&#xA0; The Department may develop forms and regulations to assist in the implementation of these provisions.	There continues to be a low vacancy rate for rental units in the City of Los Angeles, and the withdrawal of residential rental property from rent or lease will exacerbate the rental housing shortage and make it more difficult for tenants displaced by the withdrawal to obtain replacement housing.&#xA0; Because of the rental housing shortage, it is essential that tenants be afforded substantial advance notice to enable them to obtain replacement housing, and that they receive other protections available under law.	In any action by a landlord to recover possession of a rental unit subject to the Rent Stabilization Ordinance, the tenant may raise as an affirmative defense the failure of the landlord to comply with the requirements of Sections 151.22 through 151.28, as well as the failure of the landlord to comply with any other requirement of this chapter.</text><type>section</type><prefixes><unit></unit></prefixes><entire_prefix></entire_prefix><prefix_anchor></prefix_anchor><level>1</level></unit></text></law>
