<?xml version="1.0"?>
<law><section_number>155.04</section_number><edition_id>1</edition_id><section_id>322</section_id><structure_id>64</structure_id><catch_line>Appeals.</catch_line><history></history><full_text>&#xA0; APPEALS.
	(Repealed by Ord. No. 181,643, Eff. 5/31/11.)</full_text><order_by>04</order_by><ancestry><unit id="64" label="article"><name>Utility Maintenance Program</name><identifier>5</identifier><url>/15/5/</url></unit><unit id="37" label="chapter"><name>Rent Stabilization Ordinance</name><identifier>15</identifier><url>/15/</url></unit></ancestry><structure_contents><unit id="1256"><structure_id>64</structure_id><section_number>155.00</section_number><catch_line>Declaration Of Purpose.</catch_line><url>/155.00/</url><token>155.00</token></unit><unit id="3872"><structure_id>64</structure_id><section_number>155.01</section_number><catch_line>Definitions.</catch_line><url>/155.01/</url><token>155.01</token></unit><unit id="4107"><structure_id>64</structure_id><section_number>155.02</section_number><catch_line>Delinquent Utility Bill Referral Procedures.</catch_line><url>/155.02/</url><token>155.02</token></unit><unit id="2974"><structure_id>64</structure_id><section_number>155.03</section_number><catch_line>Acceptance Into Reap.</catch_line><url>/155.03/</url><token>155.03</token></unit><unit id="322"><structure_id>64</structure_id><section_number>155.04</section_number><catch_line>Appeals.</catch_line><url>/155.04/</url><token>155.04</token></unit><unit id="3203"><structure_id>64</structure_id><section_number>155.05</section_number><catch_line>Establishment And Maintenance Of Ump Account.</catch_line><url>/155.05/</url><token>155.05</token></unit><unit id="3637"><structure_id>64</structure_id><section_number>155.06</section_number><catch_line>Expenditure Of Ump Escrow Account Funds By The Department.</catch_line><url>/155.06/</url><token>155.06</token></unit><unit id="1446"><structure_id>64</structure_id><section_number>155.07</section_number><catch_line>Removal From Ump.</catch_line><url>/155.07/</url><token>155.07</token></unit><unit id="203"><structure_id>64</structure_id><section_number>155.08</section_number><catch_line>Tenant Outreach And Information.</catch_line><url>/155.08/</url><token>155.08</token></unit><unit id="3428"><structure_id>64</structure_id><section_number>155.09</section_number><catch_line>Utility Shut-Off.</catch_line><url>/155.09/</url><token>155.09</token></unit></structure_contents><next_section id="3203"><structure_id>64</structure_id><section_number>155.05</section_number><catch_line>Establishment And Maintenance Of Ump Account.</catch_line><url>/155.05/</url><token>155.05</token></next_section><metadata></metadata><references></references><url>/155.04/</url><token>155.04</token><formats><txt>/155.04.txt</txt><json>/155.04.xml</json></formats><dublin_core><Title>Appeals.</Title><Type>Text</Type><Format>text/html</Format><Identifier>&#xA7; 155.04</Identifier><Relation>Los Angeles Municipal Code</Relation></dublin_core><plain_text>                            LOS ANGELES MUNICIPAL CODE

APPEALS. (&#xA7; 155.04)

&#xA0; APPEALS.
	(Repealed by Ord. No. 181,643, Eff. 5/31/11.)
</plain_text><html>
					&lt;section&gt;&lt;p&gt;&#xA0; &lt;span class="dictionary"&gt;APPEALS&lt;/span&gt;.
	(Repealed by Ord. No. 181,643, Eff. 5/31/11.)&lt;/p&gt;&lt;/section&gt;</html><previous_section id="2974"><structure_id>64</structure_id><section_number>155.03</section_number><catch_line>Acceptance Into Reap.</catch_line><url>/155.03/</url><token>155.03</token></previous_section><text><unit id="318" prefix=""><text>&#xA0; APPEALS.
	(Repealed by Ord. No. 181,643, Eff. 5/31/11.)</text><type>section</type><prefixes><unit></unit></prefixes><entire_prefix></entire_prefix><prefix_anchor></prefix_anchor><level>1</level></unit></text></law>
