<?xml version="1.0"?>
<law><section_number>161.503</section_number><edition_id>1</edition_id><section_id>38</section_id><structure_id>28</structure_id><catch_line>Permits.</catch_line><history></history><full_text>&#xA0; PERMITS.
	(Added by Ord. No. 173,011, Eff. 1/30/00.)

	No building or structure regulated by this article shall be erected, constructed, enlarged, altered, repaired, moved, improved, removed, converted or demolished unless a separate permit for each building or structure has first been obtained from the Department of Building and Safety in the manner and according to the applicable conditions prescribed in Chapter IX of this Code.</full_text><order_by>503</order_by><ancestry><unit id="28" label="article"><name>Housing Code</name><identifier>1</identifier><url>/16/1/</url></unit><unit id="27" label="chapter"><name>Housing Regulations</name><identifier>16</identifier><url>/16/</url></unit></ancestry><structure_contents><unit id="164"><structure_id>28</structure_id><section_number>161.1101</section_number><catch_line>

</catch_line><url>/161.1101/</url><token>161.1101</token></unit><unit id="637"><structure_id>28</structure_id><section_number>161.1101.1</section_number><catch_line>

</catch_line><url>/161.1101.1/</url><token>161.1101.1</token></unit><unit id="740"><structure_id>28</structure_id><section_number>161.1201</section_number><catch_line>

</catch_line><url>/161.1201/</url><token>161.1201</token></unit><unit id="724"><structure_id>28</structure_id><section_number>161.301</section_number><catch_line>

</catch_line><url>/161.301/</url><token>161.301</token></unit><unit id="1227"><structure_id>28</structure_id><section_number>161.302</section_number><catch_line>

</catch_line><url>/161.302/</url><token>161.302</token></unit><unit id="2638"><structure_id>28</structure_id><section_number>161.401</section_number><catch_line>

</catch_line><url>/161.401/</url><token>161.401</token></unit><unit id="1643"><structure_id>28</structure_id><section_number>161.402</section_number><catch_line>

</catch_line><url>/161.402/</url><token>161.402</token></unit><unit id="863"><structure_id>28</structure_id><section_number>161.403</section_number><catch_line>

</catch_line><url>/161.403/</url><token>161.403</token></unit><unit id="4057"><structure_id>28</structure_id><section_number>161.404</section_number><catch_line>

</catch_line><url>/161.404/</url><token>161.404</token></unit><unit id="712"><structure_id>28</structure_id><section_number>161.405</section_number><catch_line>

</catch_line><url>/161.405/</url><token>161.405</token></unit><unit id="104"><structure_id>28</structure_id><section_number>161.407</section_number><catch_line>

</catch_line><url>/161.407/</url><token>161.407</token></unit><unit id="1670"><structure_id>28</structure_id><section_number>161.408</section_number><catch_line>

</catch_line><url>/161.408/</url><token>161.408</token></unit><unit id="272"><structure_id>28</structure_id><section_number>161.410.1</section_number><catch_line>

</catch_line><url>/161.410.1/</url><token>161.410.1</token></unit><unit id="3009"><structure_id>28</structure_id><section_number>161.410.2</section_number><catch_line>

</catch_line><url>/161.410.2/</url><token>161.410.2</token></unit><unit id="403"><structure_id>28</structure_id><section_number>161.602.1</section_number><catch_line>

</catch_line><url>/161.602.1/</url><token>161.602.1</token></unit><unit id="1895"><structure_id>28</structure_id><section_number>161.602.2</section_number><catch_line>

</catch_line><url>/161.602.2/</url><token>161.602.2</token></unit><unit id="188"><structure_id>28</structure_id><section_number>161.604</section_number><catch_line>

</catch_line><url>/161.604/</url><token>161.604</token></unit><unit id="2009"><structure_id>28</structure_id><section_number>161.901.2</section_number><catch_line>

</catch_line><url>/161.901.2/</url><token>161.901.2</token></unit><unit id="2705"><structure_id>28</structure_id><section_number>161.903.1</section_number><catch_line>

</catch_line><url>/161.903.1/</url><token>161.903.1</token></unit><unit id="2220"><structure_id>28</structure_id><section_number>161.903.2</section_number><catch_line>

</catch_line><url>/161.903.2/</url><token>161.903.2</token></unit><unit id="343"><structure_id>28</structure_id><section_number>161.903.3</section_number><catch_line>

</catch_line><url>/161.903.3/</url><token>161.903.3</token></unit><unit id="1329"><structure_id>28</structure_id><section_number>161.101</section_number><catch_line>Title.</catch_line><url>/161.101/</url><token>161.101</token></unit><unit id="1081"><structure_id>28</structure_id><section_number>161.102</section_number><catch_line>Purpose.</catch_line><url>/161.102/</url><token>161.102</token></unit><unit id="549"><structure_id>28</structure_id><section_number>161.201</section_number><catch_line>General.</catch_line><url>/161.201/</url><token>161.201</token></unit><unit id="1763"><structure_id>28</structure_id><section_number>161.351</section_number><catch_line>General.</catch_line><url>/161.351/</url><token>161.351</token></unit><unit id="499"><structure_id>28</structure_id><section_number>161.352</section_number><catch_line>Fees For Inspection.</catch_line><url>/161.352/</url><token>161.352</token></unit><unit id="1965"><structure_id>28</structure_id><section_number>161.353</section_number><catch_line>Frequency Of Inspection.</catch_line><url>/161.353/</url><token>161.353</token></unit><unit id="2711"><structure_id>28</structure_id><section_number>161.354</section_number><catch_line>Notices And Orders.</catch_line><url>/161.354/</url><token>161.354</token></unit><unit id="2822"><structure_id>28</structure_id><section_number>161.355</section_number><catch_line>Reinspection.</catch_line><url>/161.355/</url><token>161.355</token></unit><unit id="2025"><structure_id>28</structure_id><section_number>161.406</section_number><catch_line>Regulations.</catch_line><url>/161.406/</url><token>161.406</token></unit><unit id="1168"><structure_id>28</structure_id><section_number>161.409</section_number><catch_line>Service Of Notices And Orders To Owner Or Landlord.</catch_line><url>/161.409/</url><token>161.409</token></unit><unit id="3831"><structure_id>28</structure_id><section_number>161.410</section_number><catch_line>Authority To Issue Citations.</catch_line><url>/161.410/</url><token>161.410</token></unit><unit id="4011"><structure_id>28</structure_id><section_number>161.501</section_number><catch_line>Additions, Alterations Or Repairs.</catch_line><url>/161.501/</url><token>161.501</token></unit><unit id="1961"><structure_id>28</structure_id><section_number>161.502</section_number><catch_line>Relocation.</catch_line><url>/161.502/</url><token>161.502</token></unit><unit id="38"><structure_id>28</structure_id><section_number>161.503</section_number><catch_line>Permits.</catch_line><url>/161.503/</url><token>161.503</token></unit><unit id="1297"><structure_id>28</structure_id><section_number>161.601</section_number><catch_line>Right Of Entry.</catch_line><url>/161.601/</url><token>161.601</token></unit><unit id="1458"><structure_id>28</structure_id><section_number>161.602</section_number><catch_line>Periodic Inspections.</catch_line><url>/161.602/</url><token>161.602</token></unit><unit id="3074"><structure_id>28</structure_id><section_number>161.603</section_number><catch_line>Complaint Inspections.</catch_line><url>/161.603/</url><token>161.603</token></unit><unit id="3163"><structure_id>28</structure_id><section_number>161.701.1</section_number><catch_line>General.</catch_line><url>/161.701.1/</url><token>161.701.1</token></unit><unit id="1006"><structure_id>28</structure_id><section_number>161.701.2</section_number><catch_line>Violations By Tenants.</catch_line><url>/161.701.2/</url><token>161.701.2</token></unit><unit id="936"><structure_id>28</structure_id><section_number>161.701.3</section_number><catch_line>Removal Of Posted Notices Or Orders.</catch_line><url>/161.701.3/</url><token>161.701.3</token></unit><unit id="1013"><structure_id>28</structure_id><section_number>161.702</section_number><catch_line>Orders.</catch_line><url>/161.702/</url><token>161.702</token></unit><unit id="2424"><structure_id>28</structure_id><section_number>161.703</section_number><catch_line>Vacant Units.</catch_line><url>/161.703/</url><token>161.703</token></unit><unit id="2268"><structure_id>28</structure_id><section_number>161.704</section_number><catch_line>Time To Comply.</catch_line><url>/161.704/</url><token>161.704</token></unit><unit id="3060"><structure_id>28</structure_id><section_number>161.704.1</section_number><catch_line>General.</catch_line><url>/161.704.1/</url><token>161.704.1</token></unit><unit id="3192"><structure_id>28</structure_id><section_number>161.704.2</section_number><catch_line>Reinspections.</catch_line><url>/161.704.2/</url><token>161.704.2</token></unit><unit id="1465"><structure_id>28</structure_id><section_number>161.704.3</section_number><catch_line>Extensions.</catch_line><url>/161.704.3/</url><token>161.704.3</token></unit><unit id="3902"><structure_id>28</structure_id><section_number>161.704.4</section_number><catch_line>Conditions Posing Serious Risk.</catch_line><url>/161.704.4/</url><token>161.704.4</token></unit><unit id="2637"><structure_id>28</structure_id><section_number>161.704.5</section_number><catch_line>Conditions Posing Imminent Threat.</catch_line><url>/161.704.5/</url><token>161.704.5</token></unit><unit id="3084"><structure_id>28</structure_id><section_number>161.801</section_number><catch_line>General Manager&#x2019;S Hearing.</catch_line><url>/161.801/</url><token>161.801</token></unit><unit id="889"><structure_id>28</structure_id><section_number>161.801.1</section_number><catch_line>General.</catch_line><url>/161.801.1/</url><token>161.801.1</token></unit><unit id="3031"><structure_id>28</structure_id><section_number>161.801.2</section_number><catch_line>Referrals From Other Agencies.</catch_line><url>/161.801.2/</url><token>161.801.2</token></unit><unit id="1245"><structure_id>28</structure_id><section_number>161.802</section_number><catch_line>Notice.</catch_line><url>/161.802/</url><token>161.802</token></unit><unit id="1566"><structure_id>28</structure_id><section_number>161.803</section_number><catch_line>Continuances.</catch_line><url>/161.803/</url><token>161.803</token></unit><unit id="2771"><structure_id>28</structure_id><section_number>161.804</section_number><catch_line>Conduct Of The Hearing.</catch_line><url>/161.804/</url><token>161.804</token></unit><unit id="1867"><structure_id>28</structure_id><section_number>161.805</section_number><catch_line>Decision.</catch_line><url>/161.805/</url><token>161.805</token></unit><unit id="480"><structure_id>28</structure_id><section_number>161.805.1</section_number><catch_line>Notice Of Decision.</catch_line><url>/161.805.1/</url><token>161.805.1</token></unit><unit id="3037"><structure_id>28</structure_id><section_number>161.806</section_number><catch_line>Evictions.</catch_line><url>/161.806/</url><token>161.806</token></unit><unit id="4044"><structure_id>28</structure_id><section_number>161.807</section_number><catch_line>Rent Increases.</catch_line><url>/161.807/</url><token>161.807</token></unit><unit id="1177"><structure_id>28</structure_id><section_number>161.901</section_number><catch_line>Fees.</catch_line><url>/161.901/</url><token>161.901</token></unit><unit id="3578"><structure_id>28</structure_id><section_number>161.901.1</section_number><catch_line>Inspection Fees.</catch_line><url>/161.901.1/</url><token>161.901.1</token></unit><unit id="2017"><structure_id>28</structure_id><section_number>161.902</section_number><catch_line>Administrative Costs.</catch_line><url>/161.902/</url><token>161.902</token></unit><unit id="3513"><structure_id>28</structure_id><section_number>161.903</section_number><catch_line>Penalties For Nonpayment.</catch_line><url>/161.903/</url><token>161.903</token></unit><unit id="2283"><structure_id>28</structure_id><section_number>161.904</section_number><catch_line>Lien.</catch_line><url>/161.904/</url><token>161.904</token></unit><unit id="1093"><structure_id>28</structure_id><section_number>161.905</section_number><catch_line>Civil Penalties And Fines.</catch_line><url>/161.905/</url><token>161.905</token></unit><unit id="1050"><structure_id>28</structure_id><section_number>161.906</section_number><catch_line>Criminal Penalties.</catch_line><url>/161.906/</url><token>161.906</token></unit><unit id="2978"><structure_id>28</structure_id><section_number>161.1001</section_number><catch_line>Appeals To Senior Inspector.</catch_line><url>/161.1001/</url><token>161.1001</token></unit><unit id="340"><structure_id>28</structure_id><section_number>161.1001.1</section_number><catch_line>General.</catch_line><url>/161.1001.1/</url><token>161.1001.1</token></unit><unit id="4047"><structure_id>28</structure_id><section_number>161.1002</section_number><catch_line>Appeals To Appeals Board.</catch_line><url>/161.1002/</url><token>161.1002</token></unit><unit id="1475"><structure_id>28</structure_id><section_number>161.1002.1</section_number><catch_line>Appeals Board.</catch_line><url>/161.1002.1/</url><token>161.1002.1</token></unit><unit id="2840"><structure_id>28</structure_id><section_number>161.1002.2</section_number><catch_line>Appeals.</catch_line><url>/161.1002.2/</url><token>161.1002.2</token></unit><unit id="3129"><structure_id>28</structure_id><section_number>161.1002.3</section_number><catch_line>Hearing.</catch_line><url>/161.1002.3/</url><token>161.1002.3</token></unit><unit id="320"><structure_id>28</structure_id><section_number>161.1002.4</section_number><catch_line>Scope Of Review.</catch_line><url>/161.1002.4/</url><token>161.1002.4</token></unit><unit id="2951"><structure_id>28</structure_id><section_number>161.1002.5</section_number><catch_line>Decision.</catch_line><url>/161.1002.5/</url><token>161.1002.5</token></unit></structure_contents><previous_section id="1961"><structure_id>28</structure_id><section_number>161.502</section_number><catch_line>Relocation.</catch_line><url>/161.502/</url><token>161.502</token></previous_section><next_section id="1297"><structure_id>28</structure_id><section_number>161.601</section_number><catch_line>Right Of Entry.</catch_line><url>/161.601/</url><token>161.601</token></next_section><metadata></metadata><references></references><url>/161.503/</url><token>161.503</token><formats><txt>/161.503.txt</txt><json>/161.503.xml</json></formats><dublin_core><Title>Permits.</Title><Type>Text</Type><Format>text/html</Format><Identifier>&#xA7; 161.503</Identifier><Relation>Los Angeles Municipal Code</Relation></dublin_core><plain_text>                            LOS ANGELES MUNICIPAL CODE

PERMITS. (&#xA7; 161.503)

&#xA0; PERMITS.
	(Added by Ord. No. 173,011, Eff. 1/30/00.)	No building or structure regulated
by this article shall be erected, constructed, enlarged, altered, repaired,
moved, improved, removed, converted or demolished unless a separate permit for
each building or structure has first been obtained from the Department of
Building and Safety in the manner and according to the applicable conditions
prescribed in Chapter IX of this Code.
</plain_text><html>
					&lt;section&gt;&lt;p&gt;&#xA0; PERMITS.
	(Added by Ord. No. 173,011, Eff. 1/30/00.)&lt;br /&gt;&lt;br /&gt;	No building or structure regulated by this article shall be erected, constructed, enlarged, altered, repaired, moved, improved, removed, converted or demolished unless a separate permit for each building or structure has first been obtained from the Department of Building and Safety in the manner and according to the applicable conditions prescribed in Chapter IX of this Code.&lt;/p&gt;&lt;/section&gt;</html><text><unit id="38" prefix=""><text>&#xA0; PERMITS.
	(Added by Ord. No. 173,011, Eff. 1/30/00.)	No building or structure regulated by this article shall be erected, constructed, enlarged, altered, repaired, moved, improved, removed, converted or demolished unless a separate permit for each building or structure has first been obtained from the Department of Building and Safety in the manner and according to the applicable conditions prescribed in Chapter IX of this Code.</text><type>section</type><prefixes><unit></unit></prefixes><entire_prefix></entire_prefix><prefix_anchor></prefix_anchor><level>1</level></unit></text></law>
