<?xml version="1.0"?>
<law><section_number>17.55</section_number><edition_id>1</edition_id><section_id>180</section_id><structure_id>8</structure_id><catch_line>Map Identification And Reproduction.</catch_line><history></history><full_text>&#xA0; MAP IDENTIFICATION AND REPRODUCTION.
	(Amended by Ord. No. 130,871, Eff. 9/20/65.)

	Each preliminary Parcel Map shall be identified with a number assigned by the City Planning Department and the date of filing. Said number shall be shown on the recorded Parcel Map.</full_text><order_by>55</order_by><ancestry><unit id="8" label="article"><name>Division Of Land Regulations</name><identifier>7</identifier><url>/1/7/</url></unit><unit id="7" label="chapter"><name>General Provisions and Zoning</name><identifier>1</identifier><url>/1/</url></unit></ancestry><structure_contents><unit id="2702"><structure_id>8</structure_id><section_number>17.00</section_number><catch_line>Title.</catch_line><url>/17.00/</url><token>17.00</token></unit><unit id="395"><structure_id>8</structure_id><section_number>17.01</section_number><catch_line>Tract Maps &#x2013; General Provisions.</catch_line><url>/17.01/</url><token>17.01</token></unit><unit id="178"><structure_id>8</structure_id><section_number>17.02</section_number><catch_line>Definitions.</catch_line><url>/17.02/</url><token>17.02</token></unit><unit id="4085"><structure_id>8</structure_id><section_number>17.03</section_number><catch_line>Advisory Agency.</catch_line><url>/17.03/</url><token>17.03</token></unit><unit id="470"><structure_id>8</structure_id><section_number>17.04</section_number><catch_line>Subdivision Committee.</catch_line><url>/17.04/</url><token>17.04</token></unit><unit id="211"><structure_id>8</structure_id><section_number>17.05</section_number><catch_line>Design Standards.</catch_line><url>/17.05/</url><token>17.05</token></unit><unit id="3575"><structure_id>8</structure_id><section_number>17.06</section_number><catch_line>Tentative Map And Appeals.</catch_line><url>/17.06/</url><token>17.06</token></unit><unit id="2561"><structure_id>8</structure_id><section_number>17.07</section_number><catch_line>Final Map.</catch_line><url>/17.07/</url><token>17.07</token></unit><unit id="1740"><structure_id>8</structure_id><section_number>17.07.1</section_number><catch_line>Notification Regarding Street Lighting Maintenance Assessments.</catch_line><url>/17.07.1/</url><token>17.07.1</token></unit><unit id="2905"><structure_id>8</structure_id><section_number>17.07.2</section_number><catch_line>Notification Regarding Sewer Pumping And/Or Drainage Facilities And Maintenance Districts.</catch_line><url>/17.07.2/</url><token>17.07.2</token></unit><unit id="3888"><structure_id>8</structure_id><section_number>17.08</section_number><catch_line>Improvements.</catch_line><url>/17.08/</url><token>17.08</token></unit><unit id="2192"><structure_id>8</structure_id><section_number>17.09</section_number><catch_line>Private Streets.</catch_line><url>/17.09/</url><token>17.09</token></unit><unit id="3033"><structure_id>8</structure_id><section_number>17.10</section_number><catch_line>Reversion To Acreage.</catch_line><url>/17.10/</url><token>17.10</token></unit><unit id="3329"><structure_id>8</structure_id><section_number>17.10.1</section_number><catch_line>Merger And Resubdivision.</catch_line><url>/17.10.1/</url><token>17.10.1</token></unit><unit id="3865"><structure_id>8</structure_id><section_number>17.10.5</section_number><catch_line>Maps &#x2013; Local Drainage Districts &#x2013; Exemption From Fees.</catch_line><url>/17.10.5/</url><token>17.10.5</token></unit><unit id="713"><structure_id>8</structure_id><section_number>17.11</section_number><catch_line>Modifications.</catch_line><url>/17.11/</url><token>17.11</token></unit><unit id="159"><structure_id>8</structure_id><section_number>17.12</section_number><catch_line>Park And Recreation Site Acquisition And Development Provisions.</catch_line><url>/17.12/</url><token>17.12</token></unit><unit id="231"><structure_id>8</structure_id><section_number>17.13</section_number><catch_line>Subdivision Requiring Import Or Export Of Earth.</catch_line><url>/17.13/</url><token>17.13</token></unit><unit id="2505"><structure_id>8</structure_id><section_number>17.14</section_number><catch_line>Modification Of Recorded Final Maps.</catch_line><url>/17.14/</url><token>17.14</token></unit><unit id="2782"><structure_id>8</structure_id><section_number>17.15</section_number><catch_line>Vesting Tentative Maps.</catch_line><url>/17.15/</url><token>17.15</token></unit><unit id="293"><structure_id>8</structure_id><section_number>17.50</section_number><catch_line>Parcel Maps &#x2013; General Provisions.</catch_line><url>/17.50/</url><token>17.50</token></unit><unit id="4"><structure_id>8</structure_id><section_number>17.51</section_number><catch_line>Filing Of Preliminary Parcel Maps.</catch_line><url>/17.51/</url><token>17.51</token></unit><unit id="2447"><structure_id>8</structure_id><section_number>17.52</section_number><catch_line>Parcel Map &#x2013; Authority Of Advisory Agency.</catch_line><url>/17.52/</url><token>17.52</token></unit><unit id="2499"><structure_id>8</structure_id><section_number>17.53</section_number><catch_line>Approval Of Preliminary Parcel Map.</catch_line><url>/17.53/</url><token>17.53</token></unit><unit id="3692"><structure_id>8</structure_id><section_number>17.54</section_number><catch_line>Appeals.</catch_line><url>/17.54/</url><token>17.54</token></unit><unit id="180"><structure_id>8</structure_id><section_number>17.55</section_number><catch_line>Map Identification And Reproduction.</catch_line><url>/17.55/</url><token>17.55</token></unit><unit id="1932"><structure_id>8</structure_id><section_number>17.56</section_number><catch_line>Parcel Map.</catch_line><url>/17.56/</url><token>17.56</token></unit><unit id="852"><structure_id>8</structure_id><section_number>17.57</section_number><catch_line>Approval Of Map Shall Not Authorize Violation Of Other Laws.</catch_line><url>/17.57/</url><token>17.57</token></unit><unit id="3909"><structure_id>8</structure_id><section_number>17.58</section_number><catch_line>Park And Recreation Site Acquisition And Development.</catch_line><url>/17.58/</url><token>17.58</token></unit><unit id="3330"><structure_id>8</structure_id><section_number>17.59</section_number><catch_line>Modification Of Recorded Parcel Maps.</catch_line><url>/17.59/</url><token>17.59</token></unit><unit id="3699"><structure_id>8</structure_id><section_number>17.60</section_number><catch_line>Sales Contrary To Parcel Map Regulations Are
Voidable.</catch_line><url>/17.60/</url><token>17.60</token></unit></structure_contents><next_section id="1932"><structure_id>8</structure_id><section_number>17.56</section_number><catch_line>Parcel Map.</catch_line><url>/17.56/</url><token>17.56</token></next_section><metadata></metadata><references></references><url>/17.55/</url><token>17.55</token><formats><txt>/17.55.txt</txt><json>/17.55.xml</json></formats><dublin_core><Title>Map Identification And Reproduction.</Title><Type>Text</Type><Format>text/html</Format><Identifier>&#xA7; 17.55</Identifier><Relation>Los Angeles Municipal Code</Relation></dublin_core><plain_text>                            LOS ANGELES MUNICIPAL CODE

MAP IDENTIFICATION AND REPRODUCTION. (&#xA7; 17.55)

&#xA0; MAP IDENTIFICATION AND REPRODUCTION.
	(Amended by Ord. No. 130,871, Eff. 9/20/65.)	Each preliminary Parcel Map shall
be identified with a number assigned by the City Planning Department and the
date of filing. Said number shall be shown on the recorded Parcel Map.
</plain_text><html>
					&lt;section&gt;&lt;p&gt;&#xA0; MAP IDENTIFICATION AND REPRODUCTION.
	(Amended by Ord. No. 130,871, Eff. 9/20/65.)&lt;br /&gt;&lt;br /&gt;	Each preliminary Parcel Map shall be identified with a number assigned by the City Planning Department and the date of filing. Said number shall be shown on the recorded Parcel Map.&lt;/p&gt;&lt;/section&gt;</html><previous_section id="3692"><structure_id>8</structure_id><section_number>17.54</section_number><catch_line>Appeals.</catch_line><url>/17.54/</url><token>17.54</token></previous_section><text><unit id="178" prefix=""><text>&#xA0; MAP IDENTIFICATION AND REPRODUCTION.
	(Amended by Ord. No. 130,871, Eff. 9/20/65.)	Each preliminary Parcel Map shall be identified with a number assigned by the City Planning Department and the date of filing. Said number shall be shown on the recorded Parcel Map.</text><type>section</type><prefixes><unit></unit></prefixes><entire_prefix></entire_prefix><prefix_anchor></prefix_anchor><level>1</level></unit></text></law>
