<?xml version="1.0"?>
<law><section_number>17.51</section_number><edition_id>1</edition_id><section_id>4</section_id><structure_id>8</structure_id><catch_line>Filing Of Preliminary Parcel Maps.</catch_line><history></history><full_text>&#xA0; FILING OF PRELIMINARY PARCEL MAPS.

	A.	FORMS AND CONTENTS. (Amended by Ord. No. 133,753, Eff. 2/12/67.)&#xA0; Each person applying for approval of a parcel map required by reason of Section 17.50 B. of this Code shall submit a reproducible preliminary Parcel Map to the City Planning Department showing the land to be divided and its proposed division. The map may be prepared by the applicant, except that the Advisory Agency may require the map to be prepared by a licensed land surveyor or registered civil engineer and that it be based upon a field survey when it determines that such is necessary to provide the information required by this section. The map shall be made on one or more sheets of tracing paper or cloth at least 8 1/2 inches by 11 inches but shall not exceed 18 &#xD7; 26 inches. It shall be legibly drawn using a decimal or an engineer&#x2019;s scale and shall clearly show the following information:

	1.	The dimensions and record boundaries of the total parcel together with a legal description of the total parcel attached to the map.

	2.	The dimensions and boundaries of each proposed parcel.

	3.	The names, addresses and telephone number of the property owners, the person filing the map, and the registered civil engineer or licensed land surveyor, if any, who prepared the map.

	4.	The abutting streets and alleys and existing surface improvements and proposed dedications and improvements.

	5.	The location of other existing public easements and/or private street easements. (Amended by Ord. No. 176,321, Eff. 1/15/05.)

	6.	In Hillside Areas, the existing contours of the land at intervals of not more than five feet. (Amended by Ord. No. 143,254, Eff. 5/14/72.)

	7.	The accurate location of any structures on the property (Added by Ord. No. 143,254, Eff. 5/14/72.)

	8.	Names or designations for all proposed streets. (Added by Ord. No. 158,691, Eff. 3/12/84.)

	9.	Such other information as the Advisory Agency determines is necessary to properly consider the proposed division. (Redesignated 9, Ord. No. 158,691, Eff. 3/12/84.)

	B.	Incomplete Map. If at&#xA0; any time during the processing of the map it is discovered that the map has been improperly prepared or required pertinent information has not been submitted, the applicant shall be promptly notified in writing by mail of the defect and of further information or correction required The time limits specified hereinafter shall not begin until the omitted or inaccurate information is furnished in a proper manner. (Amended by Ord. No. 130,871, Eff. 9/20/65 )

	C.	Additional Reports. (Added by Ord. No. 143,254, Eff. 5/14/72.) In addition to the preliminary Parcel Map, and when determined by the Superintendent of Building or the City Engineer to be necessary, the following reports shall be submitted to the City Planning Department by the applicant when the property is located in a Hillside Area, as defined in Article 1 of Chapter 9 of this Code

	1.	A geologic report prepared by an engineering geologist, as defined in Article 1 of Chapter 9 of this Code, setting forth all relevant geologic data pertaining to the proposed separate parcels and including separately stated conclusions listing any potential hazards to public health, safety or welfare which may exist on the proposed parcels or which could result from grading or building upon the proposed separate parcels

	2.	A report prepared by a soils engineer, as defined in Article 1 of Chapter 9 of this Code, setting forth sufficient engineering data to explain the proposed solutions to:

	(a)	Any potential geologic hazards disclosed by the geologic report; and

	(b)	Any potential geologic hazards that could be created by the proposed grading.

	D.	Protected Tree Reports for Parcel Maps.&#xA0; No application for a preliminary parcel map approval for a parcel where a protected tree is located shall be considered complete unless it includes a report pertaining to preserving the tree.&#xA0; The report shall be prepared by a tree expert and shall evaluate the subdivider&#x2019;s proposals for protected tree preservation, removal, replacement and/or relocation.&#xA0; In the event the subdivider proposes any grading, land movement, or other activity within the drip line of any protected tree referred to in the report, or proposes to relocate or remove any tree, the report shall also evaluate any mitigation measures proposed by the subdivider and the anticipated effectiveness in preserving the tree.&#xA0; (Amended by Ord. No. 177,404, Eff. 4/23/06.)</full_text><order_by>51</order_by><ancestry><unit id="8" label="article"><name>Division Of Land Regulations</name><identifier>7</identifier><url>/1/7/</url></unit><unit id="7" label="chapter"><name>General Provisions and Zoning</name><identifier>1</identifier><url>/1/</url></unit></ancestry><structure_contents><unit id="2702"><structure_id>8</structure_id><section_number>17.00</section_number><catch_line>Title.</catch_line><url>/17.00/</url><token>17.00</token></unit><unit id="395"><structure_id>8</structure_id><section_number>17.01</section_number><catch_line>Tract Maps &#x2013; General Provisions.</catch_line><url>/17.01/</url><token>17.01</token></unit><unit id="178"><structure_id>8</structure_id><section_number>17.02</section_number><catch_line>Definitions.</catch_line><url>/17.02/</url><token>17.02</token></unit><unit id="4085"><structure_id>8</structure_id><section_number>17.03</section_number><catch_line>Advisory Agency.</catch_line><url>/17.03/</url><token>17.03</token></unit><unit id="470"><structure_id>8</structure_id><section_number>17.04</section_number><catch_line>Subdivision Committee.</catch_line><url>/17.04/</url><token>17.04</token></unit><unit id="211"><structure_id>8</structure_id><section_number>17.05</section_number><catch_line>Design Standards.</catch_line><url>/17.05/</url><token>17.05</token></unit><unit id="3575"><structure_id>8</structure_id><section_number>17.06</section_number><catch_line>Tentative Map And Appeals.</catch_line><url>/17.06/</url><token>17.06</token></unit><unit id="2561"><structure_id>8</structure_id><section_number>17.07</section_number><catch_line>Final Map.</catch_line><url>/17.07/</url><token>17.07</token></unit><unit id="1740"><structure_id>8</structure_id><section_number>17.07.1</section_number><catch_line>Notification Regarding Street Lighting Maintenance Assessments.</catch_line><url>/17.07.1/</url><token>17.07.1</token></unit><unit id="2905"><structure_id>8</structure_id><section_number>17.07.2</section_number><catch_line>Notification Regarding Sewer Pumping And/Or Drainage Facilities And Maintenance Districts.</catch_line><url>/17.07.2/</url><token>17.07.2</token></unit><unit id="3888"><structure_id>8</structure_id><section_number>17.08</section_number><catch_line>Improvements.</catch_line><url>/17.08/</url><token>17.08</token></unit><unit id="2192"><structure_id>8</structure_id><section_number>17.09</section_number><catch_line>Private Streets.</catch_line><url>/17.09/</url><token>17.09</token></unit><unit id="3033"><structure_id>8</structure_id><section_number>17.10</section_number><catch_line>Reversion To Acreage.</catch_line><url>/17.10/</url><token>17.10</token></unit><unit id="3329"><structure_id>8</structure_id><section_number>17.10.1</section_number><catch_line>Merger And Resubdivision.</catch_line><url>/17.10.1/</url><token>17.10.1</token></unit><unit id="3865"><structure_id>8</structure_id><section_number>17.10.5</section_number><catch_line>Maps &#x2013; Local Drainage Districts &#x2013; Exemption From Fees.</catch_line><url>/17.10.5/</url><token>17.10.5</token></unit><unit id="713"><structure_id>8</structure_id><section_number>17.11</section_number><catch_line>Modifications.</catch_line><url>/17.11/</url><token>17.11</token></unit><unit id="159"><structure_id>8</structure_id><section_number>17.12</section_number><catch_line>Park And Recreation Site Acquisition And Development Provisions.</catch_line><url>/17.12/</url><token>17.12</token></unit><unit id="231"><structure_id>8</structure_id><section_number>17.13</section_number><catch_line>Subdivision Requiring Import Or Export Of Earth.</catch_line><url>/17.13/</url><token>17.13</token></unit><unit id="2505"><structure_id>8</structure_id><section_number>17.14</section_number><catch_line>Modification Of Recorded Final Maps.</catch_line><url>/17.14/</url><token>17.14</token></unit><unit id="2782"><structure_id>8</structure_id><section_number>17.15</section_number><catch_line>Vesting Tentative Maps.</catch_line><url>/17.15/</url><token>17.15</token></unit><unit id="293"><structure_id>8</structure_id><section_number>17.50</section_number><catch_line>Parcel Maps &#x2013; General Provisions.</catch_line><url>/17.50/</url><token>17.50</token></unit><unit id="4"><structure_id>8</structure_id><section_number>17.51</section_number><catch_line>Filing Of Preliminary Parcel Maps.</catch_line><url>/17.51/</url><token>17.51</token></unit><unit id="2447"><structure_id>8</structure_id><section_number>17.52</section_number><catch_line>Parcel Map &#x2013; Authority Of Advisory Agency.</catch_line><url>/17.52/</url><token>17.52</token></unit><unit id="2499"><structure_id>8</structure_id><section_number>17.53</section_number><catch_line>Approval Of Preliminary Parcel Map.</catch_line><url>/17.53/</url><token>17.53</token></unit><unit id="3692"><structure_id>8</structure_id><section_number>17.54</section_number><catch_line>Appeals.</catch_line><url>/17.54/</url><token>17.54</token></unit><unit id="180"><structure_id>8</structure_id><section_number>17.55</section_number><catch_line>Map Identification And Reproduction.</catch_line><url>/17.55/</url><token>17.55</token></unit><unit id="1932"><structure_id>8</structure_id><section_number>17.56</section_number><catch_line>Parcel Map.</catch_line><url>/17.56/</url><token>17.56</token></unit><unit id="852"><structure_id>8</structure_id><section_number>17.57</section_number><catch_line>Approval Of Map Shall Not Authorize Violation Of Other Laws.</catch_line><url>/17.57/</url><token>17.57</token></unit><unit id="3909"><structure_id>8</structure_id><section_number>17.58</section_number><catch_line>Park And Recreation Site Acquisition And Development.</catch_line><url>/17.58/</url><token>17.58</token></unit><unit id="3330"><structure_id>8</structure_id><section_number>17.59</section_number><catch_line>Modification Of Recorded Parcel Maps.</catch_line><url>/17.59/</url><token>17.59</token></unit><unit id="3699"><structure_id>8</structure_id><section_number>17.60</section_number><catch_line>Sales Contrary To Parcel Map Regulations Are
Voidable.</catch_line><url>/17.60/</url><token>17.60</token></unit></structure_contents><next_section id="2447"><structure_id>8</structure_id><section_number>17.52</section_number><catch_line>Parcel Map &#x2013; Authority Of Advisory Agency.</catch_line><url>/17.52/</url><token>17.52</token></next_section><metadata></metadata><references></references><url>/17.51/</url><token>17.51</token><formats><txt>/17.51.txt</txt><json>/17.51.xml</json></formats><dublin_core><Title>Filing Of Preliminary Parcel Maps.</Title><Type>Text</Type><Format>text/html</Format><Identifier>&#xA7; 17.51</Identifier><Relation>Los Angeles Municipal Code</Relation></dublin_core><plain_text>                            LOS ANGELES MUNICIPAL CODE

FILING OF PRELIMINARY PARCEL MAPS. (&#xA7; 17.51)

&#xA0; FILING OF PRELIMINARY PARCEL MAPS.	A.	FORMS AND CONTENTS. (Amended by Ord.
No. 133,753, Eff. 2/12/67.)&#xA0; Each person applying for approval of a parcel map
required by reason of Section 17.50 B. of this Code shall submit a reproducible
preliminary Parcel Map to the City Planning Department showing the land to be
divided and its proposed division. The map may be prepared by the applicant,
except that the Advisory Agency may require the map to be prepared by a licensed
land surveyor or registered civil engineer and that it be based upon a field
survey when it determines that such is necessary to provide the information
required by this section. The map shall be made on one or more sheets of tracing
paper or cloth at least 8 1/2 inches by 11 inches but shall not exceed 18 &#xD7; 26
inches. It shall be legibly drawn using a decimal or an engineer&#x2019;s scale and
shall clearly show the following information:	1.	The dimensions and record
boundaries of the total parcel together with a legal description of the total
parcel attached to the map.	2.	The dimensions and boundaries of each proposed
parcel.	3.	The names, addresses and telephone number of the property owners, the
person filing the map, and the registered civil engineer or licensed land
surveyor, if any, who prepared the map.	4.	The abutting streets and alleys and
existing surface improvements and proposed dedications and improvements.	5.	The
location of other existing public easements and/or private street easements.
(Amended by Ord. No. 176,321, Eff. 1/15/05.)	6.	In Hillside Areas, the existing
contours of the land at intervals of not more than five feet. (Amended by Ord.
No. 143,254, Eff. 5/14/72.)	7.	The accurate location of any structures on the
property (Added by Ord. No. 143,254, Eff. 5/14/72.)	8.	Names or designations for
all proposed streets. (Added by Ord. No. 158,691, Eff. 3/12/84.)	9.	Such other
information as the Advisory Agency determines is necessary to properly consider
the proposed division. (Redesignated 9, Ord. No. 158,691, Eff.
3/12/84.)	B.	Incomplete Map. If at&#xA0; any time during the processing of the map
it is discovered that the map has been improperly prepared or required pertinent
information has not been submitted, the applicant shall be promptly notified in
writing by mail of the defect and of further information or correction required
The time limits specified hereinafter shall not begin until the omitted or
inaccurate information is furnished in a proper manner. (Amended by Ord. No.
130,871, Eff. 9/20/65 )	C.	Additional Reports. (Added by Ord. No. 143,254, Eff.
5/14/72.) In addition to the preliminary Parcel Map, and when determined by the
Superintendent of Building or the City Engineer to be necessary, the following
reports shall be submitted to the City Planning Department by the applicant when
the property is located in a Hillside Area, as defined in Article 1 of Chapter 9
of this Code	1.	A geologic report prepared by an engineering geologist, as
defined in Article 1 of Chapter 9 of this Code, setting forth all relevant
geologic data pertaining to the proposed separate parcels and including
separately stated conclusions listing any potential hazards to public health,
safety or welfare which may exist on the proposed parcels or which could result
from grading or building upon the proposed separate parcels	2.	A report prepared
by a soils engineer, as defined in Article 1 of Chapter 9 of this Code, setting
forth sufficient engineering data to explain the proposed solutions to:	(a)	Any
potential geologic hazards disclosed by the geologic report; and	(b)	Any
potential geologic hazards that could be created by the proposed
grading.	D.	Protected Tree Reports for Parcel Maps.&#xA0; No application for a
preliminary parcel map approval for a parcel where a protected tree is located
shall be considered complete unless it includes a report pertaining to
preserving the tree.&#xA0; The report shall be prepared by a tree expert and shall
evaluate the subdivider&#x2019;s proposals for protected tree preservation, removal,
replacement and/or relocation.&#xA0; In the event the subdivider proposes any
grading, land movement, or other activity within the drip line of any protected
tree referred to in the report, or proposes to relocate or remove any tree, the
report shall also evaluate any mitigation measures proposed by the subdivider
and the anticipated effectiveness in preserving the tree.&#xA0; (Amended by Ord. No.
177,404, Eff. 4/23/06.)
</plain_text><html>
					&lt;section&gt;&lt;p&gt;&#xA0; FILING OF PRELIMINARY PARCEL MAPS.&lt;br /&gt;&lt;br /&gt;	A.	FORMS AND CONTENTS. (Amended by Ord. No. 133,753, Eff. 2/12/67.)&#xA0; Each person applying for approval of a parcel map required by reason of Section 17.50 B. of this Code shall submit a reproducible preliminary Parcel Map to the City Planning Department showing the land to be divided and its proposed division. The map may be prepared by the applicant, except that the Advisory Agency may require the map to be prepared by a licensed land surveyor or registered civil engineer and that it be based upon a field survey when it determines that such is necessary to provide the information required by this section. The map shall be made on one or more sheets of tracing paper or cloth at least 8 1/2 inches by 11 inches but shall not exceed 18 &#xD7; 26 inches. It shall be legibly drawn using a decimal or an engineer&#x2019;s scale and shall clearly show the following information:&lt;br /&gt;&lt;br /&gt;	1.	The dimensions and record boundaries of the total parcel together with a legal description of the total parcel attached to the map.&lt;br /&gt;&lt;br /&gt;	2.	The dimensions and boundaries of each proposed parcel.&lt;br /&gt;&lt;br /&gt;	3.	The names, addresses and telephone number of the property owners, the person filing the map, and the registered civil engineer or licensed land surveyor, if any, who prepared the map.&lt;br /&gt;&lt;br /&gt;	4.	The abutting streets and alleys and existing surface improvements and proposed dedications and improvements.&lt;br /&gt;&lt;br /&gt;	5.	The location of other existing public easements and/or private street easements. (Amended by Ord. No. 176,321, Eff. 1/15/05.)&lt;br /&gt;&lt;br /&gt;	6.	In Hillside Areas, the existing contours of the land at intervals of not more than five feet. (Amended by Ord. No. 143,254, Eff. 5/14/72.)&lt;br /&gt;&lt;br /&gt;	7.	The accurate location of any structures on the property (Added by Ord. No. 143,254, Eff. 5/14/72.)&lt;br /&gt;&lt;br /&gt;	8.	Names or designations for all proposed streets. (Added by Ord. No. 158,691, Eff. 3/12/84.)&lt;br /&gt;&lt;br /&gt;	9.	Such other information as the Advisory Agency determines is necessary to properly consider the proposed division. (Redesignated 9, Ord. No. 158,691, Eff. 3/12/84.)&lt;br /&gt;&lt;br /&gt;	B.	Incomplete Map. If at&#xA0; any time during the processing of the map it is discovered that the map has been improperly prepared or required pertinent information has not been submitted, the applicant shall be promptly notified in writing by mail of the defect and of further information or correction required The time limits specified hereinafter shall not begin until the omitted or inaccurate information is furnished in a proper manner. (Amended by Ord. No. 130,871, Eff. 9/20/65 )&lt;br /&gt;&lt;br /&gt;	C.	Additional Reports. (Added by Ord. No. 143,254, Eff. 5/14/72.) In addition to the preliminary Parcel Map, and when determined by the Superintendent of Building or the City Engineer to be necessary, the following reports shall be submitted to the City Planning Department by the applicant when the property is located in a Hillside Area, as defined in Article 1 of Chapter 9 of this Code&lt;br /&gt;&lt;br /&gt;	1.	A geologic report prepared by an engineering geologist, as defined in Article 1 of Chapter 9 of this Code, setting forth all relevant geologic data pertaining to the proposed separate parcels and including separately stated conclusions listing any potential hazards to public health, safety or welfare which may exist on the proposed parcels or which could result from grading or building upon the proposed separate parcels&lt;br /&gt;&lt;br /&gt;	2.	A report prepared by a soils engineer, as defined in Article 1 of Chapter 9 of this Code, setting forth sufficient engineering data to explain the proposed solutions to:&lt;br /&gt;&lt;br /&gt;	(a)	Any potential geologic hazards disclosed by the geologic report; and&lt;br /&gt;&lt;br /&gt;	(b)	Any potential geologic hazards that could be created by the proposed grading.&lt;br /&gt;&lt;br /&gt;	D.	Protected Tree Reports for Parcel Maps.&#xA0; No application for a preliminary parcel map approval for a parcel where a protected tree is located shall be considered complete unless it includes a report pertaining to preserving the tree.&#xA0; The report shall be prepared by a tree expert and shall evaluate the subdivider&#x2019;s proposals for protected tree preservation, removal, replacement and/or relocation.&#xA0; In the event the subdivider proposes any grading, land movement, or other activity within the drip line of any protected tree referred to in the report, or proposes to relocate or remove any tree, the report shall also evaluate any mitigation measures proposed by the subdivider and the anticipated effectiveness in preserving the tree.&#xA0; (Amended by Ord. No. 177,404, Eff. 4/23/06.)&lt;/p&gt;&lt;/section&gt;</html><previous_section id="293"><structure_id>8</structure_id><section_number>17.50</section_number><catch_line>Parcel Maps &#x2013; General Provisions.</catch_line><url>/17.50/</url><token>17.50</token></previous_section><text><unit id="4" prefix=""><text>&#xA0; FILING OF PRELIMINARY PARCEL MAPS.	A.	FORMS AND CONTENTS. (Amended by Ord. No. 133,753, Eff. 2/12/67.)&#xA0; Each person applying for approval of a parcel map required by reason of Section 17.50 B. of this Code shall submit a reproducible preliminary Parcel Map to the City Planning Department showing the land to be divided and its proposed division. The map may be prepared by the applicant, except that the Advisory Agency may require the map to be prepared by a licensed land surveyor or registered civil engineer and that it be based upon a field survey when it determines that such is necessary to provide the information required by this section. The map shall be made on one or more sheets of tracing paper or cloth at least 8 1/2 inches by 11 inches but shall not exceed 18 &#xD7; 26 inches. It shall be legibly drawn using a decimal or an engineer&#x2019;s scale and shall clearly show the following information:	1.	The dimensions and record boundaries of the total parcel together with a legal description of the total parcel attached to the map.	2.	The dimensions and boundaries of each proposed parcel.	3.	The names, addresses and telephone number of the property owners, the person filing the map, and the registered civil engineer or licensed land surveyor, if any, who prepared the map.	4.	The abutting streets and alleys and existing surface improvements and proposed dedications and improvements.	5.	The location of other existing public easements and/or private street easements. (Amended by Ord. No. 176,321, Eff. 1/15/05.)	6.	In Hillside Areas, the existing contours of the land at intervals of not more than five feet. (Amended by Ord. No. 143,254, Eff. 5/14/72.)	7.	The accurate location of any structures on the property (Added by Ord. No. 143,254, Eff. 5/14/72.)	8.	Names or designations for all proposed streets. (Added by Ord. No. 158,691, Eff. 3/12/84.)	9.	Such other information as the Advisory Agency determines is necessary to properly consider the proposed division. (Redesignated 9, Ord. No. 158,691, Eff. 3/12/84.)	B.	Incomplete Map. If at&#xA0; any time during the processing of the map it is discovered that the map has been improperly prepared or required pertinent information has not been submitted, the applicant shall be promptly notified in writing by mail of the defect and of further information or correction required The time limits specified hereinafter shall not begin until the omitted or inaccurate information is furnished in a proper manner. (Amended by Ord. No. 130,871, Eff. 9/20/65 )	C.	Additional Reports. (Added by Ord. No. 143,254, Eff. 5/14/72.) In addition to the preliminary Parcel Map, and when determined by the Superintendent of Building or the City Engineer to be necessary, the following reports shall be submitted to the City Planning Department by the applicant when the property is located in a Hillside Area, as defined in Article 1 of Chapter 9 of this Code	1.	A geologic report prepared by an engineering geologist, as defined in Article 1 of Chapter 9 of this Code, setting forth all relevant geologic data pertaining to the proposed separate parcels and including separately stated conclusions listing any potential hazards to public health, safety or welfare which may exist on the proposed parcels or which could result from grading or building upon the proposed separate parcels	2.	A report prepared by a soils engineer, as defined in Article 1 of Chapter 9 of this Code, setting forth sufficient engineering data to explain the proposed solutions to:	(a)	Any potential geologic hazards disclosed by the geologic report; and	(b)	Any potential geologic hazards that could be created by the proposed grading.	D.	Protected Tree Reports for Parcel Maps.&#xA0; No application for a preliminary parcel map approval for a parcel where a protected tree is located shall be considered complete unless it includes a report pertaining to preserving the tree.&#xA0; The report shall be prepared by a tree expert and shall evaluate the subdivider&#x2019;s proposals for protected tree preservation, removal, replacement and/or relocation.&#xA0; In the event the subdivider proposes any grading, land movement, or other activity within the drip line of any protected tree referred to in the report, or proposes to relocate or remove any tree, the report shall also evaluate any mitigation measures proposed by the subdivider and the anticipated effectiveness in preserving the tree.&#xA0; (Amended by Ord. No. 177,404, Eff. 4/23/06.)</text><type>section</type><prefixes><unit></unit></prefixes><entire_prefix></entire_prefix><prefix_anchor></prefix_anchor><level>1</level></unit></text></law>
