<?xml version="1.0"?>
<law><section_number>19.07</section_number><edition_id>1</edition_id><section_id>294</section_id><structure_id>78</structure_id><catch_line>Fees For Flood Hazard Reports And Compliance Checks.</catch_line><history></history><full_text>&#xA0; FEES FOR FLOOD HAZARD REPORTS AND COMPLIANCE CHECKS.
	(Amended by Ord. No. 182,237, Eff. 9/28/12.)

	A.	Basic Review Fee.&#xA0; Except for services subject to the provisions of Subsection B. or C. of this Section, the Bureau of Engineering shall charge and collect a fee of $265 to perform each of the following services pertaining to Flood Hazard compliance:

	1.	Flood Hazard Compliance Check Fee.&#xA0; Review to verify that a permitted project would or does comply with the requirements of the Los Angeles Specific Plan for the Management of Flood Hazards (Ordinance 172,081, as may be amended) and the National Flood Insurance Program.

	2.	Elevation Certificate Processing Fee.&#xA0; Process an Elevation Certificate for building permits located in floodplain zones, in compliance with the requirements of the Los Angeles Specific Plan for the Management of Flood Hazards (Ordinance 172,081, as may be amended) and the National Flood Insurance Program.

	3.	Floodproofing Certificate Processing.&#xA0; Process a Floodproofing Certificate for a commercial project or a non-single family development proposed in a floodplain zone, in compliance with the requirements of the Los Angeles Specific Plan for the Management of Flood Hazards (Ordinance 172,081, as may be amended) and the National Flood Insurance Program.

	4.	Letter of Map Change/Conditional Letter of Map Change Processing.&#xA0; Process a Conditional Letter of Map Revision, Conditional Letter of Map Amendment, Letter of Map Revisions, or Letter of Map Amendment.

	B.	Reviews or Services Requiring Additional Staff Time of 16 or Fewer Hours.&#xA0; For all Bureau of Engineering services identified in Subsection A. of this Section for which a fee of $265 is charged, and which will require Bureau staff to review plans or surveys, or take other action in addition to that normally required to accomplish the task for which the $265 fee is charged, the Bureau shall charge and collect a fee pursuant to the provisions of Section 61.14 of this Code, except for reviews or services provided pursuant to the provisions of Subsection C. of this Section.

	C.	Reviews or Services Requiring Additional Staff Time of More than 16 Hours.&#xA0; For all Bureau of Engineering services identified in Subsection A. of this Section for which a fee of $265 is charged, and which will require Bureau staff to review plans or surveys, or take other action, and where Bureau staff will be required to provide more than 16 hours of staff time in addition to that normally required to accomplish the task for which the $265 fee is charged, the Bureau shall charge and collect actual Bureau of Engineering costs and a deposit for such costs as determined and collected pursuant to the provisions of Section 61.15 of this Code.

	D.	All Fees Owed Prior to Bureau Action.&#xA0; The Bureau of Engineering shall not issue any approval or decision with respect to any matter for which this Section requires payment to the Bureau until all monies owed pursuant to the provisions of this Section are paid.</full_text><order_by>07</order_by><ancestry><unit id="78" label="article"><name>Fees</name><identifier>9</identifier><url>/1/9/</url></unit><unit id="7" label="chapter"><name>General Provisions and Zoning</name><identifier>1</identifier><url>/1/</url></unit></ancestry><structure_contents><unit id="1198"><structure_id>78</structure_id><section_number>19.00</section_number><catch_line>Filing Of Applications And Appeals.</catch_line><url>/19.00/</url><token>19.00</token></unit><unit id="3604"><structure_id>78</structure_id><section_number>19.01</section_number><catch_line>Filing Fee - Applications And Appeals.</catch_line><url>/19.01/</url><token>19.01</token></unit><unit id="3260"><structure_id>78</structure_id><section_number>19.02</section_number><catch_line>Filing Fees - Division Of Land And Private Street Maps And Appeals.</catch_line><url>/19.02/</url><token>19.02</token></unit><unit id="1848"><structure_id>78</structure_id><section_number>19.03</section_number><catch_line>Fees For General Plan Consistency.</catch_line><url>/19.03/</url><token>19.03</token></unit><unit id="1403"><structure_id>78</structure_id><section_number>19.04</section_number><catch_line>Filing Fee - Plans And Conditions Of Approval.</catch_line><url>/19.04/</url><token>19.04</token></unit><unit id="3255"><structure_id>78</structure_id><section_number>19.05</section_number><catch_line>Filing Fees For Environmental Clearances.</catch_line><url>/19.05/</url><token>19.05</token></unit><unit id="3837"><structure_id>78</structure_id><section_number>19.06</section_number><catch_line>Filing Fees For Coastal Development Permits.</catch_line><url>/19.06/</url><token>19.06</token></unit><unit id="294"><structure_id>78</structure_id><section_number>19.07</section_number><catch_line>Fees For Flood Hazard Reports And Compliance Checks.</catch_line><url>/19.07/</url><token>19.07</token></unit><unit id="3792"><structure_id>78</structure_id><section_number>19.08</section_number><catch_line>Surcharge For One-Stop Permit Center.</catch_line><url>/19.08/</url><token>19.08</token></unit><unit id="2482"><structure_id>78</structure_id><section_number>19.09</section_number><catch_line>Land Development Counseling &#x2013; Fee For Second And Subsequent Sessions.</catch_line><url>/19.09/</url><token>19.09</token></unit><unit id="2930"><structure_id>78</structure_id><section_number>19.10</section_number><catch_line>Development Agreement Fees.</catch_line><url>/19.10/</url><token>19.10</token></unit><unit id="3926"><structure_id>78</structure_id><section_number>19.11</section_number><catch_line>Annual Inspection Of Compliance With Far Averaging Covenant.</catch_line><url>/19.11/</url><token>19.11</token></unit><unit id="4061"><structure_id>78</structure_id><section_number>19.12</section_number><catch_line>Deviations Pursuant To Section 16.03 E.</catch_line><url>/19.12/</url><token>19.12</token></unit><unit id="2124"><structure_id>78</structure_id><section_number>19.13</section_number><catch_line>Surcharge For Automated Systems For The Department Of City Planning.</catch_line><url>/19.13/</url><token>19.13</token></unit><unit id="1992"><structure_id>78</structure_id><section_number>19.14</section_number><catch_line>Fees For Enforcement Of Housing Covenants.</catch_line><url>/19.14/</url><token>19.14</token></unit><unit id="1507"><structure_id>78</structure_id><section_number>19.15</section_number><catch_line>Department Of Transportation Traffic Study Review, Condition Clearance And Permit Issuance Fees.</catch_line><url>/19.15/</url><token>19.15</token></unit><unit id="2569"><structure_id>78</structure_id><section_number>19.16</section_number><catch_line>General Plan Maintenance Surcharge For The Department Of City Planning.</catch_line><url>/19.16/</url><token>19.16</token></unit></structure_contents><next_section id="3792"><structure_id>78</structure_id><section_number>19.08</section_number><catch_line>Surcharge For One-Stop Permit Center.</catch_line><url>/19.08/</url><token>19.08</token></next_section><metadata></metadata><references></references><url>/19.07/</url><token>19.07</token><formats><txt>/19.07.txt</txt><json>/19.07.xml</json></formats><dublin_core><Title>Fees For Flood Hazard Reports And Compliance Checks.</Title><Type>Text</Type><Format>text/html</Format><Identifier>&#xA7; 19.07</Identifier><Relation>Los Angeles Municipal Code</Relation></dublin_core><plain_text>                            LOS ANGELES MUNICIPAL CODE

FEES FOR FLOOD HAZARD REPORTS AND COMPLIANCE CHECKS. (&#xA7; 19.07)

&#xA0; FEES FOR FLOOD HAZARD REPORTS AND COMPLIANCE CHECKS.
	(Amended by Ord. No. 182,237, Eff. 9/28/12.)	A.	Basic Review Fee.&#xA0; Except for
services subject to the provisions of Subsection B. or C. of this Section, the
Bureau of Engineering shall charge and collect a fee of $265 to perform each of
the following services pertaining to Flood Hazard compliance:	1.	Flood Hazard
Compliance Check Fee.&#xA0; Review to verify that a permitted project would or does
comply with the requirements of the Los Angeles Specific Plan for the Management
of Flood Hazards (Ordinance 172,081, as may be amended) and the National Flood
Insurance Program.	2.	Elevation Certificate Processing Fee.&#xA0; Process an
Elevation Certificate for building permits located in floodplain zones, in
compliance with the requirements of the Los Angeles Specific Plan for the
Management of Flood Hazards (Ordinance 172,081, as may be amended) and the
National Flood Insurance Program.	3.	Floodproofing Certificate Processing.&#xA0;
Process a Floodproofing Certificate for a commercial project or a non-single
family development proposed in a floodplain zone, in compliance with the
requirements of the Los Angeles Specific Plan for the Management of Flood
Hazards (Ordinance 172,081, as may be amended) and the National Flood Insurance
Program.	4.	Letter of Map Change/Conditional Letter of Map Change Processing.&#xA0;
Process a Conditional Letter of Map Revision, Conditional Letter of Map
Amendment, Letter of Map Revisions, or Letter of Map Amendment.	B.	Reviews or
Services Requiring Additional Staff Time of 16 or Fewer Hours.&#xA0; For all Bureau
of Engineering services identified in Subsection A. of this Section for which a
fee of $265 is charged, and which will require Bureau staff to review plans or
surveys, or take other action in addition to that normally required to
accomplish the task for which the $265 fee is charged, the Bureau shall charge
and collect a fee pursuant to the provisions of Section 61.14 of this Code,
except for reviews or services provided pursuant to the provisions of Subsection
C. of this Section.	C.	Reviews or Services Requiring Additional Staff Time of
More than 16 Hours.&#xA0; For all Bureau of Engineering services identified in
Subsection A. of this Section for which a fee of $265 is charged, and which will
require Bureau staff to review plans or surveys, or take other action, and where
Bureau staff will be required to provide more than 16 hours of staff time in
addition to that normally required to accomplish the task for which the $265 fee
is charged, the Bureau shall charge and collect actual Bureau of Engineering
costs and a deposit for such costs as determined and collected pursuant to the
provisions of Section 61.15 of this Code.	D.	All Fees Owed Prior to Bureau
Action.&#xA0; The Bureau of Engineering shall not issue any approval or decision
with respect to any matter for which this Section requires payment to the Bureau
until all monies owed pursuant to the provisions of this Section are paid.
</plain_text><html>
					&lt;section&gt;&lt;p&gt;&#xA0; FEES FOR FLOOD HAZARD REPORTS AND COMPLIANCE CHECKS.
	(Amended by Ord. No. 182,237, Eff. 9/28/12.)&lt;br /&gt;&lt;br /&gt;	A.	Basic Review Fee.&#xA0; Except for services subject to the provisions of Subsection B. or C. of this Section, the Bureau of Engineering shall charge and collect a fee of $265 to perform each of the following services pertaining to Flood Hazard compliance:&lt;br /&gt;&lt;br /&gt;	1.	Flood Hazard Compliance Check Fee.&#xA0; Review to verify that a permitted project would or does comply with the requirements of the Los Angeles Specific Plan for the Management of Flood Hazards (&lt;span class="dictionary"&gt;Ordinance&lt;/span&gt; 172,081, as may be amended) and the National Flood Insurance Program.&lt;br /&gt;&lt;br /&gt;	2.	Elevation Certificate Processing Fee.&#xA0; Process an Elevation Certificate for building permits located in floodplain zones, in compliance with the requirements of the Los Angeles Specific Plan for the Management of Flood Hazards (&lt;span class="dictionary"&gt;Ordinance&lt;/span&gt; 172,081, as may be amended) and the National Flood Insurance Program.&lt;br /&gt;&lt;br /&gt;	3.	Floodproofing Certificate Processing.&#xA0; Process a Floodproofing Certificate for a commercial project or a non-single family development proposed in a floodplain zone, in compliance with the requirements of the Los Angeles Specific Plan for the Management of Flood Hazards (&lt;span class="dictionary"&gt;Ordinance&lt;/span&gt; 172,081, as may be amended) and the National Flood Insurance Program.&lt;br /&gt;&lt;br /&gt;	4.	Letter of Map Change/Conditional Letter of Map Change Processing.&#xA0; Process a Conditional Letter of Map Revision, Conditional Letter of Map Amendment, Letter of Map Revisions, or Letter of Map Amendment.&lt;br /&gt;&lt;br /&gt;	B.	Reviews or Services Requiring Additional Staff Time of 16 or Fewer Hours.&#xA0; For all Bureau of Engineering services identified in Subsection A. of this Section for which a fee of $265 is charged, and which will require Bureau staff to review plans or surveys, or take other action in addition to that normally required to accomplish the task for which the $265 fee is charged, the Bureau shall charge and collect a fee pursuant to the provisions of Section 61.14 of this Code, except for reviews or services provided pursuant to the provisions of Subsection C. of this Section.&lt;br /&gt;&lt;br /&gt;	C.	Reviews or Services Requiring Additional Staff Time of More than 16 Hours.&#xA0; For all Bureau of Engineering services identified in Subsection A. of this Section for which a fee of $265 is charged, and which will require Bureau staff to review plans or surveys, or take other action, and where Bureau staff will be required to provide more than 16 hours of staff time in addition to that normally required to accomplish the task for which the $265 fee is charged, the Bureau shall charge and collect actual Bureau of Engineering costs and a deposit for such costs as determined and collected pursuant to the provisions of Section 61.15 of this Code.&lt;br /&gt;&lt;br /&gt;	D.	All Fees Owed Prior to Bureau Action.&#xA0; The Bureau of Engineering shall not &lt;span class="dictionary"&gt;issue&lt;/span&gt; any approval or decision with respect to any matter for which this Section requires payment to the Bureau until all monies owed pursuant to the provisions of this Section are paid.&lt;/p&gt;&lt;/section&gt;</html><previous_section id="3837"><structure_id>78</structure_id><section_number>19.06</section_number><catch_line>Filing Fees For Coastal Development Permits.</catch_line><url>/19.06/</url><token>19.06</token></previous_section><text><unit id="290" prefix=""><text>&#xA0; FEES FOR FLOOD HAZARD REPORTS AND COMPLIANCE CHECKS.
	(Amended by Ord. No. 182,237, Eff. 9/28/12.)	A.	Basic Review Fee.&#xA0; Except for services subject to the provisions of Subsection B. or C. of this Section, the Bureau of Engineering shall charge and collect a fee of $265 to perform each of the following services pertaining to Flood Hazard compliance:	1.	Flood Hazard Compliance Check Fee.&#xA0; Review to verify that a permitted project would or does comply with the requirements of the Los Angeles Specific Plan for the Management of Flood Hazards (Ordinance 172,081, as may be amended) and the National Flood Insurance Program.	2.	Elevation Certificate Processing Fee.&#xA0; Process an Elevation Certificate for building permits located in floodplain zones, in compliance with the requirements of the Los Angeles Specific Plan for the Management of Flood Hazards (Ordinance 172,081, as may be amended) and the National Flood Insurance Program.	3.	Floodproofing Certificate Processing.&#xA0; Process a Floodproofing Certificate for a commercial project or a non-single family development proposed in a floodplain zone, in compliance with the requirements of the Los Angeles Specific Plan for the Management of Flood Hazards (Ordinance 172,081, as may be amended) and the National Flood Insurance Program.	4.	Letter of Map Change/Conditional Letter of Map Change Processing.&#xA0; Process a Conditional Letter of Map Revision, Conditional Letter of Map Amendment, Letter of Map Revisions, or Letter of Map Amendment.	B.	Reviews or Services Requiring Additional Staff Time of 16 or Fewer Hours.&#xA0; For all Bureau of Engineering services identified in Subsection A. of this Section for which a fee of $265 is charged, and which will require Bureau staff to review plans or surveys, or take other action in addition to that normally required to accomplish the task for which the $265 fee is charged, the Bureau shall charge and collect a fee pursuant to the provisions of Section 61.14 of this Code, except for reviews or services provided pursuant to the provisions of Subsection C. of this Section.	C.	Reviews or Services Requiring Additional Staff Time of More than 16 Hours.&#xA0; For all Bureau of Engineering services identified in Subsection A. of this Section for which a fee of $265 is charged, and which will require Bureau staff to review plans or surveys, or take other action, and where Bureau staff will be required to provide more than 16 hours of staff time in addition to that normally required to accomplish the task for which the $265 fee is charged, the Bureau shall charge and collect actual Bureau of Engineering costs and a deposit for such costs as determined and collected pursuant to the provisions of Section 61.15 of this Code.	D.	All Fees Owed Prior to Bureau Action.&#xA0; The Bureau of Engineering shall not issue any approval or decision with respect to any matter for which this Section requires payment to the Bureau until all monies owed pursuant to the provisions of this Section are paid.</text><type>section</type><prefixes><unit></unit></prefixes><entire_prefix></entire_prefix><prefix_anchor></prefix_anchor><level>1</level></unit></text></law>
