<?xml version="1.0"?>
<law><section_number>192.02</section_number><edition_id>1</edition_id><section_id>475</section_id><structure_id>17</structure_id><catch_line>Solid Waste Facility Application Permit Review Fees.</catch_line><history></history><full_text>&#xA0; SOLID WASTE FACILITY APPLICATION PERMIT REVIEW FEES.

	A.	All proposed solid waste facilities must submit permit review fees, as set forth in Sec. 193.02.12 of this Code at the time that the application for a permit for a solid waste facility is submitted to the Department.

	B.	The review fee will be based on the time and materials cost associated with processing the application.&#xA0; If more than 100 hours of staff time are needed to complete the application review process, the applicant will be billed by the Department monthly to cover these costs.&#xA0; These costs will include costs for staff time utilized and the cost of City contracted consulting services plus a 10% administrative fee.

	1.	In determining the appropriate type of permit for existing solid waste facilities permit revisions and/or proposed facilities applications, facilities with multiple types of waste processing operations (e.g., transfer operations, greenwaste processing, recycling, etc.) on a single site shall be classified, for the purpose of the permitting requirements, according to the most restrictive permit classification.&#xA0; The applicable fee schedule for the most restrictive permit classification applies.

	2.	For single sites with multiple operations, the permitting requirements of each of the individual operations must be met in addition to the overall permitting requirements of the most restrictive operation that determines the appropriate permit type.</full_text><order_by>02</order_by><ancestry><unit id="17" label="article"><name>Solid Waste And Recycled Materials Management</name><identifier>1</identifier><url>/19/1/</url></unit><unit id="16" label="chapter"><name>Environmental Protection</name><identifier>19</identifier><url>/19/</url></unit></ancestry><structure_contents><unit id="1870"><structure_id>17</structure_id><section_number>190.01</section_number><catch_line>Solid Waste Enforcement Program.</catch_line><url>/190.01/</url><token>190.01</token></unit><unit id="4118"><structure_id>17</structure_id><section_number>191.01</section_number><catch_line>Solid Waste Transfer / Processing Station Permit.</catch_line><url>/191.01/</url><token>191.01</token></unit><unit id="19"><structure_id>17</structure_id><section_number>192.01</section_number><catch_line>Display Of Solid Waste Permit Information.</catch_line><url>/192.01/</url><token>192.01</token></unit><unit id="2528"><structure_id>17</structure_id><section_number>193.01</section_number><catch_line>Annual Fee Adjustments.</catch_line><url>/193.01/</url><token>193.01</token></unit><unit id="1219"><structure_id>17</structure_id><section_number>194.01</section_number><catch_line>Suspension Of Permit For Non-Payment Of Fees.</catch_line><url>/194.01/</url><token>194.01</token></unit><unit id="2545"><structure_id>17</structure_id><section_number>190.02</section_number><catch_line>Depositing Solid Waste.</catch_line><url>/190.02/</url><token>190.02</token></unit><unit id="4137"><structure_id>17</structure_id><section_number>191.02</section_number><catch_line>Compostable Materials Handling Facility Permit.</catch_line><url>/191.02/</url><token>191.02</token></unit><unit id="475"><structure_id>17</structure_id><section_number>192.02</section_number><catch_line>Solid Waste Facility Application Permit Review Fees.</catch_line><url>/192.02/</url><token>192.02</token></unit><unit id="1109"><structure_id>17</structure_id><section_number>193.02</section_number><catch_line>Solid Waste Facility Fee Table.</catch_line><url>/193.02/</url><token>193.02</token></unit><unit id="877"><structure_id>17</structure_id><section_number>194.02</section_number><catch_line>Permit Transfers.</catch_line><url>/194.02/</url><token>194.02</token></unit><unit id="2630"><structure_id>17</structure_id><section_number>193.02.1</section_number><catch_line>Transfer Stations.</catch_line><url>/193.02.1/</url><token>193.02.1</token></unit><unit id="3144"><structure_id>17</structure_id><section_number>193.02.10</section_number><catch_line>Not Used.</catch_line><url>/193.02.10/</url><token>193.02.10</token></unit><unit id="2900"><structure_id>17</structure_id><section_number>193.02.11</section_number><catch_line>Closed Landfill Development Site Review Fee.</catch_line><url>/193.02.11/</url><token>193.02.11</token></unit><unit id="2245"><structure_id>17</structure_id><section_number>193.02.12</section_number><catch_line>Solid Waste Facility Application Permit Review Fee.</catch_line><url>/193.02.12/</url><token>193.02.12</token></unit><unit id="770"><structure_id>17</structure_id><section_number>193.02.13</section_number><catch_line>Solid Waste Facility Permit Inspection Fee.</catch_line><url>/193.02.13/</url><token>193.02.13</token></unit><unit id="4172"><structure_id>17</structure_id><section_number>193.02.14</section_number><catch_line>Solid Waste Facility Permit Revision Review Fee.</catch_line><url>/193.02.14/</url><token>193.02.14</token></unit><unit id="2686"><structure_id>17</structure_id><section_number>193.02.2</section_number><catch_line>Compostable Materials Handling Facility Permit.</catch_line><url>/193.02.2/</url><token>193.02.2</token></unit><unit id="572"><structure_id>17</structure_id><section_number>193.02.3</section_number><catch_line>Construction And Demolition And Inert Debris Transfer / Processing Operations And Facility Permits.</catch_line><url>/193.02.3/</url><token>193.02.3</token></unit><unit id="2417"><structure_id>17</structure_id><section_number>193.02.4</section_number><catch_line>Non-Hazardous Contaminated Soil Transfer / Processing Operation.</catch_line><url>/193.02.4/</url><token>193.02.4</token></unit><unit id="760"><structure_id>17</structure_id><section_number>193.02.5</section_number><catch_line>Non-Hazardous Contaminated Soil Disposal Facility.</catch_line><url>/193.02.5/</url><token>193.02.5</token></unit><unit id="2356"><structure_id>17</structure_id><section_number>193.02.6</section_number><catch_line>Sanitary Landfill.</catch_line><url>/193.02.6/</url><token>193.02.6</token></unit><unit id="777"><structure_id>17</structure_id><section_number>193.02.7</section_number><catch_line>Solid Waste Collection Vehicle Yards.</catch_line><url>/193.02.7/</url><token>193.02.7</token></unit><unit id="2644"><structure_id>17</structure_id><section_number>193.02.8</section_number><catch_line>Solid Waste Collection Vehicles.</catch_line><url>/193.02.8/</url><token>193.02.8</token></unit><unit id="3001"><structure_id>17</structure_id><section_number>193.02.9</section_number><catch_line>Transformation Facilities.</catch_line><url>/193.02.9/</url><token>193.02.9</token></unit><unit id="3914"><structure_id>17</structure_id><section_number>191.03</section_number><catch_line>Construction And Demolition And Inert Debris Transfer / Processing Operations And Facility Permits.</catch_line><url>/191.03/</url><token>191.03</token></unit><unit id="1374"><structure_id>17</structure_id><section_number>192.03</section_number><catch_line>Solid Waste Facility Permit Inspection Fee.</catch_line><url>/192.03/</url><token>192.03</token></unit><unit id="751"><structure_id>17</structure_id><section_number>193.03</section_number><catch_line>Additional Fees.</catch_line><url>/193.03/</url><token>193.03</token></unit><unit id="2468"><structure_id>17</structure_id><section_number>194.03</section_number><catch_line>Administrative Penalties.</catch_line><url>/194.03/</url><token>194.03</token></unit><unit id="1004"><structure_id>17</structure_id><section_number>191.04</section_number><catch_line>Non-Hazardous Contaminated Soil Transfer / Processing Operation Permit.</catch_line><url>/191.04/</url><token>191.04</token></unit><unit id="3397"><structure_id>17</structure_id><section_number>192.04</section_number><catch_line>Solid Waste Facility Permit Revision Review Fees.</catch_line><url>/192.04/</url><token>192.04</token></unit><unit id="1249"><structure_id>17</structure_id><section_number>193.04</section_number><catch_line>Penalty For Past Due Fees.</catch_line><url>/193.04/</url><token>193.04</token></unit><unit id="2113"><structure_id>17</structure_id><section_number>194.04</section_number><catch_line>Remedies Not Exclusive.</catch_line><url>/194.04/</url><token>194.04</token></unit><unit id="3744"><structure_id>17</structure_id><section_number>191.05</section_number><catch_line>Non-Hazardous Contaminated Soil Disposal Facility Permit.</catch_line><url>/191.05/</url><token>191.05</token></unit><unit id="3114"><structure_id>17</structure_id><section_number>192.05</section_number><catch_line>Additional Compliance Monitoring Fees.</catch_line><url>/192.05/</url><token>192.05</token></unit><unit id="1911"><structure_id>17</structure_id><section_number>194.05</section_number><catch_line>Liability For Costs Of Correction Arising From Violation.</catch_line><url>/194.05/</url><token>194.05</token></unit><unit id="1468"><structure_id>17</structure_id><section_number>191.06</section_number><catch_line>Sanitary Landfill Permits.</catch_line><url>/191.06/</url><token>191.06</token></unit><unit id="2765"><structure_id>17</structure_id><section_number>194.06</section_number><catch_line>Criteria To Impose An Administrative Penalty.</catch_line><url>/194.06/</url><token>194.06</token></unit><unit id="2526"><structure_id>17</structure_id><section_number>191.07</section_number><catch_line>Non-Operating Landfills.</catch_line><url>/191.07/</url><token>191.07</token></unit><unit id="3201"><structure_id>17</structure_id><section_number>194.07</section_number><catch_line>Appeal Of Administrative Penalty.</catch_line><url>/194.07/</url><token>194.07</token></unit><unit id="2908"><structure_id>17</structure_id><section_number>191.08</section_number><catch_line>Closed Landfill.</catch_line><url>/191.08/</url><token>191.08</token></unit><unit id="1772"><structure_id>17</structure_id><section_number>194.08</section_number><catch_line>Use Of Funds.</catch_line><url>/194.08/</url><token>194.08</token></unit><unit id="2065"><structure_id>17</structure_id><section_number>191.09</section_number><catch_line>Joint Powers Authority And The Sunshine Canyon Landfill Local Enforcement Agency.</catch_line><url>/191.09/</url><token>191.09</token></unit><unit id="1098"><structure_id>17</structure_id><section_number>191.10</section_number><catch_line>Solid Waste Collection Vehicle Yards.</catch_line><url>/191.10/</url><token>191.10</token></unit><unit id="1803"><structure_id>17</structure_id><section_number>191.11</section_number><catch_line>Solid Waste Collection Vehicles.</catch_line><url>/191.11/</url><token>191.11</token></unit><unit id="1806"><structure_id>17</structure_id><section_number>191.12</section_number><catch_line>Transformation Facilities.</catch_line><url>/191.12/</url><token>191.12</token></unit></structure_contents><next_section id="1109"><structure_id>17</structure_id><section_number>193.02</section_number><catch_line>Solid Waste Facility Fee Table.</catch_line><url>/193.02/</url><token>193.02</token></next_section><metadata></metadata><references></references><url>/192.02/</url><token>192.02</token><formats><txt>/192.02.txt</txt><json>/192.02.xml</json></formats><dublin_core><Title>Solid Waste Facility Application Permit Review Fees.</Title><Type>Text</Type><Format>text/html</Format><Identifier>&#xA7; 192.02</Identifier><Relation>Los Angeles Municipal Code</Relation></dublin_core><plain_text>                            LOS ANGELES MUNICIPAL CODE

SOLID WASTE FACILITY APPLICATION PERMIT REVIEW FEES. (&#xA7; 192.02)

&#xA0; SOLID WASTE FACILITY APPLICATION PERMIT REVIEW FEES.	A.	All proposed solid
waste facilities must submit permit review fees, as set forth in Sec. 193.02.12
of this Code at the time that the application for a permit for a solid waste
facility is submitted to the Department.	B.	The review fee will be based on the
time and materials cost associated with processing the application.&#xA0; If more
than 100 hours of staff time are needed to complete the application review
process, the applicant will be billed by the Department monthly to cover these
costs.&#xA0; These costs will include costs for staff time utilized and the cost of
City contracted consulting services plus a 10% administrative fee.	1.	In
determining the appropriate type of permit for existing solid waste facilities
permit revisions and/or proposed facilities applications, facilities with
multiple types of waste processing operations (e.g., transfer operations,
greenwaste processing, recycling, etc.) on a single site shall be classified,
for the purpose of the permitting requirements, according to the most
restrictive permit classification.&#xA0; The applicable fee schedule for the most
restrictive permit classification applies.	2.	For single sites with multiple
operations, the permitting requirements of each of the individual operations
must be met in addition to the overall permitting requirements of the most
restrictive operation that determines the appropriate permit type.
</plain_text><html>
					&lt;section&gt;&lt;p&gt;&#xA0; SOLID WASTE FACILITY APPLICATION PERMIT REVIEW FEES.&lt;br /&gt;&lt;br /&gt;	A.	All proposed solid waste facilities must submit permit review fees, as set forth in Sec. 193.02.12 of this Code at the time that the application for a permit for a solid waste facility is submitted to the Department.&lt;br /&gt;&lt;br /&gt;	B.	The review fee will be based on the time and &lt;span class="dictionary"&gt;materials&lt;/span&gt; cost associated with processing the application.&#xA0; If more than 100 hours of staff time are needed to complete the application review process, the applicant will be billed by the Department monthly to cover these costs.&#xA0; These costs will include costs for staff time utilized and the cost of City contracted consulting services plus a 10% administrative fee.&lt;br /&gt;&lt;br /&gt;	1.	In determining the appropriate type of permit for existing solid waste facilities permit revisions and/or proposed facilities applications, facilities with multiple types of waste processing operations (e.g., transfer operations, greenwaste processing, recycling, etc.) on a single site shall be classified, for the purpose of the permitting requirements, according to the most restrictive permit classification.&#xA0; The applicable fee schedule for the most restrictive permit classification applies.&lt;br /&gt;&lt;br /&gt;	2.	For single sites with multiple operations, the permitting requirements of each of the individual operations must be met in addition to the overall permitting requirements of the most restrictive operation that determines the appropriate permit type.&lt;/p&gt;&lt;/section&gt;</html><previous_section id="4137"><structure_id>17</structure_id><section_number>191.02</section_number><catch_line>Compostable Materials Handling Facility Permit.</catch_line><url>/191.02/</url><token>191.02</token></previous_section><text><unit id="468" prefix=""><text>&#xA0; SOLID WASTE FACILITY APPLICATION PERMIT REVIEW FEES.	A.	All proposed solid waste facilities must submit permit review fees, as set forth in Sec. 193.02.12 of this Code at the time that the application for a permit for a solid waste facility is submitted to the Department.	B.	The review fee will be based on the time and materials cost associated with processing the application.&#xA0; If more than 100 hours of staff time are needed to complete the application review process, the applicant will be billed by the Department monthly to cover these costs.&#xA0; These costs will include costs for staff time utilized and the cost of City contracted consulting services plus a 10% administrative fee.	1.	In determining the appropriate type of permit for existing solid waste facilities permit revisions and/or proposed facilities applications, facilities with multiple types of waste processing operations (e.g., transfer operations, greenwaste processing, recycling, etc.) on a single site shall be classified, for the purpose of the permitting requirements, according to the most restrictive permit classification.&#xA0; The applicable fee schedule for the most restrictive permit classification applies.	2.	For single sites with multiple operations, the permitting requirements of each of the individual operations must be met in addition to the overall permitting requirements of the most restrictive operation that determines the appropriate permit type.</text><type>section</type><prefixes><unit></unit></prefixes><entire_prefix></entire_prefix><prefix_anchor></prefix_anchor><level>1</level></unit></text></law>
