<?xml version="1.0"?>
<law><section_number>21.12.7</section_number><edition_id>1</edition_id><section_id>333</section_id><structure_id>67</structure_id><catch_line>Implementation Of Article.</catch_line><history></history><full_text></full_text><order_by>12.7</order_by><ancestry><unit id="67" label="article"><name>Tax Penalty Amnesty</name><identifier>1.12</identifier><url>/2/1.12/</url></unit><unit id="1" label="chapter"><name>Licenses, Permits, Business Regulations</name><identifier>2</identifier><url>/2/</url></unit></ancestry><structure_contents><unit id="1199"><structure_id>67</structure_id><section_number>21.12.1</section_number><catch_line>Development And Administration Of Program.</catch_line><url>/21.12.1/</url><token>21.12.1</token></unit><unit id="3212"><structure_id>67</structure_id><section_number>21.12.2</section_number><catch_line>Duration And Application Of Program.</catch_line><url>/21.12.2/</url><token>21.12.2</token></unit><unit id="3147"><structure_id>67</structure_id><section_number>21.12.3</section_number><catch_line>Elements Of Program.</catch_line><url>/21.12.3/</url><token>21.12.3</token></unit><unit id="2119"><structure_id>67</structure_id><section_number>21.12.4</section_number><catch_line>Previous Assessments, Payments, And Litigation.</catch_line><url>/21.12.4/</url><token>21.12.4</token></unit><unit id="213"><structure_id>67</structure_id><section_number>21.12.5</section_number><catch_line>Requisites For Compliance With Program.</catch_line><url>/21.12.5/</url><token>21.12.5</token></unit><unit id="377"><structure_id>67</structure_id><section_number>21.12.6</section_number><catch_line>Subsequent Deficiencies.</catch_line><url>/21.12.6/</url><token>21.12.6</token></unit><unit id="333"><structure_id>67</structure_id><section_number>21.12.7</section_number><catch_line>Implementation Of Article.</catch_line><url>/21.12.7/</url><token>21.12.7</token></unit></structure_contents><next_section id="333"><structure_id>67</structure_id><section_number>21.12.7</section_number><catch_line>Implementation Of Article.</catch_line><url>/21.12.7/</url><token>21.12.7</token></next_section><metadata></metadata><references></references><url>/21.12.7/</url><token>21.12.7</token><formats><txt>/21.12.7.txt</txt><json>/21.12.7.xml</json></formats><dublin_core><Title>Implementation Of Article.</Title><Type>Text</Type><Format>text/html</Format><Identifier>&#xA7; 21.12.7</Identifier><Relation>Los Angeles Municipal Code</Relation></dublin_core><plain_text>                            LOS ANGELES MUNICIPAL CODE

IMPLEMENTATION OF ARTICLE. (&#xA7; 21.12.7)


</plain_text><html>
					&lt;section&gt;&lt;p&gt;&lt;/p&gt;&lt;/section&gt;</html><previous_section id="377"><structure_id>67</structure_id><section_number>21.12.6</section_number><catch_line>Subsequent Deficiencies.</catch_line><url>/21.12.6/</url><token>21.12.6</token></previous_section><text><unit id="329" prefix=""><text></text><type>section</type><prefixes><unit></unit></prefixes><entire_prefix></entire_prefix><prefix_anchor></prefix_anchor><level>1</level></unit></text></law>
