<?xml version="1.0"?>
<law><section_number>21.187</section_number><edition_id>1</edition_id><section_id>438</section_id><structure_id>19</structure_id><catch_line>Common Carrier Bus.</catch_line><history></history><full_text>&#xA0; COMMON CARRIER BUS.
	(Title Amended by Ord. No. 178,101, Eff. 1/9/07.)

	(a)	For the purpose of this section the following words and phrases shall be defined as follows:

	1.	The word &#x201C;bus&#x201D; shall include motorbus, motor coach, trolley bus, omnibus, passenger stage, or similar vehicle using either a self&#x2013;contained source of power or power obtained from another source such as an overhead trolley system not operated upon fixed tracks or rails, and primarily designed for the transportation of more than seven passengers, excluding the driver.

	2.	The word &#x201C;operator&#x201D; shall mean any person engaging in the business, either directly or indirectly, as a common carrier in the transportation of persons by bus, upon any street in this City.

	3.	The phrase &#x201C;bus revenue mile&#x201D; shall mean the operation, for one mile, of a bus then and there made available for use as a common carrier in the transportation of persons or property for hire.

	4.	The phrase &#x201C;base week&#x201D; shall mean the third week in January, the third week in April, the second week in July, and the first week in October; provided that the Director of Finance may from time to time order that there be substituted in lieu of any of the four weeks hereinabove designated the week next preceding or next succeeding such designated week. In the event of any such order by the Director of Finance the operator shall be notified thereof at least ten days prior to the first day of the substituted week. The word &#x201C;week&#x201D; means a Sunday and the six next succeeding days.

	5.	The phrase &#x201C;gross receipts&#x201D; shall have the same meaning as that set forth in Sec. 21.00(a) of this Code and shall include the total gross receipts of the operator, together with the full cash value of any consideration received in a form other than cash from:

	(i)	The transportation of persons and property by bus, as a common carrier, and from advertising and all other privileges or services in, on, or by buses while being so operated, including receipts from the sale of tokens, tickets, and passes, and from all contracts by the terms of which the operator agrees to furnish transportation by bus, as a common carrier, whether or not such transportation be actually furnished; and

	(ii)	The rental

	(A)	of any bus operated in this City as a common carrier;

	(B)	of property operated, installed, or maintained in any street in the City for use in connection with the operation of any bus as a common carrier;

	(C)	from permitting others to use or occupy any part thereof; and

	(D)	from allowing to others any privilege whatsoever with respect thereto; provided that for any operator transporting passengers in areas outside this City, only that proportion of Item (i) shall be included, which the number of bus revenue miles operated in this City in the last four consecutive base weeks, the latest of which terminates within the next preceding tax period, bears to the total number of bus revenue miles operated in said base weeks.

	(b)	Every person engaged in the business of transporting persons as a common carrier for hire, by bus, upon or over any street in this City, which business includes the loading or discharging of passengers on the streets of this City, shall pay for each calendar year or portion thereof (or, if required by the Director of Finance, for each calendar quarter or portion thereof) commencing January 1, 1971, a sum equal to 1.48% of the gross receipts of the next preceding tax period, but not less than $14.78 per year or $3.67 per quarter, as the case may be.&#xA0; (Amended by Ord. No. 166,204, Eff. 10/11/90, Oper. 1/1/91.)

	(c)	The provisions of this section shall not apply to:

	1.	Any municipal corporation or other public entity.

	2.	The gross receipts derived from, or the bus revenue miles traveled by, any bus while being operated solely pursuant to any registration certificate issued under any other section of this article.

	3.	The business of operating busses in this City pursuant to a franchise granted by ordinance of this City, which franchise provides for payment to this City of not less than 2-1/2% of the gross receipts. The exemption extended by this subsection shall apply to all such franchise operations commencing January 1, 1947.

	(d)	If any subsection, sentence, clause, phrase or portion of this section is, for any reason, held to be invalid or unconstitutional by the decision of any court of competent jurisdiction, such decision shall not affect the validity of the remaining portions of this section. The Council of this City hereby declares that it would have adopted this section and each subsection, sentence, clause, phrase or portion thereof, irrespective of the fact that any one or more subsections, sentences, clauses, phrases or portions be declared invalid or unconstitutional.</full_text><order_by>187</order_by><ancestry><unit id="19" label="article"><name>Business Taxes</name><identifier>1</identifier><url>/2/1/</url></unit><unit id="1" label="chapter"><name>Licenses, Permits, Business Regulations</name><identifier>2</identifier><url>/2/</url></unit></ancestry><structure_contents><unit id="3386"><structure_id>19</structure_id><section_number>21.00</section_number><catch_line>Definitions.</catch_line><url>/21.00/</url><token>21.00</token></unit><unit id="3139"><structure_id>19</structure_id><section_number>21.01</section_number><catch_line>Unlawful Business Not Authorized.</catch_line><url>/21.01/</url><token>21.01</token></unit><unit id="986"><structure_id>19</structure_id><section_number>21.02</section_number><catch_line>Constitutional Exemptions.</catch_line><url>/21.02/</url><token>21.02</token></unit><unit id="1313"><structure_id>19</structure_id><section_number>21.03</section_number><catch_line>Imposition Of Tax.</catch_line><url>/21.03/</url><token>21.03</token></unit><unit id="2833"><structure_id>19</structure_id><section_number>21.03.1</section_number><catch_line>Automatic Tax Rate Reduction.</catch_line><url>/21.03.1/</url><token>21.03.1</token></unit><unit id="2639"><structure_id>19</structure_id><section_number>21.04</section_number><catch_line>Due Dates.</catch_line><url>/21.04/</url><token>21.04</token></unit><unit id="287"><structure_id>19</structure_id><section_number>21.05</section_number><catch_line>Delinquent Dates &#x2013;Interest &#x2013; Penalties.</catch_line><url>/21.05/</url><token>21.05</token></unit><unit id="1321"><structure_id>19</structure_id><section_number>21.06</section_number><catch_line>Separate Registration Certificate Required For Each Location And Each Business Tax Classification.</catch_line><url>/21.06/</url><token>21.06</token></unit><unit id="135"><structure_id>19</structure_id><section_number>21.06.1</section_number><catch_line>Single Primary Tax Classification Election.</catch_line><url>/21.06.1/</url><token>21.06.1</token></unit><unit id="3840"><structure_id>19</structure_id><section_number>21.07</section_number><catch_line>Refunds Of Overpayments.</catch_line><url>/21.07/</url><token>21.07</token></unit><unit id="2938"><structure_id>19</structure_id><section_number>21.08</section_number><catch_line>Business Tax Registration Certificate &#x2014; Form.</catch_line><url>/21.08/</url><token>21.08</token></unit><unit id="2372"><structure_id>19</structure_id><section_number>21.09</section_number><catch_line>Business Tax Registration Certificates &#x2014; Posting And Keeping.</catch_line><url>/21.09/</url><token>21.09</token></unit><unit id="2408"><structure_id>19</structure_id><section_number>21.10</section_number><catch_line>Business Tax Registration Certificates &#x2014; Charge For Duplication.</catch_line><url>/21.10/</url><token>21.10</token></unit><unit id="1153"><structure_id>19</structure_id><section_number>21.11</section_number><catch_line>Business Tax Registration Certificate &#x2014;Transfer.</catch_line><url>/21.11/</url><token>21.11</token></unit><unit id="3208"><structure_id>19</structure_id><section_number>21.12</section_number><catch_line>Business Tax Registration Certificates &#x2014;Suspension.</catch_line><url>/21.12/</url><token>21.12</token></unit><unit id="3457"><structure_id>19</structure_id><section_number>21.13</section_number><catch_line>Newly Established Businesses &#x2013; Computation Of Business Tax.</catch_line><url>/21.13/</url><token>21.13</token></unit><unit id="859"><structure_id>19</structure_id><section_number>21.14</section_number><catch_line>Written Statements &#x2013; When Required &#x2013;Computation Of The Tax.</catch_line><url>/21.14/</url><token>21.14</token></unit><unit id="4177"><structure_id>19</structure_id><section_number>21.15</section_number><catch_line>Director Of Finance &#x2013; Duty To Enforce &#x2013;Rules And Regulations.</catch_line><url>/21.15/</url><token>21.15</token></unit><unit id="4100"><structure_id>19</structure_id><section_number>21.16</section_number><catch_line>Assessment &#x2014; Administrative Remedy.</catch_line><url>/21.16/</url><token>21.16</token></unit><unit id="2921"><structure_id>19</structure_id><section_number>21.17</section_number><catch_line>Confidential Character Of Information Obtained&#x2013; Disclosure Unlawful.</catch_line><url>/21.17/</url><token>21.17</token></unit><unit id="1223"><structure_id>19</structure_id><section_number>21.18</section_number><catch_line>Delinquent Taxes &#x2013; Installment Payment.</catch_line><url>/21.18/</url><token>21.18</token></unit><unit id="1532"><structure_id>19</structure_id><section_number>21.19</section_number><catch_line>Delinquent Taxes &#x2013; Suit For Recovery.</catch_line><url>/21.19/</url><token>21.19</token></unit><unit id="3349"><structure_id>19</structure_id><section_number>21.20</section_number><catch_line>Delinquent Taxes &#x2013; Debt Not Discharged By Penal Conviction.</catch_line><url>/21.20/</url><token>21.20</token></unit><unit id="2132"><structure_id>19</structure_id><section_number>21.21</section_number><catch_line>Delinquent Taxes &#x2013; Uncollectible.</catch_line><url>/21.21/</url><token>21.21</token></unit><unit id="4086"><structure_id>19</structure_id><section_number>21.22</section_number><catch_line>Religious, Charity, Etc.; Procedure For Issuance Of Tax Exempt Registration Certificates.</catch_line><url>/21.22/</url><token>21.22</token></unit><unit id="3446"><structure_id>19</structure_id><section_number>21.23</section_number><catch_line>Effect Of Repeals And Amendments.</catch_line><url>/21.23/</url><token>21.23</token></unit><unit id="3020"><structure_id>19</structure_id><section_number>21.24</section_number><catch_line>Exemption For Persons Having Equal Or Greater Payroll Expense Tax Liability.</catch_line><url>/21.24/</url><token>21.24</token></unit><unit id="2672"><structure_id>19</structure_id><section_number>21.25</section_number><catch_line>Relief For Earthquake Interruption.</catch_line><url>/21.25/</url><token>21.25</token></unit><unit id="2959"><structure_id>19</structure_id><section_number>21.26</section_number><catch_line>Empowerment Zone - City Business Tax Reductions, Limitations, And Exemptions.</catch_line><url>/21.26/</url><token>21.26</token></unit><unit id="3092"><structure_id>19</structure_id><section_number>21.27</section_number><catch_line>Entertainment And Multimedia Business Tax Limitations.</catch_line><url>/21.27/</url><token>21.27</token></unit><unit id="992"><structure_id>19</structure_id><section_number>21.28</section_number><catch_line>Fiscal Year Reporting.</catch_line><url>/21.28/</url><token>21.28</token></unit><unit id="3672"><structure_id>19</structure_id><section_number>21.29</section_number><catch_line>Small Business Exemption.</catch_line><url>/21.29/</url><token>21.29</token></unit><unit id="1797"><structure_id>19</structure_id><section_number>21.30</section_number><catch_line>New Business Exemption.</catch_line><url>/21.30/</url><token>21.30</token></unit><unit id="2622"><structure_id>19</structure_id><section_number>21.31</section_number><catch_line>Settlement Bureau.</catch_line><url>/21.31/</url><token>21.31</token></unit><unit id="3785"><structure_id>19</structure_id><section_number>21.32</section_number><catch_line>Rewards For Information.</catch_line><url>/21.32/</url><token>21.32</token></unit><unit id="2451"><structure_id>19</structure_id><section_number>21.33</section_number><catch_line>Tax Rates.</catch_line><url>/21.33/</url><token>21.33</token></unit><unit id="3764"><structure_id>19</structure_id><section_number>21.41</section_number><catch_line>Gross Receipts Fund Class 1.</catch_line><url>/21.41/</url><token>21.41</token></unit><unit id="1839"><structure_id>19</structure_id><section_number>21.42</section_number><catch_line>Gross Receipts Fund Class 2.</catch_line><url>/21.42/</url><token>21.42</token></unit><unit id="1484"><structure_id>19</structure_id><section_number>21.43</section_number><catch_line>Gross Receipts Fund Class 3.</catch_line><url>/21.43/</url><token>21.43</token></unit><unit id="3800"><structure_id>19</structure_id><section_number>21.44</section_number><catch_line>Gross Receipts Fund Class 4.</catch_line><url>/21.44/</url><token>21.44</token></unit><unit id="3973"><structure_id>19</structure_id><section_number>21.45</section_number><catch_line>Gross Receipts Fund Class 5.</catch_line><url>/21.45/</url><token>21.45</token></unit><unit id="3401"><structure_id>19</structure_id><section_number>21.46</section_number><catch_line>Gross Receipts Fund Class 6.</catch_line><url>/21.46/</url><token>21.46</token></unit><unit id="786"><structure_id>19</structure_id><section_number>21.47</section_number><catch_line>Gross Receipts Fund Class 7.</catch_line><url>/21.47/</url><token>21.47</token></unit><unit id="3868"><structure_id>19</structure_id><section_number>21.48</section_number><catch_line>Gross Receipts Fund Class 8.</catch_line><url>/21.48/</url><token>21.48</token></unit><unit id="22"><structure_id>19</structure_id><section_number>21.49</section_number><catch_line>Gross Receipts Fund Class 9.</catch_line><url>/21.49/</url><token>21.49</token></unit><unit id="2094"><structure_id>19</structure_id><section_number>21.50</section_number><catch_line>Taxation Of Medical Marijuana Collectives.</catch_line><url>/21.50/</url><token>21.50</token></unit><unit id="963"><structure_id>19</structure_id><section_number>21.53</section_number><catch_line>Amusement Park.</catch_line><url>/21.53/</url><token>21.53</token></unit><unit id="121"><structure_id>19</structure_id><section_number>21.55</section_number><catch_line>Auctioneer.</catch_line><url>/21.55/</url><token>21.55</token></unit><unit id="3750"><structure_id>19</structure_id><section_number>21.56</section_number><catch_line>Auto Park</catch_line><url>/21.56/</url><token>21.56</token></unit><unit id="2828"><structure_id>19</structure_id><section_number>21.59</section_number><catch_line>Baseball, Football, Etc.</catch_line><url>/21.59/</url><token>21.59</token></unit><unit id="4153"><structure_id>19</structure_id><section_number>21.62</section_number><catch_line>Billiards, Etc.</catch_line><url>/21.62/</url><token>21.62</token></unit><unit id="3553"><structure_id>19</structure_id><section_number>21.63</section_number><catch_line>Amusement Machines.</catch_line><url>/21.63/</url><token>21.63</token></unit><unit id="886"><structure_id>19</structure_id><section_number>21.64</section_number><catch_line>Coin-Operated Phonographs And Music Machines.</catch_line><url>/21.64/</url><token>21.64</token></unit><unit id="106"><structure_id>19</structure_id><section_number>21.65</section_number><catch_line>Vending Machines.</catch_line><url>/21.65/</url><token>21.65</token></unit><unit id="4010"><structure_id>19</structure_id><section_number>21.65.1</section_number><catch_line>Coin-Operated Scales And Service Machines.</catch_line><url>/21.65.1/</url><token>21.65.1</token></unit><unit id="4093"><structure_id>19</structure_id><section_number>21.70</section_number><catch_line>Bowling Alley, Skee-Ball Shuffleboard, Etc.</catch_line><url>/21.70/</url><token>21.70</token></unit><unit id="2800"><structure_id>19</structure_id><section_number>21.74</section_number><catch_line>Circuses.</catch_line><url>/21.74/</url><token>21.74</token></unit><unit id="460"><structure_id>19</structure_id><section_number>21.75</section_number><catch_line>Side Shows, Carnivals, Concessions.</catch_line><url>/21.75/</url><token>21.75</token></unit><unit id="1734"><structure_id>19</structure_id><section_number>21.78</section_number><catch_line>Collection Agencies.</catch_line><url>/21.78/</url><token>21.78</token></unit><unit id="240"><structure_id>19</structure_id><section_number>21.79</section_number><catch_line>Commission Brokers.</catch_line><url>/21.79/</url><token>21.79</token></unit><unit id="3209"><structure_id>19</structure_id><section_number>21.80</section_number><catch_line>Independent Telemarketing Agency.</catch_line><url>/21.80/</url><token>21.80</token></unit><unit id="3925"><structure_id>19</structure_id><section_number>21.83</section_number><catch_line>Dance Hall.</catch_line><url>/21.83/</url><token>21.83</token></unit><unit id="3285"><structure_id>19</structure_id><section_number>21.85</section_number><catch_line>Public Dance.</catch_line><url>/21.85/</url><token>21.85</token></unit><unit id="577"><structure_id>19</structure_id><section_number>21.94</section_number><catch_line>Rides.</catch_line><url>/21.94/</url><token>21.94</token></unit><unit id="453"><structure_id>19</structure_id><section_number>21.98</section_number><catch_line>Office Commercial Buildings, Etc., Rentals.</catch_line><url>/21.98/</url><token>21.98</token></unit><unit id="2915"><structure_id>19</structure_id><section_number>21.98.1</section_number><catch_line>Swap Meet Operator.</catch_line><url>/21.98.1/</url><token>21.98.1</token></unit><unit id="1721"><structure_id>19</structure_id><section_number>21.98.2</section_number><catch_line>Antique Show And Collectors&#x2019; Exchange Show Promoter.</catch_line><url>/21.98.2/</url><token>21.98.2</token></unit><unit id="2654"><structure_id>19</structure_id><section_number>21.99</section_number><catch_line>Renting Accommodations.</catch_line><url>/21.99/</url><token>21.99</token></unit><unit id="4094"><structure_id>19</structure_id><section_number>21.102</section_number><catch_line>Laundry, Cleaning And Dyeing Agent, Collector, Linen Supply, Shoe Repair.</catch_line><url>/21.102/</url><token>21.102</token></unit><unit id="3665"><structure_id>19</structure_id><section_number>21.108</section_number><catch_line>Money Lenders.</catch_line><url>/21.108/</url><token>21.108</token></unit><unit id="3823"><structure_id>19</structure_id><section_number>21.109</section_number><catch_line>Motion Picture, Television And Radio Producers.</catch_line><url>/21.109/</url><token>21.109</token></unit><unit id="715"><structure_id>19</structure_id><section_number>21.124</section_number><catch_line>Oil Wells.</catch_line><url>/21.124/</url><token>21.124</token></unit><unit id="2325"><structure_id>19</structure_id><section_number>21.141</section_number><catch_line>Warehouse &#x2013; Storage Of Goods.</catch_line><url>/21.141/</url><token>21.141</token></unit><unit id="1832"><structure_id>19</structure_id><section_number>21.142</section_number><catch_line>Stevedores.</catch_line><url>/21.142/</url><token>21.142</token></unit><unit id="3610"><structure_id>19</structure_id><section_number>21.143</section_number><catch_line>Tugboat And Barge Operators.</catch_line><url>/21.143/</url><token>21.143</token></unit><unit id="1927"><structure_id>19</structure_id><section_number>21.147</section_number><catch_line>Theatre.</catch_line><url>/21.147/</url><token>21.147</token></unit><unit id="2812"><structure_id>19</structure_id><section_number>21.166</section_number><catch_line>Merchandise Wholesale Selling.</catch_line><url>/21.166/</url><token>21.166</token></unit><unit id="968"><structure_id>19</structure_id><section_number>21.167</section_number><catch_line>Merchandise &#x2013; Retail Selling.</catch_line><url>/21.167/</url><token>21.167</token></unit><unit id="4173"><structure_id>19</structure_id><section_number>21.167.1</section_number><catch_line>Sales Of Firearms And Ammunition.</catch_line><url>/21.167.1/</url><token>21.167.1</token></unit><unit id="2302"><structure_id>19</structure_id><section_number>21.168.1</section_number><catch_line>Out Of State Sales.</catch_line><url>/21.168.1/</url><token>21.168.1</token></unit><unit id="1061"><structure_id>19</structure_id><section_number>21.168.2</section_number><catch_line>Sale For Convenience.</catch_line><url>/21.168.2/</url><token>21.168.2</token></unit><unit id="1130"><structure_id>19</structure_id><section_number>21.168.3</section_number><catch_line>Certain Solicitors Deemed Employees.</catch_line><url>/21.168.3/</url><token>21.168.3</token></unit><unit id="3420"><structure_id>19</structure_id><section_number>21.168.4</section_number><catch_line>Exemption &#x2013; Temporary Exhibitors At Tradeshows.</catch_line><url>/21.168.4/</url><token>21.168.4</token></unit><unit id="2858"><structure_id>19</structure_id><section_number>21.168.5</section_number><catch_line>Certified Producers Deemed Employees.</catch_line><url>/21.168.5/</url><token>21.168.5</token></unit><unit id="2995"><structure_id>19</structure_id><section_number>21.169</section_number><catch_line>Christmas Trees.</catch_line><url>/21.169/</url><token>21.169</token></unit><unit id="1790"><structure_id>19</structure_id><section_number>21.170</section_number><catch_line>Christmas Tree Lot Clean-Up Deposits.</catch_line><url>/21.170/</url><token>21.170</token></unit><unit id="90"><structure_id>19</structure_id><section_number>21.171</section_number><catch_line>Retailers Of New Passenger Motor Vehicles.</catch_line><url>/21.171/</url><token>21.171</token></unit><unit id="438"><structure_id>19</structure_id><section_number>21.187</section_number><catch_line>Common Carrier Bus.</catch_line><url>/21.187/</url><token>21.187</token></unit><unit id="1180"><structure_id>19</structure_id><section_number>21.188</section_number><catch_line>Contractors.</catch_line><url>/21.188/</url><token>21.188</token></unit><unit id="606"><structure_id>19</structure_id><section_number>21.189.1</section_number><catch_line>Miscellaneous Services.</catch_line><url>/21.189.1/</url><token>21.189.1</token></unit><unit id="3010"><structure_id>19</structure_id><section_number>21.189.2</section_number><catch_line>Radio And Television Broadcaster.</catch_line><url>/21.189.2/</url><token>21.189.2</token></unit><unit id="882"><structure_id>19</structure_id><section_number>21.189.3</section_number><catch_line>Child Care Providers.</catch_line><url>/21.189.3/</url><token>21.189.3</token></unit><unit id="1269"><structure_id>19</structure_id><section_number>21.189.4</section_number><catch_line>Multimedia Businesses.</catch_line><url>/21.189.4/</url><token>21.189.4</token></unit><unit id="1082"><structure_id>19</structure_id><section_number>21.190</section_number><catch_line>Professions And Occupations.</catch_line><url>/21.190/</url><token>21.190</token></unit><unit id="3470"><structure_id>19</structure_id><section_number>21.190.1</section_number><catch_line>Exemption.</catch_line><url>/21.190.1/</url><token>21.190.1</token></unit><unit id="2849"><structure_id>19</structure_id><section_number>21.191</section_number><catch_line>Health Maintenance Organizations.</catch_line><url>/21.191/</url><token>21.191</token></unit><unit id="691"><structure_id>19</structure_id><section_number>21.192</section_number><catch_line>Personal Property Rental.</catch_line><url>/21.192/</url><token>21.192</token></unit><unit id="128"><structure_id>19</structure_id><section_number>21.192.1</section_number><catch_line>Rental &#x2013; Out Of State Property.</catch_line><url>/21.192.1/</url><token>21.192.1</token></unit><unit id="2572"><structure_id>19</structure_id><section_number>21.193</section_number><catch_line>Sale Of Real Property.</catch_line><url>/21.193/</url><token>21.193</token></unit><unit id="686"><structure_id>19</structure_id><section_number>21.194</section_number><catch_line>Transporting Persons For Hire.</catch_line><url>/21.194/</url><token>21.194</token></unit><unit id="3292"><structure_id>19</structure_id><section_number>21.195</section_number><catch_line>Trucking &#x2013; Hauling</catch_line><url>/21.195/</url><token>21.195</token></unit><unit id="1629"><structure_id>19</structure_id><section_number>21.196</section_number><catch_line>Miscellaneous Trucking.</catch_line><url>/21.196/</url><token>21.196</token></unit><unit id="3790"><structure_id>19</structure_id><section_number>21.197</section_number><catch_line>Telephone Companies.</catch_line><url>/21.197/</url><token>21.197</token></unit><unit id="1096"><structure_id>19</structure_id><section_number>21.199</section_number><catch_line>Sales Tax.</catch_line><url>/21.199/</url><token>21.199</token></unit></structure_contents><next_section id="1180"><structure_id>19</structure_id><section_number>21.188</section_number><catch_line>Contractors.</catch_line><url>/21.188/</url><token>21.188</token></next_section><metadata></metadata><references></references><url>/21.187/</url><token>21.187</token><formats><txt>/21.187.txt</txt><json>/21.187.xml</json></formats><dublin_core><Title>Common Carrier Bus.</Title><Type>Text</Type><Format>text/html</Format><Identifier>&#xA7; 21.187</Identifier><Relation>Los Angeles Municipal Code</Relation></dublin_core><plain_text>                            LOS ANGELES MUNICIPAL CODE

COMMON CARRIER BUS. (&#xA7; 21.187)

&#xA0; COMMON CARRIER BUS.
	(Title Amended by Ord. No. 178,101, Eff. 1/9/07.)	(a)	For the purpose of this
section the following words and phrases shall be defined as follows:	1.	The word
&#x201C;bus&#x201D; shall include motorbus, motor coach, trolley bus, omnibus, passenger
stage, or similar vehicle using either a self&#x2013;contained source of power or
power obtained from another source such as an overhead trolley system not
operated upon fixed tracks or rails, and primarily designed for the
transportation of more than seven passengers, excluding the driver.	2.	The word
&#x201C;operator&#x201D; shall mean any person engaging in the business, either directly
or indirectly, as a common carrier in the transportation of persons by bus, upon
any street in this City.	3.	The phrase &#x201C;bus revenue mile&#x201D; shall mean the
operation, for one mile, of a bus then and there made available for use as a
common carrier in the transportation of persons or property for hire.	4.	The
phrase &#x201C;base week&#x201D; shall mean the third week in January, the third week in
April, the second week in July, and the first week in October; provided that the
Director of Finance may from time to time order that there be substituted in
lieu of any of the four weeks hereinabove designated the week next preceding or
next succeeding such designated week. In the event of any such order by the
Director of Finance the operator shall be notified thereof at least ten days
prior to the first day of the substituted week. The word &#x201C;week&#x201D; means a
Sunday and the six next succeeding days.	5.	The phrase &#x201C;gross receipts&#x201D;
shall have the same meaning as that set forth in Sec. 21.00(a) of this Code and
shall include the total gross receipts of the operator, together with the full
cash value of any consideration received in a form other than cash from:	(i)	The
transportation of persons and property by bus, as a common carrier, and from
advertising and all other privileges or services in, on, or by buses while being
so operated, including receipts from the sale of tokens, tickets, and passes,
and from all contracts by the terms of which the operator agrees to furnish
transportation by bus, as a common carrier, whether or not such transportation
be actually furnished; and	(ii)	The rental	(A)	of any bus operated in this City
as a common carrier;	(B)	of property operated, installed, or maintained in any
street in the City for use in connection with the operation of any bus as a
common carrier;	(C)	from permitting others to use or occupy any part thereof;
and	(D)	from allowing to others any privilege whatsoever with respect thereto;
provided that for any operator transporting passengers in areas outside this
City, only that proportion of Item (i) shall be included, which the number of
bus revenue miles operated in this City in the last four consecutive base weeks,
the latest of which terminates within the next preceding tax period, bears to
the total number of bus revenue miles operated in said base weeks.	(b)	Every
person engaged in the business of transporting persons as a common carrier for
hire, by bus, upon or over any street in this City, which business includes the
loading or discharging of passengers on the streets of this City, shall pay for
each calendar year or portion thereof (or, if required by the Director of
Finance, for each calendar quarter or portion thereof) commencing January 1,
1971, a sum equal to 1.48% of the gross receipts of the next preceding tax
period, but not less than $14.78 per year or $3.67 per quarter, as the case may
be.&#xA0; (Amended by Ord. No. 166,204, Eff. 10/11/90, Oper. 1/1/91.)	(c)	The
provisions of this section shall not apply to:	1.	Any municipal corporation or
other public entity.	2.	The gross receipts derived from, or the bus revenue
miles traveled by, any bus while being operated solely pursuant to any
registration certificate issued under any other section of this article.	3.	The
business of operating busses in this City pursuant to a franchise granted by
ordinance of this City, which franchise provides for payment to this City of not
less than 2-1/2% of the gross receipts. The exemption extended by this
subsection shall apply to all such franchise operations commencing January 1,
1947.	(d)	If any subsection, sentence, clause, phrase or portion of this section
is, for any reason, held to be invalid or unconstitutional by the decision of
any court of competent jurisdiction, such decision shall not affect the validity
of the remaining portions of this section. The Council of this City hereby
declares that it would have adopted this section and each subsection, sentence,
clause, phrase or portion thereof, irrespective of the fact that any one or more
subsections, sentences, clauses, phrases or portions be declared invalid or
unconstitutional.
</plain_text><html>
					&lt;section&gt;&lt;p&gt;&#xA0; COMMON CARRIER BUS.
	(Title Amended by Ord. No. 178,101, Eff. 1/9/07.)&lt;br /&gt;&lt;br /&gt;	(a)	For the purpose of this section the following words and phrases shall be defined as follows:&lt;br /&gt;&lt;br /&gt;	1.	The word &#x201C;bus&#x201D; shall include motorbus, motor coach, trolley bus, omnibus, passenger stage, or similar vehicle using either a self&#x2013;contained source of power or power obtained from another source such as an overhead trolley system not operated upon fixed tracks or rails, and primarily designed for the transportation of more than seven passengers, excluding the driver.&lt;br /&gt;&lt;br /&gt;	2.	The word &#x201C;operator&#x201D; shall mean any person engaging in the business, either directly or indirectly, as a common carrier in the transportation of persons by bus, upon any street in this City.&lt;br /&gt;&lt;br /&gt;	3.	The phrase &#x201C;bus revenue mile&#x201D; shall mean the operation, for one mile, of a bus then and there made available for use as a common carrier in the transportation of persons or property for hire.&lt;br /&gt;&lt;br /&gt;	4.	The phrase &#x201C;base week&#x201D; shall mean the third week in January, the third week in April, the second week in July, and the first week in October; provided that the Director of Finance may from time to time &lt;span class="dictionary"&gt;order&lt;/span&gt; that there be substituted in lieu of any of the four weeks hereinabove designated the week next preceding or next succeeding such designated week. In the event of any such &lt;span class="dictionary"&gt;order&lt;/span&gt; by the Director of Finance the operator shall be notified thereof at least ten days prior to the first day of the substituted week. The word &#x201C;week&#x201D; means a Sunday and the six next succeeding days.&lt;br /&gt;&lt;br /&gt;	5.	The phrase &#x201C;gross receipts&#x201D; shall have the same meaning as that set forth in Sec. 21.00(a) of this Code and shall include the total gross receipts of the operator, together with the full cash value of any consideration received in a form other than cash from:&lt;br /&gt;&lt;br /&gt;	(i)	The transportation of persons and property by bus, as a common carrier, and from advertising and all other &lt;span class="dictionary"&gt;privileges&lt;/span&gt; or services in, on, or by buses while being so operated, including receipts from the sale of tokens, tickets, and passes, and from all &lt;span class="dictionary"&gt;contracts&lt;/span&gt; by the terms of which the operator agrees to furnish transportation by bus, as a common carrier, whether or not such transportation be actually furnished; and&lt;br /&gt;&lt;br /&gt;	(ii)	The rental&lt;br /&gt;&lt;br /&gt;	(A)	of any bus operated in this City as a common carrier;&lt;br /&gt;&lt;br /&gt;	(B)	of property operated, installed, or maintained in any street in the City for use in connection with the operation of any bus as a common carrier;&lt;br /&gt;&lt;br /&gt;	(C)	from permitting others to use or occupy any part thereof; and&lt;br /&gt;&lt;br /&gt;	(D)	from allowing to others any &lt;span class="dictionary"&gt;privilege&lt;/span&gt; whatsoever with respect thereto; provided that for any operator transporting passengers in areas outside this City, only that proportion of Item (i) shall be included, which the number of bus revenue miles operated in this City in the last four consecutive base weeks, the latest of which terminates within the next preceding tax period, bears to the total number of bus revenue miles operated in said base weeks.&lt;br /&gt;&lt;br /&gt;	(b)	Every person engaged in the business of transporting persons as a common carrier for hire, by bus, upon or over any street in this City, which business includes the loading or discharging of passengers on the streets of this City, shall pay for each calendar year or portion thereof (or, if required by the Director of Finance, for each calendar quarter or portion thereof) commencing January 1, 1971, a sum equal to 1.48% of the gross receipts of the next preceding tax period, but not less than $14.78 per year or $3.67 per quarter, as the case may be.&#xA0; (Amended by Ord. No. 166,204, Eff. 10/11/90, Oper. 1/1/91.)&lt;br /&gt;&lt;br /&gt;	(c)	The provisions of this section shall not apply to:&lt;br /&gt;&lt;br /&gt;	1.	Any municipal corporation or other public entity.&lt;br /&gt;&lt;br /&gt;	2.	The gross receipts derived from, or the bus revenue miles traveled by, any bus while being operated solely pursuant to any registration certificate issued under any other section of this article.&lt;br /&gt;&lt;br /&gt;	3.	The business of operating busses in this City pursuant to a franchise granted by &lt;span class="dictionary"&gt;ordinance&lt;/span&gt; of this City, which franchise provides for payment to this City of not less than 2-1/2% of the gross receipts. The exemption extended by this subsection shall apply to all such franchise operations commencing January 1, 1947.&lt;br /&gt;&lt;br /&gt;	(d)	If any subsection, sentence, clause, phrase or portion of this section is, for any reason, held to be invalid or unconstitutional by the decision of any &lt;span class="dictionary"&gt;court&lt;/span&gt; of competent &lt;span class="dictionary"&gt;jurisdiction&lt;/span&gt;, such decision shall not affect the validity of the remaining portions of this section. The Council of this City hereby declares that it would have adopted this section and each subsection, sentence, clause, phrase or portion thereof, irrespective of the &lt;span class="dictionary"&gt;fact&lt;/span&gt; that any one or more subsections, sentences, clauses, phrases or portions be declared invalid or unconstitutional.&lt;/p&gt;&lt;/section&gt;</html><previous_section id="90"><structure_id>19</structure_id><section_number>21.171</section_number><catch_line>Retailers Of New Passenger Motor Vehicles.</catch_line><url>/21.171/</url><token>21.171</token></previous_section><text><unit id="431" prefix=""><text>&#xA0; COMMON CARRIER BUS.
	(Title Amended by Ord. No. 178,101, Eff. 1/9/07.)	(a)	For the purpose of this section the following words and phrases shall be defined as follows:	1.	The word &#x201C;bus&#x201D; shall include motorbus, motor coach, trolley bus, omnibus, passenger stage, or similar vehicle using either a self&#x2013;contained source of power or power obtained from another source such as an overhead trolley system not operated upon fixed tracks or rails, and primarily designed for the transportation of more than seven passengers, excluding the driver.	2.	The word &#x201C;operator&#x201D; shall mean any person engaging in the business, either directly or indirectly, as a common carrier in the transportation of persons by bus, upon any street in this City.	3.	The phrase &#x201C;bus revenue mile&#x201D; shall mean the operation, for one mile, of a bus then and there made available for use as a common carrier in the transportation of persons or property for hire.	4.	The phrase &#x201C;base week&#x201D; shall mean the third week in January, the third week in April, the second week in July, and the first week in October; provided that the Director of Finance may from time to time order that there be substituted in lieu of any of the four weeks hereinabove designated the week next preceding or next succeeding such designated week. In the event of any such order by the Director of Finance the operator shall be notified thereof at least ten days prior to the first day of the substituted week. The word &#x201C;week&#x201D; means a Sunday and the six next succeeding days.	5.	The phrase &#x201C;gross receipts&#x201D; shall have the same meaning as that set forth in Sec. 21.00(a) of this Code and shall include the total gross receipts of the operator, together with the full cash value of any consideration received in a form other than cash from:	(i)	The transportation of persons and property by bus, as a common carrier, and from advertising and all other privileges or services in, on, or by buses while being so operated, including receipts from the sale of tokens, tickets, and passes, and from all contracts by the terms of which the operator agrees to furnish transportation by bus, as a common carrier, whether or not such transportation be actually furnished; and	(ii)	The rental	(A)	of any bus operated in this City as a common carrier;	(B)	of property operated, installed, or maintained in any street in the City for use in connection with the operation of any bus as a common carrier;	(C)	from permitting others to use or occupy any part thereof; and	(D)	from allowing to others any privilege whatsoever with respect thereto; provided that for any operator transporting passengers in areas outside this City, only that proportion of Item (i) shall be included, which the number of bus revenue miles operated in this City in the last four consecutive base weeks, the latest of which terminates within the next preceding tax period, bears to the total number of bus revenue miles operated in said base weeks.	(b)	Every person engaged in the business of transporting persons as a common carrier for hire, by bus, upon or over any street in this City, which business includes the loading or discharging of passengers on the streets of this City, shall pay for each calendar year or portion thereof (or, if required by the Director of Finance, for each calendar quarter or portion thereof) commencing January 1, 1971, a sum equal to 1.48% of the gross receipts of the next preceding tax period, but not less than $14.78 per year or $3.67 per quarter, as the case may be.&#xA0; (Amended by Ord. No. 166,204, Eff. 10/11/90, Oper. 1/1/91.)	(c)	The provisions of this section shall not apply to:	1.	Any municipal corporation or other public entity.	2.	The gross receipts derived from, or the bus revenue miles traveled by, any bus while being operated solely pursuant to any registration certificate issued under any other section of this article.	3.	The business of operating busses in this City pursuant to a franchise granted by ordinance of this City, which franchise provides for payment to this City of not less than 2-1/2% of the gross receipts. The exemption extended by this subsection shall apply to all such franchise operations commencing January 1, 1947.	(d)	If any subsection, sentence, clause, phrase or portion of this section is, for any reason, held to be invalid or unconstitutional by the decision of any court of competent jurisdiction, such decision shall not affect the validity of the remaining portions of this section. The Council of this City hereby declares that it would have adopted this section and each subsection, sentence, clause, phrase or portion thereof, irrespective of the fact that any one or more subsections, sentences, clauses, phrases or portions be declared invalid or unconstitutional.</text><type>section</type><prefixes><unit></unit></prefixes><entire_prefix></entire_prefix><prefix_anchor></prefix_anchor><level>1</level></unit></text></law>
