<?xml version="1.0"?>
<law><section_number>21.15.2</section_number><edition_id>1</edition_id><section_id>133</section_id><structure_id>25</structure_id><catch_line>Tax Imposed.</catch_line><history></history><full_text>&#xA0; TAX IMPOSED.

	For the privilege of occupying space in any parking facility in the City of Los Angeles, each occupant is subject to and shall pay a tax in the amount of ten percent (10%) of the parking fee. The tax imposed by this article shall be paid upon any occupancy on and after August 1, 1990, although such occupancy is pursuant to a contract, lease or other arrangement made prior to such date. Where the parking fee is paid, or charged or billed, or falls due on either a weekly, monthly or other term basis, the parking fee so paid, charged, billed or fallen due shall be subject to the tax herein imposed to the extent that it covers any portion of the period occurring on or after August 1, 1990 and such payment, charge, bill or parking fee due shall be apportioned on the basis of the proration of the number of days covered thereby. In computing the tax herein imposed, the fractional part of one cent shall be disregarded unless it amounts to one-half of one cent or more, in which case the amount shall be increased to the next highest cent. The tax herein imposed constitutes a debt owed by the occupant to the City, which is extinguished by payment to the operator or the City.</full_text><order_by>15.2</order_by><ancestry><unit id="25" label="article"><name>Parking Occupancy Tax</name><identifier>1.15</identifier><url>/2/1.15/</url></unit><unit id="1" label="chapter"><name>Licenses, Permits, Business Regulations</name><identifier>2</identifier><url>/2/</url></unit></ancestry><structure_contents><unit id="1656"><structure_id>25</structure_id><section_number>21.15.1</section_number><catch_line>Definitions.</catch_line><url>/21.15.1/</url><token>21.15.1</token></unit><unit id="970"><structure_id>25</structure_id><section_number>21.15.10</section_number><catch_line>Assessment &#x2013; Administrative Remedy.</catch_line><url>/21.15.10/</url><token>21.15.10</token></unit><unit id="30"><structure_id>25</structure_id><section_number>21.15.11</section_number><catch_line>Records.</catch_line><url>/21.15.11/</url><token>21.15.11</token></unit><unit id="1363"><structure_id>25</structure_id><section_number>21.15.12</section_number><catch_line>Refunds.</catch_line><url>/21.15.12/</url><token>21.15.12</token></unit><unit id="609"><structure_id>25</structure_id><section_number>21.15.13</section_number><catch_line>Actions To Collect.</catch_line><url>/21.15.13/</url><token>21.15.13</token></unit><unit id="1018"><structure_id>25</structure_id><section_number>21.15.14</section_number><catch_line>Savings Clause.</catch_line><url>/21.15.14/</url><token>21.15.14</token></unit><unit id="133"><structure_id>25</structure_id><section_number>21.15.2</section_number><catch_line>Tax Imposed.</catch_line><url>/21.15.2/</url><token>21.15.2</token></unit><unit id="628"><structure_id>25</structure_id><section_number>21.15.3</section_number><catch_line>Occupant To Pay Tax To The Operator.</catch_line><url>/21.15.3/</url><token>21.15.3</token></unit><unit id="2866"><structure_id>25</structure_id><section_number>21.15.4</section_number><catch_line>Operator&#x2019;S Duties.</catch_line><url>/21.15.4/</url><token>21.15.4</token></unit><unit id="1229"><structure_id>25</structure_id><section_number>21.15.5</section_number><catch_line>Exemptions.</catch_line><url>/21.15.5/</url><token>21.15.5</token></unit><unit id="3615"><structure_id>25</structure_id><section_number>21.15.6</section_number><catch_line>Registration Of Operators.</catch_line><url>/21.15.6/</url><token>21.15.6</token></unit><unit id="611"><structure_id>25</structure_id><section_number>21.15.7</section_number><catch_line>Reporting And Remitting.</catch_line><url>/21.15.7/</url><token>21.15.7</token></unit><unit id="3804"><structure_id>25</structure_id><section_number>21.15.8</section_number><catch_line>Penalties And Interest.</catch_line><url>/21.15.8/</url><token>21.15.8</token></unit><unit id="746"><structure_id>25</structure_id><section_number>21.15.9</section_number><catch_line>Additional Powers And Duties Of Director Of Finance.</catch_line><url>/21.15.9/</url><token>21.15.9</token></unit></structure_contents><next_section id="628"><structure_id>25</structure_id><section_number>21.15.3</section_number><catch_line>Occupant To Pay Tax To The Operator.</catch_line><url>/21.15.3/</url><token>21.15.3</token></next_section><metadata></metadata><references></references><url>/21.15.2/</url><token>21.15.2</token><formats><txt>/21.15.2.txt</txt><json>/21.15.2.xml</json></formats><dublin_core><Title>Tax Imposed.</Title><Type>Text</Type><Format>text/html</Format><Identifier>&#xA7; 21.15.2</Identifier><Relation>Los Angeles Municipal Code</Relation></dublin_core><plain_text>                            LOS ANGELES MUNICIPAL CODE

TAX IMPOSED. (&#xA7; 21.15.2)

&#xA0; TAX IMPOSED.	For the privilege of occupying space in any parking facility in
the City of Los Angeles, each occupant is subject to and shall pay a tax in the
amount of ten percent (10%) of the parking fee. The tax imposed by this article
shall be paid upon any occupancy on and after August 1, 1990, although such
occupancy is pursuant to a contract, lease or other arrangement made prior to
such date. Where the parking fee is paid, or charged or billed, or falls due on
either a weekly, monthly or other term basis, the parking fee so paid, charged,
billed or fallen due shall be subject to the tax herein imposed to the extent
that it covers any portion of the period occurring on or after August 1, 1990
and such payment, charge, bill or parking fee due shall be apportioned on the
basis of the proration of the number of days covered thereby. In computing the
tax herein imposed, the fractional part of one cent shall be disregarded unless
it amounts to one-half of one cent or more, in which case the amount shall be
increased to the next highest cent. The tax herein imposed constitutes a debt
owed by the occupant to the City, which is extinguished by payment to the
operator or the City.
</plain_text><html>
					&lt;section&gt;&lt;p&gt;&#xA0; TAX IMPOSED.&lt;br /&gt;&lt;br /&gt;	For the &lt;span class="dictionary"&gt;privilege&lt;/span&gt; of occupying space in any parking facility in the City of Los Angeles, each occupant is subject to and shall pay a tax in the amount of ten percent (10%) of the parking fee. The tax imposed by this article shall be paid upon any occupancy on and after August 1, 1990, although such occupancy is pursuant to a &lt;span class="dictionary"&gt;contract&lt;/span&gt;, lease or other arrangement made prior to such date. Where the parking fee is paid, or charged or billed, or falls due on either a weekly, monthly or other term basis, the parking fee so paid, charged, billed or fallen due shall be subject to the tax herein imposed to the extent that it covers any portion of the period occurring on or after August 1, 1990 and such payment, charge, bill or parking fee due shall be apportioned on the basis of the proration of the number of days covered thereby. In computing the tax herein imposed, the fractional part of one cent shall be disregarded unless it amounts to one-half of one cent or more, in which case the amount shall be increased to the next highest cent. The tax herein imposed constitutes a debt owed by the occupant to the City, which is extinguished by payment to the operator or the City.&lt;/p&gt;&lt;/section&gt;</html><previous_section id="1018"><structure_id>25</structure_id><section_number>21.15.14</section_number><catch_line>Savings Clause.</catch_line><url>/21.15.14/</url><token>21.15.14</token></previous_section><text><unit id="132" prefix=""><text>&#xA0; TAX IMPOSED.	For the privilege of occupying space in any parking facility in the City of Los Angeles, each occupant is subject to and shall pay a tax in the amount of ten percent (10%) of the parking fee. The tax imposed by this article shall be paid upon any occupancy on and after August 1, 1990, although such occupancy is pursuant to a contract, lease or other arrangement made prior to such date. Where the parking fee is paid, or charged or billed, or falls due on either a weekly, monthly or other term basis, the parking fee so paid, charged, billed or fallen due shall be subject to the tax herein imposed to the extent that it covers any portion of the period occurring on or after August 1, 1990 and such payment, charge, bill or parking fee due shall be apportioned on the basis of the proration of the number of days covered thereby. In computing the tax herein imposed, the fractional part of one cent shall be disregarded unless it amounts to one-half of one cent or more, in which case the amount shall be increased to the next highest cent. The tax herein imposed constitutes a debt owed by the occupant to the City, which is extinguished by payment to the operator or the City.</text><type>section</type><prefixes><unit></unit></prefixes><entire_prefix></entire_prefix><prefix_anchor></prefix_anchor><level>1</level></unit></text></law>
