<?xml version="1.0"?>
<law><section_number>21.14.2</section_number><edition_id>1</edition_id><section_id>109</section_id><structure_id>49</structure_id><catch_line>Exemptions.</catch_line><history></history><full_text>&#xA0; EXEMPTIONS.

	(a)	Nothing in this article shall be construed as imposing a tax upon any person when imposition of such tax upon that person would be in violation of either the Constitution of the United States or the Constitution of the State of California.

	(b)	The tax imposed by this article shall not be levied upon the federal government, the state government, any state agency, or any local governmental agency.

	(c)	The tax imposed by this article shall not be levied upon a parcel of property or improvement which is owned by an organization described in Sections 401(a), 501(c), or 501(d) of Title 26 of the United States Code. All sections of the United States Code shall mean those sections as they exist on the effective date of this article and as they may be amended thereafter.</full_text><order_by>14.2</order_by><ancestry><unit id="49" label="article"><name>Special Fire Safety And Paramedic Communications Equipment Tax</name><identifier>1.14</identifier><url>/2/1.14/</url></unit><unit id="1" label="chapter"><name>Licenses, Permits, Business Regulations</name><identifier>2</identifier><url>/2/</url></unit></ancestry><structure_contents><unit id="3339"><structure_id>49</structure_id><section_number>21.14.1</section_number><catch_line>Definitions.</catch_line><url>/21.14.1/</url><token>21.14.1</token></unit><unit id="109"><structure_id>49</structure_id><section_number>21.14.2</section_number><catch_line>Exemptions.</catch_line><url>/21.14.2/</url><token>21.14.2</token></unit><unit id="3697"><structure_id>49</structure_id><section_number>21.14.3</section_number><catch_line>Special Tax.</catch_line><url>/21.14.3/</url><token>21.14.3</token></unit><unit id="3729"><structure_id>49</structure_id><section_number>21.14.4</section_number><catch_line>Purpose.</catch_line><url>/21.14.4/</url><token>21.14.4</token></unit><unit id="2320"><structure_id>49</structure_id><section_number>21.14.5</section_number><catch_line>Special Fund.</catch_line><url>/21.14.5/</url><token>21.14.5</token></unit><unit id="2459"><structure_id>49</structure_id><section_number>21.14.6</section_number><catch_line>Tax Rate.</catch_line><url>/21.14.6/</url><token>21.14.6</token></unit><unit id="3683"><structure_id>49</structure_id><section_number>21.14.7</section_number><catch_line>Adjustments And Refunds.</catch_line><url>/21.14.7/</url><token>21.14.7</token></unit><unit id="3150"><structure_id>49</structure_id><section_number>21.14.8</section_number><catch_line>Amendments.</catch_line><url>/21.14.8/</url><token>21.14.8</token></unit><unit id="645"><structure_id>49</structure_id><section_number>21.14.9</section_number><catch_line>Savings Clause.</catch_line><url>/21.14.9/</url><token>21.14.9</token></unit></structure_contents><next_section id="3697"><structure_id>49</structure_id><section_number>21.14.3</section_number><catch_line>Special Tax.</catch_line><url>/21.14.3/</url><token>21.14.3</token></next_section><metadata></metadata><references></references><url>/21.14.2/</url><token>21.14.2</token><formats><txt>/21.14.2.txt</txt><json>/21.14.2.xml</json></formats><dublin_core><Title>Exemptions.</Title><Type>Text</Type><Format>text/html</Format><Identifier>&#xA7; 21.14.2</Identifier><Relation>Los Angeles Municipal Code</Relation></dublin_core><plain_text>                            LOS ANGELES MUNICIPAL CODE

EXEMPTIONS. (&#xA7; 21.14.2)

&#xA0; EXEMPTIONS.	(a)	Nothing in this article shall be construed as imposing a tax
upon any person when imposition of such tax upon that person would be in
violation of either the Constitution of the United States or the Constitution of
the State of California.	(b)	The tax imposed by this article shall not be levied
upon the federal government, the state government, any state agency, or any
local governmental agency.	(c)	The tax imposed by this article shall not be
levied upon a parcel of property or improvement which is owned by an
organization described in Sections 401(a), 501(c), or 501(d) of Title 26 of the
United States Code. All sections of the United States Code shall mean those
sections as they exist on the effective date of this article and as they may be
amended thereafter.
</plain_text><html>
					&lt;section&gt;&lt;p&gt;&#xA0; EXEMPTIONS.&lt;br /&gt;&lt;br /&gt;	(a)	Nothing in this article shall be construed as imposing a tax upon any person when imposition of such tax upon that person would be in violation of either the Constitution of the United States or the Constitution of the State of California.&lt;br /&gt;&lt;br /&gt;	(b)	The tax imposed by this article shall not be levied upon the federal government, the state government, any state agency, or any local governmental agency.&lt;br /&gt;&lt;br /&gt;	(c)	The tax imposed by this article shall not be levied upon a parcel of property or improvement which is owned by an organization described in Sections 401(a), 501(c), or 501(d) of Title 26 of the United States Code. All sections of the United States Code shall mean those sections as they exist on the effective date of this article and as they may be amended thereafter.&lt;/p&gt;&lt;/section&gt;</html><text><unit id="108" prefix=""><text>&#xA0; EXEMPTIONS.	(a)	Nothing in this article shall be construed as imposing a tax upon any person when imposition of such tax upon that person would be in violation of either the Constitution of the United States or the Constitution of the State of California.	(b)	The tax imposed by this article shall not be levied upon the federal government, the state government, any state agency, or any local governmental agency.	(c)	The tax imposed by this article shall not be levied upon a parcel of property or improvement which is owned by an organization described in Sections 401(a), 501(c), or 501(d) of Title 26 of the United States Code. All sections of the United States Code shall mean those sections as they exist on the effective date of this article and as they may be amended thereafter.</text><type>section</type><prefixes><unit></unit></prefixes><entire_prefix></entire_prefix><prefix_anchor></prefix_anchor><level>1</level></unit></text><previous_section id="3339"><structure_id>49</structure_id><section_number>21.14.1</section_number><catch_line>Definitions.</catch_line><url>/21.14.1/</url><token>21.14.1</token></previous_section></law>
