<?xml version="1.0"?>
<law><section_number>21.2.1</section_number><edition_id>1</edition_id><section_id>457</section_id><structure_id>65</structure_id><catch_line>Definitions.</catch_line><history></history><full_text>&#xA0; DEFINITIONS.

	Except where the context otherwise requires, the definitions set forth in this section shall govern the construction of this article:

	(a)	&#x201C;Admission&#x201D; shall include every act of entry by a person to any portion of any premises.

	(b)	&#x201C;Attend&#x201D; shall include the terms listen, observe, see, view, witness, watch, enjoy, or be present at.

	(c)	&#x201C;Distribution&#x201D; shall include sale or any other transfer of ownership or possession of any ticket.

	(d)	&#x201C;Event&#x201D; shall include any exhibition, fair, sport, meeting, performance, race, demonstration, broadcast, entertainment, motion picture, show, feature, play, contest, game, or attraction, which is part of the 1984 Olympic Games.

	(e)	&#x201C;Gross receipts&#x201D; shall mean and include only the amount of the price thereof stated on each ticket of admission to any premises or attendance at any event. (Amended by Ord. No. 158,589, Eff. 1/29/84.)

	(f)	&#x201C;Person&#x201D; shall include any individual, firm, association, organization, partnership, joint venture, social club, joint stock company, corporation, estate, trust, business trust, receiver, trustee, syndicate, or any other group or combination acting as a unit.

	(g)	&#x201C;Premise&#x201D; shall include any property, building, structure, enclosure, location or place, whether improved or not, at, in, or upon which any event is conducted, or at or from which any event may be attended.

	(h)	&#x201C;Promoting&#x201D; shall include conducting, operating or staging the 1984 Olympic Games.

	(i)	&#x201C;Ticket&#x201D; shall include any ticket, pass, certificate, book, card, insignia, or other device, authority or token, the ownership or possession of which entitles the owner or holder thereof to admission to or attendance at any event.</full_text><order_by>2.1</order_by><text><unit id="450" prefix=""><text>&#xA0; DEFINITIONS.

	Except where the context otherwise requires, the definitions set forth in this section shall govern the construction of this article:

	(a)	&#x201C;Admission&#x201D; shall include every act of entry by a person to any portion of any premises.

	(b)	&#x201C;Attend&#x201D; shall include the terms listen, observe, see, view, witness, watch, enjoy, or be present at.

	(c)	&#x201C;Distribution&#x201D; shall include sale or any other transfer of ownership or possession of any ticket.

	(d)	&#x201C;Event&#x201D; shall include any exhibition, fair, sport, meeting, performance, race, demonstration, broadcast, entertainment, motion picture, show, feature, play, contest, game, or attraction, which is part of the 1984 Olympic Games.

	(e)	&#x201C;Gross receipts&#x201D; shall mean and include only the amount of the price thereof stated on each ticket of admission to any premises or attendance at any event. (Amended by Ord. No. 158,589, Eff. 1/29/84.)

	(f)	&#x201C;Person&#x201D; shall include any individual, firm, association, organization, partnership, joint venture, social club, joint stock company, corporation, estate, trust, business trust, receiver, trustee, syndicate, or any other group or combination acting as a unit.

	(g)	&#x201C;Premise&#x201D; shall include any property, building, structure, enclosure, location or place, whether improved or not, at, in, or upon which any event is conducted, or at or from which any event may be attended.

	(h)	&#x201C;Promoting&#x201D; shall include conducting, operating or staging the 1984 Olympic Games.

	(i)	&#x201C;Ticket&#x201D; shall include any ticket, pass, certificate, book, card, insignia, or other device, authority or token, the ownership or possession of which entitles the owner or holder thereof to admission to or attendance at any event.</text><type>section</type><prefixes><unit></unit></prefixes><entire_prefix></entire_prefix><prefix_anchor></prefix_anchor><level>1</level></unit></text><ancestry><unit id="65" label="article"><name>1984 Olympic Games Ticket Distribution Tax</name><identifier>1.2</identifier><url>/2/1.2/</url></unit><unit id="1" label="chapter"><name>Licenses, Permits, Business Regulations</name><identifier>2</identifier><url>/2/</url></unit></ancestry><structure_contents><unit id="457"><structure_id>65</structure_id><section_number>21.2.1</section_number><catch_line>Definitions.</catch_line><url>/21.2.1/</url><token>21.2.1</token></unit><unit id="3301"><structure_id>65</structure_id><section_number>21.2.10</section_number><catch_line>Refunds.</catch_line><url>/21.2.10/</url><token>21.2.10</token></unit><unit id="3061"><structure_id>65</structure_id><section_number>21.2.2</section_number><catch_line>Imposition Of Tax.</catch_line><url>/21.2.2/</url><token>21.2.2</token></unit><unit id="2063"><structure_id>65</structure_id><section_number>21.2.3</section_number><catch_line>Time Of Reporting And Payment.</catch_line><url>/21.2.3/</url><token>21.2.3</token></unit><unit id="3119"><structure_id>65</structure_id><section_number>21.2.4</section_number><catch_line>Manner Of Reporting.</catch_line><url>/21.2.4/</url><token>21.2.4</token></unit><unit id="4103"><structure_id>65</structure_id><section_number>21.2.5</section_number><catch_line>Interest And Penalty.</catch_line><url>/21.2.5/</url><token>21.2.5</token></unit><unit id="204"><structure_id>65</structure_id><section_number>21.2.6</section_number><catch_line>Actions To Collect.</catch_line><url>/21.2.6/</url><token>21.2.6</token></unit><unit id="4161"><structure_id>65</structure_id><section_number>21.2.7</section_number><catch_line>Additional Powers And Duties Of Director Of Finance.</catch_line><url>/21.2.7/</url><token>21.2.7</token></unit><unit id="3046"><structure_id>65</structure_id><section_number>21.2.8</section_number><catch_line>Assessment &#x2013; Administrative Remedy.</catch_line><url>/21.2.8/</url><token>21.2.8</token></unit><unit id="247"><structure_id>65</structure_id><section_number>21.2.9</section_number><catch_line>Records.</catch_line><url>/21.2.9/</url><token>21.2.9</token></unit></structure_contents><next_section id="3301"><structure_id>65</structure_id><section_number>21.2.10</section_number><catch_line>Refunds.</catch_line><url>/21.2.10/</url><token>21.2.10</token></next_section><metadata></metadata><references></references><url>/21.2.1/</url><token>21.2.1</token><formats><txt>/21.2.1.txt</txt><json>/21.2.1.xml</json></formats><dublin_core><Title>Definitions.</Title><Type>Text</Type><Format>text/html</Format><Identifier>&#xA7; 21.2.1</Identifier><Relation>Los Angeles Municipal Code</Relation></dublin_core><plain_text>                            LOS ANGELES MUNICIPAL CODE

DEFINITIONS. (&#xA7; 21.2.1)

&#xA0; DEFINITIONS.

	Except where the context otherwise requires, the definitions set forth in this
section shall govern the construction of this article:

	(a)	&#x201C;Admission&#x201D; shall include every act of entry by a person to any portion
of any premises.

	(b)	&#x201C;Attend&#x201D; shall include the terms listen, observe, see, view, witness,
watch, enjoy, or be present at.

	(c)	&#x201C;Distribution&#x201D; shall include sale or any other transfer of ownership or
possession of any ticket.

	(d)	&#x201C;Event&#x201D; shall include any exhibition, fair, sport, meeting,
performance, race, demonstration, broadcast, entertainment, motion picture,
show, feature, play, contest, game, or attraction, which is part of the 1984
Olympic Games.

	(e)	&#x201C;Gross receipts&#x201D; shall mean and include only the amount of the price
thereof stated on each ticket of admission to any premises or attendance at any
event. (Amended by Ord. No. 158,589, Eff. 1/29/84.)

	(f)	&#x201C;Person&#x201D; shall include any individual, firm, association, organization,
partnership, joint venture, social club, joint stock company, corporation,
estate, trust, business trust, receiver, trustee, syndicate, or any other group
or combination acting as a unit.

	(g)	&#x201C;Premise&#x201D; shall include any property, building, structure, enclosure,
location or place, whether improved or not, at, in, or upon which any event is
conducted, or at or from which any event may be attended.

	(h)	&#x201C;Promoting&#x201D; shall include conducting, operating or staging the 1984
Olympic Games.

	(i)	&#x201C;Ticket&#x201D; shall include any ticket, pass, certificate, book, card,
insignia, or other device, authority or token, the ownership or possession of
which entitles the owner or holder thereof to admission to or attendance at any
event.
</plain_text><html></html></law>
