<?xml version="1.0"?>
<law><section_number>21.6.8</section_number><edition_id>1</edition_id><section_id>100</section_id><structure_id>48</structure_id><catch_line>Existing Sales And Use Tax Ordinances Suspended.</catch_line><history></history><full_text>&#xA0; EXISTING SALES AND USE TAX ORDINANCES SUSPENDED.

	At the time this ordinance goes into operation, the provisions of Section 21.199 and Article 1.5 of Chapter 2, Los Angeles Municipal Code, shall be suspended and shall not again be of any force or effect until and unless for any reason the State Board of Equalization ceases to perform the functions incident to the administration and operation of the sales and use tax hereby imposed; provided, however, that if for any reason it is determined that the City of Los Angeles is without power to adopt this ordinance, or that the State Board of Equalization is without power to perform the functions incident to the administration and operation of the taxes imposed by this ordinance, the provisions of Section 21.199 and Article 1.5 of Chapter 2, Los Angeles Municipal Code, shall not be deemed to have been suspended, but shall be deemed to have been in full force and effect at the rate of one percent (1%) continuously from and after April 1, 1956. Upon the ceasing of the State Board of Equalization to perform the functions incident to the administration and operation of the taxes imposed by this ordinance, the provisions of Section 21.199 and Article 1.5 of Chapter 2, Los Angeles Municipal Code, shall again be in full force and effect at the rate of one percent (1%). Nothing in this ordinance shall be construed as relieving any person of the obligation to pay the City of Los Angeles any sales or use tax accrued and owing by reason of the provisions of Section 21.199 and Article 1.5 of Chapter 2. Los Angeles Municipal Code, in force and effect prior to and including March 31, 1956.</full_text><order_by>6.8</order_by><ancestry><unit id="48" label="article"><name>Uniform Sales And Use Tax</name><identifier>1.6</identifier><url>/2/1.6/</url></unit><unit id="1" label="chapter"><name>Licenses, Permits, Business Regulations</name><identifier>2</identifier><url>/2/</url></unit></ancestry><structure_contents><unit id="3767"><structure_id>48</structure_id><section_number>21.6.1</section_number><catch_line>Short Title.</catch_line><url>/21.6.1/</url><token>21.6.1</token></unit><unit id="684"><structure_id>48</structure_id><section_number>21.6.10</section_number><catch_line>Use Tax Incentive Program.</catch_line><url>/21.6.10/</url><token>21.6.10</token></unit><unit id="2809"><structure_id>48</structure_id><section_number>21.6.2</section_number><catch_line>Purpose.</catch_line><url>/21.6.2/</url><token>21.6.2</token></unit><unit id="1587"><structure_id>48</structure_id><section_number>21.6.3</section_number><catch_line>Operative Date &#x2013; Contract With State.</catch_line><url>/21.6.3/</url><token>21.6.3</token></unit><unit id="1088"><structure_id>48</structure_id><section_number>21.6.4</section_number><catch_line>Sales Tax.</catch_line><url>/21.6.4/</url><token>21.6.4</token></unit><unit id="355"><structure_id>48</structure_id><section_number>21.6.5</section_number><catch_line>Use Tax.</catch_line><url>/21.6.5/</url><token>21.6.5</token></unit><unit id="3059"><structure_id>48</structure_id><section_number>21.6.6</section_number><catch_line>Amendments.</catch_line><url>/21.6.6/</url><token>21.6.6</token></unit><unit id="269"><structure_id>48</structure_id><section_number>21.6.6.1</section_number><catch_line>Application Of Provisions Relating To Exclusions And Exemptions.</catch_line><url>/21.6.6.1/</url><token>21.6.6.1</token></unit><unit id="3506"><structure_id>48</structure_id><section_number>21.6.7</section_number><catch_line>Enjoining Collection Forbidden.</catch_line><url>/21.6.7/</url><token>21.6.7</token></unit><unit id="100"><structure_id>48</structure_id><section_number>21.6.8</section_number><catch_line>Existing Sales And Use Tax Ordinances Suspended.</catch_line><url>/21.6.8/</url><token>21.6.8</token></unit><unit id="3684"><structure_id>48</structure_id><section_number>21.6.9</section_number><catch_line>Severability.</catch_line><url>/21.6.9/</url><token>21.6.9</token></unit></structure_contents><next_section id="3684"><structure_id>48</structure_id><section_number>21.6.9</section_number><catch_line>Severability.</catch_line><url>/21.6.9/</url><token>21.6.9</token></next_section><metadata></metadata><references></references><url>/21.6.8/</url><token>21.6.8</token><formats><txt>/21.6.8.txt</txt><json>/21.6.8.xml</json></formats><dublin_core><Title>Existing Sales And Use Tax Ordinances Suspended.</Title><Type>Text</Type><Format>text/html</Format><Identifier>&#xA7; 21.6.8</Identifier><Relation>Los Angeles Municipal Code</Relation></dublin_core><plain_text>                            LOS ANGELES MUNICIPAL CODE

EXISTING SALES AND USE TAX ORDINANCES SUSPENDED. (&#xA7; 21.6.8)

&#xA0; EXISTING SALES AND USE TAX ORDINANCES SUSPENDED.	At the time this ordinance
goes into operation, the provisions of Section 21.199 and Article 1.5 of Chapter
2, Los Angeles Municipal Code, shall be suspended and shall not again be of any
force or effect until and unless for any reason the State Board of Equalization
ceases to perform the functions incident to the administration and operation of
the sales and use tax hereby imposed; provided, however, that if for any reason
it is determined that the City of Los Angeles is without power to adopt this
ordinance, or that the State Board of Equalization is without power to perform
the functions incident to the administration and operation of the taxes imposed
by this ordinance, the provisions of Section 21.199 and Article 1.5 of Chapter
2, Los Angeles Municipal Code, shall not be deemed to have been suspended, but
shall be deemed to have been in full force and effect at the rate of one percent
(1%) continuously from and after April 1, 1956. Upon the ceasing of the State
Board of Equalization to perform the functions incident to the administration
and operation of the taxes imposed by this ordinance, the provisions of Section
21.199 and Article 1.5 of Chapter 2, Los Angeles Municipal Code, shall again be
in full force and effect at the rate of one percent (1%). Nothing in this
ordinance shall be construed as relieving any person of the obligation to pay
the City of Los Angeles any sales or use tax accrued and owing by reason of the
provisions of Section 21.199 and Article 1.5 of Chapter 2. Los Angeles Municipal
Code, in force and effect prior to and including March 31, 1956.
</plain_text><html>
					&lt;section&gt;&lt;p&gt;&#xA0; EXISTING SALES AND USE TAX &lt;span class="dictionary"&gt;ORDINANCES&lt;/span&gt; SUSPENDED.&lt;br /&gt;&lt;br /&gt;	At the time this &lt;span class="dictionary"&gt;ordinance&lt;/span&gt; goes into operation, the provisions of Section 21.199 and Article 1.5 of Chapter 2, Los Angeles Municipal Code, shall be suspended and shall not again be of any force or effect until and unless for any reason the State Board of Equalization ceases to perform the functions incident to the administration and operation of the sales and use tax hereby imposed; provided, however, that if for any reason it is determined that the City of Los Angeles is without power to adopt this &lt;span class="dictionary"&gt;ordinance&lt;/span&gt;, or that the State Board of Equalization is without power to perform the functions incident to the administration and operation of the taxes imposed by this &lt;span class="dictionary"&gt;ordinance&lt;/span&gt;, the provisions of Section 21.199 and Article 1.5 of Chapter 2, Los Angeles Municipal Code, shall not be deemed to have been suspended, but shall be deemed to have been in full force and effect at the rate of one percent (1%) continuously from and after April 1, 1956. Upon the ceasing of the State Board of Equalization to perform the functions incident to the administration and operation of the taxes imposed by this &lt;span class="dictionary"&gt;ordinance&lt;/span&gt;, the provisions of Section 21.199 and Article 1.5 of Chapter 2, Los Angeles Municipal Code, shall again be in full force and effect at the rate of one percent (1%). Nothing in this &lt;span class="dictionary"&gt;ordinance&lt;/span&gt; shall be construed as relieving any person of the obligation to pay the City of Los Angeles any sales or use tax accrued and owing by reason of the provisions of Section 21.199 and Article 1.5 of Chapter 2. Los Angeles Municipal Code, in force and effect prior to and including March 31, 1956.&lt;/p&gt;&lt;/section&gt;</html><previous_section id="3506"><structure_id>48</structure_id><section_number>21.6.7</section_number><catch_line>Enjoining Collection Forbidden.</catch_line><url>/21.6.7/</url><token>21.6.7</token></previous_section><text><unit id="100" prefix=""><text>&#xA0; EXISTING SALES AND USE TAX ORDINANCES SUSPENDED.	At the time this ordinance goes into operation, the provisions of Section 21.199 and Article 1.5 of Chapter 2, Los Angeles Municipal Code, shall be suspended and shall not again be of any force or effect until and unless for any reason the State Board of Equalization ceases to perform the functions incident to the administration and operation of the sales and use tax hereby imposed; provided, however, that if for any reason it is determined that the City of Los Angeles is without power to adopt this ordinance, or that the State Board of Equalization is without power to perform the functions incident to the administration and operation of the taxes imposed by this ordinance, the provisions of Section 21.199 and Article 1.5 of Chapter 2, Los Angeles Municipal Code, shall not be deemed to have been suspended, but shall be deemed to have been in full force and effect at the rate of one percent (1%) continuously from and after April 1, 1956. Upon the ceasing of the State Board of Equalization to perform the functions incident to the administration and operation of the taxes imposed by this ordinance, the provisions of Section 21.199 and Article 1.5 of Chapter 2, Los Angeles Municipal Code, shall again be in full force and effect at the rate of one percent (1%). Nothing in this ordinance shall be construed as relieving any person of the obligation to pay the City of Los Angeles any sales or use tax accrued and owing by reason of the provisions of Section 21.199 and Article 1.5 of Chapter 2. Los Angeles Municipal Code, in force and effect prior to and including March 31, 1956.</text><type>section</type><prefixes><unit></unit></prefixes><entire_prefix></entire_prefix><prefix_anchor></prefix_anchor><level>1</level></unit></text></law>
