<?xml version="1.0"?>
<law><section_number>21.7.10</section_number><edition_id>1</edition_id><section_id>330</section_id><structure_id>81</structure_id><catch_line>Assessment &#x2013; Administrative Remedy.</catch_line><history></history><full_text>&#xA0; ASSESSMENT &#x2013; ADMINISTRATIVE REMEDY.

	The Director of Finance may make an assessment for taxes not remitted by an operator for any reason specified in Sec. 21.16 of this chapter for making an assessment for unpaid Business Tax. The manner of making and providing notice of such assessment; the right to a hearing and the conduct of such hearing; the preparation and service of findings; filing exceptions; and passing upon exceptions shall be the same as provided in Sec. 21.16 of this chapter.</full_text><order_by>7.10</order_by><ancestry><unit id="81" label="article"><name>Transient Occupancy Tax</name><identifier>1.7</identifier><url>/2/1.7/</url></unit><unit id="1" label="chapter"><name>Licenses, Permits, Business Regulations</name><identifier>2</identifier><url>/2/</url></unit></ancestry><structure_contents><unit id="1760"><structure_id>81</structure_id><section_number>21.7.1</section_number><catch_line>Title.</catch_line><url>/21.7.1/</url><token>21.7.1</token></unit><unit id="330"><structure_id>81</structure_id><section_number>21.7.10</section_number><catch_line>Assessment &#x2013; Administrative Remedy.</catch_line><url>/21.7.10/</url><token>21.7.10</token></unit><unit id="366"><structure_id>81</structure_id><section_number>21.7.11</section_number><catch_line>Records.</catch_line><url>/21.7.11/</url><token>21.7.11</token></unit><unit id="3791"><structure_id>81</structure_id><section_number>21.7.12</section_number><catch_line>Refunds.</catch_line><url>/21.7.12/</url><token>21.7.12</token></unit><unit id="813"><structure_id>81</structure_id><section_number>21.7.13</section_number><catch_line>Actions To Collect.</catch_line><url>/21.7.13/</url><token>21.7.13</token></unit><unit id="1649"><structure_id>81</structure_id><section_number>21.7.2</section_number><catch_line>Definitions.</catch_line><url>/21.7.2/</url><token>21.7.2</token></unit><unit id="1099"><structure_id>81</structure_id><section_number>21.7.3</section_number><catch_line>Tax Imposed.</catch_line><url>/21.7.3/</url><token>21.7.3</token></unit><unit id="4141"><structure_id>81</structure_id><section_number>21.7.4</section_number><catch_line>Exemptions.</catch_line><url>/21.7.4/</url><token>21.7.4</token></unit><unit id="1155"><structure_id>81</structure_id><section_number>21.7.5</section_number><catch_line>Operator&#x2019;S Duties.</catch_line><url>/21.7.5/</url><token>21.7.5</token></unit><unit id="1578"><structure_id>81</structure_id><section_number>21.7.6</section_number><catch_line>Registration.</catch_line><url>/21.7.6/</url><token>21.7.6</token></unit><unit id="463"><structure_id>81</structure_id><section_number>21.7.7</section_number><catch_line>Reporting And Remitting.</catch_line><url>/21.7.7/</url><token>21.7.7</token></unit><unit id="602"><structure_id>81</structure_id><section_number>21.7.8</section_number><catch_line>Penalties And Interest.</catch_line><url>/21.7.8/</url><token>21.7.8</token></unit><unit id="3657"><structure_id>81</structure_id><section_number>21.7.9</section_number><catch_line>Additional Powers And Duties Of Director Of Finance, Etc.</catch_line><url>/21.7.9/</url><token>21.7.9</token></unit></structure_contents><next_section id="366"><structure_id>81</structure_id><section_number>21.7.11</section_number><catch_line>Records.</catch_line><url>/21.7.11/</url><token>21.7.11</token></next_section><metadata></metadata><references></references><url>/21.7.10/</url><token>21.7.10</token><formats><txt>/21.7.10.txt</txt><json>/21.7.10.xml</json></formats><dublin_core><Title>Assessment &#x2013; Administrative Remedy.</Title><Type>Text</Type><Format>text/html</Format><Identifier>&#xA7; 21.7.10</Identifier><Relation>Los Angeles Municipal Code</Relation></dublin_core><plain_text>                            LOS ANGELES MUNICIPAL CODE

ASSESSMENT &#x2013; ADMINISTRATIVE REMEDY. (&#xA7; 21.7.10)

&#xA0; ASSESSMENT &#x2013; ADMINISTRATIVE REMEDY.	The Director of Finance may make an
assessment for taxes not remitted by an operator for any reason specified in
Sec. 21.16 of this chapter for making an assessment for unpaid Business Tax. The
manner of making and providing notice of such assessment; the right to a hearing
and the conduct of such hearing; the preparation and service of findings; filing
exceptions; and passing upon exceptions shall be the same as provided in Sec.
21.16 of this chapter.
</plain_text><html>
					&lt;section&gt;&lt;p&gt;&#xA0; ASSESSMENT &#x2013; ADMINISTRATIVE REMEDY.&lt;br /&gt;&lt;br /&gt;	The Director of Finance may make an assessment for taxes not remitted by an operator for any reason specified in Sec. 21.16 of this chapter for making an assessment for unpaid Business Tax. The manner of making and providing notice of such assessment; the right to a &lt;span class="dictionary"&gt;hearing&lt;/span&gt; and the conduct of such &lt;span class="dictionary"&gt;hearing&lt;/span&gt;; the preparation and service of &lt;span class="dictionary"&gt;findings&lt;/span&gt;; filing exceptions; and passing upon exceptions shall be the same as provided in Sec. 21.16 of this chapter.&lt;/p&gt;&lt;/section&gt;</html><text><unit id="326" prefix=""><text>&#xA0; ASSESSMENT &#x2013; ADMINISTRATIVE REMEDY.	The Director of Finance may make an assessment for taxes not remitted by an operator for any reason specified in Sec. 21.16 of this chapter for making an assessment for unpaid Business Tax. The manner of making and providing notice of such assessment; the right to a hearing and the conduct of such hearing; the preparation and service of findings; filing exceptions; and passing upon exceptions shall be the same as provided in Sec. 21.16 of this chapter.</text><type>section</type><prefixes><unit></unit></prefixes><entire_prefix></entire_prefix><prefix_anchor></prefix_anchor><level>1</level></unit></text><previous_section id="1760"><structure_id>81</structure_id><section_number>21.7.1</section_number><catch_line>Title.</catch_line><url>/21.7.1/</url><token>21.7.1</token></previous_section></law>
