<?xml version="1.0"?>
<law><section_number>21.9.3</section_number><edition_id>1</edition_id><section_id>166</section_id><structure_id>2</structure_id><catch_line>Persons Liable.</catch_line><history></history><full_text>&#xA0; PERSONS LIABLE.

	Any tax imposed pursuant to Sec. 21.9.2 hereof shall be paid by any person who makes, signs or issues any document or instrument subject to the tax, or for whose use or benefit the same is made, signed or issued.</full_text><order_by>9.3</order_by><ancestry><unit id="2" label="article"><name>Real Property Transfer Tax</name><identifier>1.9</identifier><url>/2/1.9/</url></unit><unit id="1" label="chapter"><name>Licenses, Permits, Business Regulations</name><identifier>2</identifier><url>/2/</url></unit></ancestry><structure_contents><unit id="2666"><structure_id>2</structure_id><section_number>21.9.1</section_number><catch_line>Title.</catch_line><url>/21.9.1/</url><token>21.9.1</token></unit><unit id="3263"><structure_id>2</structure_id><section_number>21.9.10</section_number><catch_line>Refunds.</catch_line><url>/21.9.10/</url><token>21.9.10</token></unit><unit id="3569"><structure_id>2</structure_id><section_number>21.9.11</section_number><catch_line>Duties Of Clerk.</catch_line><url>/21.9.11/</url><token>21.9.11</token></unit><unit id="727"><structure_id>2</structure_id><section_number>21.9.12</section_number><catch_line>Exemption-Exchanges With The City.</catch_line><url>/21.9.12/</url><token>21.9.12</token></unit><unit id="1244"><structure_id>2</structure_id><section_number>21.9.13</section_number><catch_line>Exemption &#x2013; Certain Non-Profit Corporation
Transfers.</catch_line><url>/21.9.13/</url><token>21.9.13</token></unit><unit id="2421"><structure_id>2</structure_id><section_number>21.9.2</section_number><catch_line>Tax Imposed.</catch_line><url>/21.9.2/</url><token>21.9.2</token></unit><unit id="166"><structure_id>2</structure_id><section_number>21.9.3</section_number><catch_line>Persons Liable.</catch_line><url>/21.9.3/</url><token>21.9.3</token></unit><unit id="1"><structure_id>2</structure_id><section_number>21.9.4</section_number><catch_line>Exemption &#x2013; Debt Security.</catch_line><url>/21.9.4/</url><token>21.9.4</token></unit><unit id="1556"><structure_id>2</structure_id><section_number>21.9.5</section_number><catch_line>Exemption &#x2013; Governmental Agencies.</catch_line><url>/21.9.5/</url><token>21.9.5</token></unit><unit id="3169"><structure_id>2</structure_id><section_number>21.9.6</section_number><catch_line>Exemptions &#x2013; Bankruptcy, Receivership, Etc.</catch_line><url>/21.9.6/</url><token>21.9.6</token></unit><unit id="1215"><structure_id>2</structure_id><section_number>21.9.7</section_number><catch_line>Exemptions &#x2013; Orders Of S.E.C.</catch_line><url>/21.9.7/</url><token>21.9.7</token></unit><unit id="401"><structure_id>2</structure_id><section_number>21.9.8</section_number><catch_line>Exemption &#x2013; Certain Partnership Transfers.</catch_line><url>/21.9.8/</url><token>21.9.8</token></unit><unit id="2314"><structure_id>2</structure_id><section_number>21.9.9</section_number><catch_line>Recorder Administers.</catch_line><url>/21.9.9/</url><token>21.9.9</token></unit></structure_contents><next_section id="1"><structure_id>2</structure_id><section_number>21.9.4</section_number><catch_line>Exemption &#x2013; Debt Security.</catch_line><url>/21.9.4/</url><token>21.9.4</token></next_section><metadata></metadata><references></references><url>/21.9.3/</url><token>21.9.3</token><formats><txt>/21.9.3.txt</txt><json>/21.9.3.xml</json></formats><dublin_core><Title>Persons Liable.</Title><Type>Text</Type><Format>text/html</Format><Identifier>&#xA7; 21.9.3</Identifier><Relation>Los Angeles Municipal Code</Relation></dublin_core><plain_text>                            LOS ANGELES MUNICIPAL CODE

PERSONS LIABLE. (&#xA7; 21.9.3)

&#xA0; PERSONS LIABLE.	Any tax imposed pursuant to Sec. 21.9.2 hereof shall be paid
by any person who makes, signs or issues any document or instrument subject to
the tax, or for whose use or benefit the same is made, signed or issued.
</plain_text><html>
					&lt;section&gt;&lt;p&gt;&#xA0; PERSONS LIABLE.&lt;br /&gt;&lt;br /&gt;	Any tax imposed pursuant to Sec. 21.9.2 hereof shall be paid by any person who makes, signs or &lt;span class="dictionary"&gt;issues&lt;/span&gt; any document or instrument subject to the tax, or for whose use or benefit the same is made, signed or issued.&lt;/p&gt;&lt;/section&gt;</html><previous_section id="2421"><structure_id>2</structure_id><section_number>21.9.2</section_number><catch_line>Tax Imposed.</catch_line><url>/21.9.2/</url><token>21.9.2</token></previous_section><text><unit id="164" prefix=""><text>&#xA0; PERSONS LIABLE.	Any tax imposed pursuant to Sec. 21.9.2 hereof shall be paid by any person who makes, signs or issues any document or instrument subject to the tax, or for whose use or benefit the same is made, signed or issued.</text><type>section</type><prefixes><unit></unit></prefixes><entire_prefix></entire_prefix><prefix_anchor></prefix_anchor><level>1</level></unit></text></law>
