<?xml version="1.0"?>
<law><section_number>21.9.8</section_number><edition_id>1</edition_id><section_id>401</section_id><structure_id>2</structure_id><catch_line>Exemption &#x2013; Certain Partnership Transfers.</catch_line><history></history><full_text>&#xA0; EXEMPTION &#x2013; CERTAIN PARTNERSHIP TRANSFERS.

	(a)	In the case of any realty held by a partnership, no levy shall be imposed pursuant to this article by reason of any transfer of an interest in a partnership or otherwise, if:

	(1)	Such partnership (or another partnership) is considered a continuing partnership within the meaning of Sec. 708 of the Internal Revenue Code of 1954; and

	(2)	Such continuing partnership continues to hold the realty concerned.

	(b)	If there is a termination of any partnership within the meaning of Sec. 708 of the Internal Revenue Code of 1954, for purposes of this article, such partnership shall be treated as having executed an instrument whereby there was conveyed, for fair market value (exclusive of the value of any lien or encumbrance remaining thereon), all realty held by such partnership at the time of such termination.

	(c)	Not more than one tax shall be imposed pursuant to this article by reason of a termination described in Subdivision (b), and any transfer pursuant thereto, with respect to the realty held by such partnership at the time of such termination.</full_text><order_by>9.8</order_by><ancestry><unit id="2" label="article"><name>Real Property Transfer Tax</name><identifier>1.9</identifier><url>/2/1.9/</url></unit><unit id="1" label="chapter"><name>Licenses, Permits, Business Regulations</name><identifier>2</identifier><url>/2/</url></unit></ancestry><structure_contents><unit id="2666"><structure_id>2</structure_id><section_number>21.9.1</section_number><catch_line>Title.</catch_line><url>/21.9.1/</url><token>21.9.1</token></unit><unit id="3263"><structure_id>2</structure_id><section_number>21.9.10</section_number><catch_line>Refunds.</catch_line><url>/21.9.10/</url><token>21.9.10</token></unit><unit id="3569"><structure_id>2</structure_id><section_number>21.9.11</section_number><catch_line>Duties Of Clerk.</catch_line><url>/21.9.11/</url><token>21.9.11</token></unit><unit id="727"><structure_id>2</structure_id><section_number>21.9.12</section_number><catch_line>Exemption-Exchanges With The City.</catch_line><url>/21.9.12/</url><token>21.9.12</token></unit><unit id="1244"><structure_id>2</structure_id><section_number>21.9.13</section_number><catch_line>Exemption &#x2013; Certain Non-Profit Corporation
Transfers.</catch_line><url>/21.9.13/</url><token>21.9.13</token></unit><unit id="2421"><structure_id>2</structure_id><section_number>21.9.2</section_number><catch_line>Tax Imposed.</catch_line><url>/21.9.2/</url><token>21.9.2</token></unit><unit id="166"><structure_id>2</structure_id><section_number>21.9.3</section_number><catch_line>Persons Liable.</catch_line><url>/21.9.3/</url><token>21.9.3</token></unit><unit id="1"><structure_id>2</structure_id><section_number>21.9.4</section_number><catch_line>Exemption &#x2013; Debt Security.</catch_line><url>/21.9.4/</url><token>21.9.4</token></unit><unit id="1556"><structure_id>2</structure_id><section_number>21.9.5</section_number><catch_line>Exemption &#x2013; Governmental Agencies.</catch_line><url>/21.9.5/</url><token>21.9.5</token></unit><unit id="3169"><structure_id>2</structure_id><section_number>21.9.6</section_number><catch_line>Exemptions &#x2013; Bankruptcy, Receivership, Etc.</catch_line><url>/21.9.6/</url><token>21.9.6</token></unit><unit id="1215"><structure_id>2</structure_id><section_number>21.9.7</section_number><catch_line>Exemptions &#x2013; Orders Of S.E.C.</catch_line><url>/21.9.7/</url><token>21.9.7</token></unit><unit id="401"><structure_id>2</structure_id><section_number>21.9.8</section_number><catch_line>Exemption &#x2013; Certain Partnership Transfers.</catch_line><url>/21.9.8/</url><token>21.9.8</token></unit><unit id="2314"><structure_id>2</structure_id><section_number>21.9.9</section_number><catch_line>Recorder Administers.</catch_line><url>/21.9.9/</url><token>21.9.9</token></unit></structure_contents><next_section id="2314"><structure_id>2</structure_id><section_number>21.9.9</section_number><catch_line>Recorder Administers.</catch_line><url>/21.9.9/</url><token>21.9.9</token></next_section><metadata></metadata><references></references><url>/21.9.8/</url><token>21.9.8</token><formats><txt>/21.9.8.txt</txt><json>/21.9.8.xml</json></formats><dublin_core><Title>Exemption &#x2013; Certain Partnership Transfers.</Title><Type>Text</Type><Format>text/html</Format><Identifier>&#xA7; 21.9.8</Identifier><Relation>Los Angeles Municipal Code</Relation></dublin_core><plain_text>                            LOS ANGELES MUNICIPAL CODE

EXEMPTION &#x2013; CERTAIN PARTNERSHIP TRANSFERS. (&#xA7; 21.9.8)

&#xA0; EXEMPTION &#x2013; CERTAIN PARTNERSHIP TRANSFERS.	(a)	In the case of any realty
held by a partnership, no levy shall be imposed pursuant to this article by
reason of any transfer of an interest in a partnership or otherwise,
if:	(1)	Such partnership (or another partnership) is considered a continuing
partnership within the meaning of Sec. 708 of the Internal Revenue Code of 1954;
and	(2)	Such continuing partnership continues to hold the realty
concerned.	(b)	If there is a termination of any partnership within the meaning
of Sec. 708 of the Internal Revenue Code of 1954, for purposes of this article,
such partnership shall be treated as having executed an instrument whereby there
was conveyed, for fair market value (exclusive of the value of any lien or
encumbrance remaining thereon), all realty held by such partnership at the time
of such termination.	(c)	Not more than one tax shall be imposed pursuant to this
article by reason of a termination described in Subdivision (b), and any
transfer pursuant thereto, with respect to the realty held by such partnership
at the time of such termination.
</plain_text><html>
					&lt;section&gt;&lt;p&gt;&#xA0; EXEMPTION &#x2013; CERTAIN PARTNERSHIP TRANSFERS.&lt;br /&gt;&lt;br /&gt;	(a)	In the case of any realty held by a partnership, no &lt;span class="dictionary"&gt;levy&lt;/span&gt; shall be imposed pursuant to this article by reason of any transfer of an interest in a partnership or otherwise, if:&lt;br /&gt;&lt;br /&gt;	(1)	Such partnership (or another partnership) is considered a continuing partnership within the meaning of Sec. 708 of the Internal Revenue Code of 1954; and&lt;br /&gt;&lt;br /&gt;	(2)	Such continuing partnership continues to hold the realty concerned.&lt;br /&gt;&lt;br /&gt;	(b)	If there is a termination of any partnership within the meaning of Sec. 708 of the Internal Revenue Code of 1954, for purposes of this article, such partnership shall be treated as having executed an instrument whereby there was conveyed, for fair market value (exclusive of the value of any &lt;span class="dictionary"&gt;lien&lt;/span&gt; or encumbrance remaining thereon), all realty held by such partnership at the time of such termination.&lt;br /&gt;&lt;br /&gt;	(c)	Not more than one tax shall be imposed pursuant to this article by reason of a termination described in Subdivision (b), and any transfer pursuant thereto, with respect to the realty held by such partnership at the time of such termination.&lt;/p&gt;&lt;/section&gt;</html><previous_section id="1215"><structure_id>2</structure_id><section_number>21.9.7</section_number><catch_line>Exemptions &#x2013; Orders Of S.E.C.</catch_line><url>/21.9.7/</url><token>21.9.7</token></previous_section><text><unit id="396" prefix=""><text>&#xA0; EXEMPTION &#x2013; CERTAIN PARTNERSHIP TRANSFERS.	(a)	In the case of any realty held by a partnership, no levy shall be imposed pursuant to this article by reason of any transfer of an interest in a partnership or otherwise, if:	(1)	Such partnership (or another partnership) is considered a continuing partnership within the meaning of Sec. 708 of the Internal Revenue Code of 1954; and	(2)	Such continuing partnership continues to hold the realty concerned.	(b)	If there is a termination of any partnership within the meaning of Sec. 708 of the Internal Revenue Code of 1954, for purposes of this article, such partnership shall be treated as having executed an instrument whereby there was conveyed, for fair market value (exclusive of the value of any lien or encumbrance remaining thereon), all realty held by such partnership at the time of such termination.	(c)	Not more than one tax shall be imposed pursuant to this article by reason of a termination described in Subdivision (b), and any transfer pursuant thereto, with respect to the realty held by such partnership at the time of such termination.</text><type>section</type><prefixes><unit></unit></prefixes><entire_prefix></entire_prefix><prefix_anchor></prefix_anchor><level>1</level></unit></text></law>
