<?xml version="1.0"?>
<law><section_number>22.04.1</section_number><edition_id>1</edition_id><section_id>62</section_id><structure_id>13</structure_id><catch_line>Failure To Pay Fee Due Under Article 1 Of This Chapter.</catch_line><history></history><full_text>&#xA0; FAILURE TO PAY FEE DUE UNDER ARTICLE 1 OF THIS CHAPTER.

	Whenever under any provision of this Code a regulatory permit is required for the conduct of any business or occupation upon which a business tax is imposed by Article 1 of this chapter, or upon which a parking occupancy tax is imposed by Article 1.15 of this chapter, the failure to pay that business tax or parking occupancy tax will be grounds for the suspension or revocation of the permit, but the procedure outlined in Section 22.02 shall be followed.&#xA0; (Amended by Ord. No. 180,488, Eff. 3/7/09.)</full_text><order_by>04.1</order_by><ancestry><unit id="13" label="article"><name>Definitions &#x2013; Authority And Procedure &#x2013; Revocation Of Permits</name><identifier>2</identifier><url>/2/2/</url></unit><unit id="1" label="chapter"><name>Licenses, Permits, Business Regulations</name><identifier>2</identifier><url>/2/</url></unit></ancestry><structure_contents><unit id="373"><structure_id>13</structure_id><section_number>22.00</section_number><catch_line>Permits &#x2013; Board Of Police Commissioners.</catch_line><url>/22.00/</url><token>22.00</token></unit><unit id="2052"><structure_id>13</structure_id><section_number>22.01</section_number><catch_line>Permit Requirements Limited To Original Permits.</catch_line><url>/22.01/</url><token>22.01</token></unit><unit id="698"><structure_id>13</structure_id><section_number>22.02</section_number><catch_line>Power To Revoke And Suspend Permits Or Certificates &#x2013; Procedure.</catch_line><url>/22.02/</url><token>22.02</token></unit><unit id="1626"><structure_id>13</structure_id><section_number>22.03</section_number><catch_line>Board To Notify Permittee.</catch_line><url>/22.03/</url><token>22.03</token></unit><unit id="62"><structure_id>13</structure_id><section_number>22.04.1</section_number><catch_line>Failure To Pay Fee Due Under Article 1 Of This Chapter.</catch_line><url>/22.04.1/</url><token>22.04.1</token></unit><unit id="9"><structure_id>13</structure_id><section_number>22.05</section_number><catch_line>Suspended Or Revoked Permits &#x2013; Permittee Not To Engage In Business.</catch_line><url>/22.05/</url><token>22.05</token></unit><unit id="1713"><structure_id>13</structure_id><section_number>22.06</section_number><catch_line>Misstatement In Application &#x2013; Grounds For Revocation.</catch_line><url>/22.06/</url><token>22.06</token></unit><unit id="2235"><structure_id>13</structure_id><section_number>22.11</section_number><catch_line>Licenses &#x2013; Veteran&#x2019;S Exemptions.</catch_line><url>/22.11/</url><token>22.11</token></unit><unit id="4102"><structure_id>13</structure_id><section_number>22.11.1</section_number><catch_line>Veterans&#x2019; Exemptions &#x2013; Subterfuge Prohibited.</catch_line><url>/22.11.1/</url><token>22.11.1</token></unit><unit id="179"><structure_id>13</structure_id><section_number>22.12</section_number><catch_line>Refunds &#x2013; Tax, License And Permit Fees In Excess Of $5,000.</catch_line><url>/22.12/</url><token>22.12</token></unit><unit id="3952"><structure_id>13</structure_id><section_number>22.13</section_number><catch_line>Refunds Of Tax, License, Permit Or Application Fees By
Heads Of Departments.</catch_line><url>/22.13/</url><token>22.13</token></unit></structure_contents><next_section id="9"><structure_id>13</structure_id><section_number>22.05</section_number><catch_line>Suspended Or Revoked Permits &#x2013; Permittee Not To Engage In Business.</catch_line><url>/22.05/</url><token>22.05</token></next_section><metadata></metadata><references></references><url>/22.04.1/</url><token>22.04.1</token><formats><txt>/22.04.1.txt</txt><json>/22.04.1.xml</json></formats><dublin_core><Title>Failure To Pay Fee Due Under Article 1 Of This Chapter.</Title><Type>Text</Type><Format>text/html</Format><Identifier>&#xA7; 22.04.1</Identifier><Relation>Los Angeles Municipal Code</Relation></dublin_core><plain_text>                            LOS ANGELES MUNICIPAL CODE

FAILURE TO PAY FEE DUE UNDER ARTICLE 1 OF THIS CHAPTER. (&#xA7; 22.04.1)

&#xA0; FAILURE TO PAY FEE DUE UNDER ARTICLE 1 OF THIS CHAPTER.	Whenever under any
provision of this Code a regulatory permit is required for the conduct of any
business or occupation upon which a business tax is imposed by Article 1 of this
chapter, or upon which a parking occupancy tax is imposed by Article 1.15 of
this chapter, the failure to pay that business tax or parking occupancy tax will
be grounds for the suspension or revocation of the permit, but the procedure
outlined in Section 22.02 shall be followed.&#xA0; (Amended by Ord. No. 180,488,
Eff. 3/7/09.)
</plain_text><html>
					&lt;section&gt;&lt;p&gt;&#xA0; FAILURE TO PAY FEE DUE UNDER ARTICLE 1 OF THIS CHAPTER.&lt;br /&gt;&lt;br /&gt;	Whenever under any provision of this Code a regulatory permit is required for the conduct of any business or occupation upon which a business tax is imposed by Article 1 of this chapter, or upon which a parking occupancy tax is imposed by Article 1.15 of this chapter, the failure to pay that business tax or parking occupancy tax will be grounds for the suspension or &lt;span class="dictionary"&gt;revocation&lt;/span&gt; of the permit, but the procedure outlined in Section 22.02 shall be followed.&#xA0; (Amended by Ord. No. 180,488, Eff. 3/7/09.)&lt;/p&gt;&lt;/section&gt;</html><previous_section id="1626"><structure_id>13</structure_id><section_number>22.03</section_number><catch_line>Board To Notify Permittee.</catch_line><url>/22.03/</url><token>22.03</token></previous_section><text><unit id="62" prefix=""><text>&#xA0; FAILURE TO PAY FEE DUE UNDER ARTICLE 1 OF THIS CHAPTER.	Whenever under any provision of this Code a regulatory permit is required for the conduct of any business or occupation upon which a business tax is imposed by Article 1 of this chapter, or upon which a parking occupancy tax is imposed by Article 1.15 of this chapter, the failure to pay that business tax or parking occupancy tax will be grounds for the suspension or revocation of the permit, but the procedure outlined in Section 22.02 shall be followed.&#xA0; (Amended by Ord. No. 180,488, Eff. 3/7/09.)</text><type>section</type><prefixes><unit></unit></prefixes><entire_prefix></entire_prefix><prefix_anchor></prefix_anchor><level>1</level></unit></text></law>
