<?xml version="1.0"?>
<law><section_number>22.05</section_number><edition_id>1</edition_id><section_id>9</section_id><structure_id>13</structure_id><catch_line>Suspended Or Revoked Permits &#x2013; Permittee Not To Engage In Business.</catch_line><history></history><full_text>&#xA0; SUSPENDED OR REVOKED PERMITS &#x2013; PERMITTEE NOT TO ENGAGE IN BUSINESS.

	No person whose permit or certificate has been revoked or suspended pursuant to Section 22.02, or pursuant to any other provision of this Code, shall engage in or carry on any business or do any act permitted to be done pursuant to such permit or certificate during the period of suspension or after revocation thereof, until a new permit or certificate shall have been granted.</full_text><order_by>05</order_by><ancestry><unit id="13" label="article"><name>Definitions &#x2013; Authority And Procedure &#x2013; Revocation Of Permits</name><identifier>2</identifier><url>/2/2/</url></unit><unit id="1" label="chapter"><name>Licenses, Permits, Business Regulations</name><identifier>2</identifier><url>/2/</url></unit></ancestry><structure_contents><unit id="373"><structure_id>13</structure_id><section_number>22.00</section_number><catch_line>Permits &#x2013; Board Of Police Commissioners.</catch_line><url>/22.00/</url><token>22.00</token></unit><unit id="2052"><structure_id>13</structure_id><section_number>22.01</section_number><catch_line>Permit Requirements Limited To Original Permits.</catch_line><url>/22.01/</url><token>22.01</token></unit><unit id="698"><structure_id>13</structure_id><section_number>22.02</section_number><catch_line>Power To Revoke And Suspend Permits Or Certificates &#x2013; Procedure.</catch_line><url>/22.02/</url><token>22.02</token></unit><unit id="1626"><structure_id>13</structure_id><section_number>22.03</section_number><catch_line>Board To Notify Permittee.</catch_line><url>/22.03/</url><token>22.03</token></unit><unit id="62"><structure_id>13</structure_id><section_number>22.04.1</section_number><catch_line>Failure To Pay Fee Due Under Article 1 Of This Chapter.</catch_line><url>/22.04.1/</url><token>22.04.1</token></unit><unit id="9"><structure_id>13</structure_id><section_number>22.05</section_number><catch_line>Suspended Or Revoked Permits &#x2013; Permittee Not To Engage In Business.</catch_line><url>/22.05/</url><token>22.05</token></unit><unit id="1713"><structure_id>13</structure_id><section_number>22.06</section_number><catch_line>Misstatement In Application &#x2013; Grounds For Revocation.</catch_line><url>/22.06/</url><token>22.06</token></unit><unit id="2235"><structure_id>13</structure_id><section_number>22.11</section_number><catch_line>Licenses &#x2013; Veteran&#x2019;S Exemptions.</catch_line><url>/22.11/</url><token>22.11</token></unit><unit id="4102"><structure_id>13</structure_id><section_number>22.11.1</section_number><catch_line>Veterans&#x2019; Exemptions &#x2013; Subterfuge Prohibited.</catch_line><url>/22.11.1/</url><token>22.11.1</token></unit><unit id="179"><structure_id>13</structure_id><section_number>22.12</section_number><catch_line>Refunds &#x2013; Tax, License And Permit Fees In Excess Of $5,000.</catch_line><url>/22.12/</url><token>22.12</token></unit><unit id="3952"><structure_id>13</structure_id><section_number>22.13</section_number><catch_line>Refunds Of Tax, License, Permit Or Application Fees By
Heads Of Departments.</catch_line><url>/22.13/</url><token>22.13</token></unit></structure_contents><next_section id="1713"><structure_id>13</structure_id><section_number>22.06</section_number><catch_line>Misstatement In Application &#x2013; Grounds For Revocation.</catch_line><url>/22.06/</url><token>22.06</token></next_section><metadata></metadata><references></references><url>/22.05/</url><token>22.05</token><formats><txt>/22.05.txt</txt><json>/22.05.xml</json></formats><dublin_core><Title>Suspended Or Revoked Permits &#x2013; Permittee Not To Engage In Business.</Title><Type>Text</Type><Format>text/html</Format><Identifier>&#xA7; 22.05</Identifier><Relation>Los Angeles Municipal Code</Relation></dublin_core><plain_text>                            LOS ANGELES MUNICIPAL CODE

SUSPENDED OR REVOKED PERMITS &#x2013; PERMITTEE NOT TO ENGAGE IN BUSINESS. (&#xA7; 22.05)

&#xA0; SUSPENDED OR REVOKED PERMITS &#x2013; PERMITTEE NOT TO ENGAGE IN BUSINESS.	No
person whose permit or certificate has been revoked or suspended pursuant to
Section 22.02, or pursuant to any other provision of this Code, shall engage in
or carry on any business or do any act permitted to be done pursuant to such
permit or certificate during the period of suspension or after revocation
thereof, until a new permit or certificate shall have been granted.
</plain_text><html>
					&lt;section&gt;&lt;p&gt;&#xA0; SUSPENDED OR REVOKED PERMITS &#x2013; PERMITTEE NOT TO ENGAGE IN BUSINESS.&lt;br /&gt;&lt;br /&gt;	No person whose permit or certificate has been revoked or suspended pursuant to Section 22.02, or pursuant to any other provision of this Code, shall engage in or carry on any business or do any act permitted to be done pursuant to such permit or certificate during the period of suspension or after &lt;span class="dictionary"&gt;revocation&lt;/span&gt; thereof, until a new permit or certificate shall have been granted.&lt;/p&gt;&lt;/section&gt;</html><previous_section id="62"><structure_id>13</structure_id><section_number>22.04.1</section_number><catch_line>Failure To Pay Fee Due Under Article 1 Of This Chapter.</catch_line><url>/22.04.1/</url><token>22.04.1</token></previous_section><text><unit id="9" prefix=""><text>&#xA0; SUSPENDED OR REVOKED PERMITS &#x2013; PERMITTEE NOT TO ENGAGE IN BUSINESS.	No person whose permit or certificate has been revoked or suspended pursuant to Section 22.02, or pursuant to any other provision of this Code, shall engage in or carry on any business or do any act permitted to be done pursuant to such permit or certificate during the period of suspension or after revocation thereof, until a new permit or certificate shall have been granted.</text><type>section</type><prefixes><unit></unit></prefixes><entire_prefix></entire_prefix><prefix_anchor></prefix_anchor><level>1</level></unit></text></law>
