<?xml version="1.0"?>
<law><section_number>22.12</section_number><edition_id>1</edition_id><section_id>179</section_id><structure_id>13</structure_id><catch_line>Refunds &#x2013; Tax, License And Permit Fees In Excess Of $5,000.</catch_line><history></history><full_text>&#xA0; REFUNDS &#x2013; TAX, LICENSE AND PERMIT FEES IN EXCESS OF $5,000.
	(Amended by Ord. No. 173, 587, Eff. 12/7/00.)

	(a)	(Amended by Ord. No. 170,745, Eff. 12/3/95.) Whenever any money is excess of $29,457.00, including any tax administered by the City, license or permit fee, or fee for the renewal or transfer thereof, is collected or received by this City, it may be refunded as herein provided, and not otherwise, if a verified claim in writing therefor is filed with the City Clerk within 12 months after the date of payment. The claim shall be audited in the manner provided for in the Charter and shall be made on forms prescribed by the Controller. Such refund may be made only under the following conditions:

	1.	In any of the conditions specified under Subsection (a) of Section 22.13 of this Code;

	2.	Where the money paid was not required by law, or, was erroneously or illegally collected or received by this City through mistake, inadvertence or error of law or of fact, and whether paid or charged under color of any provision of this Code, or otherwise.

	(b)	This section is remedial in purpose; its terms and requirements shall not be deemed to limit or qualify the lawful right of any person to bring or maintain any action or proceeding based upon the general law of this state for any remedy provided by that law. (Added by Ord. No. 79,588, Eff. 5/21/38.)

	(c)	The monetary limitations in Subsection (a) above shall be subject to an adjustment at the beginning of each fiscal year after 1995-96 based upon the Consumer Price Index for all urban consumers for the Los Angeles area published by the United States Department of Labor, Bureau of Labor Statistics.&#xA0; The Controller shall calculate the adjustment in accordance with the methodology used to calculate monetary limits for intra departmental fund transfers pursuant to Los Angeles City Charter Section 343(c) and shall notify department heads in writing of the adjusted monetary limit. (Amended by Ord. No. 173,304, Eff. 6/30/00, Oper. 7/1/00.)</full_text><order_by>12</order_by><ancestry><unit id="13" label="article"><name>Definitions &#x2013; Authority And Procedure &#x2013; Revocation Of Permits</name><identifier>2</identifier><url>/2/2/</url></unit><unit id="1" label="chapter"><name>Licenses, Permits, Business Regulations</name><identifier>2</identifier><url>/2/</url></unit></ancestry><structure_contents><unit id="373"><structure_id>13</structure_id><section_number>22.00</section_number><catch_line>Permits &#x2013; Board Of Police Commissioners.</catch_line><url>/22.00/</url><token>22.00</token></unit><unit id="2052"><structure_id>13</structure_id><section_number>22.01</section_number><catch_line>Permit Requirements Limited To Original Permits.</catch_line><url>/22.01/</url><token>22.01</token></unit><unit id="698"><structure_id>13</structure_id><section_number>22.02</section_number><catch_line>Power To Revoke And Suspend Permits Or Certificates &#x2013; Procedure.</catch_line><url>/22.02/</url><token>22.02</token></unit><unit id="1626"><structure_id>13</structure_id><section_number>22.03</section_number><catch_line>Board To Notify Permittee.</catch_line><url>/22.03/</url><token>22.03</token></unit><unit id="62"><structure_id>13</structure_id><section_number>22.04.1</section_number><catch_line>Failure To Pay Fee Due Under Article 1 Of This Chapter.</catch_line><url>/22.04.1/</url><token>22.04.1</token></unit><unit id="9"><structure_id>13</structure_id><section_number>22.05</section_number><catch_line>Suspended Or Revoked Permits &#x2013; Permittee Not To Engage In Business.</catch_line><url>/22.05/</url><token>22.05</token></unit><unit id="1713"><structure_id>13</structure_id><section_number>22.06</section_number><catch_line>Misstatement In Application &#x2013; Grounds For Revocation.</catch_line><url>/22.06/</url><token>22.06</token></unit><unit id="2235"><structure_id>13</structure_id><section_number>22.11</section_number><catch_line>Licenses &#x2013; Veteran&#x2019;S Exemptions.</catch_line><url>/22.11/</url><token>22.11</token></unit><unit id="4102"><structure_id>13</structure_id><section_number>22.11.1</section_number><catch_line>Veterans&#x2019; Exemptions &#x2013; Subterfuge Prohibited.</catch_line><url>/22.11.1/</url><token>22.11.1</token></unit><unit id="179"><structure_id>13</structure_id><section_number>22.12</section_number><catch_line>Refunds &#x2013; Tax, License And Permit Fees In Excess Of $5,000.</catch_line><url>/22.12/</url><token>22.12</token></unit><unit id="3952"><structure_id>13</structure_id><section_number>22.13</section_number><catch_line>Refunds Of Tax, License, Permit Or Application Fees By
Heads Of Departments.</catch_line><url>/22.13/</url><token>22.13</token></unit></structure_contents><next_section id="3952"><structure_id>13</structure_id><section_number>22.13</section_number><catch_line>Refunds Of Tax, License, Permit Or Application Fees By
Heads Of Departments.</catch_line><url>/22.13/</url><token>22.13</token></next_section><metadata></metadata><references></references><url>/22.12/</url><token>22.12</token><formats><txt>/22.12.txt</txt><json>/22.12.xml</json></formats><dublin_core><Title>Refunds &#x2013; Tax, License And Permit Fees In Excess Of $5,000.</Title><Type>Text</Type><Format>text/html</Format><Identifier>&#xA7; 22.12</Identifier><Relation>Los Angeles Municipal Code</Relation></dublin_core><plain_text>                            LOS ANGELES MUNICIPAL CODE

REFUNDS &#x2013; TAX, LICENSE AND PERMIT FEES IN EXCESS OF $5,000. (&#xA7; 22.12)

&#xA0; REFUNDS &#x2013; TAX, LICENSE AND PERMIT FEES IN EXCESS OF $5,000.
	(Amended by Ord. No. 173, 587, Eff. 12/7/00.)	(a)	(Amended by Ord. No. 170,745,
Eff. 12/3/95.) Whenever any money is excess of $29,457.00, including any tax
administered by the City, license or permit fee, or fee for the renewal or
transfer thereof, is collected or received by this City, it may be refunded as
herein provided, and not otherwise, if a verified claim in writing therefor is
filed with the City Clerk within 12 months after the date of payment. The claim
shall be audited in the manner provided for in the Charter and shall be made on
forms prescribed by the Controller. Such refund may be made only under the
following conditions:	1.	In any of the conditions specified under Subsection (a)
of Section 22.13 of this Code;	2.	Where the money paid was not required by law,
or, was erroneously or illegally collected or received by this City through
mistake, inadvertence or error of law or of fact, and whether paid or charged
under color of any provision of this Code, or otherwise.	(b)	This section is
remedial in purpose; its terms and requirements shall not be deemed to limit or
qualify the lawful right of any person to bring or maintain any action or
proceeding based upon the general law of this state for any remedy provided by
that law. (Added by Ord. No. 79,588, Eff. 5/21/38.)	(c)	The monetary limitations
in Subsection (a) above shall be subject to an adjustment at the beginning of
each fiscal year after 1995-96 based upon the Consumer Price Index for all urban
consumers for the Los Angeles area published by the United States Department of
Labor, Bureau of Labor Statistics.&#xA0; The Controller shall calculate the
adjustment in accordance with the methodology used to calculate monetary limits
for intra departmental fund transfers pursuant to Los Angeles City Charter
Section 343(c) and shall notify department heads in writing of the adjusted
monetary limit. (Amended by Ord. No. 173,304, Eff. 6/30/00, Oper. 7/1/00.)
</plain_text><html>
					&lt;section&gt;&lt;p&gt;&#xA0; REFUNDS &#x2013; TAX, LICENSE AND PERMIT FEES IN EXCESS OF $5,000.
	(Amended by Ord. No. 173, 587, Eff. 12/7/00.)&lt;br /&gt;&lt;br /&gt;	(a)	(Amended by Ord. No. 170,745, Eff. 12/3/95.) Whenever any money is excess of $29,457.00, including any tax administered by the City, license or permit fee, or fee for the renewal or transfer thereof, is collected or received by this City, it may be refunded as herein provided, and not otherwise, if a verified claim in writing therefor is filed with the City Clerk within 12 months after the date of payment. The claim shall be audited in the manner provided for in the Charter and shall be made on forms prescribed by the Controller. Such refund may be made only under the following conditions:&lt;br /&gt;&lt;br /&gt;	1.	In any of the conditions specified under Subsection (a) of Section 22.13 of this Code;&lt;br /&gt;&lt;br /&gt;	2.	Where the money paid was not required by &lt;span class="dictionary"&gt;law&lt;/span&gt;, or, was erroneously or illegally collected or received by this City through mistake, inadvertence or error of &lt;span class="dictionary"&gt;law&lt;/span&gt; or of &lt;span class="dictionary"&gt;fact&lt;/span&gt;, and whether paid or charged under color of any provision of this Code, or otherwise.&lt;br /&gt;&lt;br /&gt;	(b)	This section is remedial in purpose; its terms and requirements shall not be deemed to limit or qualify the lawful right of any person to bring or maintain any action or proceeding based upon the general &lt;span class="dictionary"&gt;law&lt;/span&gt; of this state for any remedy provided by that &lt;span class="dictionary"&gt;law&lt;/span&gt;. (Added by Ord. No. 79,588, Eff. 5/21/38.)&lt;br /&gt;&lt;br /&gt;	(c)	The monetary limitations in Subsection (a) above shall be subject to an adjustment at the beginning of each fiscal year after 1995-96 based upon the Consumer Price Index for all urban consumers for the Los Angeles area published by the United States Department of Labor, Bureau of Labor Statistics.&#xA0; The Controller shall calculate the adjustment in accordance with the methodology used to calculate monetary limits for intra departmental fund transfers pursuant to Los Angeles City Charter Section 343(c) and shall notify department heads in writing of the adjusted monetary limit. (Amended by Ord. No. 173,304, Eff. 6/30/00, Oper. 7/1/00.)&lt;/p&gt;&lt;/section&gt;</html><previous_section id="4102"><structure_id>13</structure_id><section_number>22.11.1</section_number><catch_line>Veterans&#x2019; Exemptions &#x2013; Subterfuge Prohibited.</catch_line><url>/22.11.1/</url><token>22.11.1</token></previous_section><text><unit id="177" prefix=""><text>&#xA0; REFUNDS &#x2013; TAX, LICENSE AND PERMIT FEES IN EXCESS OF $5,000.
	(Amended by Ord. No. 173, 587, Eff. 12/7/00.)	(a)	(Amended by Ord. No. 170,745, Eff. 12/3/95.) Whenever any money is excess of $29,457.00, including any tax administered by the City, license or permit fee, or fee for the renewal or transfer thereof, is collected or received by this City, it may be refunded as herein provided, and not otherwise, if a verified claim in writing therefor is filed with the City Clerk within 12 months after the date of payment. The claim shall be audited in the manner provided for in the Charter and shall be made on forms prescribed by the Controller. Such refund may be made only under the following conditions:	1.	In any of the conditions specified under Subsection (a) of Section 22.13 of this Code;	2.	Where the money paid was not required by law, or, was erroneously or illegally collected or received by this City through mistake, inadvertence or error of law or of fact, and whether paid or charged under color of any provision of this Code, or otherwise.	(b)	This section is remedial in purpose; its terms and requirements shall not be deemed to limit or qualify the lawful right of any person to bring or maintain any action or proceeding based upon the general law of this state for any remedy provided by that law. (Added by Ord. No. 79,588, Eff. 5/21/38.)	(c)	The monetary limitations in Subsection (a) above shall be subject to an adjustment at the beginning of each fiscal year after 1995-96 based upon the Consumer Price Index for all urban consumers for the Los Angeles area published by the United States Department of Labor, Bureau of Labor Statistics.&#xA0; The Controller shall calculate the adjustment in accordance with the methodology used to calculate monetary limits for intra departmental fund transfers pursuant to Los Angeles City Charter Section 343(c) and shall notify department heads in writing of the adjusted monetary limit. (Amended by Ord. No. 173,304, Eff. 6/30/00, Oper. 7/1/00.)</text><type>section</type><prefixes><unit></unit></prefixes><entire_prefix></entire_prefix><prefix_anchor></prefix_anchor><level>1</level></unit></text></law>
