<?xml version="1.0"?>
<law><section_number>41.55</section_number><edition_id>1</edition_id><section_id>350</section_id><structure_id>66</structure_id><catch_line>Oil &#x2013; Discharge In Ocean And Beaches.</catch_line><history></history><full_text>&#xA0; OIL &#x2013; DISCHARGE IN OCEAN AND BEACHES.
	(Added by Ord. No. 127,508, Eff. 6/29/64.)

	No person shall discharge from any boat, vessel, ship or barge any ballast water, bilge water or waste water containing, or contaminated with, any crude petroleum, refined petroleum, engine oil, fuel oil or oily by-products within the City, unless such ballast water, bilge water or waste water is discharged into suitable and adequate settling basins, tanks or other receptacles.</full_text><order_by>55</order_by><ancestry><unit id="66" label="article"><name>Disorderly Conduct
Places And Publications</name><identifier>1</identifier><url>/4/1/</url></unit><unit id="11" label="chapter"><name>Public Welfare</name><identifier>4</identifier><url>/4/</url></unit></ancestry><structure_contents><unit id="2975"><structure_id>66</structure_id><section_number>41.03</section_number><catch_line>Lookouts For Illegal Acts.</catch_line><url>/41.03/</url><token>41.03</token></unit><unit id="4179"><structure_id>66</structure_id><section_number>41.14</section_number><catch_line>Injury To Public Property.</catch_line><url>/41.14/</url><token>41.14</token></unit><unit id="2377"><structure_id>66</structure_id><section_number>41.16</section_number><catch_line>Snuff &#x2013; Throwing Of.</catch_line><url>/41.16/</url><token>41.16</token></unit><unit id="507"><structure_id>66</structure_id><section_number>41.17</section_number><catch_line>Library Books &#x2013; Retention After Notice.</catch_line><url>/41.17/</url><token>41.17</token></unit><unit id="4062"><structure_id>66</structure_id><section_number>41.18</section_number><catch_line>Sidewalks, Pedestrian Subways &#x2013; Loitering.</catch_line><url>/41.18/</url><token>41.18</token></unit><unit id="2873"><structure_id>66</structure_id><section_number>41.19</section_number><catch_line>Public Assemblages &#x2013; Obstructing Entrance.</catch_line><url>/41.19/</url><token>41.19</token></unit><unit id="2652"><structure_id>66</structure_id><section_number>41.20</section_number><catch_line>Closure Of Streets.</catch_line><url>/41.20/</url><token>41.20</token></unit><unit id="1364"><structure_id>66</structure_id><section_number>41.20.1</section_number><catch_line>Special Event Application Process And Definitions.</catch_line><url>/41.20.1/</url><token>41.20.1</token></unit><unit id="617"><structure_id>66</structure_id><section_number>41.21</section_number><catch_line>Cutting Into Gasoline Lines Prohibited.</catch_line><url>/41.21/</url><token>41.21</token></unit><unit id="1698"><structure_id>66</structure_id><section_number>41.22</section_number><catch_line>Loitering &#x2013; River Bed.</catch_line><url>/41.22/</url><token>41.22</token></unit><unit id="4027"><structure_id>66</structure_id><section_number>41.23</section_number><catch_line>Trespass On Housing Authority Property.</catch_line><url>/41.23/</url><token>41.23</token></unit><unit id="252"><structure_id>66</structure_id><section_number>41.24</section_number><catch_line>Trespass On Private Property.</catch_line><url>/41.24/</url><token>41.24</token></unit><unit id="878"><structure_id>66</structure_id><section_number>41.27</section_number><catch_line>Intoxication.</catch_line><url>/41.27/</url><token>41.27</token></unit><unit id="953"><structure_id>66</structure_id><section_number>41.29</section_number><catch_line>Hand Organs On Streets.</catch_line><url>/41.29/</url><token>41.29</token></unit><unit id="2290"><structure_id>66</structure_id><section_number>41.30</section_number><catch_line>Spite Fences.</catch_line><url>/41.30/</url><token>41.30</token></unit><unit id="1611"><structure_id>66</structure_id><section_number>41.31</section_number><catch_line>Trees &#x2013; Injury To.</catch_line><url>/41.31/</url><token>41.31</token></unit><unit id="2884"><structure_id>66</structure_id><section_number>41.32</section_number><catch_line>Theatres &#x2013; Sound Amplifiers.</catch_line><url>/41.32/</url><token>41.32</token></unit><unit id="3573"><structure_id>66</structure_id><section_number>41.33</section_number><catch_line>Landlords &#x2013; Disturbing Tenants.</catch_line><url>/41.33/</url><token>41.33</token></unit><unit id="206"><structure_id>66</structure_id><section_number>41.34</section_number><catch_line>Pesticides &#x2013; Notice To Tenants.</catch_line><url>/41.34/</url><token>41.34</token></unit><unit id="3302"><structure_id>66</structure_id><section_number>41.38</section_number><catch_line>Use Of Certain Signs On Vehicles Prohibited.</catch_line><url>/41.38/</url><token>41.38</token></unit><unit id="1767"><structure_id>66</structure_id><section_number>41.39</section_number><catch_line>Stowaways &#x2013; Entry A Misdemeanor.</catch_line><url>/41.39/</url><token>41.39</token></unit><unit id="1857"><structure_id>66</structure_id><section_number>41.40</section_number><catch_line>Noise Due To Construction, Excavation Work &#x2013; When Prohibited.</catch_line><url>/41.40/</url><token>41.40</token></unit><unit id="818"><structure_id>66</structure_id><section_number>41.41</section_number><catch_line>Evading Payment Of Admission Fee.</catch_line><url>/41.41/</url><token>41.41</token></unit><unit id="2748"><structure_id>66</structure_id><section_number>41.42</section_number><catch_line>Music Reproducing Devices &#x2013; Hours Of Operation.</catch_line><url>/41.42/</url><token>41.42</token></unit><unit id="2050"><structure_id>66</structure_id><section_number>41.43</section_number><catch_line>Selling Goods Near Private Parks.</catch_line><url>/41.43/</url><token>41.43</token></unit><unit id="1693"><structure_id>66</structure_id><section_number>41.43.1</section_number><catch_line>Door To Door Selling Or Soliciting.</catch_line><url>/41.43.1/</url><token>41.43.1</token></unit><unit id="3565"><structure_id>66</structure_id><section_number>41.44</section_number><catch_line>Miniature Golf Courses And Driving Fairways.</catch_line><url>/41.44/</url><token>41.44</token></unit><unit id="1897"><structure_id>66</structure_id><section_number>41.45</section_number><catch_line>Unauthorized Removal, Use Or Possession Of Shopping Carts.</catch_line><url>/41.45/</url><token>41.45</token></unit><unit id="3090"><structure_id>66</structure_id><section_number>41.46</section_number><catch_line>Sidewalks &#x2013; Cleaning Of.</catch_line><url>/41.46/</url><token>41.46</token></unit><unit id="3367"><structure_id>66</structure_id><section_number>41.47</section_number><catch_line>Water Closets &#x2013; Use Of.</catch_line><url>/41.47/</url><token>41.47</token></unit><unit id="3199"><structure_id>66</structure_id><section_number>41.47.1</section_number><catch_line>Restroom Facilities.</catch_line><url>/41.47.1/</url><token>41.47.1</token></unit><unit id="3793"><structure_id>66</structure_id><section_number>41.47.2</section_number><catch_line>Urinating Or Defecating In Public.</catch_line><url>/41.47.2/</url><token>41.47.2</token></unit><unit id="3936"><structure_id>66</structure_id><section_number>41.48</section_number><catch_line>Restaurants &#x2013; Minimum Light Intensity.</catch_line><url>/41.48/</url><token>41.48</token></unit><unit id="4033"><structure_id>66</structure_id><section_number>41.49</section_number><catch_line>Hotel Registers And Room Rentals.</catch_line><url>/41.49/</url><token>41.49</token></unit><unit id="3882"><structure_id>66</structure_id><section_number>41.50</section_number><catch_line>Smoking Prohibited In Designated Areas.</catch_line><url>/41.50/</url><token>41.50</token></unit><unit id="2857"><structure_id>66</structure_id><section_number>41.50.5</section_number><catch_line>Signage Regulations For Places Subject To Regulation Pursuant To Labor Code Section 6404.5.</catch_line><url>/41.50.5/</url><token>41.50.5</token></unit><unit id="1140"><structure_id>66</structure_id><section_number>41.51</section_number><catch_line>Smoking In Elevators Prohibited.</catch_line><url>/41.51/</url><token>41.51</token></unit><unit id="2159"><structure_id>66</structure_id><section_number>41.52</section_number><catch_line>Smoking In Buses.</catch_line><url>/41.52/</url><token>41.52</token></unit><unit id="3194"><structure_id>66</structure_id><section_number>41.53</section_number><catch_line>Public Bath Houses.</catch_line><url>/41.53/</url><token>41.53</token></unit><unit id="2202"><structure_id>66</structure_id><section_number>41.54</section_number><catch_line>Fishing Within One Mile Of Public Sewer Outlet.</catch_line><url>/41.54/</url><token>41.54</token></unit><unit id="350"><structure_id>66</structure_id><section_number>41.55</section_number><catch_line>Oil &#x2013; Discharge In Ocean And Beaches.</catch_line><url>/41.55/</url><token>41.55</token></unit><unit id="523"><structure_id>66</structure_id><section_number>41.56</section_number><catch_line>Unlawful Activities At Sporting Events, Theatricals And Exhibitions.</catch_line><url>/41.56/</url><token>41.56</token></unit><unit id="1291"><structure_id>66</structure_id><section_number>41.57</section_number><catch_line>Loud And Raucous Noise Prohibited.</catch_line><url>/41.57/</url><token>41.57</token></unit><unit id="1957"><structure_id>66</structure_id><section_number>41.58</section_number><catch_line>Loud Party Second Response Fee.</catch_line><url>/41.58/</url><token>41.58</token></unit><unit id="2269"><structure_id>66</structure_id><section_number>41.59</section_number><catch_line>Prohibition Against Certain Forms Of Aggressive Solicitation.</catch_line><url>/41.59/</url><token>41.59</token></unit><unit id="1569"><structure_id>66</structure_id><section_number>41.60</section_number><catch_line>Hospitals; Patient Transport.</catch_line><url>/41.60/</url><token>41.60</token></unit><unit id="3658"><structure_id>66</structure_id><section_number>41.70</section_number><catch_line>Nuisance Vehicles &#x2013; Prostitution.</catch_line><url>/41.70/</url><token>41.70</token></unit><unit id="3589"><structure_id>66</structure_id><section_number>41.70.1</section_number><catch_line>Nuisance Vehicles &#x2013; Controlled Substances.</catch_line><url>/41.70.1/</url><token>41.70.1</token></unit><unit id="1691"><structure_id>66</structure_id><section_number>41.70.2</section_number><catch_line>Nuisance Vehicles &#x2013; Speed Contests And Exhibitions Of Speed.</catch_line><url>/41.70.2/</url><token>41.70.2</token></unit><unit id="3984"><structure_id>66</structure_id><section_number>41.70.3</section_number><catch_line>Nuisance Vehicles &#x2013; Illegal Dumping.</catch_line><url>/41.70.3/</url><token>41.70.3</token></unit><unit id="4031"><structure_id>66</structure_id><section_number>41.71</section_number><catch_line>Gang-Related Nuisance Vehicle Forfeiture.</catch_line><url>/41.71/</url><token>41.71</token></unit><unit id="4113"><structure_id>66</structure_id><section_number>41.72</section_number><catch_line>Counterfeit Goods Nuisance Abatement Law.</catch_line><url>/41.72/</url><token>41.72</token></unit></structure_contents><next_section id="523"><structure_id>66</structure_id><section_number>41.56</section_number><catch_line>Unlawful Activities At Sporting Events, Theatricals And Exhibitions.</catch_line><url>/41.56/</url><token>41.56</token></next_section><metadata></metadata><references></references><url>/41.55/</url><token>41.55</token><formats><txt>/41.55.txt</txt><json>/41.55.xml</json></formats><dublin_core><Title>Oil &#x2013; Discharge In Ocean And Beaches.</Title><Type>Text</Type><Format>text/html</Format><Identifier>&#xA7; 41.55</Identifier><Relation>Los Angeles Municipal Code</Relation></dublin_core><plain_text>                            LOS ANGELES MUNICIPAL CODE

OIL &#x2013; DISCHARGE IN OCEAN AND BEACHES. (&#xA7; 41.55)

&#xA0; OIL &#x2013; DISCHARGE IN OCEAN AND BEACHES.
	(Added by Ord. No. 127,508, Eff. 6/29/64.)	No person shall discharge from any
boat, vessel, ship or barge any ballast water, bilge water or waste water
containing, or contaminated with, any crude petroleum, refined petroleum, engine
oil, fuel oil or oily by-products within the City, unless such ballast water,
bilge water or waste water is discharged into suitable and adequate settling
basins, tanks or other receptacles.
</plain_text><html>
					&lt;section&gt;&lt;p&gt;&#xA0; OIL &#x2013; DISCHARGE IN OCEAN AND BEACHES.
	(Added by Ord. No. 127,508, Eff. 6/29/64.)&lt;br /&gt;&lt;br /&gt;	No person shall discharge from any boat, vessel, ship or barge any ballast water, bilge water or waste water containing, or contaminated with, any crude petroleum, refined petroleum, engine oil, fuel oil or oily by-products within the City, unless such ballast water, bilge water or waste water is discharged into suitable and adequate settling basins, tanks or other receptacles.&lt;/p&gt;&lt;/section&gt;</html><previous_section id="2202"><structure_id>66</structure_id><section_number>41.54</section_number><catch_line>Fishing Within One Mile Of Public Sewer Outlet.</catch_line><url>/41.54/</url><token>41.54</token></previous_section><text><unit id="345" prefix=""><text>&#xA0; OIL &#x2013; DISCHARGE IN OCEAN AND BEACHES.
	(Added by Ord. No. 127,508, Eff. 6/29/64.)	No person shall discharge from any boat, vessel, ship or barge any ballast water, bilge water or waste water containing, or contaminated with, any crude petroleum, refined petroleum, engine oil, fuel oil or oily by-products within the City, unless such ballast water, bilge water or waste water is discharged into suitable and adequate settling basins, tanks or other receptacles.</text><type>section</type><prefixes><unit></unit></prefixes><entire_prefix></entire_prefix><prefix_anchor></prefix_anchor><level>1</level></unit></text></law>
