<?xml version="1.0"?>
<law><section_number>43.26</section_number><edition_id>1</edition_id><section_id>13</section_id><structure_id>15</structure_id><catch_line>Retail Grocery Price Marking.</catch_line><history></history><full_text>&#xA0; RETAIL GROCERY PRICE MARKING.
	(Added by Ord. No. 153,436, Eff. 3/21/80.)

	(a)	Every person owning, operating, managing, leasing or renting any retail grocery store, grocery department within a general retail merchandise store, or liquor store shall cause to have a clearly readable price indicated on each packaged consumer commodity offered for sale. Each automatic checkout system store, participating in the test provided for concurrently with adoption of this section, will provide a means by which the customer may mark individual items. Automatic checkout system stores participating in said test shall cause to have a clearly readable price conspicuously displayed on a shelf tag where the item is shelved rather than indicated on each packaged consumer commodity offered for sale.

	(b)	The provisions of this section shall not apply to any of the following:

	(1)	Any unpackaged fresh food produce;

	(2)	Any consumer commodity which is under three cubic inches in size, weighs less than three ounces and is priced under thirty cents ($0.30);

	(3)	Any consumer commodity offered as a sale item or as a special;

	(4)	Any business which has as its only regular employees the owner thereof, or the parent, spouse, or child of such owner, or, in addition thereto, not more than two other regular employees;

	(5)	Identical items within a multi-item package;

	(6)	Items sold through a vending machine; and

	(7)	Any consumer commodity, not including packaged produce, which was not generally item priced as of January 1, 1977, as determined by the State of California Department of Food and Agriculture.

	(c)	The following definitions shall apply for purposes of this section:

	(1)	&#x201C;Consumer commodity&#x201D; means:

	(A)	Food, including all material whether solid, liquid, or mixed, and whether simple or compound, which is used or intended for consumption by human beings or domestic animals normally kept as household pets, and all substances or ingredients added to any such material for any purpose, but shall not include individual packages of cigarettes or individual cigars;

	(B)	Paper and plastic products, such as, but not limited to, napkins, facial tissues, toilet tissues, foil wrapping, plastic wrapping, paper toweling, and disposable plates and cups;

	(C)	Detergents, soaps, and other cleaning agents; and

	(D)	Pharmaceuticals, including non-prescription drugs, bandages, female hygiene products, and toiletries.

	(2)	&#x201C;Grocery department&#x201D; means an area within a general retail merchandise store which is engaged primarily in the retail sale of packaged food rather than food prepared for immediate consumption on or off the premises.

	(3)	&#x201C;Grocery store&#x201D; means a store engaged primarily in the retail sale of packaged food, rather than food prepared for consumption on the premises.

	(4)	&#x201C;Sale item or special&#x201D; means any consumer commodity offered in good faith for a period of seven days or less, on sale at a price below the normal price that item is usually sold for in that grocery store or grocery department.

	(5)	&#x201C;Liquor store&#x201D; means a store with an off sale liquor license, as defined in State law, engaged primarily in the sale of liquor Items.

	(6)	&#x201C;Automatic checkout system&#x201D; means an electronic system employing a scanning device combined with a computer and a register to read a universal product code or similar code on packaging and display and total the cost of the items purchased.

	(d)	Any person intentionally violating any of the provisions of this section shall be deemed guilty of an infraction, and upon conviction thereof, shall be subject to the fine for an infraction.</full_text><order_by>26</order_by><ancestry><unit id="15" label="article"><name>Gambling, Fraud And Deceit (*)</name><identifier>3</identifier><url>/4/3/</url></unit><unit id="11" label="chapter"><name>Public Welfare</name><identifier>4</identifier><url>/4/</url></unit></ancestry><structure_contents><unit id="1980"><structure_id>15</structure_id><section_number>43.00</section_number><catch_line>Definitions.</catch_line><url>/43.00/</url><token>43.00</token></unit><unit id="1804"><structure_id>15</structure_id><section_number>43.01</section_number><catch_line>Gambling &#x2013; Dice Shaking.</catch_line><url>/43.01/</url><token>43.01</token></unit><unit id="443"><structure_id>15</structure_id><section_number>43.01.1</section_number><catch_line>Bingo For Charitable Purposes.</catch_line><url>/43.01.1/</url><token>43.01.1</token></unit><unit id="2716"><structure_id>15</structure_id><section_number>43.05.1</section_number><catch_line>Coin Games And Similar Contrivances &#x2013; Possession Prohibited.</catch_line><url>/43.05.1/</url><token>43.05.1</token></unit><unit id="2519"><structure_id>15</structure_id><section_number>43.05.2</section_number><catch_line>Games &#x2013; Unlawful Possession &#x2013; Declared To Be A Nuisance.</catch_line><url>/43.05.2/</url><token>43.05.2</token></unit><unit id="2515"><structure_id>15</structure_id><section_number>43.12</section_number><catch_line>Lottery &#x2013; Visiting.</catch_line><url>/43.12/</url><token>43.12</token></unit><unit id="1766"><structure_id>15</structure_id><section_number>43.13</section_number><catch_line>Exhibiting Gambling Equipment.</catch_line><url>/43.13/</url><token>43.13</token></unit><unit id="119"><structure_id>15</structure_id><section_number>43.13.1</section_number><catch_line>Visiting Gambling Rooms.</catch_line><url>/43.13.1/</url><token>43.13.1</token></unit><unit id="870"><structure_id>15</structure_id><section_number>43.13.2</section_number><catch_line>Present At Gambling.</catch_line><url>/43.13.2/</url><token>43.13.2</token></unit><unit id="3312"><structure_id>15</structure_id><section_number>43.13.3</section_number><catch_line>Gambling House.</catch_line><url>/43.13.3/</url><token>43.13.3</token></unit><unit id="961"><structure_id>15</structure_id><section_number>43.17</section_number><catch_line>Taxicabs &#x2013; Cars For Hire &#x2013; Defrauding.</catch_line><url>/43.17/</url><token>43.17</token></unit><unit id="271"><structure_id>15</structure_id><section_number>43.18</section_number><catch_line>Taxicab &#x2013; Misrepresenting Identity.</catch_line><url>/43.18/</url><token>43.18</token></unit><unit id="1158"><structure_id>15</structure_id><section_number>43.20</section_number><catch_line>Water Mains &#x2013; Interference With.</catch_line><url>/43.20/</url><token>43.20</token></unit><unit id="3756"><structure_id>15</structure_id><section_number>43.21</section_number><catch_line>Civil Service &#x2013; Giving False Information.</catch_line><url>/43.21/</url><token>43.21</token></unit><unit id="1586"><structure_id>15</structure_id><section_number>43.22</section_number><catch_line>Clearing House Certificates &#x2013; Imitating.</catch_line><url>/43.22/</url><token>43.22</token></unit><unit id="2495"><structure_id>15</structure_id><section_number>43.24</section_number><catch_line>Shoe Shine Parlors &#x2013; Signs Required.</catch_line><url>/43.24/</url><token>43.24</token></unit><unit id="708"><structure_id>15</structure_id><section_number>43.25</section_number><catch_line>Restaurant &#x2013; Menus Required.</catch_line><url>/43.25/</url><token>43.25</token></unit><unit id="13"><structure_id>15</structure_id><section_number>43.26</section_number><catch_line>Retail Grocery Price Marking.</catch_line><url>/43.26/</url><token>43.26</token></unit><unit id="2300"><structure_id>15</structure_id><section_number>43.28</section_number><catch_line>Tort Claims &#x2013; Soliciting.</catch_line><url>/43.28/</url><token>43.28</token></unit><unit id="3591"><structure_id>15</structure_id><section_number>43.29</section_number><catch_line>Employers &#x2013; Requiring Employees To Wear Service Uniforms.</catch_line><url>/43.29/</url><token>43.29</token></unit><unit id="4142"><structure_id>15</structure_id><section_number>43.30</section_number><catch_line>Fortune Telling.</catch_line><url>/43.30/</url><token>43.30</token></unit><unit id="1672"><structure_id>15</structure_id><section_number>43.31</section_number><catch_line>Fortune Telling &#x2013; Exemptions.</catch_line><url>/43.31/</url><token>43.31</token></unit><unit id="3450"><structure_id>15</structure_id><section_number>43.32</section_number><catch_line>Petitions &#x2013; Misrepresentation Of Contents.</catch_line><url>/43.32/</url><token>43.32</token></unit><unit id="2206"><structure_id>15</structure_id><section_number>43.39</section_number><catch_line>Examinations &#x2013; Impersonation Prohibited.</catch_line><url>/43.39/</url><token>43.39</token></unit></structure_contents><next_section id="2300"><structure_id>15</structure_id><section_number>43.28</section_number><catch_line>Tort Claims &#x2013; Soliciting.</catch_line><url>/43.28/</url><token>43.28</token></next_section><metadata></metadata><references></references><url>/43.26/</url><token>43.26</token><formats><txt>/43.26.txt</txt><json>/43.26.xml</json></formats><dublin_core><Title>Retail Grocery Price Marking.</Title><Type>Text</Type><Format>text/html</Format><Identifier>&#xA7; 43.26</Identifier><Relation>Los Angeles Municipal Code</Relation></dublin_core><plain_text>                            LOS ANGELES MUNICIPAL CODE

RETAIL GROCERY PRICE MARKING. (&#xA7; 43.26)

&#xA0; RETAIL GROCERY PRICE MARKING.
	(Added by Ord. No. 153,436, Eff. 3/21/80.)	(a)	Every person owning, operating,
managing, leasing or renting any retail grocery store, grocery department within
a general retail merchandise store, or liquor store shall cause to have a
clearly readable price indicated on each packaged consumer commodity offered for
sale. Each automatic checkout system store, participating in the test provided
for concurrently with adoption of this section, will provide a means by which
the customer may mark individual items. Automatic checkout system stores
participating in said test shall cause to have a clearly readable price
conspicuously displayed on a shelf tag where the item is shelved rather than
indicated on each packaged consumer commodity offered for sale.	(b)	The
provisions of this section shall not apply to any of the following:	(1)	Any
unpackaged fresh food produce;	(2)	Any consumer commodity which is under three
cubic inches in size, weighs less than three ounces and is priced under thirty
cents ($0.30);	(3)	Any consumer commodity offered as a sale item or as a
special;	(4)	Any business which has as its only regular employees the owner
thereof, or the parent, spouse, or child of such owner, or, in addition thereto,
not more than two other regular employees;	(5)	Identical items within a
multi-item package;	(6)	Items sold through a vending machine; and	(7)	Any
consumer commodity, not including packaged produce, which was not generally item
priced as of January 1, 1977, as determined by the State of California
Department of Food and Agriculture.	(c)	The following definitions shall apply
for purposes of this section:	(1)	&#x201C;Consumer commodity&#x201D; means:	(A)	Food,
including all material whether solid, liquid, or mixed, and whether simple or
compound, which is used or intended for consumption by human beings or domestic
animals normally kept as household pets, and all substances or ingredients added
to any such material for any purpose, but shall not include individual packages
of cigarettes or individual cigars;	(B)	Paper and plastic products, such as, but
not limited to, napkins, facial tissues, toilet tissues, foil wrapping, plastic
wrapping, paper toweling, and disposable plates and cups;	(C)	Detergents, soaps,
and other cleaning agents; and	(D)	Pharmaceuticals, including non-prescription
drugs, bandages, female hygiene products, and toiletries.	(2)	&#x201C;Grocery
department&#x201D; means an area within a general retail merchandise store which is
engaged primarily in the retail sale of packaged food rather than food prepared
for immediate consumption on or off the premises.	(3)	&#x201C;Grocery store&#x201D; means
a store engaged primarily in the retail sale of packaged food, rather than food
prepared for consumption on the premises.	(4)	&#x201C;Sale item or special&#x201D; means
any consumer commodity offered in good faith for a period of seven days or less,
on sale at a price below the normal price that item is usually sold for in that
grocery store or grocery department.	(5)	&#x201C;Liquor store&#x201D; means a store with
an off sale liquor license, as defined in State law, engaged primarily in the
sale of liquor Items.	(6)	&#x201C;Automatic checkout system&#x201D; means an electronic
system employing a scanning device combined with a computer and a register to
read a universal product code or similar code on packaging and display and total
the cost of the items purchased.	(d)	Any person intentionally violating any of
the provisions of this section shall be deemed guilty of an infraction, and upon
conviction thereof, shall be subject to the fine for an infraction.
</plain_text><html>
					&lt;section&gt;&lt;p&gt;&#xA0; RETAIL GROCERY PRICE MARKING.
	(Added by Ord. No. 153,436, Eff. 3/21/80.)&lt;br /&gt;&lt;br /&gt;	(a)	Every person owning, operating, managing, leasing or renting any retail grocery store, grocery department within a general retail merchandise store, or liquor store shall cause to have a clearly readable price indicated on each packaged consumer commodity offered for sale. Each automatic checkout system store, participating in the test provided for concurrently with adoption of this section, will provide a means by which the customer may mark individual items. Automatic checkout system stores participating in said test shall cause to have a clearly readable price conspicuously displayed on a shelf tag where the item is shelved rather than indicated on each packaged consumer commodity offered for sale.&lt;br /&gt;&lt;br /&gt;	(b)	The provisions of this section shall not apply to any of the following:&lt;br /&gt;&lt;br /&gt;	(1)	Any unpackaged fresh food produce;&lt;br /&gt;&lt;br /&gt;	(2)	Any consumer commodity which is under three cubic inches in size, weighs less than three ounces and is priced under thirty cents ($0.30);&lt;br /&gt;&lt;br /&gt;	(3)	Any consumer commodity offered as a sale item or as a special;&lt;br /&gt;&lt;br /&gt;	(4)	Any business which has as its only regular employees the owner thereof, or the parent, spouse, or child of such owner, or, in addition thereto, not more than two other regular employees;&lt;br /&gt;&lt;br /&gt;	(5)	Identical items within a multi-item package;&lt;br /&gt;&lt;br /&gt;	(6)	Items sold through a vending machine; and&lt;br /&gt;&lt;br /&gt;	(7)	Any consumer commodity, not including packaged produce, which was not generally item priced as of January 1, 1977, as determined by the State of California Department of Food and Agriculture.&lt;br /&gt;&lt;br /&gt;	(c)	The following definitions shall apply for purposes of this section:&lt;br /&gt;&lt;br /&gt;	(1)	&#x201C;Consumer commodity&#x201D; means:&lt;br /&gt;&lt;br /&gt;	(A)	Food, including all &lt;span class="dictionary"&gt;material&lt;/span&gt; whether solid, liquid, or mixed, and whether simple or compound, which is used or intended for consumption by human beings or domestic animals normally kept as household pets, and all substances or ingredients added to any such &lt;span class="dictionary"&gt;material&lt;/span&gt; for any purpose, but shall not include individual packages of cigarettes or individual cigars;&lt;br /&gt;&lt;br /&gt;	(B)	Paper and plastic products, such as, but not limited to, napkins, facial tissues, toilet tissues, foil wrapping, plastic wrapping, paper toweling, and disposable plates and cups;&lt;br /&gt;&lt;br /&gt;	(C)	Detergents, soaps, and other cleaning agents; and&lt;br /&gt;&lt;br /&gt;	(D)	Pharmaceuticals, including non-prescription drugs, bandages, female hygiene products, and toiletries.&lt;br /&gt;&lt;br /&gt;	(2)	&#x201C;Grocery department&#x201D; means an area within a general retail merchandise store which is engaged primarily in the retail sale of packaged food rather than food prepared for immediate consumption on or off the premises.&lt;br /&gt;&lt;br /&gt;	(3)	&#x201C;Grocery store&#x201D; means a store engaged primarily in the retail sale of packaged food, rather than food prepared for consumption on the premises.&lt;br /&gt;&lt;br /&gt;	(4)	&#x201C;Sale item or special&#x201D; means any consumer commodity offered in good faith for a period of seven days or less, on sale at a price below the normal price that item is usually sold for in that grocery store or grocery department.&lt;br /&gt;&lt;br /&gt;	(5)	&#x201C;Liquor store&#x201D; means a store with an off sale liquor license, as defined in State &lt;span class="dictionary"&gt;law&lt;/span&gt;, engaged primarily in the sale of liquor Items.&lt;br /&gt;&lt;br /&gt;	(6)	&#x201C;Automatic checkout system&#x201D; means an electronic system employing a scanning device combined with a computer and a register to read a universal product code or similar code on packaging and display and total the cost of the items purchased.&lt;br /&gt;&lt;br /&gt;	(d)	Any person intentionally violating any of the provisions of this section shall be deemed guilty of an infraction, and upon &lt;span class="dictionary"&gt;conviction&lt;/span&gt; thereof, shall be subject to the fine for an infraction.&lt;/p&gt;&lt;/section&gt;</html><previous_section id="708"><structure_id>15</structure_id><section_number>43.25</section_number><catch_line>Restaurant &#x2013; Menus Required.</catch_line><url>/43.25/</url><token>43.25</token></previous_section><text><unit id="13" prefix=""><text>&#xA0; RETAIL GROCERY PRICE MARKING.
	(Added by Ord. No. 153,436, Eff. 3/21/80.)	(a)	Every person owning, operating, managing, leasing or renting any retail grocery store, grocery department within a general retail merchandise store, or liquor store shall cause to have a clearly readable price indicated on each packaged consumer commodity offered for sale. Each automatic checkout system store, participating in the test provided for concurrently with adoption of this section, will provide a means by which the customer may mark individual items. Automatic checkout system stores participating in said test shall cause to have a clearly readable price conspicuously displayed on a shelf tag where the item is shelved rather than indicated on each packaged consumer commodity offered for sale.	(b)	The provisions of this section shall not apply to any of the following:	(1)	Any unpackaged fresh food produce;	(2)	Any consumer commodity which is under three cubic inches in size, weighs less than three ounces and is priced under thirty cents ($0.30);	(3)	Any consumer commodity offered as a sale item or as a special;	(4)	Any business which has as its only regular employees the owner thereof, or the parent, spouse, or child of such owner, or, in addition thereto, not more than two other regular employees;	(5)	Identical items within a multi-item package;	(6)	Items sold through a vending machine; and	(7)	Any consumer commodity, not including packaged produce, which was not generally item priced as of January 1, 1977, as determined by the State of California Department of Food and Agriculture.	(c)	The following definitions shall apply for purposes of this section:	(1)	&#x201C;Consumer commodity&#x201D; means:	(A)	Food, including all material whether solid, liquid, or mixed, and whether simple or compound, which is used or intended for consumption by human beings or domestic animals normally kept as household pets, and all substances or ingredients added to any such material for any purpose, but shall not include individual packages of cigarettes or individual cigars;	(B)	Paper and plastic products, such as, but not limited to, napkins, facial tissues, toilet tissues, foil wrapping, plastic wrapping, paper toweling, and disposable plates and cups;	(C)	Detergents, soaps, and other cleaning agents; and	(D)	Pharmaceuticals, including non-prescription drugs, bandages, female hygiene products, and toiletries.	(2)	&#x201C;Grocery department&#x201D; means an area within a general retail merchandise store which is engaged primarily in the retail sale of packaged food rather than food prepared for immediate consumption on or off the premises.	(3)	&#x201C;Grocery store&#x201D; means a store engaged primarily in the retail sale of packaged food, rather than food prepared for consumption on the premises.	(4)	&#x201C;Sale item or special&#x201D; means any consumer commodity offered in good faith for a period of seven days or less, on sale at a price below the normal price that item is usually sold for in that grocery store or grocery department.	(5)	&#x201C;Liquor store&#x201D; means a store with an off sale liquor license, as defined in State law, engaged primarily in the sale of liquor Items.	(6)	&#x201C;Automatic checkout system&#x201D; means an electronic system employing a scanning device combined with a computer and a register to read a universal product code or similar code on packaging and display and total the cost of the items purchased.	(d)	Any person intentionally violating any of the provisions of this section shall be deemed guilty of an infraction, and upon conviction thereof, shall be subject to the fine for an infraction.</text><type>section</type><prefixes><unit></unit></prefixes><entire_prefix></entire_prefix><prefix_anchor></prefix_anchor><level>1</level></unit></text></law>
