<?xml version="1.0"?>
<law><section_number>44.57</section_number><edition_id>1</edition_id><section_id>414</section_id><structure_id>61</structure_id><catch_line>Purchase Of Bingo Supplies Or Equipment.</catch_line><history></history><full_text></full_text><order_by>57</order_by><ancestry><unit id="61" label="article"><name>Bingo</name><identifier>4.5</identifier><url>/4/4.5/</url></unit><unit id="11" label="chapter"><name>Public Welfare</name><identifier>4</identifier><url>/4/</url></unit></ancestry><structure_contents><unit id="3628"><structure_id>61</structure_id><section_number>44.50</section_number><catch_line>Authority For Enactment.</catch_line><url>/44.50/</url><token>44.50</token></unit><unit id="537"><structure_id>61</structure_id><section_number>44.51</section_number><catch_line>License Required.</catch_line><url>/44.51/</url><token>44.51</token></unit><unit id="2814"><structure_id>61</structure_id><section_number>44.52</section_number><catch_line>Authority To Issue License And Prescribe Rules And Regulations.</catch_line><url>/44.52/</url><token>44.52</token></unit><unit id="189"><structure_id>61</structure_id><section_number>44.53</section_number><catch_line>Regulation Of Games.</catch_line><url>/44.53/</url><token>44.53</token></unit><unit id="4101"><structure_id>61</structure_id><section_number>44.54</section_number><catch_line>Hearings Subpoenas.</catch_line><url>/44.54/</url><token>44.54</token></unit><unit id="4097"><structure_id>61</structure_id><section_number>44.56</section_number><catch_line>Licensing Of Bingo Suppliers.</catch_line><url>/44.56/</url><token>44.56</token></unit><unit id="414"><structure_id>61</structure_id><section_number>44.57</section_number><catch_line>Purchase Of Bingo Supplies Or Equipment.</catch_line><url>/44.57/</url><token>44.57</token></unit></structure_contents><next_section id="414"><structure_id>61</structure_id><section_number>44.57</section_number><catch_line>Purchase Of Bingo Supplies Or Equipment.</catch_line><url>/44.57/</url><token>44.57</token></next_section><metadata></metadata><references></references><url>/44.57/</url><token>44.57</token><formats><txt>/44.57.txt</txt><json>/44.57.xml</json></formats><dublin_core><Title>Purchase Of Bingo Supplies Or Equipment.</Title><Type>Text</Type><Format>text/html</Format><Identifier>&#xA7; 44.57</Identifier><Relation>Los Angeles Municipal Code</Relation></dublin_core><plain_text>                            LOS ANGELES MUNICIPAL CODE

PURCHASE OF BINGO SUPPLIES OR EQUIPMENT. (&#xA7; 44.57)


</plain_text><html>
					&lt;section&gt;&lt;p&gt;&lt;/p&gt;&lt;/section&gt;</html><previous_section id="4097"><structure_id>61</structure_id><section_number>44.56</section_number><catch_line>Licensing Of Bingo Suppliers.</catch_line><url>/44.56/</url><token>44.56</token></previous_section><text><unit id="408" prefix=""><text></text><type>section</type><prefixes><unit></unit></prefixes><entire_prefix></entire_prefix><prefix_anchor></prefix_anchor><level>1</level></unit></text></law>
