<?xml version="1.0"?>
<law><section_number>47.14</section_number><edition_id>1</edition_id><section_id>70</section_id><structure_id>40</structure_id><catch_line>Self Service Display Of Tobacco Products.</catch_line><history></history><full_text>&#xA0; SELF SERVICE DISPLAY OF TOBACCO PRODUCTS.
	(Added by Ord. No. 173,261, Eff. 6/25/00.)

	(a)	Definitions.&#xA0; For the purposes of this section, the following definitions shall apply:

	1.	&#x201C;Person&#x201D; shall mean any natural person, partnership, cooperative association, domestic or foreign corporation, receiver, trustee, assignee, or any other legal entity.

	2.	&#x201C;Tobacco product&#x201D; shall mean any substance containing tobacco leaf, including but not limited to cigarettes, cigars, pipe tobacco, snuff, chewing tobacco, dipping tobacco, or any other preparation of tobacco.

	3.	&#x201C;Tobacco retailer&#x201D; shall mean any person who sells, offers for sale, or does or offers to exchange for any form of consideration, tobacco, tobacco products or tobacco paraphernalia; &#x201C;tobacco retailing&#x201D; shall mean engaging in any of these things.

	4.	&#x201C;Vendor-assisted sale&#x201D; shall mean a sale requiring a direct, face-to-face exchange between the tobacco retailer and the customer, in which the tobacco retailer or the tobacco retailer&#x2019;s employee has access to the tobacco product, and assists the customer by supplying the product.&#xA0; The customer does not take possession of the product until it is purchased.

	5.	&#x201C;Self-service display&#x201D; shall mean the open display of tobacco products to which the public has access without the intervention or assistance&#xA0; of a store employee, including but not limited to a rack, shelf, or counter-top display.

	6.	&#x201C;Cigar lounge&#x201D; shall mean a private smokers&#x2019; lounge of an enclosed area in or attached to a retail or wholesale tobacco shop that is dedicated to the use of tobacco products.

	7.	&#x201C;Tobacco shop&#x201D; shall mean a business establishment whose main or principal purpose is the sale of tobacco products, including but not limited to, cigars, pipe tobacco, and smoking accessories.

	(b)	Prohibition.&#xA0; No person or tobacco retailer shall sell, permit to be sold, or offer for sale any tobacco product by means of a self-service display, or by any means other than vendor-assisted sales.&#xA0; This prohibition shall not apply to tobacco shops or cigar lounges.</full_text><order_by>14</order_by><ancestry><unit id="40" label="article"><name>Miscellaneous</name><identifier>7</identifier><url>/4/7/</url></unit><unit id="11" label="chapter"><name>Public Welfare</name><identifier>4</identifier><url>/4/</url></unit></ancestry><structure_contents><unit id="2460"><structure_id>40</structure_id><section_number>47.00</section_number><catch_line>Posting Of Telephone Number Of The Fire Department Emergency Ambulance Service In Eating Establishments.</catch_line><url>/47.00/</url><token>47.00</token></unit><unit id="3540"><structure_id>40</structure_id><section_number>47.01</section_number><catch_line>Hotels, Motels, Lodging And Rooming Houses &#x2013; Register Required.</catch_line><url>/47.01/</url><token>47.01</token></unit><unit id="823"><structure_id>40</structure_id><section_number>47.02</section_number><catch_line>Marathons &#x2013; Endurance Contests And Exhibitions.</catch_line><url>/47.02/</url><token>47.02</token></unit><unit id="4149"><structure_id>40</structure_id><section_number>47.03</section_number><catch_line>Political Solicitations From City Officers And Employees.</catch_line><url>/47.03/</url><token>47.03</token></unit><unit id="3741"><structure_id>40</structure_id><section_number>47.04</section_number><catch_line>Sale Of Used Or Secondhand Hats.</catch_line><url>/47.04/</url><token>47.04</token></unit><unit id="2431"><structure_id>40</structure_id><section_number>47.05</section_number><catch_line>New Locks In Apartments &#x2013; Installation Required.</catch_line><url>/47.05/</url><token>47.05</token></unit><unit id="2668"><structure_id>40</structure_id><section_number>47.06</section_number><catch_line>Tenant Relocation Assistance Where Apartments Are To Be Converted.</catch_line><url>/47.06/</url><token>47.06</token></unit><unit id="4136"><structure_id>40</structure_id><section_number>47.07</section_number><catch_line>Tenant Relocation Assistance Where Apartments Are To Be Demolished.</catch_line><url>/47.07/</url><token>47.07</token></unit><unit id="276"><structure_id>40</structure_id><section_number>47.08</section_number><catch_line>Tenant Relocation Assistance Where Mobilehome Parks Are Changed To A Different Use.</catch_line><url>/47.08/</url><token>47.08</token></unit><unit id="1243"><structure_id>40</structure_id><section_number>47.09</section_number><catch_line>Mobilehome Park Closure Impact Report.</catch_line><url>/47.09/</url><token>47.09</token></unit><unit id="1478"><structure_id>40</structure_id><section_number>47.10</section_number><catch_line>Landlords &#x2013; Nonpayment Of Utility Bills.</catch_line><url>/47.10/</url><token>47.10</token></unit><unit id="3579"><structure_id>40</structure_id><section_number>47.11</section_number><catch_line>Display Of Aerosol Spray Paint Containers And Marker Pens.</catch_line><url>/47.11/</url><token>47.11</token></unit><unit id="2250"><structure_id>40</structure_id><section_number>47.12</section_number><catch_line>Excessive Price Increases During State Of Emergency.</catch_line><url>/47.12/</url><token>47.12</token></unit><unit id="782"><structure_id>40</structure_id><section_number>47.13</section_number><catch_line>Insertion Of Writings Into Containers.</catch_line><url>/47.13/</url><token>47.13</token></unit><unit id="70"><structure_id>40</structure_id><section_number>47.14</section_number><catch_line>Self Service Display Of Tobacco Products.</catch_line><url>/47.14/</url><token>47.14</token></unit><unit id="408"><structure_id>40</structure_id><section_number>47.15</section_number><catch_line>Spectators Prohibited At Speed Contests And Exhibitions Of Speed.</catch_line><url>/47.15/</url><token>47.15</token></unit><unit id="1944"><structure_id>40</structure_id><section_number>47.16</section_number><catch_line>Display And Sale Of Glass Etching Products.</catch_line><url>/47.16/</url><token>47.16</token></unit><unit id="803"><structure_id>40</structure_id><section_number>47.17</section_number><catch_line>Sale Of Motor-Driven Cycles And Motorized Bicycles.</catch_line><url>/47.17/</url><token>47.17</token></unit><unit id="3415"><structure_id>40</structure_id><section_number>47.50</section_number><catch_line>Narcotics, Violent Crime, Unlawful Weapon Or Ammunition
Crime, And Gang-Related Crime Eviction Program.</catch_line><url>/47.50/</url><token>47.50</token></unit></structure_contents><next_section id="408"><structure_id>40</structure_id><section_number>47.15</section_number><catch_line>Spectators Prohibited At Speed Contests And Exhibitions Of Speed.</catch_line><url>/47.15/</url><token>47.15</token></next_section><metadata></metadata><references></references><url>/47.14/</url><token>47.14</token><formats><txt>/47.14.txt</txt><json>/47.14.xml</json></formats><dublin_core><Title>Self Service Display Of Tobacco Products.</Title><Type>Text</Type><Format>text/html</Format><Identifier>&#xA7; 47.14</Identifier><Relation>Los Angeles Municipal Code</Relation></dublin_core><plain_text>                            LOS ANGELES MUNICIPAL CODE

SELF SERVICE DISPLAY OF TOBACCO PRODUCTS. (&#xA7; 47.14)

&#xA0; SELF SERVICE DISPLAY OF TOBACCO PRODUCTS.
	(Added by Ord. No. 173,261, Eff. 6/25/00.)	(a)	Definitions.&#xA0; For the purposes
of this section, the following definitions shall apply:	1.	&#x201C;Person&#x201D; shall
mean any natural person, partnership, cooperative association, domestic or
foreign corporation, receiver, trustee, assignee, or any other legal
entity.	2.	&#x201C;Tobacco product&#x201D; shall mean any substance containing tobacco
leaf, including but not limited to cigarettes, cigars, pipe tobacco, snuff,
chewing tobacco, dipping tobacco, or any other preparation of
tobacco.	3.	&#x201C;Tobacco retailer&#x201D; shall mean any person who sells, offers for
sale, or does or offers to exchange for any form of consideration, tobacco,
tobacco products or tobacco paraphernalia; &#x201C;tobacco retailing&#x201D; shall mean
engaging in any of these things.	4.	&#x201C;Vendor-assisted sale&#x201D; shall mean a sale
requiring a direct, face-to-face exchange between the tobacco retailer and the
customer, in which the tobacco retailer or the tobacco retailer&#x2019;s employee has
access to the tobacco product, and assists the customer by supplying the
product.&#xA0; The customer does not take possession of the product until it is
purchased.	5.	&#x201C;Self-service display&#x201D; shall mean the open display of tobacco
products to which the public has access without the intervention or assistance&#xA0;
of a store employee, including but not limited to a rack, shelf, or counter-top
display.	6.	&#x201C;Cigar lounge&#x201D; shall mean a private smokers&#x2019; lounge of an
enclosed area in or attached to a retail or wholesale tobacco shop that is
dedicated to the use of tobacco products.	7.	&#x201C;Tobacco shop&#x201D; shall mean a
business establishment whose main or principal purpose is the sale of tobacco
products, including but not limited to, cigars, pipe tobacco, and smoking
accessories.	(b)	Prohibition.&#xA0; No person or tobacco retailer shall sell, permit
to be sold, or offer for sale any tobacco product by means of a self-service
display, or by any means other than vendor-assisted sales.&#xA0; This prohibition
shall not apply to tobacco shops or cigar lounges.
</plain_text><html>
					&lt;section&gt;&lt;p&gt;&#xA0; SELF SERVICE DISPLAY OF TOBACCO PRODUCTS.
	(Added by Ord. No. 173,261, Eff. 6/25/00.)&lt;br /&gt;&lt;br /&gt;	(a)	Definitions.&#xA0; For the purposes of this section, the following definitions shall apply:&lt;br /&gt;&lt;br /&gt;	1.	&#x201C;Person&#x201D; shall mean any natural person, partnership, cooperative association, domestic or foreign corporation, receiver, trustee, assignee, or any other legal entity.&lt;br /&gt;&lt;br /&gt;	2.	&#x201C;Tobacco product&#x201D; shall mean any substance containing tobacco leaf, including but not limited to cigarettes, cigars, pipe tobacco, snuff, chewing tobacco, dipping tobacco, or any other preparation of tobacco.&lt;br /&gt;&lt;br /&gt;	3.	&#x201C;Tobacco retailer&#x201D; shall mean any person who sells, offers for sale, or does or offers to exchange for any form of consideration, tobacco, tobacco products or tobacco paraphernalia; &#x201C;tobacco retailing&#x201D; shall mean engaging in any of these things.&lt;br /&gt;&lt;br /&gt;	4.	&#x201C;Vendor-assisted sale&#x201D; shall mean a sale requiring a direct, face-to-face exchange between the tobacco retailer and the customer, in which the tobacco retailer or the tobacco retailer&#x2019;s employee has access to the tobacco product, and assists the customer by supplying the product.&#xA0; The customer does not take &lt;span class="dictionary"&gt;possession&lt;/span&gt; of the product until it is purchased.&lt;br /&gt;&lt;br /&gt;	5.	&#x201C;Self-service display&#x201D; shall mean the open display of tobacco products to which the public has access without the intervention or assistance&#xA0; of a store employee, including but not limited to a rack, shelf, or counter-top display.&lt;br /&gt;&lt;br /&gt;	6.	&#x201C;Cigar lounge&#x201D; shall mean a private smokers&#x2019; lounge of an enclosed area in or attached to a retail or wholesale tobacco shop that is dedicated to the use of tobacco products.&lt;br /&gt;&lt;br /&gt;	7.	&#x201C;Tobacco shop&#x201D; shall mean a business establishment whose main or principal purpose is the sale of tobacco products, including but not limited to, cigars, pipe tobacco, and smoking accessories.&lt;br /&gt;&lt;br /&gt;	(b)	Prohibition.&#xA0; No person or tobacco retailer shall sell, permit to be sold, or offer for sale any tobacco product by means of a self-service display, or by any means other than vendor-assisted sales.&#xA0; This prohibition shall not apply to tobacco shops or cigar lounges.&lt;/p&gt;&lt;/section&gt;</html><previous_section id="782"><structure_id>40</structure_id><section_number>47.13</section_number><catch_line>Insertion Of Writings Into Containers.</catch_line><url>/47.13/</url><token>47.13</token></previous_section><text><unit id="70" prefix=""><text>&#xA0; SELF SERVICE DISPLAY OF TOBACCO PRODUCTS.
	(Added by Ord. No. 173,261, Eff. 6/25/00.)	(a)	Definitions.&#xA0; For the purposes of this section, the following definitions shall apply:	1.	&#x201C;Person&#x201D; shall mean any natural person, partnership, cooperative association, domestic or foreign corporation, receiver, trustee, assignee, or any other legal entity.	2.	&#x201C;Tobacco product&#x201D; shall mean any substance containing tobacco leaf, including but not limited to cigarettes, cigars, pipe tobacco, snuff, chewing tobacco, dipping tobacco, or any other preparation of tobacco.	3.	&#x201C;Tobacco retailer&#x201D; shall mean any person who sells, offers for sale, or does or offers to exchange for any form of consideration, tobacco, tobacco products or tobacco paraphernalia; &#x201C;tobacco retailing&#x201D; shall mean engaging in any of these things.	4.	&#x201C;Vendor-assisted sale&#x201D; shall mean a sale requiring a direct, face-to-face exchange between the tobacco retailer and the customer, in which the tobacco retailer or the tobacco retailer&#x2019;s employee has access to the tobacco product, and assists the customer by supplying the product.&#xA0; The customer does not take possession of the product until it is purchased.	5.	&#x201C;Self-service display&#x201D; shall mean the open display of tobacco products to which the public has access without the intervention or assistance&#xA0; of a store employee, including but not limited to a rack, shelf, or counter-top display.	6.	&#x201C;Cigar lounge&#x201D; shall mean a private smokers&#x2019; lounge of an enclosed area in or attached to a retail or wholesale tobacco shop that is dedicated to the use of tobacco products.	7.	&#x201C;Tobacco shop&#x201D; shall mean a business establishment whose main or principal purpose is the sale of tobacco products, including but not limited to, cigars, pipe tobacco, and smoking accessories.	(b)	Prohibition.&#xA0; No person or tobacco retailer shall sell, permit to be sold, or offer for sale any tobacco product by means of a self-service display, or by any means other than vendor-assisted sales.&#xA0; This prohibition shall not apply to tobacco shops or cigar lounges.</text><type>section</type><prefixes><unit></unit></prefixes><entire_prefix></entire_prefix><prefix_anchor></prefix_anchor><level>1</level></unit></text></law>
