<?xml version="1.0"?>
<law><section_number>47.104</section_number><edition_id>1</edition_id><section_id>81</section_id><structure_id>39</structure_id><catch_line>Right Of Cancellation.</catch_line><history></history><full_text>&#xA0; RIGHT OF CANCELLATION.

	A.	In addition to any other right under law to rescind a contract, an owner has the right to cancel a Contract until midnight of the seventh calendar day after the day on which the Owner signs a Contract.

	B.	Cancellation occurs when the Owner gives written notice of cancellation to the Mortgage Modification Consultant by mail at the address specified in the Contract, or by facsimile or electronic mail at the number or address identified in the Contract.

	C.	Notice of cancellation, if given by mail, is effective when deposited in the mail properly addressed with the postage prepaid.&#xA0; If given by facsimile or electronic mail, notice of cancellation is effective when successfully transmitted.

	D.	Notice of cancellation given by the Owner need not take the particular form as provided with the Contract and, however expressed, is effective if it indicates the intention of the Owner not to be bound by the Contract.</full_text><order_by>104</order_by><ancestry><unit id="39" label="article"><name>Mortgage Modification Consultants</name><identifier>7.2</identifier><url>/4/7.2/</url></unit><unit id="11" label="chapter"><name>Public Welfare</name><identifier>4</identifier><url>/4/</url></unit></ancestry><structure_contents><unit id="69"><structure_id>39</structure_id><section_number>47.100</section_number><catch_line>Title.</catch_line><url>/47.100/</url><token>47.100</token></unit><unit id="3216"><structure_id>39</structure_id><section_number>47.101</section_number><catch_line>Purpose.</catch_line><url>/47.101/</url><token>47.101</token></unit><unit id="1620"><structure_id>39</structure_id><section_number>47.102</section_number><catch_line>Findings.</catch_line><url>/47.102/</url><token>47.102</token></unit><unit id="3878"><structure_id>39</structure_id><section_number>47.103</section_number><catch_line>Definitions.</catch_line><url>/47.103/</url><token>47.103</token></unit><unit id="81"><structure_id>39</structure_id><section_number>47.104</section_number><catch_line>Right Of Cancellation.</catch_line><url>/47.104/</url><token>47.104</token></unit><unit id="1312"><structure_id>39</structure_id><section_number>47.105</section_number><catch_line>Contract Requirements.</catch_line><url>/47.105/</url><token>47.105</token></unit><unit id="4167"><structure_id>39</structure_id><section_number>47.106</section_number><catch_line>Violations.</catch_line><url>/47.106/</url><token>47.106</token></unit><unit id="1083"><structure_id>39</structure_id><section_number>47.107</section_number><catch_line>Waiver.</catch_line><url>/47.107/</url><token>47.107</token></unit><unit id="2554"><structure_id>39</structure_id><section_number>47.108</section_number><catch_line>Owner'S Right Of Action.</catch_line><url>/47.108/</url><token>47.108</token></unit><unit id="1508"><structure_id>39</structure_id><section_number>47.109</section_number><catch_line>Liability Of Mortgage Foreclosure Consultant For
Damages Resulting From Statements Made, Or Acts By, A
Representative.</catch_line><url>/47.109/</url><token>47.109</token></unit></structure_contents><next_section id="1312"><structure_id>39</structure_id><section_number>47.105</section_number><catch_line>Contract Requirements.</catch_line><url>/47.105/</url><token>47.105</token></next_section><metadata></metadata><references></references><url>/47.104/</url><token>47.104</token><formats><txt>/47.104.txt</txt><json>/47.104.xml</json></formats><dublin_core><Title>Right Of Cancellation.</Title><Type>Text</Type><Format>text/html</Format><Identifier>&#xA7; 47.104</Identifier><Relation>Los Angeles Municipal Code</Relation></dublin_core><plain_text>                            LOS ANGELES MUNICIPAL CODE

RIGHT OF CANCELLATION. (&#xA7; 47.104)

&#xA0; RIGHT OF CANCELLATION.	A.	In addition to any other right under law to rescind
a contract, an owner has the right to cancel a Contract until midnight of the
seventh calendar day after the day on which the Owner signs a
Contract.	B.	Cancellation occurs when the Owner gives written notice of
cancellation to the Mortgage Modification Consultant by mail at the address
specified in the Contract, or by facsimile or electronic mail at the number or
address identified in the Contract.	C.	Notice of cancellation, if given by mail,
is effective when deposited in the mail properly addressed with the postage
prepaid.&#xA0; If given by facsimile or electronic mail, notice of cancellation is
effective when successfully transmitted.	D.	Notice of cancellation given by the
Owner need not take the particular form as provided with the Contract and,
however expressed, is effective if it indicates the intention of the Owner not
to be bound by the Contract.
</plain_text><html>
					&lt;section&gt;&lt;p&gt;&#xA0; RIGHT OF CANCELLATION.&lt;br /&gt;&lt;br /&gt;	A.	In addition to any other right under &lt;span class="dictionary"&gt;law&lt;/span&gt; to rescind a &lt;span class="dictionary"&gt;contract&lt;/span&gt;, an owner has the right to cancel a &lt;span class="dictionary"&gt;Contract&lt;/span&gt; until midnight of the seventh calendar day after the day on which the Owner signs a &lt;span class="dictionary"&gt;Contract&lt;/span&gt;.&lt;br /&gt;&lt;br /&gt;	B.	Cancellation occurs when the Owner gives written notice of cancellation to the Mortgage Modification Consultant by mail at the address specified in the &lt;span class="dictionary"&gt;Contract&lt;/span&gt;, or by facsimile or electronic mail at the number or address identified in the &lt;span class="dictionary"&gt;Contract&lt;/span&gt;.&lt;br /&gt;&lt;br /&gt;	C.	Notice of cancellation, if given by mail, is effective when deposited in the mail properly addressed with the postage prepaid.&#xA0; If given by facsimile or electronic mail, notice of cancellation is effective when successfully transmitted.&lt;br /&gt;&lt;br /&gt;	D.	Notice of cancellation given by the Owner need not take the particular form as provided with the &lt;span class="dictionary"&gt;Contract&lt;/span&gt; and, however expressed, is effective if it indicates the intention of the Owner not to be bound by the &lt;span class="dictionary"&gt;Contract&lt;/span&gt;.&lt;/p&gt;&lt;/section&gt;</html><previous_section id="3878"><structure_id>39</structure_id><section_number>47.103</section_number><catch_line>Definitions.</catch_line><url>/47.103/</url><token>47.103</token></previous_section><text><unit id="81" prefix=""><text>&#xA0; RIGHT OF CANCELLATION.	A.	In addition to any other right under law to rescind a contract, an owner has the right to cancel a Contract until midnight of the seventh calendar day after the day on which the Owner signs a Contract.	B.	Cancellation occurs when the Owner gives written notice of cancellation to the Mortgage Modification Consultant by mail at the address specified in the Contract, or by facsimile or electronic mail at the number or address identified in the Contract.	C.	Notice of cancellation, if given by mail, is effective when deposited in the mail properly addressed with the postage prepaid.&#xA0; If given by facsimile or electronic mail, notice of cancellation is effective when successfully transmitted.	D.	Notice of cancellation given by the Owner need not take the particular form as provided with the Contract and, however expressed, is effective if it indicates the intention of the Owner not to be bound by the Contract.</text><type>section</type><prefixes><unit></unit></prefixes><entire_prefix></entire_prefix><prefix_anchor></prefix_anchor><level>1</level></unit></text></law>
