<?xml version="1.0"?>
<law><section_number>48.07</section_number><edition_id>1</edition_id><section_id>26</section_id><structure_id>22</structure_id><catch_line>Registration.</catch_line><history></history><full_text>&#xA0; REGISTRATION.
	(Amended by Ord. No. 172,479, Eff. 4/10/99, Oper. 4/1/99.)

	A.	Requirement.&#xA0; An individual who qualifies as a lobbyist shall register with the City Ethics Commission within 10 days after the end of the calendar month in which the individual qualifies as a lobbyist.&#xA0; A person, including an individual lobbyist, shall register with the City Ethics Commission as a lobbying firm within 10 days after the end of the calendar month in which a partner, owner, shareholder, officer or employee qualifies as a lobbyist.&#xA0; If a person is not registered as a lobbyist or lobbying firm, but is performing acts which would require that person to so register, that person may continue to act as a lobbyist or lobbying firm so long as the person registers with the City Ethics Commission within 10 days after the person knew or should have known of the obligation to register.&#xA0; A lobbyist or lobbying firm shall register each client on whose behalf or from which the lobbyist or lobbying firm receives or becomes entitled to receive $250 or more in a calendar quarter for engaging in lobbying activities related to attempting to influence municipal legislation.

	B.	Duration of Status.&#xA0; A person who registers as a lobbyist or lobbying firm shall retain that status through December 31 of that year unless and until that person terminates the status as set forth below.

	C.	Fees.&#xA0; Every lobbyist shall pay an annual registration fee of $450 plus $75 for each client on whose behalf or from which the lobbyist receives or becomes entitled to receive $250 or more in a calendar quarter.&#xA0; Persons who initially register during the last quarter of a calendar year (October through December) shall pay prorated registration fees of $337 for each lobbyist plus $56 for each client.&#xA0; (Amended by Ord. No. 175,028, Eff. 2/5/03.)

	D.	Contents of Registration Statements &#x2013; Lobbyists.&#xA0; Registration statements of lobbyists shall contain the following:

	1.	The lobbyist&#x2019;s name, business address, business email, and business telephone number.&#xA0; (Amended by Ord. No. 182,360, Eff. 1/30/13.)

	2.	The lobbying firm, if any, of which the lobbyist is an employee, partner, officer or owner.

	3.	If the lobbyist is not an employee, partner, officer or owner of a lobbying firm, the name, address and telephone number of the lobbyist&#x2019;s employer.&#xA0; (Amended by Ord. No. 182,360, Eff. 1/30/13.)

	4.	Each City agency that the lobbyist has the authority to attempt to influence on behalf of any client or employer.

	5.	A statement that the lobbyist has reviewed and understands the requirements of this article.

	6.	Any other information required by regulation of the City Ethics Commission, consistent with the purposes and provisions of this article.

	E.	Contents of Registration Statements &#x2013; Lobbying Firms.&#xA0; Registration statements of lobbying firms (including individual contract lobbyists) shall contain the following:

	1.	The name, address, email, and telephone number of the firm.&#xA0; (Amended by Ord. No. 182,360, Eff. 1/30/13.)

	2.	The name of each lobbyist who is a partner, owner, shareholder, officer or employee of the firm.

	3.	For each client on whose behalf or from which the firm received or became entitled to receive $250 in compensation during the calendar quarter for engaging in lobbying activities related to attempting to influence municipal legislation within the meaning of this Article:&#xA0; (Renumbered and Amended by Ord. No. 182,360, Eff. 1/30/13.)

	(a) 	The client&#x2019;s name, business or residence address, and business or residence telephone number.

	(b) 	The period during which the representation will occur.

	(c) 	The item or items of municipal legislation for which the firm was retained to represent the client, or, if no specific items of municipal legislation for which the firm was retained to represent the client can be identified, a description of the types of municipal legislation for which the firm was retained to represent the client.

	(d) 	Each City agency that the lobbying firm has the authority to attempt to influence on behalf of the client.

	(e) 	In the case of a lobbyist who is an individual contract lobbyist, a statement that he or she has reviewed and understands the requirements of this Article.

	(f) 	The name, address, email, and telephone number of the person responsible for preparing the statement.

	(g) 	Any other information required by regulation of the City Ethics Commission, consistent with the purposes and provisions of this Article.

	F.	Amendments to Registrations.&#xA0; Lobbyists and lobbying firms shall file amendments to their registration statements within 10 days of any change in information required to be set forth on the registration statement.&#xA0; (Renumbered and Former Subsection F. deleted by Ord. No. 182,360, Eff. 1/30/13.)

	G.	Termination.&#xA0; Any person registered under this Article shall file a termination statement with the City Ethics Commission within 20 days after ceasing all activity governed by this Article.&#xA0; (Renumbered and Amended by Ord. No. 182,360, Eff. 1/30/13.)

	H.	Education Requirement.&#xA0; Every individual who is required to register as a lobbyist shall attend a City lobbying information session conducted by the City Ethics Commission no less than once every two calendar years, according to the following schedule:&#xA0; (Renumbered by Ord. No. 182,360, Eff. 1/30/13.)

	(1)	An individual who has not registered as a lobbyist in the immediately preceding two calendar years shall attend a City lobbying information session within six months of his or her registration date as a lobbyist.

	(2)	A registered lobbyist who did not attend a City lobbying information session during the previous calendar year shall attend a City lobbying session by the end of the current calendar year.

	(3)	A registered lobbyist who attends a City lobbying information session during the current calendar year is not required to attend a City lobbying information session during the following calendar year.</full_text><order_by>07</order_by><ancestry><unit id="22" label="article"><name>Municipal Lobbying</name><identifier>8</identifier><url>/4/8/</url></unit><unit id="11" label="chapter"><name>Public Welfare</name><identifier>4</identifier><url>/4/</url></unit></ancestry><structure_contents><unit id="3866"><structure_id>22</structure_id><section_number>48.01</section_number><catch_line>Title And Findings.</catch_line><url>/48.01/</url><token>48.01</token></unit><unit id="714"><structure_id>22</structure_id><section_number>48.02</section_number><catch_line>Definitions.</catch_line><url>/48.02/</url><token>48.02</token></unit><unit id="3086"><structure_id>22</structure_id><section_number>48.03</section_number><catch_line>Exemptions.</catch_line><url>/48.03/</url><token>48.03</token></unit><unit id="1717"><structure_id>22</structure_id><section_number>48.04</section_number><catch_line>Prohibitions.</catch_line><url>/48.04/</url><token>48.04</token></unit><unit id="2345"><structure_id>22</structure_id><section_number>48.05</section_number><catch_line>Record-Keeping Responsibilities.</catch_line><url>/48.05/</url><token>48.05</token></unit><unit id="4078"><structure_id>22</structure_id><section_number>48.06</section_number><catch_line>Filing Methods.</catch_line><url>/48.06/</url><token>48.06</token></unit><unit id="2120"><structure_id>22</structure_id><section_number>48.06.1</section_number><catch_line>Online Filing Of Lobbying Registration And Disclosure Statements.</catch_line><url>/48.06.1/</url><token>48.06.1</token></unit><unit id="26"><structure_id>22</structure_id><section_number>48.07</section_number><catch_line>Registration.</catch_line><url>/48.07/</url><token>48.07</token></unit><unit id="2977"><structure_id>22</structure_id><section_number>48.08</section_number><catch_line>Disclosure Reports.</catch_line><url>/48.08/</url><token>48.08</token></unit><unit id="1673"><structure_id>22</structure_id><section_number>48.08.5</section_number><catch_line>Copies Of Solicitations.</catch_line><url>/48.08.5/</url><token>48.08.5</token></unit><unit id="220"><structure_id>22</structure_id><section_number>48.08.6</section_number><catch_line>Lobbying Disclosure &#x2013; Political Contributions.</catch_line><url>/48.08.6/</url><token>48.08.6</token></unit><unit id="2903"><structure_id>22</structure_id><section_number>48.08.7</section_number><catch_line>Lobbying Disclosure &#x2013; Fundraising Activity.</catch_line><url>/48.08.7/</url><token>48.08.7</token></unit><unit id="36"><structure_id>22</structure_id><section_number>48.08.8</section_number><catch_line>Lobbying Disclosure &#x2013; Written Communications To Neighborhood Councils.</catch_line><url>/48.08.8/</url><token>48.08.8</token></unit><unit id="1964"><structure_id>22</structure_id><section_number>48.09</section_number><catch_line>Compliance Measures And Enforcement.</catch_line><url>/48.09/</url><token>48.09</token></unit><unit id="2941"><structure_id>22</structure_id><section_number>48.10</section_number><catch_line>Ethics Commission Reports.</catch_line><url>/48.10/</url><token>48.10</token></unit><unit id="918"><structure_id>22</structure_id><section_number>48.11</section_number><catch_line>Severability.</catch_line><url>/48.11/</url><token>48.11</token></unit></structure_contents><next_section id="2977"><structure_id>22</structure_id><section_number>48.08</section_number><catch_line>Disclosure Reports.</catch_line><url>/48.08/</url><token>48.08</token></next_section><metadata></metadata><references></references><url>/48.07/</url><token>48.07</token><formats><txt>/48.07.txt</txt><json>/48.07.xml</json></formats><dublin_core><Title>Registration.</Title><Type>Text</Type><Format>text/html</Format><Identifier>&#xA7; 48.07</Identifier><Relation>Los Angeles Municipal Code</Relation></dublin_core><plain_text>                            LOS ANGELES MUNICIPAL CODE

REGISTRATION. (&#xA7; 48.07)

&#xA0; REGISTRATION.
	(Amended by Ord. No. 172,479, Eff. 4/10/99, Oper. 4/1/99.)	A.	Requirement.&#xA0; An
individual who qualifies as a lobbyist shall register with the City Ethics
Commission within 10 days after the end of the calendar month in which the
individual qualifies as a lobbyist.&#xA0; A person, including an individual
lobbyist, shall register with the City Ethics Commission as a lobbying firm
within 10 days after the end of the calendar month in which a partner, owner,
shareholder, officer or employee qualifies as a lobbyist.&#xA0; If a person is not
registered as a lobbyist or lobbying firm, but is performing acts which would
require that person to so register, that person may continue to act as a
lobbyist or lobbying firm so long as the person registers with the City Ethics
Commission within 10 days after the person knew or should have known of the
obligation to register.&#xA0; A lobbyist or lobbying firm shall register each client
on whose behalf or from which the lobbyist or lobbying firm receives or becomes
entitled to receive $250 or more in a calendar quarter for engaging in lobbying
activities related to attempting to influence municipal legislation.	B.	Duration
of Status.&#xA0; A person who registers as a lobbyist or lobbying firm shall retain
that status through December 31 of that year unless and until that person
terminates the status as set forth below.	C.	Fees.&#xA0; Every lobbyist shall pay an
annual registration fee of $450 plus $75 for each client on whose behalf or from
which the lobbyist receives or becomes entitled to receive $250 or more in a
calendar quarter.&#xA0; Persons who initially register during the last quarter of a
calendar year (October through December) shall pay prorated registration fees of
$337 for each lobbyist plus $56 for each client.&#xA0; (Amended by Ord. No. 175,028,
Eff. 2/5/03.)	D.	Contents of Registration Statements &#x2013; Lobbyists.&#xA0;
Registration statements of lobbyists shall contain the following:	1.	The
lobbyist&#x2019;s name, business address, business email, and business telephone
number.&#xA0; (Amended by Ord. No. 182,360, Eff. 1/30/13.)	2.	The lobbying firm, if
any, of which the lobbyist is an employee, partner, officer or owner.	3.	If the
lobbyist is not an employee, partner, officer or owner of a lobbying firm, the
name, address and telephone number of the lobbyist&#x2019;s employer.&#xA0; (Amended by
Ord. No. 182,360, Eff. 1/30/13.)	4.	Each City agency that the lobbyist has the
authority to attempt to influence on behalf of any client or employer.	5.	A
statement that the lobbyist has reviewed and understands the requirements of
this article.	6.	Any other information required by regulation of the City Ethics
Commission, consistent with the purposes and provisions of this
article.	E.	Contents of Registration Statements &#x2013; Lobbying Firms.&#xA0;
Registration statements of lobbying firms (including individual contract
lobbyists) shall contain the following:	1.	The name, address, email, and
telephone number of the firm.&#xA0; (Amended by Ord. No. 182,360, Eff.
1/30/13.)	2.	The name of each lobbyist who is a partner, owner, shareholder,
officer or employee of the firm.	3.	For each client on whose behalf or from
which the firm received or became entitled to receive $250 in compensation
during the calendar quarter for engaging in lobbying activities related to
attempting to influence municipal legislation within the meaning of this
Article:&#xA0; (Renumbered and Amended by Ord. No. 182,360, Eff. 1/30/13.)	(a) 	The
client&#x2019;s name, business or residence address, and business or residence
telephone number.	(b) 	The period during which the representation will
occur.	(c) 	The item or items of municipal legislation for which the firm was
retained to represent the client, or, if no specific items of municipal
legislation for which the firm was retained to represent the client can be
identified, a description of the types of municipal legislation for which the
firm was retained to represent the client.	(d) 	Each City agency that the
lobbying firm has the authority to attempt to influence on behalf of the
client.	(e) 	In the case of a lobbyist who is an individual contract lobbyist, a
statement that he or she has reviewed and understands the requirements of this
Article.	(f) 	The name, address, email, and telephone number of the person
responsible for preparing the statement.	(g) 	Any other information required by
regulation of the City Ethics Commission, consistent with the purposes and
provisions of this Article.	F.	Amendments to Registrations.&#xA0; Lobbyists and
lobbying firms shall file amendments to their registration statements within 10
days of any change in information required to be set forth on the registration
statement.&#xA0; (Renumbered and Former Subsection F. deleted by Ord. No. 182,360,
Eff. 1/30/13.)	G.	Termination.&#xA0; Any person registered under this Article shall
file a termination statement with the City Ethics Commission within 20 days
after ceasing all activity governed by this Article.&#xA0; (Renumbered and Amended
by Ord. No. 182,360, Eff. 1/30/13.)	H.	Education Requirement.&#xA0; Every individual
who is required to register as a lobbyist shall attend a City lobbying
information session conducted by the City Ethics Commission no less than once
every two calendar years, according to the following schedule:&#xA0; (Renumbered by
Ord. No. 182,360, Eff. 1/30/13.)	(1)	An individual who has not registered as a
lobbyist in the immediately preceding two calendar years shall attend a City
lobbying information session within six months of his or her registration date
as a lobbyist.	(2)	A registered lobbyist who did not attend a City lobbying
information session during the previous calendar year shall attend a City
lobbying session by the end of the current calendar year.	(3)	A registered
lobbyist who attends a City lobbying information session during the current
calendar year is not required to attend a City lobbying information session
during the following calendar year.
</plain_text><html>
					&lt;section&gt;&lt;p&gt;&#xA0; REGISTRATION.
	(Amended by Ord. No. 172,479, Eff. 4/10/99, Oper. 4/1/99.)&lt;br /&gt;&lt;br /&gt;	A.	Requirement.&#xA0; An individual who qualifies as a lobbyist shall register with the City Ethics Commission within 10 days after the end of the calendar month in which the individual qualifies as a lobbyist.&#xA0; A person, including an individual lobbyist, shall register with the City Ethics Commission as a lobbying firm within 10 days after the end of the calendar month in which a partner, owner, shareholder, officer or employee qualifies as a lobbyist.&#xA0; If a person is not registered as a lobbyist or lobbying firm, but is performing acts which would require that person to so register, that person may continue to act as a lobbyist or lobbying firm so long as the person registers with the City Ethics Commission within 10 days after the person knew or should have known of the obligation to register.&#xA0; A lobbyist or lobbying firm shall register each client on whose behalf or from which the lobbyist or lobbying firm receives or becomes entitled to receive $250 or more in a calendar quarter for engaging in lobbying activities related to attempting to influence municipal legislation.&lt;br /&gt;&lt;br /&gt;	B.	Duration of Status.&#xA0; A person who registers as a lobbyist or lobbying firm shall retain that status through December 31 of that year unless and until that person terminates the status as set forth below.&lt;br /&gt;&lt;br /&gt;	C.	Fees.&#xA0; Every lobbyist shall pay an annual registration fee of $450 plus $75 for each client on whose behalf or from which the lobbyist receives or becomes entitled to receive $250 or more in a calendar quarter.&#xA0; Persons who initially register during the last quarter of a calendar year (October through December) shall pay prorated registration fees of $337 for each lobbyist plus $56 for each client.&#xA0; (Amended by Ord. No. 175,028, Eff. 2/5/03.)&lt;br /&gt;&lt;br /&gt;	D.	Contents of Registration Statements &#x2013; Lobbyists.&#xA0; Registration statements of lobbyists shall contain the following:&lt;br /&gt;&lt;br /&gt;	1.	The lobbyist&#x2019;s name, business address, business email, and business telephone number.&#xA0; (Amended by Ord. No. 182,360, Eff. 1/30/13.)&lt;br /&gt;&lt;br /&gt;	2.	The lobbying firm, if any, of which the lobbyist is an employee, partner, officer or owner.&lt;br /&gt;&lt;br /&gt;	3.	If the lobbyist is not an employee, partner, officer or owner of a lobbying firm, the name, address and telephone number of the lobbyist&#x2019;s employer.&#xA0; (Amended by Ord. No. 182,360, Eff. 1/30/13.)&lt;br /&gt;&lt;br /&gt;	4.	Each City agency that the lobbyist has the authority to attempt to influence on behalf of any client or employer.&lt;br /&gt;&lt;br /&gt;	5.	A statement that the lobbyist has reviewed and understands the requirements of this article.&lt;br /&gt;&lt;br /&gt;	6.	Any other information required by regulation of the City Ethics Commission, consistent with the purposes and provisions of this article.&lt;br /&gt;&lt;br /&gt;	E.	Contents of Registration Statements &#x2013; Lobbying Firms.&#xA0; Registration statements of lobbying firms (including individual &lt;span class="dictionary"&gt;contract&lt;/span&gt; lobbyists) shall contain the following:&lt;br /&gt;&lt;br /&gt;	1.	The name, address, email, and telephone number of the firm.&#xA0; (Amended by Ord. No. 182,360, Eff. 1/30/13.)&lt;br /&gt;&lt;br /&gt;	2.	The name of each lobbyist who is a partner, owner, shareholder, officer or employee of the firm.&lt;br /&gt;&lt;br /&gt;	3.	For each client on whose behalf or from which the firm received or became entitled to receive $250 in compensation during the calendar quarter for engaging in lobbying activities related to attempting to influence municipal legislation within the meaning of this Article:&#xA0; (Renumbered and Amended by Ord. No. 182,360, Eff. 1/30/13.)&lt;br /&gt;&lt;br /&gt;	(a) 	The client&#x2019;s name, business or residence address, and business or residence telephone number.&lt;br /&gt;&lt;br /&gt;	(b) 	The period during which the representation will occur.&lt;br /&gt;&lt;br /&gt;	(c) 	The item or items of municipal legislation for which the firm was retained to represent the client, or, if no specific items of municipal legislation for which the firm was retained to represent the client can be identified, a description of the types of municipal legislation for which the firm was retained to represent the client.&lt;br /&gt;&lt;br /&gt;	(d) 	Each City agency that the lobbying firm has the authority to attempt to influence on behalf of the client.&lt;br /&gt;&lt;br /&gt;	(e) 	In the case of a lobbyist who is an individual &lt;span class="dictionary"&gt;contract&lt;/span&gt; lobbyist, a statement that he or she has reviewed and understands the requirements of this Article.&lt;br /&gt;&lt;br /&gt;	(f) 	The name, address, email, and telephone number of the person responsible for preparing the statement.&lt;br /&gt;&lt;br /&gt;	(g) 	Any other information required by regulation of the City Ethics Commission, consistent with the purposes and provisions of this Article.&lt;br /&gt;&lt;br /&gt;	F.	Amendments to Registrations.&#xA0; Lobbyists and lobbying firms shall file amendments to their registration statements within 10 days of any change in information required to be set forth on the registration statement.&#xA0; (Renumbered and Former Subsection F. deleted by Ord. No. 182,360, Eff. 1/30/13.)&lt;br /&gt;&lt;br /&gt;	G.	Termination.&#xA0; Any person registered under this Article shall file a termination statement with the City Ethics Commission within 20 days after ceasing all activity governed by this Article.&#xA0; (Renumbered and Amended by Ord. No. 182,360, Eff. 1/30/13.)&lt;br /&gt;&lt;br /&gt;	H.	Education Requirement.&#xA0; Every individual who is required to register as a lobbyist shall attend a City lobbying information session conducted by the City Ethics Commission no less than once every two calendar years, according to the following schedule:&#xA0; (Renumbered by Ord. No. 182,360, Eff. 1/30/13.)&lt;br /&gt;&lt;br /&gt;	(1)	An individual who has not registered as a lobbyist in the immediately preceding two calendar years shall attend a City lobbying information session within six months of his or her registration date as a lobbyist.&lt;br /&gt;&lt;br /&gt;	(2)	A registered lobbyist who did not attend a City lobbying information session during the previous calendar year shall attend a City lobbying session by the end of the current calendar year.&lt;br /&gt;&lt;br /&gt;	(3)	A registered lobbyist who attends a City lobbying information session during the current calendar year is not required to attend a City lobbying information session during the following calendar year.&lt;/p&gt;&lt;/section&gt;</html><previous_section id="2120"><structure_id>22</structure_id><section_number>48.06.1</section_number><catch_line>Online Filing Of Lobbying Registration And Disclosure Statements.</catch_line><url>/48.06.1/</url><token>48.06.1</token></previous_section><text><unit id="26" prefix=""><text>&#xA0; REGISTRATION.
	(Amended by Ord. No. 172,479, Eff. 4/10/99, Oper. 4/1/99.)	A.	Requirement.&#xA0; An individual who qualifies as a lobbyist shall register with the City Ethics Commission within 10 days after the end of the calendar month in which the individual qualifies as a lobbyist.&#xA0; A person, including an individual lobbyist, shall register with the City Ethics Commission as a lobbying firm within 10 days after the end of the calendar month in which a partner, owner, shareholder, officer or employee qualifies as a lobbyist.&#xA0; If a person is not registered as a lobbyist or lobbying firm, but is performing acts which would require that person to so register, that person may continue to act as a lobbyist or lobbying firm so long as the person registers with the City Ethics Commission within 10 days after the person knew or should have known of the obligation to register.&#xA0; A lobbyist or lobbying firm shall register each client on whose behalf or from which the lobbyist or lobbying firm receives or becomes entitled to receive $250 or more in a calendar quarter for engaging in lobbying activities related to attempting to influence municipal legislation.	B.	Duration of Status.&#xA0; A person who registers as a lobbyist or lobbying firm shall retain that status through December 31 of that year unless and until that person terminates the status as set forth below.	C.	Fees.&#xA0; Every lobbyist shall pay an annual registration fee of $450 plus $75 for each client on whose behalf or from which the lobbyist receives or becomes entitled to receive $250 or more in a calendar quarter.&#xA0; Persons who initially register during the last quarter of a calendar year (October through December) shall pay prorated registration fees of $337 for each lobbyist plus $56 for each client.&#xA0; (Amended by Ord. No. 175,028, Eff. 2/5/03.)	D.	Contents of Registration Statements &#x2013; Lobbyists.&#xA0; Registration statements of lobbyists shall contain the following:	1.	The lobbyist&#x2019;s name, business address, business email, and business telephone number.&#xA0; (Amended by Ord. No. 182,360, Eff. 1/30/13.)	2.	The lobbying firm, if any, of which the lobbyist is an employee, partner, officer or owner.	3.	If the lobbyist is not an employee, partner, officer or owner of a lobbying firm, the name, address and telephone number of the lobbyist&#x2019;s employer.&#xA0; (Amended by Ord. No. 182,360, Eff. 1/30/13.)	4.	Each City agency that the lobbyist has the authority to attempt to influence on behalf of any client or employer.	5.	A statement that the lobbyist has reviewed and understands the requirements of this article.	6.	Any other information required by regulation of the City Ethics Commission, consistent with the purposes and provisions of this article.	E.	Contents of Registration Statements &#x2013; Lobbying Firms.&#xA0; Registration statements of lobbying firms (including individual contract lobbyists) shall contain the following:	1.	The name, address, email, and telephone number of the firm.&#xA0; (Amended by Ord. No. 182,360, Eff. 1/30/13.)	2.	The name of each lobbyist who is a partner, owner, shareholder, officer or employee of the firm.	3.	For each client on whose behalf or from which the firm received or became entitled to receive $250 in compensation during the calendar quarter for engaging in lobbying activities related to attempting to influence municipal legislation within the meaning of this Article:&#xA0; (Renumbered and Amended by Ord. No. 182,360, Eff. 1/30/13.)	(a) 	The client&#x2019;s name, business or residence address, and business or residence telephone number.	(b) 	The period during which the representation will occur.	(c) 	The item or items of municipal legislation for which the firm was retained to represent the client, or, if no specific items of municipal legislation for which the firm was retained to represent the client can be identified, a description of the types of municipal legislation for which the firm was retained to represent the client.	(d) 	Each City agency that the lobbying firm has the authority to attempt to influence on behalf of the client.	(e) 	In the case of a lobbyist who is an individual contract lobbyist, a statement that he or she has reviewed and understands the requirements of this Article.	(f) 	The name, address, email, and telephone number of the person responsible for preparing the statement.	(g) 	Any other information required by regulation of the City Ethics Commission, consistent with the purposes and provisions of this Article.	F.	Amendments to Registrations.&#xA0; Lobbyists and lobbying firms shall file amendments to their registration statements within 10 days of any change in information required to be set forth on the registration statement.&#xA0; (Renumbered and Former Subsection F. deleted by Ord. No. 182,360, Eff. 1/30/13.)	G.	Termination.&#xA0; Any person registered under this Article shall file a termination statement with the City Ethics Commission within 20 days after ceasing all activity governed by this Article.&#xA0; (Renumbered and Amended by Ord. No. 182,360, Eff. 1/30/13.)	H.	Education Requirement.&#xA0; Every individual who is required to register as a lobbyist shall attend a City lobbying information session conducted by the City Ethics Commission no less than once every two calendar years, according to the following schedule:&#xA0; (Renumbered by Ord. No. 182,360, Eff. 1/30/13.)	(1)	An individual who has not registered as a lobbyist in the immediately preceding two calendar years shall attend a City lobbying information session within six months of his or her registration date as a lobbyist.	(2)	A registered lobbyist who did not attend a City lobbying information session during the previous calendar year shall attend a City lobbying session by the end of the current calendar year.	(3)	A registered lobbyist who attends a City lobbying information session during the current calendar year is not required to attend a City lobbying information session during the following calendar year.</text><type>section</type><prefixes><unit></unit></prefixes><entire_prefix></entire_prefix><prefix_anchor></prefix_anchor><level>1</level></unit></text></law>
