<?xml version="1.0"?>
<law><section_number>49.7.1</section_number><edition_id>1</edition_id><section_id>45</section_id><structure_id>12</structure_id><catch_line>Relation To The City Charter.</catch_line><history></history><full_text>&#xA0; RELATION TO THE CITY CHARTER.

	The provisions of this Article relating to contribution limitations are in addition to and supplement the regulations contained in Charter Sections 470 and 609(e).&#xA0; The provisions of this Article relating to public financing and expenditure limitations are adopted pursuant to the authorization contained in Charter Section 471.</full_text><order_by>7.1</order_by><text><unit id="45" prefix=""><text>&#xA0; RELATION TO THE CITY CHARTER.

	The provisions of this Article relating to contribution limitations are in addition to and supplement the regulations contained in Charter Sections 470 and 609(e).&#xA0; The provisions of this Article relating to public financing and expenditure limitations are adopted pursuant to the authorization contained in Charter Section 471.</text><type>section</type><prefixes><unit></unit></prefixes><entire_prefix></entire_prefix><prefix_anchor></prefix_anchor><level>1</level></unit></text><ancestry><unit id="12" label="article"><name>Campaign Financing</name><identifier>9.7</identifier><url>/4/9.7/</url></unit><unit id="11" label="chapter"><name>Public Welfare</name><identifier>4</identifier><url>/4/</url></unit></ancestry><structure_contents><unit id="437"><structure_id>12</structure_id><section_number>49.7.32</section_number><catch_line>1.
From The First Date An
Individual May File A Declaration Of Intention To Become A
Candidate With The City Clerk Through The Date Of The Associated
General Election, Or During The 90 Days Prior To An Election If No
City Candidate Will Be On The Ballot, Within 24 Hours After Making
Or Incurring The Expenditures.
</catch_line><url>/49.7.32/</url><token>49.7.32</token></unit><unit id="45"><structure_id>12</structure_id><section_number>49.7.1</section_number><catch_line>Relation To The City Charter.</catch_line><url>/49.7.1/</url><token>49.7.1</token></unit><unit id="3597"><structure_id>12</structure_id><section_number>49.7.10</section_number><catch_line>Fundraising Windows.</catch_line><url>/49.7.10/</url><token>49.7.10</token></unit><unit id="2462"><structure_id>12</structure_id><section_number>49.7.11</section_number><catch_line>Solicitation And Delivery Of Campaign Contributions.</catch_line><url>/49.7.11/</url><token>49.7.11</token></unit><unit id="1617"><structure_id>12</structure_id><section_number>49.7.12</section_number><catch_line>Training For Candidates And Treasurers.</catch_line><url>/49.7.12/</url><token>49.7.12</token></unit><unit id="801"><structure_id>12</structure_id><section_number>49.7.13</section_number><catch_line>Committees To Oppose Recall Petitions.</catch_line><url>/49.7.13/</url><token>49.7.13</token></unit><unit id="1040"><structure_id>12</structure_id><section_number>49.7.14</section_number><catch_line>Campaign Statement Filing Deadlines.</catch_line><url>/49.7.14/</url><token>49.7.14</token></unit><unit id="2023"><structure_id>12</structure_id><section_number>49.7.15</section_number><catch_line>Campaign Information.</catch_line><url>/49.7.15/</url><token>49.7.15</token></unit><unit id="1356"><structure_id>12</structure_id><section_number>49.7.16</section_number><catch_line>Contributor Information.</catch_line><url>/49.7.16/</url><token>49.7.16</token></unit><unit id="3921"><structure_id>12</structure_id><section_number>49.7.17</section_number><catch_line>Filing And Recordkeeping Requirements.</catch_line><url>/49.7.17/</url><token>49.7.17</token></unit><unit id="2433"><structure_id>12</structure_id><section_number>49.7.18</section_number><catch_line>Reproduction Of Materials.</catch_line><url>/49.7.18/</url><token>49.7.18</token></unit><unit id="3587"><structure_id>12</structure_id><section_number>49.7.19</section_number><catch_line>Officeholder Expense Fund.</catch_line><url>/49.7.19/</url><token>49.7.19</token></unit><unit id="2988"><structure_id>12</structure_id><section_number>49.7.2</section_number><catch_line>Definitions.</catch_line><url>/49.7.2/</url><token>49.7.2</token></unit><unit id="8"><structure_id>12</structure_id><section_number>49.7.20</section_number><catch_line>Legal Defense Fund.</catch_line><url>/49.7.20/</url><token>49.7.20</token></unit><unit id="3625"><structure_id>12</structure_id><section_number>49.7.21</section_number><catch_line>Disclosure By Officeholder Expense Funds And Legal Defense Funds.</catch_line><url>/49.7.21/</url><token>49.7.21</token></unit><unit id="2557"><structure_id>12</structure_id><section_number>49.7.22</section_number><catch_line>Acceptance Or Rejection Of Matching Funds.</catch_line><url>/49.7.22/</url><token>49.7.22</token></unit><unit id="1030"><structure_id>12</structure_id><section_number>49.7.23</section_number><catch_line>Participation And Qualification Requirements.</catch_line><url>/49.7.23/</url><token>49.7.23</token></unit><unit id="280"><structure_id>12</structure_id><section_number>49.7.24</section_number><catch_line>Expenditure Ceilings.</catch_line><url>/49.7.24/</url><token>49.7.24</token></unit><unit id="2683"><structure_id>12</structure_id><section_number>49.7.25</section_number><catch_line>Expenditure Ceilings Lifted.</catch_line><url>/49.7.25/</url><token>49.7.25</token></unit><unit id="1146"><structure_id>12</structure_id><section_number>49.7.26</section_number><catch_line>Notice Regarding Expenditure Ceilings.</catch_line><url>/49.7.26/</url><token>49.7.26</token></unit><unit id="1710"><structure_id>12</structure_id><section_number>49.7.27</section_number><catch_line>Matching Funds Formula.</catch_line><url>/49.7.27/</url><token>49.7.27</token></unit><unit id="1154"><structure_id>12</structure_id><section_number>49.7.28</section_number><catch_line>Requests For Matching Funds Payments.</catch_line><url>/49.7.28/</url><token>49.7.28</token></unit><unit id="3125"><structure_id>12</structure_id><section_number>49.7.29</section_number><catch_line>Maximum Matching Funds.</catch_line><url>/49.7.29/</url><token>49.7.29</token></unit><unit id="2696"><structure_id>12</structure_id><section_number>49.7.3</section_number><catch_line>Charter-Based Adjustments.</catch_line><url>/49.7.3/</url><token>49.7.3</token></unit><unit id="1118"><structure_id>12</structure_id><section_number>49.7.30</section_number><catch_line>Matching Funds Payments To Candidates.</catch_line><url>/49.7.30/</url><token>49.7.30</token></unit><unit id="192"><structure_id>12</structure_id><section_number>49.7.31</section_number><catch_line>Disclosure Of Independent Expenditure Communications.</catch_line><url>/49.7.31/</url><token>49.7.31</token></unit><unit id="2892"><structure_id>12</structure_id><section_number>49.7.33</section_number><catch_line>Disclaimers On Political Communications.</catch_line><url>/49.7.33/</url><token>49.7.33</token></unit><unit id="2214"><structure_id>12</structure_id><section_number>49.7.34</section_number><catch_line>Social Media Accounts.</catch_line><url>/49.7.34/</url><token>49.7.34</token></unit><unit id="1028"><structure_id>12</structure_id><section_number>49.7.35</section_number><catch_line>Bidder Contribution And Fundraising Restrictions.</catch_line><url>/49.7.35/</url><token>49.7.35</token></unit><unit id="1442"><structure_id>12</structure_id><section_number>49.7.36</section_number><catch_line>Underwriter Contribution And Fundraising Restrictions.</catch_line><url>/49.7.36/</url><token>49.7.36</token></unit><unit id="1504"><structure_id>12</structure_id><section_number>49.7.37</section_number><catch_line>Recordkeeping.</catch_line><url>/49.7.37/</url><token>49.7.37</token></unit><unit id="1326"><structure_id>12</structure_id><section_number>49.7.38</section_number><catch_line>Enforcement.</catch_line><url>/49.7.38/</url><token>49.7.38</token></unit><unit id="1833"><structure_id>12</structure_id><section_number>49.7.39</section_number><catch_line>Late Filing Penalties.</catch_line><url>/49.7.39/</url><token>49.7.39</token></unit><unit id="3162"><structure_id>12</structure_id><section_number>49.7.4</section_number><catch_line>Aggregation Of Contributions And Expenditures.</catch_line><url>/49.7.4/</url><token>49.7.4</token></unit><unit id="4032"><structure_id>12</structure_id><section_number>49.7.40</section_number><catch_line>Severability.</catch_line><url>/49.7.40/</url><token>49.7.40</token></unit><unit id="1641"><structure_id>12</structure_id><section_number>49.7.5</section_number><catch_line>Family Contributions.</catch_line><url>/49.7.5/</url><token>49.7.5</token></unit><unit id="2382"><structure_id>12</structure_id><section_number>49.7.6</section_number><catch_line>Text Message Contributions.</catch_line><url>/49.7.6/</url><token>49.7.6</token></unit><unit id="1873"><structure_id>12</structure_id><section_number>49.7.7</section_number><catch_line>Receipt Of Contributions.</catch_line><url>/49.7.7/</url><token>49.7.7</token></unit><unit id="835"><structure_id>12</structure_id><section_number>49.7.8</section_number><catch_line>Treatment Of Payments.</catch_line><url>/49.7.8/</url><token>49.7.8</token></unit><unit id="1661"><structure_id>12</structure_id><section_number>49.7.9</section_number><catch_line>Loans And Credit.</catch_line><url>/49.7.9/</url><token>49.7.9</token></unit></structure_contents><previous_section id="437"><structure_id>12</structure_id><section_number>49.7.32</section_number><catch_line>1.
From The First Date An
Individual May File A Declaration Of Intention To Become A
Candidate With The City Clerk Through The Date Of The Associated
General Election, Or During The 90 Days Prior To An Election If No
City Candidate Will Be On The Ballot, Within 24 Hours After Making
Or Incurring The Expenditures.
</catch_line><url>/49.7.32/</url><token>49.7.32</token></previous_section><next_section id="3597"><structure_id>12</structure_id><section_number>49.7.10</section_number><catch_line>Fundraising Windows.</catch_line><url>/49.7.10/</url><token>49.7.10</token></next_section><metadata></metadata><references></references><url>/49.7.1/</url><token>49.7.1</token><formats><txt>/49.7.1.txt</txt><json>/49.7.1.xml</json></formats><dublin_core><Title>Relation To The City Charter.</Title><Type>Text</Type><Format>text/html</Format><Identifier>&#xA7; 49.7.1</Identifier><Relation>Los Angeles Municipal Code</Relation></dublin_core><plain_text>                            LOS ANGELES MUNICIPAL CODE

RELATION TO THE CITY CHARTER. (&#xA7; 49.7.1)

&#xA0; RELATION TO THE CITY CHARTER.

	The provisions of this Article relating to contribution limitations are in
addition to and supplement the regulations contained in Charter Sections 470 and
609(e).&#xA0; The provisions of this Article relating to public financing and
expenditure limitations are adopted pursuant to the authorization contained in
Charter Section 471.
</plain_text><html></html></law>
