<?xml version="1.0"?>
<law><section_number>49.84.3</section_number><edition_id>1</edition_id><section_id>300</section_id><structure_id>47</structure_id><catch_line>Graffiti Prohibited.</catch_line><history></history><full_text>&#xA0; GRAFFITI PROHIBITED.

	(A)	It is unlawful for any person to write, paint, spray, chalk, etch, or otherwise apply graffiti on public or privately owned buildings, signs, walls, permanent or temporary structures, places, or other surfaces located on public or privately owned property within the City.

	(1)	A violation of this subsection shall be subject to enforcement only through civil action, administrative fine, or nuisance abatement lien.

	(B)	It is unlawful for any person owning or otherwise in control of any real property within the City to permit or allow any graffiti to be placed upon or remain on any walls, temporary or permanent structure, places, or other surfaces located on such property when the graffiti is visible from a public street or other public or private property.</full_text><order_by>84.3</order_by><ancestry><unit id="47" label="article"><name>Graffiti Removal And Recovery</name><identifier>14</identifier><url>/4/14/</url></unit><unit id="11" label="chapter"><name>Public Welfare</name><identifier>4</identifier><url>/4/</url></unit></ancestry><structure_contents><unit id="435"><structure_id>47</structure_id><section_number>49.84.1</section_number><catch_line>Purpose And Intent.</catch_line><url>/49.84.1/</url><token>49.84.1</token></unit><unit id="1916"><structure_id>47</structure_id><section_number>49.84.10</section_number><catch_line>Administrative Hearing.</catch_line><url>/49.84.10/</url><token>49.84.10</token></unit><unit id="3782"><structure_id>47</structure_id><section_number>49.84.11</section_number><catch_line>Nuisance Abatement Lien.</catch_line><url>/49.84.11/</url><token>49.84.11</token></unit><unit id="288"><structure_id>47</structure_id><section_number>49.84.12</section_number><catch_line>Penalties.</catch_line><url>/49.84.12/</url><token>49.84.12</token></unit><unit id="235"><structure_id>47</structure_id><section_number>49.84.13</section_number><catch_line>Severability.</catch_line><url>/49.84.13/</url><token>49.84.13</token></unit><unit id="903"><structure_id>47</structure_id><section_number>49.84.2</section_number><catch_line>Definitions.</catch_line><url>/49.84.2/</url><token>49.84.2</token></unit><unit id="300"><structure_id>47</structure_id><section_number>49.84.3</section_number><catch_line>Graffiti Prohibited.</catch_line><url>/49.84.3/</url><token>49.84.3</token></unit><unit id="304"><structure_id>47</structure_id><section_number>49.84.4</section_number><catch_line>Display Of Aerosol Paint Containers And Marker Pens.</catch_line><url>/49.84.4/</url><token>49.84.4</token></unit><unit id="522"><structure_id>47</structure_id><section_number>49.84.5</section_number><catch_line>Possession Of Specified Graffiti Implements Prohibited In Designated Areas.</catch_line><url>/49.84.5/</url><token>49.84.5</token></unit><unit id="3245"><structure_id>47</structure_id><section_number>49.84.6</section_number><catch_line>Graffiti Declared A Public Nuisance.</catch_line><url>/49.84.6/</url><token>49.84.6</token></unit><unit id="3297"><structure_id>47</structure_id><section_number>49.84.7</section_number><catch_line>Graffiti Removal At City Expense.</catch_line><url>/49.84.7/</url><token>49.84.7</token></unit><unit id="89"><structure_id>47</structure_id><section_number>49.84.8</section_number><catch_line>Remedies When Owner Refuses To Consent.</catch_line><url>/49.84.8/</url><token>49.84.8</token></unit><unit id="396"><structure_id>47</structure_id><section_number>49.84.9</section_number><catch_line>City Funds To Be Recovered.</catch_line><url>/49.84.9/</url><token>49.84.9</token></unit></structure_contents><next_section id="304"><structure_id>47</structure_id><section_number>49.84.4</section_number><catch_line>Display Of Aerosol Paint Containers And Marker Pens.</catch_line><url>/49.84.4/</url><token>49.84.4</token></next_section><metadata></metadata><references></references><url>/49.84.3/</url><token>49.84.3</token><formats><txt>/49.84.3.txt</txt><json>/49.84.3.xml</json></formats><dublin_core><Title>Graffiti Prohibited.</Title><Type>Text</Type><Format>text/html</Format><Identifier>&#xA7; 49.84.3</Identifier><Relation>Los Angeles Municipal Code</Relation></dublin_core><plain_text>                            LOS ANGELES MUNICIPAL CODE

GRAFFITI PROHIBITED. (&#xA7; 49.84.3)

&#xA0; GRAFFITI PROHIBITED.	(A)	It is unlawful for any person to write, paint,
spray, chalk, etch, or otherwise apply graffiti on public or privately owned
buildings, signs, walls, permanent or temporary structures, places, or other
surfaces located on public or privately owned property within the City.	(1)	A
violation of this subsection shall be subject to enforcement only through civil
action, administrative fine, or nuisance abatement lien.	(B)	It is unlawful for
any person owning or otherwise in control of any real property within the City
to permit or allow any graffiti to be placed upon or remain on any walls,
temporary or permanent structure, places, or other surfaces located on such
property when the graffiti is visible from a public street or other public or
private property.
</plain_text><html>
					&lt;section&gt;&lt;p&gt;&#xA0; GRAFFITI PROHIBITED.&lt;br /&gt;&lt;br /&gt;	(A)	It is unlawful for any person to write, paint, spray, chalk, etch, or otherwise apply graffiti on public or privately owned buildings, signs, walls, permanent or temporary structures, places, or other surfaces located on public or privately owned property within the City.&lt;br /&gt;&lt;br /&gt;	(1)	A violation of this subsection shall be subject to enforcement only through &lt;span class="dictionary"&gt;civil action&lt;/span&gt;, administrative fine, or nuisance abatement &lt;span class="dictionary"&gt;lien&lt;/span&gt;.&lt;br /&gt;&lt;br /&gt;	(B)	It is unlawful for any person owning or otherwise in control of any real property within the City to permit or allow any graffiti to be placed upon or remain on any walls, temporary or permanent structure, places, or other surfaces located on such property when the graffiti is visible from a public street or other public or private property.&lt;/p&gt;&lt;/section&gt;</html><previous_section id="903"><structure_id>47</structure_id><section_number>49.84.2</section_number><catch_line>Definitions.</catch_line><url>/49.84.2/</url><token>49.84.2</token></previous_section><text><unit id="296" prefix=""><text>&#xA0; GRAFFITI PROHIBITED.	(A)	It is unlawful for any person to write, paint, spray, chalk, etch, or otherwise apply graffiti on public or privately owned buildings, signs, walls, permanent or temporary structures, places, or other surfaces located on public or privately owned property within the City.	(1)	A violation of this subsection shall be subject to enforcement only through civil action, administrative fine, or nuisance abatement lien.	(B)	It is unlawful for any person owning or otherwise in control of any real property within the City to permit or allow any graffiti to be placed upon or remain on any walls, temporary or permanent structure, places, or other surfaces located on such property when the graffiti is visible from a public street or other public or private property.</text><type>section</type><prefixes><unit></unit></prefixes><entire_prefix></entire_prefix><prefix_anchor></prefix_anchor><level>1</level></unit></text></law>
