<?xml version="1.0"?>
<law><section_number>49.84.4</section_number><edition_id>1</edition_id><section_id>304</section_id><structure_id>47</structure_id><catch_line>Display Of Aerosol Paint Containers And Marker Pens.</catch_line><history></history><full_text>&#xA0; DISPLAY OF AEROSOL PAINT CONTAINERS AND MARKER PENS.

	(A)	It shall be unlawful for any person who owns, conducts, operates or manages a retail commercial establishment selling aerosol containers, or marker pens with tips exceeding four millimeters in width, containing anything other than a solution which can be removed with water after it dries, to store or display, or cause to be stored or displayed, such aerosol containers or marker pens in an area accessible to the public without employee assistance in the regular course of business pending legal sale or other disposition.

	(B)	Nothing herein shall preclude the storage or display of spray paint containers and marker pens in an area viewable by the public so long as such items are not accessible to the public without employee assistance.

	(C)	Sign Posting Requirement.&#xA0; (Added by Ord. No. 182,285, Eff. 11/26/12.)&#xA0; Every retail establishment that is subject to the provisions of Subsection (A) shall post and display in a conspicuous location where such aerosol paint or marker pens are displayed for retail sale, the following sign:

GRAFFITI VANDALISM IS PUNISHABLE BY UP TO 3 YEARS IN COUNTY JAIL AND/OR A $50,000 FINE.&#xA0; THE CITY OF LOS ANGELES MAY PAY A REWARD OF $1,000 FOR INFORMATION RESULTING IN THE IDENTIFICATION, APPREHENSION, AND CONVICTION OF PERSONS RESPONSIBLE FOR GRAFFITI.

	The sign must be clearly visible and legible to customers.&#xA0; The letters and numbers on said sign shall be in black lettering at least one inch in height on a white background.</full_text><order_by>84.4</order_by><ancestry><unit id="47" label="article"><name>Graffiti Removal And Recovery</name><identifier>14</identifier><url>/4/14/</url></unit><unit id="11" label="chapter"><name>Public Welfare</name><identifier>4</identifier><url>/4/</url></unit></ancestry><structure_contents><unit id="435"><structure_id>47</structure_id><section_number>49.84.1</section_number><catch_line>Purpose And Intent.</catch_line><url>/49.84.1/</url><token>49.84.1</token></unit><unit id="1916"><structure_id>47</structure_id><section_number>49.84.10</section_number><catch_line>Administrative Hearing.</catch_line><url>/49.84.10/</url><token>49.84.10</token></unit><unit id="3782"><structure_id>47</structure_id><section_number>49.84.11</section_number><catch_line>Nuisance Abatement Lien.</catch_line><url>/49.84.11/</url><token>49.84.11</token></unit><unit id="288"><structure_id>47</structure_id><section_number>49.84.12</section_number><catch_line>Penalties.</catch_line><url>/49.84.12/</url><token>49.84.12</token></unit><unit id="235"><structure_id>47</structure_id><section_number>49.84.13</section_number><catch_line>Severability.</catch_line><url>/49.84.13/</url><token>49.84.13</token></unit><unit id="903"><structure_id>47</structure_id><section_number>49.84.2</section_number><catch_line>Definitions.</catch_line><url>/49.84.2/</url><token>49.84.2</token></unit><unit id="300"><structure_id>47</structure_id><section_number>49.84.3</section_number><catch_line>Graffiti Prohibited.</catch_line><url>/49.84.3/</url><token>49.84.3</token></unit><unit id="304"><structure_id>47</structure_id><section_number>49.84.4</section_number><catch_line>Display Of Aerosol Paint Containers And Marker Pens.</catch_line><url>/49.84.4/</url><token>49.84.4</token></unit><unit id="522"><structure_id>47</structure_id><section_number>49.84.5</section_number><catch_line>Possession Of Specified Graffiti Implements Prohibited In Designated Areas.</catch_line><url>/49.84.5/</url><token>49.84.5</token></unit><unit id="3245"><structure_id>47</structure_id><section_number>49.84.6</section_number><catch_line>Graffiti Declared A Public Nuisance.</catch_line><url>/49.84.6/</url><token>49.84.6</token></unit><unit id="3297"><structure_id>47</structure_id><section_number>49.84.7</section_number><catch_line>Graffiti Removal At City Expense.</catch_line><url>/49.84.7/</url><token>49.84.7</token></unit><unit id="89"><structure_id>47</structure_id><section_number>49.84.8</section_number><catch_line>Remedies When Owner Refuses To Consent.</catch_line><url>/49.84.8/</url><token>49.84.8</token></unit><unit id="396"><structure_id>47</structure_id><section_number>49.84.9</section_number><catch_line>City Funds To Be Recovered.</catch_line><url>/49.84.9/</url><token>49.84.9</token></unit></structure_contents><next_section id="522"><structure_id>47</structure_id><section_number>49.84.5</section_number><catch_line>Possession Of Specified Graffiti Implements Prohibited In Designated Areas.</catch_line><url>/49.84.5/</url><token>49.84.5</token></next_section><metadata></metadata><references></references><url>/49.84.4/</url><token>49.84.4</token><formats><txt>/49.84.4.txt</txt><json>/49.84.4.xml</json></formats><dublin_core><Title>Display Of Aerosol Paint Containers And Marker Pens.</Title><Type>Text</Type><Format>text/html</Format><Identifier>&#xA7; 49.84.4</Identifier><Relation>Los Angeles Municipal Code</Relation></dublin_core><plain_text>                            LOS ANGELES MUNICIPAL CODE

DISPLAY OF AEROSOL PAINT CONTAINERS AND MARKER PENS. (&#xA7; 49.84.4)

&#xA0; DISPLAY OF AEROSOL PAINT CONTAINERS AND MARKER PENS.	(A)	It shall be unlawful
for any person who owns, conducts, operates or manages a retail commercial
establishment selling aerosol containers, or marker pens with tips exceeding
four millimeters in width, containing anything other than a solution which can
be removed with water after it dries, to store or display, or cause to be stored
or displayed, such aerosol containers or marker pens in an area accessible to
the public without employee assistance in the regular course of business pending
legal sale or other disposition.	(B)	Nothing herein shall preclude the storage
or display of spray paint containers and marker pens in an area viewable by the
public so long as such items are not accessible to the public without employee
assistance.	(C)	Sign Posting Requirement.&#xA0; (Added by Ord. No. 182,285, Eff.
11/26/12.)&#xA0; Every retail establishment that is subject to the provisions of
Subsection (A) shall post and display in a conspicuous location where such
aerosol paint or marker pens are displayed for retail sale, the following
sign:GRAFFITI VANDALISM IS PUNISHABLE BY UP TO 3 YEARS IN COUNTY JAIL AND/OR A
$50,000 FINE.&#xA0; THE CITY OF LOS ANGELES MAY PAY A REWARD OF $1,000 FOR
INFORMATION RESULTING IN THE IDENTIFICATION, APPREHENSION, AND CONVICTION OF
PERSONS RESPONSIBLE FOR GRAFFITI.	The sign must be clearly visible and legible
to customers.&#xA0; The letters and numbers on said sign shall be in black lettering
at least one inch in height on a white background.
</plain_text><html>
					&lt;section&gt;&lt;p&gt;&#xA0; DISPLAY OF AEROSOL PAINT CONTAINERS AND MARKER PENS.&lt;br /&gt;&lt;br /&gt;	(A)	It shall be unlawful for any person who owns, conducts, operates or manages a retail commercial establishment selling aerosol containers, or marker pens with tips exceeding four millimeters in width, containing anything other than a solution which can be removed with water after it dries, to store or display, or cause to be stored or displayed, such aerosol containers or marker pens in an area accessible to the public without employee assistance in the regular course of business pending legal sale or other &lt;span class="dictionary"&gt;disposition&lt;/span&gt;.&lt;br /&gt;&lt;br /&gt;	(B)	Nothing herein shall preclude the storage or display of spray paint containers and marker pens in an area viewable by the public so long as such items are not accessible to the public without employee assistance.&lt;br /&gt;&lt;br /&gt;	(C)	Sign Posting Requirement.&#xA0; (Added by Ord. No. 182,285, Eff. 11/26/12.)&#xA0; Every retail establishment that is subject to the provisions of Subsection (A) shall post and display in a conspicuous location where such aerosol paint or marker pens are displayed for retail sale, the following sign:&lt;br /&gt;&lt;br /&gt;GRAFFITI VANDALISM IS PUNISHABLE BY UP TO 3 YEARS IN &lt;span class="dictionary"&gt;COUNTY JAIL&lt;/span&gt; AND/OR A $50,000 FINE.&#xA0; THE CITY OF LOS ANGELES MAY PAY A REWARD OF $1,000 FOR INFORMATION RESULTING IN THE IDENTIFICATION, APPREHENSION, AND &lt;span class="dictionary"&gt;CONVICTION&lt;/span&gt; OF PERSONS RESPONSIBLE FOR GRAFFITI.&lt;br /&gt;&lt;br /&gt;	The sign must be clearly visible and legible to customers.&#xA0; The letters and numbers on said sign shall be in black lettering at least one inch in height on a white background.&lt;/p&gt;&lt;/section&gt;</html><previous_section id="300"><structure_id>47</structure_id><section_number>49.84.3</section_number><catch_line>Graffiti Prohibited.</catch_line><url>/49.84.3/</url><token>49.84.3</token></previous_section><text><unit id="300" prefix=""><text>&#xA0; DISPLAY OF AEROSOL PAINT CONTAINERS AND MARKER PENS.	(A)	It shall be unlawful for any person who owns, conducts, operates or manages a retail commercial establishment selling aerosol containers, or marker pens with tips exceeding four millimeters in width, containing anything other than a solution which can be removed with water after it dries, to store or display, or cause to be stored or displayed, such aerosol containers or marker pens in an area accessible to the public without employee assistance in the regular course of business pending legal sale or other disposition.	(B)	Nothing herein shall preclude the storage or display of spray paint containers and marker pens in an area viewable by the public so long as such items are not accessible to the public without employee assistance.	(C)	Sign Posting Requirement.&#xA0; (Added by Ord. No. 182,285, Eff. 11/26/12.)&#xA0; Every retail establishment that is subject to the provisions of Subsection (A) shall post and display in a conspicuous location where such aerosol paint or marker pens are displayed for retail sale, the following sign:GRAFFITI VANDALISM IS PUNISHABLE BY UP TO 3 YEARS IN COUNTY JAIL AND/OR A $50,000 FINE.&#xA0; THE CITY OF LOS ANGELES MAY PAY A REWARD OF $1,000 FOR INFORMATION RESULTING IN THE IDENTIFICATION, APPREHENSION, AND CONVICTION OF PERSONS RESPONSIBLE FOR GRAFFITI.	The sign must be clearly visible and legible to customers.&#xA0; The letters and numbers on said sign shall be in black lettering at least one inch in height on a white background.</text><type>section</type><prefixes><unit></unit></prefixes><entire_prefix></entire_prefix><prefix_anchor></prefix_anchor><level>1</level></unit></text></law>
