<?xml version="1.0"?>
<law><section_number>49.84.8</section_number><edition_id>1</edition_id><section_id>89</section_id><structure_id>47</structure_id><catch_line>Remedies When Owner Refuses To Consent.</catch_line><history></history><full_text>&#xA0; REMEDIES WHEN OWNER REFUSES TO CONSENT.

	(A)	Vacant Property.&#xA0; If the City requested consent from an owner to remove or abate graffiti and that owner refused or failed to consent, the City may commence abatement and cost recovery proceedings for the removal of the graffiti pursuant to the provisions of Section 91.8904 et seq. of this Code, and any other remedies provided by law.

	(B)	Occupied Buildings and Premises.&#xA0; If the City requested consent from an owner to remove or abate graffiti and that owner refused or failed to consent, the City may pursue other remedies provided by this Article, Section 91.8903 et seq. of this Code, and any other remedies provided by law.</full_text><order_by>84.8</order_by><ancestry><unit id="47" label="article"><name>Graffiti Removal And Recovery</name><identifier>14</identifier><url>/4/14/</url></unit><unit id="11" label="chapter"><name>Public Welfare</name><identifier>4</identifier><url>/4/</url></unit></ancestry><structure_contents><unit id="435"><structure_id>47</structure_id><section_number>49.84.1</section_number><catch_line>Purpose And Intent.</catch_line><url>/49.84.1/</url><token>49.84.1</token></unit><unit id="1916"><structure_id>47</structure_id><section_number>49.84.10</section_number><catch_line>Administrative Hearing.</catch_line><url>/49.84.10/</url><token>49.84.10</token></unit><unit id="3782"><structure_id>47</structure_id><section_number>49.84.11</section_number><catch_line>Nuisance Abatement Lien.</catch_line><url>/49.84.11/</url><token>49.84.11</token></unit><unit id="288"><structure_id>47</structure_id><section_number>49.84.12</section_number><catch_line>Penalties.</catch_line><url>/49.84.12/</url><token>49.84.12</token></unit><unit id="235"><structure_id>47</structure_id><section_number>49.84.13</section_number><catch_line>Severability.</catch_line><url>/49.84.13/</url><token>49.84.13</token></unit><unit id="903"><structure_id>47</structure_id><section_number>49.84.2</section_number><catch_line>Definitions.</catch_line><url>/49.84.2/</url><token>49.84.2</token></unit><unit id="300"><structure_id>47</structure_id><section_number>49.84.3</section_number><catch_line>Graffiti Prohibited.</catch_line><url>/49.84.3/</url><token>49.84.3</token></unit><unit id="304"><structure_id>47</structure_id><section_number>49.84.4</section_number><catch_line>Display Of Aerosol Paint Containers And Marker Pens.</catch_line><url>/49.84.4/</url><token>49.84.4</token></unit><unit id="522"><structure_id>47</structure_id><section_number>49.84.5</section_number><catch_line>Possession Of Specified Graffiti Implements Prohibited In Designated Areas.</catch_line><url>/49.84.5/</url><token>49.84.5</token></unit><unit id="3245"><structure_id>47</structure_id><section_number>49.84.6</section_number><catch_line>Graffiti Declared A Public Nuisance.</catch_line><url>/49.84.6/</url><token>49.84.6</token></unit><unit id="3297"><structure_id>47</structure_id><section_number>49.84.7</section_number><catch_line>Graffiti Removal At City Expense.</catch_line><url>/49.84.7/</url><token>49.84.7</token></unit><unit id="89"><structure_id>47</structure_id><section_number>49.84.8</section_number><catch_line>Remedies When Owner Refuses To Consent.</catch_line><url>/49.84.8/</url><token>49.84.8</token></unit><unit id="396"><structure_id>47</structure_id><section_number>49.84.9</section_number><catch_line>City Funds To Be Recovered.</catch_line><url>/49.84.9/</url><token>49.84.9</token></unit></structure_contents><next_section id="396"><structure_id>47</structure_id><section_number>49.84.9</section_number><catch_line>City Funds To Be Recovered.</catch_line><url>/49.84.9/</url><token>49.84.9</token></next_section><metadata></metadata><references></references><url>/49.84.8/</url><token>49.84.8</token><formats><txt>/49.84.8.txt</txt><json>/49.84.8.xml</json></formats><dublin_core><Title>Remedies When Owner Refuses To Consent.</Title><Type>Text</Type><Format>text/html</Format><Identifier>&#xA7; 49.84.8</Identifier><Relation>Los Angeles Municipal Code</Relation></dublin_core><plain_text>                            LOS ANGELES MUNICIPAL CODE

REMEDIES WHEN OWNER REFUSES TO CONSENT. (&#xA7; 49.84.8)

&#xA0; REMEDIES WHEN OWNER REFUSES TO CONSENT.	(A)	Vacant Property.&#xA0; If the City
requested consent from an owner to remove or abate graffiti and that owner
refused or failed to consent, the City may commence abatement and cost recovery
proceedings for the removal of the graffiti pursuant to the provisions of
Section 91.8904 et seq. of this Code, and any other remedies provided by
law.	(B)	Occupied Buildings and Premises.&#xA0; If the City requested consent from
an owner to remove or abate graffiti and that owner refused or failed to
consent, the City may pursue other remedies provided by this Article, Section
91.8903 et seq. of this Code, and any other remedies provided by law.
</plain_text><html>
					&lt;section&gt;&lt;p&gt;&#xA0; REMEDIES WHEN OWNER REFUSES TO CONSENT.&lt;br /&gt;&lt;br /&gt;	(A)	Vacant Property.&#xA0; If the City requested consent from an owner to remove or abate graffiti and that owner refused or failed to consent, the City may commence abatement and cost recovery proceedings for the removal of the graffiti pursuant to the provisions of Section 91.8904 et seq. of this Code, and any other remedies provided by &lt;span class="dictionary"&gt;law&lt;/span&gt;.&lt;br /&gt;&lt;br /&gt;	(B)	Occupied Buildings and Premises.&#xA0; If the City requested consent from an owner to remove or abate graffiti and that owner refused or failed to consent, the City may pursue other remedies provided by this Article, Section 91.8903 et seq. of this Code, and any other remedies provided by &lt;span class="dictionary"&gt;law&lt;/span&gt;.&lt;/p&gt;&lt;/section&gt;</html><previous_section id="3297"><structure_id>47</structure_id><section_number>49.84.7</section_number><catch_line>Graffiti Removal At City Expense.</catch_line><url>/49.84.7/</url><token>49.84.7</token></previous_section><text><unit id="89" prefix=""><text>&#xA0; REMEDIES WHEN OWNER REFUSES TO CONSENT.	(A)	Vacant Property.&#xA0; If the City requested consent from an owner to remove or abate graffiti and that owner refused or failed to consent, the City may commence abatement and cost recovery proceedings for the removal of the graffiti pursuant to the provisions of Section 91.8904 et seq. of this Code, and any other remedies provided by law.	(B)	Occupied Buildings and Premises.&#xA0; If the City requested consent from an owner to remove or abate graffiti and that owner refused or failed to consent, the City may pursue other remedies provided by this Article, Section 91.8903 et seq. of this Code, and any other remedies provided by law.</text><type>section</type><prefixes><unit></unit></prefixes><entire_prefix></entire_prefix><prefix_anchor></prefix_anchor><level>1</level></unit></text></law>
