<?xml version="1.0"?>
<law><section_number>52.03</section_number><edition_id>1</edition_id><section_id>429</section_id><structure_id>57</structure_id><catch_line>Special Police &#x2013; Application &#x2013; Contents.</catch_line><history></history><full_text>&#xA0; SPECIAL POLICE &#x2013; APPLICATION &#x2013; CONTENTS.

	Application for the issuance of a special police officer&#x2019;s badge shall be made to the Chief of Police on regulation forms obtained from the Secretary of the Board, which application must contain the following data:

	(a)	The name and address of the person to whom the badge is to be issued.

	(b)	The duties of the person who requires the issuance of said badge.

	(c)	A description, signature and fingerprint of the person to whom the badge is to be issued.

	(d)	The name and address and signed request of the employer of the applicant showing the necessity for the issuance of said badge.

	The Chief of Police may, in the exercise of reasonable discretion refuse to issue any such badge to any person if he deems such person not to be a fit and proper special police officer or if the duties of such person are not such as come within the purview of this article.</full_text><order_by>03</order_by><ancestry><unit id="57" label="article"><name>Police And Special Officers</name><identifier>2</identifier><url>/5/2/</url></unit><unit id="9" label="chapter"><name>Public Safety and Protection</name><identifier>5</identifier><url>/5/</url></unit></ancestry><structure_contents><unit id="2101"><structure_id>57</structure_id><section_number>52.00</section_number><catch_line>Definitions.</catch_line><url>/52.00/</url><token>52.00</token></unit><unit id="567"><structure_id>57</structure_id><section_number>52.01</section_number><catch_line>Issuance Of Badges.</catch_line><url>/52.01/</url><token>52.01</token></unit><unit id="3273"><structure_id>57</structure_id><section_number>52.02</section_number><catch_line>Special Police Officers&#x2019; Badges &#x2013; Issuance.</catch_line><url>/52.02/</url><token>52.02</token></unit><unit id="429"><structure_id>57</structure_id><section_number>52.03</section_number><catch_line>Special Police &#x2013; Application &#x2013; Contents.</catch_line><url>/52.03/</url><token>52.03</token></unit><unit id="1648"><structure_id>57</structure_id><section_number>52.04</section_number><catch_line>Special Police &#x2013; Address To Be Filed.</catch_line><url>/52.04/</url><token>52.04</token></unit><unit id="3370"><structure_id>57</structure_id><section_number>52.05</section_number><catch_line>Special Police &#x2013; Fees.</catch_line><url>/52.05/</url><token>52.05</token></unit><unit id="2038"><structure_id>57</structure_id><section_number>52.06</section_number><catch_line>Special Police &#x2013; Record Of Badges.</catch_line><url>/52.06/</url><token>52.06</token></unit><unit id="1854"><structure_id>57</structure_id><section_number>52.07</section_number><catch_line>Special Police &#x2013; Badges Must Be On Person.</catch_line><url>/52.07/</url><token>52.07</token></unit><unit id="1186"><structure_id>57</structure_id><section_number>52.09</section_number><catch_line>Special Police Badges &#x2013; Must Be Properly Issued.</catch_line><url>/52.09/</url><token>52.09</token></unit><unit id="1781"><structure_id>57</structure_id><section_number>52.10</section_number><catch_line>Special Police &#x2013; Other Badges.</catch_line><url>/52.10/</url><token>52.10</token></unit><unit id="436"><structure_id>57</structure_id><section_number>52.10.1</section_number><catch_line>Funeral Escort Officers.</catch_line><url>/52.10.1/</url><token>52.10.1</token></unit><unit id="589"><structure_id>57</structure_id><section_number>52.11</section_number><catch_line>Special Police &#x2013; Must Have Badge.</catch_line><url>/52.11/</url><token>52.11</token></unit><unit id="2690"><structure_id>57</structure_id><section_number>52.12</section_number><catch_line>Unauthorized Wearing Of Official Police Officer&#x2019;S Badge Prohibited.</catch_line><url>/52.12/</url><token>52.12</token></unit><unit id="3899"><structure_id>57</structure_id><section_number>52.13</section_number><catch_line>Special Police &#x2013; Return Of Badges.</catch_line><url>/52.13/</url><token>52.13</token></unit><unit id="1529"><structure_id>57</structure_id><section_number>52.14</section_number><catch_line>Police Badges &#x2013; Proper Issuance.</catch_line><url>/52.14/</url><token>52.14</token></unit><unit id="1474"><structure_id>57</structure_id><section_number>52.15</section_number><catch_line>Official Police Officer&#x2019;S Badge &#x2013; To Whom Issued.</catch_line><url>/52.15/</url><token>52.15</token></unit><unit id="2324"><structure_id>57</structure_id><section_number>52.15.1</section_number><catch_line>Civilian Badge &#x2013; To Whom Issued.</catch_line><url>/52.15.1/</url><token>52.15.1</token></unit><unit id="3338"><structure_id>57</structure_id><section_number>52.16</section_number><catch_line>News Media Identification Cards &#x2013; Issuance Of.</catch_line><url>/52.16/</url><token>52.16</token></unit><unit id="482"><structure_id>57</structure_id><section_number>52.17</section_number><catch_line>Limitations On Number Of News Media Identification Cards &#x2013; Refusal To Issue.</catch_line><url>/52.17/</url><token>52.17</token></unit><unit id="3726"><structure_id>57</structure_id><section_number>52.18</section_number><catch_line>News Media Identification Cards &#x2013; Revocation.</catch_line><url>/52.18/</url><token>52.18</token></unit><unit id="163"><structure_id>57</structure_id><section_number>52.19</section_number><catch_line>News Media Identification Cards &#x2013; Records.</catch_line><url>/52.19/</url><token>52.19</token></unit><unit id="3712"><structure_id>57</structure_id><section_number>52.20</section_number><catch_line>News Media Identification Cards &#x2013; Return Of.</catch_line><url>/52.20/</url><token>52.20</token></unit><unit id="2239"><structure_id>57</structure_id><section_number>52.21</section_number><catch_line>Police And Civilian Badges &#x2013; Use By City Departments.</catch_line><url>/52.21/</url><token>52.21</token></unit><unit id="3082"><structure_id>57</structure_id><section_number>52.22</section_number><catch_line>Police Badges And News Media Identification Cards &#x2013; Record To Be Kept.</catch_line><url>/52.22/</url><token>52.22</token></unit><unit id="207"><structure_id>57</structure_id><section_number>52.23</section_number><catch_line>Police And Civilian Badges &#x2013; Manufacture Of.</catch_line><url>/52.23/</url><token>52.23</token></unit><unit id="1187"><structure_id>57</structure_id><section_number>52.24</section_number><catch_line>Police And Civilian Badge Revolving Fund.</catch_line><url>/52.24/</url><token>52.24</token></unit><unit id="319"><structure_id>57</structure_id><section_number>52.25</section_number><catch_line>Police And Civilian Badges And News Media Identification Cards &#x2013; Return Of.</catch_line><url>/52.25/</url><token>52.25</token></unit><unit id="218"><structure_id>57</structure_id><section_number>52.26</section_number><catch_line>Custodian Of Badges And News Media Identification Cards.</catch_line><url>/52.26/</url><token>52.26</token></unit><unit id="185"><structure_id>57</structure_id><section_number>52.27</section_number><catch_line>Badges And News Media Identification Cards &#x2013; Unauthorized Possession Of.</catch_line><url>/52.27/</url><token>52.27</token></unit><unit id="1977"><structure_id>57</structure_id><section_number>52.27.1</section_number><catch_line>Retired Officers &#x2013; Authorized Badges.</catch_line><url>/52.27.1/</url><token>52.27.1</token></unit><unit id="2097"><structure_id>57</structure_id><section_number>52.27.2</section_number><catch_line>Former Reserve Officers &#x2013; Authorized Badges.</catch_line><url>/52.27.2/</url><token>52.27.2</token></unit><unit id="1055"><structure_id>57</structure_id><section_number>52.27.3</section_number><catch_line>Promotion &#x2013; Authorized Badges.</catch_line><url>/52.27.3/</url><token>52.27.3</token></unit><unit id="854"><structure_id>57</structure_id><section_number>52.27.4</section_number><catch_line>Presentation Of Badge And Other City-Issued Equipment As A Memorial To A Regular Police Officer Killed In The Line Of Duty.</catch_line><url>/52.27.4/</url><token>52.27.4</token></unit><unit id="2106"><structure_id>57</structure_id><section_number>52.28</section_number><catch_line>Police Uniforms &#x2013; Limitation Of.</catch_line><url>/52.28/</url><token>52.28</token></unit><unit id="1258"><structure_id>57</structure_id><section_number>52.28.1</section_number><catch_line>Special Police Uniforms.</catch_line><url>/52.28.1/</url><token>52.28.1</token></unit><unit id="2317"><structure_id>57</structure_id><section_number>52.29</section_number><catch_line>Police Identification Cards &#x2013; Issuance.</catch_line><url>/52.29/</url><token>52.29</token></unit><unit id="3004"><structure_id>57</structure_id><section_number>52.30</section_number><catch_line>Police Identification Cards &#x2013; Possession Of.</catch_line><url>/52.30/</url><token>52.30</token></unit><unit id="3487"><structure_id>57</structure_id><section_number>52.31</section_number><catch_line>Police Identification Cards &#x2013; Imitation Of.</catch_line><url>/52.31/</url><token>52.31</token></unit><unit id="1901"><structure_id>57</structure_id><section_number>52.32</section_number><catch_line>Badges &#x2013; Other Departments.</catch_line><url>/52.32/</url><token>52.32</token></unit><unit id="1473"><structure_id>57</structure_id><section_number>52.32.1</section_number><catch_line>Port Warden And Special Officers Of Harbor Department Designated As Peace Officers.</catch_line><url>/52.32.1/</url><token>52.32.1</token></unit><unit id="3870"><structure_id>57</structure_id><section_number>52.33</section_number><catch_line>City Attorney Badge.</catch_line><url>/52.33/</url><token>52.33</token></unit><unit id="2455"><structure_id>57</structure_id><section_number>52.34</section_number><catch_line>Private Patrol Service &#x2013; Regulations.</catch_line><url>/52.34/</url><token>52.34</token></unit><unit id="485"><structure_id>57</structure_id><section_number>52.37.1</section_number><catch_line>Use Of Official Police Titles By Private Agencies &#x2013; Similar Subterfuges &#x2013; Prohibited.</catch_line><url>/52.37.1/</url><token>52.37.1</token></unit><unit id="3154"><structure_id>57</structure_id><section_number>52.42.1</section_number><catch_line>Arrest Information.</catch_line><url>/52.42.1/</url><token>52.42.1</token></unit><unit id="3917"><structure_id>57</structure_id><section_number>52.43</section_number><catch_line>False Statements.</catch_line><url>/52.43/</url><token>52.43</token></unit><unit id="1274"><structure_id>57</structure_id><section_number>52.44</section_number><catch_line>Willfully Listening To Police And Fire Departments&#x2019; Portable Radio Messages &#x2013; Prohibited.</catch_line><url>/52.44/</url><token>52.44</token></unit><unit id="3975"><structure_id>57</structure_id><section_number>52.46</section_number><catch_line>Short Wave Radios, Use Of.</catch_line><url>/52.46/</url><token>52.46</token></unit><unit id="3889"><structure_id>57</structure_id><section_number>52.50</section_number><catch_line>Police Department &#x2013; Making False Reports To.</catch_line><url>/52.50/</url><token>52.50</token></unit><unit id="2319"><structure_id>57</structure_id><section_number>52.51</section_number><catch_line>Interference With Police Animals.</catch_line><url>/52.51/</url><token>52.51</token></unit><unit id="2790"><structure_id>57</structure_id><section_number>52.53</section_number><catch_line>Garages &#x2013; Rental &#x2013; Report To Police.</catch_line><url>/52.53/</url><token>52.53</token></unit><unit id="2333"><structure_id>57</structure_id><section_number>52.55</section_number><catch_line>Police Department Retention, Use, Sale Or Destruction
Of Unclaimed Property.</catch_line><url>/52.55/</url><token>52.55</token></unit></structure_contents><next_section id="1648"><structure_id>57</structure_id><section_number>52.04</section_number><catch_line>Special Police &#x2013; Address To Be Filed.</catch_line><url>/52.04/</url><token>52.04</token></next_section><metadata></metadata><references></references><url>/52.03/</url><token>52.03</token><formats><txt>/52.03.txt</txt><json>/52.03.xml</json></formats><dublin_core><Title>Special Police &#x2013; Application &#x2013; Contents.</Title><Type>Text</Type><Format>text/html</Format><Identifier>&#xA7; 52.03</Identifier><Relation>Los Angeles Municipal Code</Relation></dublin_core><plain_text>                            LOS ANGELES MUNICIPAL CODE

SPECIAL POLICE &#x2013; APPLICATION &#x2013; CONTENTS. (&#xA7; 52.03)

&#xA0; SPECIAL POLICE &#x2013; APPLICATION &#x2013; CONTENTS.	Application for the issuance of
a special police officer&#x2019;s badge shall be made to the Chief of Police on
regulation forms obtained from the Secretary of the Board, which application
must contain the following data:	(a)	The name and address of the person to whom
the badge is to be issued.	(b)	The duties of the person who requires the
issuance of said badge.	(c)	A description, signature and fingerprint of the
person to whom the badge is to be issued.	(d)	The name and address and signed
request of the employer of the applicant showing the necessity for the issuance
of said badge.	The Chief of Police may, in the exercise of reasonable discretion
refuse to issue any such badge to any person if he deems such person not to be a
fit and proper special police officer or if the duties of such person are not
such as come within the purview of this article.
</plain_text><html>
					&lt;section&gt;&lt;p&gt;&#xA0; SPECIAL POLICE &#x2013; APPLICATION &#x2013; CONTENTS.&lt;br /&gt;&lt;br /&gt;	Application for the issuance of a special police officer&#x2019;s badge shall be made to the Chief of Police on regulation forms obtained from the Secretary of the Board, which application must contain the following data:&lt;br /&gt;&lt;br /&gt;	(a)	The name and address of the person to whom the badge is to be issued.&lt;br /&gt;&lt;br /&gt;	(b)	The duties of the person who requires the issuance of said badge.&lt;br /&gt;&lt;br /&gt;	(c)	A description, signature and fingerprint of the person to whom the badge is to be issued.&lt;br /&gt;&lt;br /&gt;	(d)	The name and address and signed request of the employer of the applicant showing the necessity for the issuance of said badge.&lt;br /&gt;&lt;br /&gt;	The Chief of Police may, in the exercise of reasonable discretion refuse to &lt;span class="dictionary"&gt;issue&lt;/span&gt; any such badge to any person if he deems such person not to be a fit and proper special police officer or if the duties of such person are not such as come within the purview of this article.&lt;/p&gt;&lt;/section&gt;</html><previous_section id="3273"><structure_id>57</structure_id><section_number>52.02</section_number><catch_line>Special Police Officers&#x2019; Badges &#x2013; Issuance.</catch_line><url>/52.02/</url><token>52.02</token></previous_section><text><unit id="423" prefix=""><text>&#xA0; SPECIAL POLICE &#x2013; APPLICATION &#x2013; CONTENTS.	Application for the issuance of a special police officer&#x2019;s badge shall be made to the Chief of Police on regulation forms obtained from the Secretary of the Board, which application must contain the following data:	(a)	The name and address of the person to whom the badge is to be issued.	(b)	The duties of the person who requires the issuance of said badge.	(c)	A description, signature and fingerprint of the person to whom the badge is to be issued.	(d)	The name and address and signed request of the employer of the applicant showing the necessity for the issuance of said badge.	The Chief of Police may, in the exercise of reasonable discretion refuse to issue any such badge to any person if he deems such person not to be a fit and proper special police officer or if the duties of such person are not such as come within the purview of this article.</text><type>section</type><prefixes><unit></unit></prefixes><entire_prefix></entire_prefix><prefix_anchor></prefix_anchor><level>1</level></unit></text></law>
