<?xml version="1.0"?>
<law><section_number>53.71</section_number><edition_id>1</edition_id><section_id>444</section_id><structure_id>18</structure_id><catch_line>Roosters &#x2013; Limit.</catch_line><history></history><full_text>&#xA0; ROOSTERS &#x2013; LIMIT.
	(Added by Ord. No. 180,889, Eff. 10/31/09.)

	No person or persons shall own, possess, maintain or have custody of more than one rooster on any lot, building, structure, property or premises within the City of Los Angeles, subject to the following exceptions:

	(a)	This section shall not prohibit any business, educational facility or lawful animal exhibition from having or maintaining roosters, provided that such business, educational facility or animal exhibition:&#xA0; (i) has appropriate and valid permits and licenses; (ii) operates in appropriately zoned areas; and (iii) maintains roosters as an integral and otherwise lawful part of such business or activity.

	(b)	This section shall not prohibit more than one rooster on a property for filming purposes, pursuant to a properly issued City filming permit, for the limited purpose of being used in a film, television or other media production.&#xA0; A rooster or roosters creating a nuisance shall be removed from the City at the completion of each workday or sooner, once filming ceases for the day or night.

	(c)	Persons owning more than one pet rooster may seek a permit from the Department to keep up to three of the roosters as pets for the remainder of the roosters&#x2019; lives; provided that the roosters do not create a nuisance or health hazard, are microchipped or fitted with a legband approved by the Department for permanent identification and are maintained in accordance with other laws governing the possession of fowl in the City.&#xA0; No replacement roosters shall be allowed under this permit.&#xA0; The Department may charge an administrative fee not to exceed $50.00 for up to two additional roosters as a one-time permit fee.&#xA0; No application for a permit shall be accepted under this exception after December 31, 2009.

	(d)	A violation of the provisions of this Section may be addressed by means of a notice to correct, or by means of a criminal or administrative citation in the amount of $50.00 for the first violation, $100.00 for the second violation and $250.00 for the third violation.&#xA0; A violation of this Section may also be prosecuted as a misdemeanor.&#xA0; (Amended by Ord. No. 181,332, Eff. 11/8/10.)

	(e)	Nothing in this section shall be interpreted to limit or affect any zoning or land use requirements or regulations or any distance requirements or affect any other local, State or Federal law relating to roosters, fighting roosters, game cocks or other fowl or poultry.</full_text><order_by>71</order_by><ancestry><unit id="18" label="article"><name>Animals And Fowls</name><identifier>3</identifier><url>/5/3/</url></unit><unit id="9" label="chapter"><name>Public Safety and Protection</name><identifier>5</identifier><url>/5/</url></unit></ancestry><structure_contents><unit id="722"><structure_id>18</structure_id><section_number>53.00</section_number><catch_line>Definitions.</catch_line><url>/53.00/</url><token>53.00</token></unit><unit id="3815"><structure_id>18</structure_id><section_number>53.01</section_number><catch_line>Pound, Hours Open.</catch_line><url>/53.01/</url><token>53.01</token></unit><unit id="2203"><structure_id>18</structure_id><section_number>53.02</section_number><catch_line>Issuing Of Badges To Department &#x2013; Department Members As Police Officers.</catch_line><url>/53.02/</url><token>53.02</token></unit><unit id="3704"><structure_id>18</structure_id><section_number>53.02.1</section_number><catch_line>Board, Duties Of.</catch_line><url>/53.02.1/</url><token>53.02.1</token></unit><unit id="514"><structure_id>18</structure_id><section_number>53.03</section_number><catch_line>Inspections.</catch_line><url>/53.03/</url><token>53.03</token></unit><unit id="2691"><structure_id>18</structure_id><section_number>53.03.1</section_number><catch_line>Minimum Age &#x2013; Duties Of Employees.</catch_line><url>/53.03.1/</url><token>53.03.1</token></unit><unit id="3901"><structure_id>18</structure_id><section_number>53.04</section_number><catch_line>Unenclosed Premises, Impounding.</catch_line><url>/53.04/</url><token>53.04</token></unit><unit id="3701"><structure_id>18</structure_id><section_number>53.05</section_number><catch_line>Impounding. Duty Of Police.</catch_line><url>/53.05/</url><token>53.05</token></unit><unit id="3468"><structure_id>18</structure_id><section_number>53.06</section_number><catch_line>Animals At Large.</catch_line><url>/53.06/</url><token>53.06</token></unit><unit id="848"><structure_id>18</structure_id><section_number>53.06.2</section_number><catch_line>Restraint Of Dogs.</catch_line><url>/53.06.2/</url><token>53.06.2</token></unit><unit id="3731"><structure_id>18</structure_id><section_number>53.06.3</section_number><catch_line>Trapping &#x2013; Permit Required.</catch_line><url>/53.06.3/</url><token>53.06.3</token></unit><unit id="1260"><structure_id>18</structure_id><section_number>53.06.4</section_number><catch_line>Certain Animals Declared To Be A Public Nuisance &#x2013; Summary Destruction Authorized.</catch_line><url>/53.06.4/</url><token>53.06.4</token></unit><unit id="174"><structure_id>18</structure_id><section_number>53.06.5</section_number><catch_line>Feeding Of Non-Domesticated Mammalian Predators Prohibited.</catch_line><url>/53.06.5/</url><token>53.06.5</token></unit><unit id="1986"><structure_id>18</structure_id><section_number>53.07</section_number><catch_line>Animals On Unenclosed Premises.</catch_line><url>/53.07/</url><token>53.07</token></unit><unit id="3000"><structure_id>18</structure_id><section_number>53.08</section_number><catch_line>Animals In Los Angeles River Bed.</catch_line><url>/53.08/</url><token>53.08</token></unit><unit id="3918"><structure_id>18</structure_id><section_number>53.09</section_number><catch_line>Stray Animals. Notice Required.</catch_line><url>/53.09/</url><token>53.09</token></unit><unit id="4021"><structure_id>18</structure_id><section_number>53.10</section_number><catch_line>Permitting Animals To Go Without Care &#x2013; Duty To Enter And Remove Same.</catch_line><url>/53.10/</url><token>53.10</token></unit><unit id="2198"><structure_id>18</structure_id><section_number>53.11</section_number><catch_line>Animals. Impounding &#x2013; Sale.</catch_line><url>/53.11/</url><token>53.11</token></unit><unit id="2863"><structure_id>18</structure_id><section_number>53.12</section_number><catch_line>Animal Shelter Adoption Fee Schedule.</catch_line><url>/53.12/</url><token>53.12</token></unit><unit id="674"><structure_id>18</structure_id><section_number>53.12.1</section_number><catch_line>Uncared For Animals &#x2013; Impounding.</catch_line><url>/53.12.1/</url><token>53.12.1</token></unit><unit id="391"><structure_id>18</structure_id><section_number>53.12.2</section_number><catch_line>Impoundment Of Unaltered Dogs And Cats &#x2013; Civil Penalties.</catch_line><url>/53.12.2/</url><token>53.12.2</token></unit><unit id="757"><structure_id>18</structure_id><section_number>53.13</section_number><catch_line>Redemption Fees.</catch_line><url>/53.13/</url><token>53.13</token></unit><unit id="1151"><structure_id>18</structure_id><section_number>53.14</section_number><catch_line>Records Of Impounded Animals.</catch_line><url>/53.14/</url><token>53.14</token></unit><unit id="1931"><structure_id>18</structure_id><section_number>53.15</section_number><catch_line>Dog License Tax &#x2013; Penalties.</catch_line><url>/53.15/</url><token>53.15</token></unit><unit id="20"><structure_id>18</structure_id><section_number>53.15.1</section_number><catch_line>Equine License Fee.</catch_line><url>/53.15.1/</url><token>53.15.1</token></unit><unit id="2240"><structure_id>18</structure_id><section_number>53.15.2</section_number><catch_line>Breeding And Transfer Of Dogs And Cats.</catch_line><url>/53.15.2/</url><token>53.15.2</token></unit><unit id="2685"><structure_id>18</structure_id><section_number>53.15.3</section_number><catch_line>Dog License Fee.</catch_line><url>/53.15.3/</url><token>53.15.3</token></unit><unit id="763"><structure_id>18</structure_id><section_number>53.15.4</section_number><catch_line>Veterinarians And Others Authorized To Distribute Dog License Applications Or Sell Dog Licenses.</catch_line><url>/53.15.4/</url><token>53.15.4</token></unit><unit id="2176"><structure_id>18</structure_id><section_number>53.15.5</section_number><catch_line>Electronic Animal Identification Device.</catch_line><url>/53.15.5/</url><token>53.15.5</token></unit><unit id="3783"><structure_id>18</structure_id><section_number>53.16</section_number><catch_line>Licenses To Be Signed.</catch_line><url>/53.16/</url><token>53.16</token></unit><unit id="527"><structure_id>18</structure_id><section_number>53.17</section_number><catch_line>Licenses &#x2013; What To State.</catch_line><url>/53.17/</url><token>53.17</token></unit><unit id="495"><structure_id>18</structure_id><section_number>53.18</section_number><catch_line>Record Of Licenses.</catch_line><url>/53.18/</url><token>53.18</token></unit><unit id="4042"><structure_id>18</structure_id><section_number>53.18.5</section_number><catch_line>Hearing Procedures And License Revocations.</catch_line><url>/53.18.5/</url><token>53.18.5</token></unit><unit id="2179"><structure_id>18</structure_id><section_number>53.19</section_number><catch_line>Cat Tag &#x2013; Issuance Of.</catch_line><url>/53.19/</url><token>53.19</token></unit><unit id="2475"><structure_id>18</structure_id><section_number>53.21</section_number><catch_line>Dog Tags &#x2013; Wearing Of And Registry.</catch_line><url>/53.21/</url><token>53.21</token></unit><unit id="3414"><structure_id>18</structure_id><section_number>53.22</section_number><catch_line>Dog Tag &#x2013; Must Be Official.</catch_line><url>/53.22/</url><token>53.22</token></unit><unit id="913"><structure_id>18</structure_id><section_number>53.23</section_number><catch_line>Dog Tags &#x2013; Removal Of.</catch_line><url>/53.23/</url><token>53.23</token></unit><unit id="489"><structure_id>18</structure_id><section_number>53.24</section_number><catch_line>Receipt &#x2013; Certificate &#x2013; Failure To Exhibit.</catch_line><url>/53.24/</url><token>53.24</token></unit><unit id="2154"><structure_id>18</structure_id><section_number>53.25</section_number><catch_line>Collection &#x2013; Depositing Of.</catch_line><url>/53.25/</url><token>53.25</token></unit><unit id="2031"><structure_id>18</structure_id><section_number>53.26</section_number><catch_line>License Taxes &#x2013; Right To Sue For Recovery.</catch_line><url>/53.26/</url><token>53.26</token></unit><unit id="531"><structure_id>18</structure_id><section_number>53.27</section_number><catch_line>Transfer Of Ownership; Notice Required.</catch_line><url>/53.27/</url><token>53.27</token></unit><unit id="2785"><structure_id>18</structure_id><section_number>53.28</section_number><catch_line>Harboring Of Unlicensed Dogs.</catch_line><url>/53.28/</url><token>53.28</token></unit><unit id="1095"><structure_id>18</structure_id><section_number>53.29</section_number><catch_line>Female Dogs And Cats, Straying During Season.</catch_line><url>/53.29/</url><token>53.29</token></unit><unit id="3775"><structure_id>18</structure_id><section_number>53.30</section_number><catch_line>Keeping Of Diseased Or Crippled Animals.</catch_line><url>/53.30/</url><token>53.30</token></unit><unit id="3559"><structure_id>18</structure_id><section_number>53.31</section_number><catch_line>Public Spay And Neuter Clinic.</catch_line><url>/53.31/</url><token>53.31</token></unit><unit id="2624"><structure_id>18</structure_id><section_number>53.32</section_number><catch_line>Animals &#x2013; Disposal Of.</catch_line><url>/53.32/</url><token>53.32</token></unit><unit id="2620"><structure_id>18</structure_id><section_number>53.33</section_number><catch_line>Vicious Animals &#x2013; Private Premises.</catch_line><url>/53.33/</url><token>53.33</token></unit><unit id="3003"><structure_id>18</structure_id><section_number>53.34</section_number><catch_line>Animals At Large.</catch_line><url>/53.34/</url><token>53.34</token></unit><unit id="1991"><structure_id>18</structure_id><section_number>53.34.1</section_number><catch_line>Menacing Dogs.</catch_line><url>/53.34.1/</url><token>53.34.1</token></unit><unit id="3233"><structure_id>18</structure_id><section_number>53.34.2</section_number><catch_line>Impoundment &#x2013; Biting Or Attacking Animal.</catch_line><url>/53.34.2/</url><token>53.34.2</token></unit><unit id="145"><structure_id>18</structure_id><section_number>53.34.3</section_number><catch_line>Restricted Dog Permit.</catch_line><url>/53.34.3/</url><token>53.34.3</token></unit><unit id="2148"><structure_id>18</structure_id><section_number>53.34.4</section_number><catch_line>Dangerous Animal &#x2013; Procedures.</catch_line><url>/53.34.4/</url><token>53.34.4</token></unit><unit id="3052"><structure_id>18</structure_id><section_number>53.35</section_number><catch_line>Animals &#x2013; Transportation Of.</catch_line><url>/53.35/</url><token>53.35</token></unit><unit id="4084"><structure_id>18</structure_id><section_number>53.36</section_number><catch_line>Resisting Officers Or Employees.</catch_line><url>/53.36/</url><token>53.36</token></unit><unit id="4025"><structure_id>18</structure_id><section_number>53.37</section_number><catch_line>Dogs &#x2013; Exemptions.</catch_line><url>/53.37/</url><token>53.37</token></unit><unit id="2886"><structure_id>18</structure_id><section_number>53.38</section_number><catch_line>Wild Animals &#x2013; Keeping &#x2013; Permit.</catch_line><url>/53.38/</url><token>53.38</token></unit><unit id="3028"><structure_id>18</structure_id><section_number>53.39</section_number><catch_line>Wild Animals &#x2013; Power Of Department Over.</catch_line><url>/53.39/</url><token>53.39</token></unit><unit id="660"><structure_id>18</structure_id><section_number>53.40</section_number><catch_line>Bull Fights.</catch_line><url>/53.40/</url><token>53.40</token></unit><unit id="1779"><structure_id>18</structure_id><section_number>53.41</section_number><catch_line>Animals &#x2013; Food Poisoning.</catch_line><url>/53.41/</url><token>53.41</token></unit><unit id="3570"><structure_id>18</structure_id><section_number>53.42</section_number><catch_line>Animals, Sale Of &#x2013; As Novelties &#x2013; On Streets.</catch_line><url>/53.42/</url><token>53.42</token></unit><unit id="3051"><structure_id>18</structure_id><section_number>53.43</section_number><catch_line>Pigeons &#x2013; Feeding &#x2013; Restricted Area.</catch_line><url>/53.43/</url><token>53.43</token></unit><unit id="679"><structure_id>18</structure_id><section_number>53.44</section_number><catch_line>Veterinaries - Notices Of Death Of Animals.</catch_line><url>/53.44/</url><token>53.44</token></unit><unit id="4051"><structure_id>18</structure_id><section_number>53.45</section_number><catch_line>Veterinaries - Retention Of Dead Animals.</catch_line><url>/53.45/</url><token>53.45</token></unit><unit id="990"><structure_id>18</structure_id><section_number>53.46</section_number><catch_line>Wild Birds &#x2013; Impounding &#x2013; Crating.</catch_line><url>/53.46/</url><token>53.46</token></unit><unit id="2238"><structure_id>18</structure_id><section_number>53.47</section_number><catch_line>Breeding Animals &#x2013; Enclosures.</catch_line><url>/53.47/</url><token>53.47</token></unit><unit id="974"><structure_id>18</structure_id><section_number>53.48</section_number><catch_line>Song Birds &#x2013; Killing.</catch_line><url>/53.48/</url><token>53.48</token></unit><unit id="2723"><structure_id>18</structure_id><section_number>53.49</section_number><catch_line>Dogs - Dog Defecation To Be Removed By Owners.</catch_line><url>/53.49/</url><token>53.49</token></unit><unit id="2156"><structure_id>18</structure_id><section_number>53.50</section_number><catch_line>Dog Kennels, Etc.</catch_line><url>/53.50/</url><token>53.50</token></unit><unit id="1663"><structure_id>18</structure_id><section_number>53.51</section_number><catch_line>Vaccination Of Dogs Required.</catch_line><url>/53.51/</url><token>53.51</token></unit><unit id="2818"><structure_id>18</structure_id><section_number>53.52</section_number><catch_line>Exemptions.</catch_line><url>/53.52/</url><token>53.52</token></unit><unit id="2527"><structure_id>18</structure_id><section_number>53.53</section_number><catch_line>Duty Of Veterinarians Performing Vaccinations.</catch_line><url>/53.53/</url><token>53.53</token></unit><unit id="3042"><structure_id>18</structure_id><section_number>53.54</section_number><catch_line>Vaccination Certificates, Proof Of Sterilization And Other Proof To Be Retained By Owner.</catch_line><url>/53.54/</url><token>53.54</token></unit><unit id="4045"><structure_id>18</structure_id><section_number>53.55</section_number><catch_line>Dogs On Beaches Prohibited &#x2013; Exception.</catch_line><url>/53.55/</url><token>53.55</token></unit><unit id="535"><structure_id>18</structure_id><section_number>53.56</section_number><catch_line>Imported Dogs.</catch_line><url>/53.56/</url><token>53.56</token></unit><unit id="1570"><structure_id>18</structure_id><section_number>53.57</section_number><catch_line>Unlawful Possession &#x2013; Certificates.</catch_line><url>/53.57/</url><token>53.57</token></unit><unit id="821"><structure_id>18</structure_id><section_number>53.58</section_number><catch_line>Rules And Regulations.</catch_line><url>/53.58/</url><token>53.58</token></unit><unit id="1225"><structure_id>18</structure_id><section_number>53.59</section_number><catch_line>Animals &#x2013; Distances &#x2013; Separation From Dwelling.</catch_line><url>/53.59/</url><token>53.59</token></unit><unit id="3443"><structure_id>18</structure_id><section_number>53.60</section_number><catch_line>Carrier And Homing Pigeons &#x2013; Permits.</catch_line><url>/53.60/</url><token>53.60</token></unit><unit id="3846"><structure_id>18</structure_id><section_number>53.62</section_number><catch_line>Animals; Burial Of.</catch_line><url>/53.62/</url><token>53.62</token></unit><unit id="3069"><structure_id>18</structure_id><section_number>53.63</section_number><catch_line>Barking Dog Noise.</catch_line><url>/53.63/</url><token>53.63</token></unit><unit id="2359"><structure_id>18</structure_id><section_number>53.64</section_number><catch_line>Regulation Of Sentry Dog Services.</catch_line><url>/53.64/</url><token>53.64</token></unit><unit id="3519"><structure_id>18</structure_id><section_number>53.65</section_number><catch_line>Maiming, Injuring Or Killing Animals During Performance.</catch_line><url>/53.65/</url><token>53.65</token></unit><unit id="2340"><structure_id>18</structure_id><section_number>53.66</section_number><catch_line>Guard Dogs.</catch_line><url>/53.66/</url><token>53.66</token></unit><unit id="871"><structure_id>18</structure_id><section_number>53.67</section_number><catch_line>Animal Sacrifice.</catch_line><url>/53.67/</url><token>53.67</token></unit><unit id="2285"><structure_id>18</structure_id><section_number>53.68</section_number><catch_line>Fees For Services To Subdividers.</catch_line><url>/53.68/</url><token>53.68</token></unit><unit id="1809"><structure_id>18</structure_id><section_number>53.69</section_number><catch_line>Fees For Trap Rental.</catch_line><url>/53.69/</url><token>53.69</token></unit><unit id="2208"><structure_id>18</structure_id><section_number>53.70</section_number><catch_line>Care And Maintenance Of Dogs.</catch_line><url>/53.70/</url><token>53.70</token></unit><unit id="444"><structure_id>18</structure_id><section_number>53.71</section_number><catch_line>Roosters &#x2013; Limit.</catch_line><url>/53.71/</url><token>53.71</token></unit><unit id="2775"><structure_id>18</structure_id><section_number>53.72</section_number><catch_line>Declawing Of Cats Or Other Animals &#x2013; Prohibition.</catch_line><url>/53.72/</url><token>53.72</token></unit><unit id="2535"><structure_id>18</structure_id><section_number>53.73</section_number><catch_line>Sale Of Commercially Bred Dogs, Cats And Rabbits In Pet
Stores &#x2013; Prohibition.</catch_line><url>/53.73/</url><token>53.73</token></unit></structure_contents><next_section id="2775"><structure_id>18</structure_id><section_number>53.72</section_number><catch_line>Declawing Of Cats Or Other Animals &#x2013; Prohibition.</catch_line><url>/53.72/</url><token>53.72</token></next_section><metadata></metadata><references></references><url>/53.71/</url><token>53.71</token><formats><txt>/53.71.txt</txt><json>/53.71.xml</json></formats><dublin_core><Title>Roosters &#x2013; Limit.</Title><Type>Text</Type><Format>text/html</Format><Identifier>&#xA7; 53.71</Identifier><Relation>Los Angeles Municipal Code</Relation></dublin_core><plain_text>                            LOS ANGELES MUNICIPAL CODE

ROOSTERS &#x2013; LIMIT. (&#xA7; 53.71)

&#xA0; ROOSTERS &#x2013; LIMIT.
	(Added by Ord. No. 180,889, Eff. 10/31/09.)	No person or persons shall own,
possess, maintain or have custody of more than one rooster on any lot, building,
structure, property or premises within the City of Los Angeles, subject to the
following exceptions:	(a)	This section shall not prohibit any business,
educational facility or lawful animal exhibition from having or maintaining
roosters, provided that such business, educational facility or animal
exhibition:&#xA0; (i) has appropriate and valid permits and licenses; (ii) operates
in appropriately zoned areas; and (iii) maintains roosters as an integral and
otherwise lawful part of such business or activity.	(b)	This section shall not
prohibit more than one rooster on a property for filming purposes, pursuant to a
properly issued City filming permit, for the limited purpose of being used in a
film, television or other media production.&#xA0; A rooster or roosters creating a
nuisance shall be removed from the City at the completion of each workday or
sooner, once filming ceases for the day or night.	(c)	Persons owning more than
one pet rooster may seek a permit from the Department to keep up to three of the
roosters as pets for the remainder of the roosters&#x2019; lives; provided that the
roosters do not create a nuisance or health hazard, are microchipped or fitted
with a legband approved by the Department for permanent identification and are
maintained in accordance with other laws governing the possession of fowl in the
City.&#xA0; No replacement roosters shall be allowed under this permit.&#xA0; The
Department may charge an administrative fee not to exceed $50.00 for up to two
additional roosters as a one-time permit fee.&#xA0; No application for a permit
shall be accepted under this exception after December 31, 2009.	(d)	A violation
of the provisions of this Section may be addressed by means of a notice to
correct, or by means of a criminal or administrative citation in the amount of
$50.00 for the first violation, $100.00 for the second violation and $250.00 for
the third violation.&#xA0; A violation of this Section may also be prosecuted as a
misdemeanor.&#xA0; (Amended by Ord. No. 181,332, Eff. 11/8/10.)	(e)	Nothing in this
section shall be interpreted to limit or affect any zoning or land use
requirements or regulations or any distance requirements or affect any other
local, State or Federal law relating to roosters, fighting roosters, game cocks
or other fowl or poultry.
</plain_text><html>
					&lt;section&gt;&lt;p&gt;&#xA0; ROOSTERS &#x2013; LIMIT.
	(Added by Ord. No. 180,889, Eff. 10/31/09.)&lt;br /&gt;&lt;br /&gt;	No person or persons shall own, possess, maintain or have &lt;span class="dictionary"&gt;custody&lt;/span&gt; of more than one rooster on any lot, building, structure, property or premises within the City of Los Angeles, subject to the following exceptions:&lt;br /&gt;&lt;br /&gt;	(a)	This section shall not prohibit any business, educational facility or lawful animal exhibition from having or maintaining roosters, provided that such business, educational facility or animal exhibition:&#xA0; (i) has appropriate and valid permits and licenses; (ii) operates in appropriately zoned areas; and (iii) maintains roosters as an integral and otherwise lawful part of such business or activity.&lt;br /&gt;&lt;br /&gt;	(b)	This section shall not prohibit more than one rooster on a property for filming purposes, pursuant to a properly issued City filming permit, for the limited purpose of being used in a film, television or other media production.&#xA0; A rooster or roosters creating a nuisance shall be removed from the City at the completion of each workday or sooner, once filming ceases for the day or night.&lt;br /&gt;&lt;br /&gt;	(c)	Persons owning more than one pet rooster may seek a permit from the Department to keep up to three of the roosters as pets for the remainder of the roosters&#x2019; lives; provided that the roosters do not create a nuisance or health hazard, are microchipped or fitted with a legband approved by the Department for permanent identification and are maintained in accordance with other &lt;span class="dictionary"&gt;laws&lt;/span&gt; governing the &lt;span class="dictionary"&gt;possession&lt;/span&gt; of fowl in the City.&#xA0; No replacement roosters shall be allowed under this permit.&#xA0; The Department may charge an administrative fee not to exceed $50.00 for up to two additional roosters as a one-time permit fee.&#xA0; No application for a permit shall be accepted under this exception after December 31, 2009.&lt;br /&gt;&lt;br /&gt;	(d)	A violation of the provisions of this Section may be addressed by means of a notice to correct, or by means of a criminal or administrative &lt;span class="dictionary"&gt;citation&lt;/span&gt; in the amount of $50.00 for the first violation, $100.00 for the second violation and $250.00 for the third violation.&#xA0; A violation of this Section may also be prosecuted as a &lt;span class="dictionary"&gt;misdemeanor&lt;/span&gt;.&#xA0; (Amended by Ord. No. 181,332, Eff. 11/8/10.)&lt;br /&gt;&lt;br /&gt;	(e)	Nothing in this section shall be interpreted to limit or affect any zoning or land use requirements or regulations or any distance requirements or affect any other local, State or Federal &lt;span class="dictionary"&gt;law&lt;/span&gt; relating to roosters, fighting roosters, game cocks or other fowl or poultry.&lt;/p&gt;&lt;/section&gt;</html><previous_section id="2208"><structure_id>18</structure_id><section_number>53.70</section_number><catch_line>Care And Maintenance Of Dogs.</catch_line><url>/53.70/</url><token>53.70</token></previous_section><text><unit id="437" prefix=""><text>&#xA0; ROOSTERS &#x2013; LIMIT.
	(Added by Ord. No. 180,889, Eff. 10/31/09.)	No person or persons shall own, possess, maintain or have custody of more than one rooster on any lot, building, structure, property or premises within the City of Los Angeles, subject to the following exceptions:	(a)	This section shall not prohibit any business, educational facility or lawful animal exhibition from having or maintaining roosters, provided that such business, educational facility or animal exhibition:&#xA0; (i) has appropriate and valid permits and licenses; (ii) operates in appropriately zoned areas; and (iii) maintains roosters as an integral and otherwise lawful part of such business or activity.	(b)	This section shall not prohibit more than one rooster on a property for filming purposes, pursuant to a properly issued City filming permit, for the limited purpose of being used in a film, television or other media production.&#xA0; A rooster or roosters creating a nuisance shall be removed from the City at the completion of each workday or sooner, once filming ceases for the day or night.	(c)	Persons owning more than one pet rooster may seek a permit from the Department to keep up to three of the roosters as pets for the remainder of the roosters&#x2019; lives; provided that the roosters do not create a nuisance or health hazard, are microchipped or fitted with a legband approved by the Department for permanent identification and are maintained in accordance with other laws governing the possession of fowl in the City.&#xA0; No replacement roosters shall be allowed under this permit.&#xA0; The Department may charge an administrative fee not to exceed $50.00 for up to two additional roosters as a one-time permit fee.&#xA0; No application for a permit shall be accepted under this exception after December 31, 2009.	(d)	A violation of the provisions of this Section may be addressed by means of a notice to correct, or by means of a criminal or administrative citation in the amount of $50.00 for the first violation, $100.00 for the second violation and $250.00 for the third violation.&#xA0; A violation of this Section may also be prosecuted as a misdemeanor.&#xA0; (Amended by Ord. No. 181,332, Eff. 11/8/10.)	(e)	Nothing in this section shall be interpreted to limit or affect any zoning or land use requirements or regulations or any distance requirements or affect any other local, State or Federal law relating to roosters, fighting roosters, game cocks or other fowl or poultry.</text><type>section</type><prefixes><unit></unit></prefixes><entire_prefix></entire_prefix><prefix_anchor></prefix_anchor><level>1</level></unit></text></law>
