<?xml version="1.0"?>
<law><section_number>55.09</section_number><edition_id>1</edition_id><section_id>125</section_id><structure_id>53</structure_id><catch_line>Ammunition Sales.</catch_line><history></history><full_text>&#xA0; AMMUNITION SALES.
	(Added by Ord. No. 165,930, Eff. 6/5/90.)

	(a)	The term &#x201C;firearm ammunition&#x201D;, as used in this section, shall include any ammunition for use in pistols, revolvers, rifles, shot guns, or any other device designed to be used as a weapon from which is expelled a projectile by the force of explosion or other form of combustion.

	(b)	Except as specified in Subsection (c) and (d), no person, including retail gun dealers, shall sell, give, lend or transfer ownership of any firearm ammunition during the period of seven days prior to the first day of January of each year or on the first day of January of each year, or during the seven days prior to the Fourth of July of each year or on the Fourth of July of each year.

	(c)	Nothing in this section shall prohibit the sale or transfer of ownership of firearm ammunition by a wholesale gun dealer to another wholesale gun dealer or by a wholesale gun dealer to a retail gun dealer, or of ammunition requested by Section 12324 of the Penal Code of the State of California.

	(d)	Nothing in this section shall prohibit sale to or acquisition by any person described in Section 12302 or 12322 of the Penal Code of the State of California.

	(e)	The provisions of this section shall not apply to the sale of any firearm ammunition when such sale is prohibited by Sections 12303, 12303.6, 12304 or 12321 of the Penal Code of the State of California, or is otherwise prohibited by Chapter 2.5, Title 2, Part 4, of the Penal Code of the State of California.</full_text><order_by>09</order_by><ancestry><unit id="53" label="article"><name>Firearms &#x2013; Dangerous Weapons</name><identifier>5</identifier><url>/5/5/</url></unit><unit id="9" label="chapter"><name>Public Safety and Protection</name><identifier>5</identifier><url>/5/</url></unit></ancestry><structure_contents><unit id="1598"><structure_id>53</structure_id><section_number>55.00</section_number><catch_line>Guns &#x2013; Permits.</catch_line><url>/55.00/</url><token>55.00</token></unit><unit id="1938"><structure_id>53</structure_id><section_number>55.01</section_number><catch_line>Concealed Weapons &#x2013; Permit.</catch_line><url>/55.01/</url><token>55.01</token></unit><unit id="3465"><structure_id>53</structure_id><section_number>55.02</section_number><catch_line>Concealed Weapons &#x2013; Permit &#x2013; Record.</catch_line><url>/55.02/</url><token>55.02</token></unit><unit id="1825"><structure_id>53</structure_id><section_number>55.03</section_number><catch_line>Concealed Weapons &#x2013; Permits &#x2013; Fee.</catch_line><url>/55.03/</url><token>55.03</token></unit><unit id="3869"><structure_id>53</structure_id><section_number>55.04</section_number><catch_line>Tear Gas Weapons &#x2013; Permits.</catch_line><url>/55.04/</url><token>55.04</token></unit><unit id="3978"><structure_id>53</structure_id><section_number>55.05</section_number><catch_line>Assault Weapons &#x2013; Sale Or Possession Prohibited.</catch_line><url>/55.05/</url><token>55.05</token></unit><unit id="1981"><structure_id>53</structure_id><section_number>55.06</section_number><catch_line>Use Of Bows And Arrows Prohibited.</catch_line><url>/55.06/</url><token>55.06</token></unit><unit id="654"><structure_id>53</structure_id><section_number>55.07</section_number><catch_line>Demonstration Equipment Prohibited.</catch_line><url>/55.07/</url><token>55.07</token></unit><unit id="1466"><structure_id>53</structure_id><section_number>55.08</section_number><catch_line>Glass Bottles On Public Property Prohibited.</catch_line><url>/55.08/</url><token>55.08</token></unit><unit id="125"><structure_id>53</structure_id><section_number>55.09</section_number><catch_line>Ammunition Sales.</catch_line><url>/55.09/</url><token>55.09</token></unit><unit id="2087"><structure_id>53</structure_id><section_number>55.10</section_number><catch_line>Carry Knives Or Daggers In Plain View Prohibited.</catch_line><url>/55.10/</url><token>55.10</token></unit><unit id="1800"><structure_id>53</structure_id><section_number>55.11</section_number><catch_line>Requirements For Ammunition Sales.</catch_line><url>/55.11/</url><token>55.11</token></unit><unit id="2443"><structure_id>53</structure_id><section_number>55.12</section_number><catch_line>Duty To Report Theft Or Loss Of Firearms; Exemptions.</catch_line><url>/55.12/</url><token>55.12</token></unit><unit id="3232"><structure_id>53</structure_id><section_number>55.12.1</section_number><catch_line>Disposal Of Firearms And Ammunition.</catch_line><url>/55.12.1/</url><token>55.12.1</token></unit><unit id="3722"><structure_id>53</structure_id><section_number>55.13</section_number><catch_line>Sale Of Ammunition Clips And Similar Devices.</catch_line><url>/55.13/</url><token>55.13</token></unit><unit id="553"><structure_id>53</structure_id><section_number>55.14</section_number><catch_line>Sale Or Purchase Of More Than One Handgun Within A Thirty Day Period Prohibited.</catch_line><url>/55.14/</url><token>55.14</token></unit><unit id="4150"><structure_id>53</structure_id><section_number>55.15</section_number><catch_line>Fingerprinting Of Firearms Purchasers.</catch_line><url>/55.15/</url><token>55.15</token></unit><unit id="3490"><structure_id>53</structure_id><section_number>55.16</section_number><catch_line>Sale Of Ultracompact Firearms Prohibited.</catch_line><url>/55.16/</url><token>55.16</token></unit><unit id="3024"><structure_id>53</structure_id><section_number>55.17</section_number><catch_line>Possession Of Gun Parts In Airports.</catch_line><url>/55.17/</url><token>55.17</token></unit><unit id="2680"><structure_id>53</structure_id><section_number>55.18</section_number><catch_line>Sale Of Large Caliber Firearms Prohibited.</catch_line><url>/55.18/</url><token>55.18</token></unit><unit id="1184"><structure_id>53</structure_id><section_number>55.19</section_number><catch_line>Sale Of Ammunition For Large Caliber Firearms Prohibited.</catch_line><url>/55.19/</url><token>55.19</token></unit><unit id="3754"><structure_id>53</structure_id><section_number>55.20</section_number><catch_line>False Or Secret Compartments In Vehicles To Hide
Firearms Or Destructive Devices.</catch_line><url>/55.20/</url><token>55.20</token></unit></structure_contents><next_section id="2087"><structure_id>53</structure_id><section_number>55.10</section_number><catch_line>Carry Knives Or Daggers In Plain View Prohibited.</catch_line><url>/55.10/</url><token>55.10</token></next_section><metadata></metadata><references></references><url>/55.09/</url><token>55.09</token><formats><txt>/55.09.txt</txt><json>/55.09.xml</json></formats><dublin_core><Title>Ammunition Sales.</Title><Type>Text</Type><Format>text/html</Format><Identifier>&#xA7; 55.09</Identifier><Relation>Los Angeles Municipal Code</Relation></dublin_core><plain_text>                            LOS ANGELES MUNICIPAL CODE

AMMUNITION SALES. (&#xA7; 55.09)

&#xA0; AMMUNITION SALES.
	(Added by Ord. No. 165,930, Eff. 6/5/90.)	(a)	The term &#x201C;firearm
ammunition&#x201D;, as used in this section, shall include any ammunition for use in
pistols, revolvers, rifles, shot guns, or any other device designed to be used
as a weapon from which is expelled a projectile by the force of explosion or
other form of combustion.	(b)	Except as specified in Subsection (c) and (d), no
person, including retail gun dealers, shall sell, give, lend or transfer
ownership of any firearm ammunition during the period of seven days prior to the
first day of January of each year or on the first day of January of each year,
or during the seven days prior to the Fourth of July of each year or on the
Fourth of July of each year.	(c)	Nothing in this section shall prohibit the sale
or transfer of ownership of firearm ammunition by a wholesale gun dealer to
another wholesale gun dealer or by a wholesale gun dealer to a retail gun
dealer, or of ammunition requested by Section 12324 of the Penal Code of the
State of California.	(d)	Nothing in this section shall prohibit sale to or
acquisition by any person described in Section 12302 or 12322 of the Penal Code
of the State of California.	(e)	The provisions of this section shall not apply
to the sale of any firearm ammunition when such sale is prohibited by Sections
12303, 12303.6, 12304 or 12321 of the Penal Code of the State of California, or
is otherwise prohibited by Chapter 2.5, Title 2, Part 4, of the Penal Code of
the State of California.
</plain_text><html>
					&lt;section&gt;&lt;p&gt;&#xA0; AMMUNITION SALES.
	(Added by Ord. No. 165,930, Eff. 6/5/90.)&lt;br /&gt;&lt;br /&gt;	(a)	The term &#x201C;firearm ammunition&#x201D;, as used in this section, shall include any ammunition for use in pistols, revolvers, rifles, shot guns, or any other device designed to be used as a weapon from which is expelled a projectile by the force of explosion or other form of combustion.&lt;br /&gt;&lt;br /&gt;	(b)	Except as specified in Subsection (c) and (d), no person, including retail gun dealers, shall sell, give, lend or transfer ownership of any firearm ammunition during the period of seven days prior to the first day of January of each year or on the first day of January of each year, or during the seven days prior to the Fourth of July of each year or on the Fourth of July of each year.&lt;br /&gt;&lt;br /&gt;	(c)	Nothing in this section shall prohibit the sale or transfer of ownership of firearm ammunition by a wholesale gun dealer to another wholesale gun dealer or by a wholesale gun dealer to a retail gun dealer, or of ammunition requested by Section 12324 of the Penal Code of the State of California.&lt;br /&gt;&lt;br /&gt;	(d)	Nothing in this section shall prohibit sale to or acquisition by any person described in Section 12302 or 12322 of the Penal Code of the State of California.&lt;br /&gt;&lt;br /&gt;	(e)	The provisions of this section shall not apply to the sale of any firearm ammunition when such sale is prohibited by Sections 12303, 12303.6, 12304 or 12321 of the Penal Code of the State of California, or is otherwise prohibited by Chapter 2.5, Title 2, Part 4, of the Penal Code of the State of California.&lt;/p&gt;&lt;/section&gt;</html><previous_section id="1466"><structure_id>53</structure_id><section_number>55.08</section_number><catch_line>Glass Bottles On Public Property Prohibited.</catch_line><url>/55.08/</url><token>55.08</token></previous_section><text><unit id="124" prefix=""><text>&#xA0; AMMUNITION SALES.
	(Added by Ord. No. 165,930, Eff. 6/5/90.)	(a)	The term &#x201C;firearm ammunition&#x201D;, as used in this section, shall include any ammunition for use in pistols, revolvers, rifles, shot guns, or any other device designed to be used as a weapon from which is expelled a projectile by the force of explosion or other form of combustion.	(b)	Except as specified in Subsection (c) and (d), no person, including retail gun dealers, shall sell, give, lend or transfer ownership of any firearm ammunition during the period of seven days prior to the first day of January of each year or on the first day of January of each year, or during the seven days prior to the Fourth of July of each year or on the Fourth of July of each year.	(c)	Nothing in this section shall prohibit the sale or transfer of ownership of firearm ammunition by a wholesale gun dealer to another wholesale gun dealer or by a wholesale gun dealer to a retail gun dealer, or of ammunition requested by Section 12324 of the Penal Code of the State of California.	(d)	Nothing in this section shall prohibit sale to or acquisition by any person described in Section 12302 or 12322 of the Penal Code of the State of California.	(e)	The provisions of this section shall not apply to the sale of any firearm ammunition when such sale is prohibited by Sections 12303, 12303.6, 12304 or 12321 of the Penal Code of the State of California, or is otherwise prohibited by Chapter 2.5, Title 2, Part 4, of the Penal Code of the State of California.</text><type>section</type><prefixes><unit></unit></prefixes><entire_prefix></entire_prefix><prefix_anchor></prefix_anchor><level>1</level></unit></text></law>
