<?xml version="1.0"?>
<law><section_number>62.74</section_number><edition_id>1</edition_id><section_id>228</section_id><structure_id>36</structure_id><catch_line>Oil Cables &#x2013; Permits.</catch_line><history></history><full_text>&#xA0; OIL CABLES &#x2013; PERMITS.

	No person shall erect, maintain or operate any rope, wire or cable over or across any street for the purpose of pumping oil from oil wells, without first applying for and receiving a written permit therefor from the Board.</full_text><order_by>74</order_by><ancestry><unit id="36" label="article"><name>Streets And Sidewalks</name><identifier>2</identifier><url>/6/2/</url></unit><unit id="5" label="chapter"><name>Public Works and Property</name><identifier>6</identifier><url>/6/</url></unit></ancestry><structure_contents><unit id="503"><structure_id>36</structure_id><section_number>62.00</section_number><catch_line>Definitions.</catch_line><url>/62.00/</url><token>62.00</token></unit><unit id="4003"><structure_id>36</structure_id><section_number>62.01</section_number><catch_line>Removal Of Obstructing Structures.</catch_line><url>/62.01/</url><token>62.01</token></unit><unit id="1092"><structure_id>36</structure_id><section_number>62.02</section_number><catch_line>Excavations In And Adjacent To Streets &#x2013; Permits.</catch_line><url>/62.02/</url><token>62.02</token></unit><unit id="257"><structure_id>36</structure_id><section_number>62.03</section_number><catch_line>Excavations In And Adjacent To Streets &#x2013; Locations And Restrictions.</catch_line><url>/62.03/</url><token>62.03</token></unit><unit id="354"><structure_id>36</structure_id><section_number>62.03.1</section_number><catch_line>Notification And Location Requirements.</catch_line><url>/62.03.1/</url><token>62.03.1</token></unit><unit id="633"><structure_id>36</structure_id><section_number>62.03.2</section_number><catch_line>Specifications And Procedures For Above Ground Facilities Installations In The Public Rights-Of-Way.</catch_line><url>/62.03.2/</url><token>62.03.2</token></unit><unit id="2577"><structure_id>36</structure_id><section_number>62.03.3</section_number><catch_line>Fine For Non-Compliance.</catch_line><url>/62.03.3/</url><token>62.03.3</token></unit><unit id="2901"><structure_id>36</structure_id><section_number>62.03.4</section_number><catch_line>Appeal For Violation Of Above Ground Facility, Specification And Procedures.</catch_line><url>/62.03.4/</url><token>62.03.4</token></unit><unit id="1074"><structure_id>36</structure_id><section_number>62.04</section_number><catch_line>Excavation In And Adjacent To Streets - Performance Of The Work</catch_line><url>/62.04/</url><token>62.04</token></unit><unit id="2911"><structure_id>36</structure_id><section_number>62.05</section_number><catch_line>Excavations In And Adjacent To Streets &#x2013; Charges.</catch_line><url>/62.05/</url><token>62.05</token></unit><unit id="254"><structure_id>36</structure_id><section_number>62.06</section_number><catch_line>Establishment Of A Street Damage Restoration Fee.</catch_line><url>/62.06/</url><token>62.06</token></unit><unit id="1012"><structure_id>36</structure_id><section_number>62.08</section_number><catch_line>Specifications And Procedures For Above Ground Facilities Installations In The Public Rights-Of-Way.</catch_line><url>/62.08/</url><token>62.08</token></unit><unit id="1855"><structure_id>36</structure_id><section_number>62.09</section_number><catch_line>Fine For Non-Compliance.</catch_line><url>/62.09/</url><token>62.09</token></unit><unit id="4089"><structure_id>36</structure_id><section_number>62.10</section_number><catch_line>Appeal For Violation Of Above Ground Facility, Specification And Procedures.</catch_line><url>/62.10/</url><token>62.10</token></unit><unit id="2015"><structure_id>36</structure_id><section_number>62.40</section_number><catch_line>Maintenance Holes &#x2013; Permit For Opening.</catch_line><url>/62.40/</url><token>62.40</token></unit><unit id="3718"><structure_id>36</structure_id><section_number>62.41</section_number><catch_line>Maintenance Hole Permit Fees.</catch_line><url>/62.41/</url><token>62.41</token></unit><unit id="3596"><structure_id>36</structure_id><section_number>62.42</section_number><catch_line>Manholes &#x2013; Emergency Openings.</catch_line><url>/62.42/</url><token>62.42</token></unit><unit id="3577"><structure_id>36</structure_id><section_number>62.43</section_number><catch_line>Manholes &#x2013; Warning Signs.</catch_line><url>/62.43/</url><token>62.43</token></unit><unit id="1391"><structure_id>36</structure_id><section_number>62.44</section_number><catch_line>Exemptions.</catch_line><url>/62.44/</url><token>62.44</token></unit><unit id="860"><structure_id>36</structure_id><section_number>62.45</section_number><catch_line>Materials Or Equipment In Streets &#x2013; Permits, Regulations, Fees.</catch_line><url>/62.45/</url><token>62.45</token></unit><unit id="2971"><structure_id>36</structure_id><section_number>62.46</section_number><catch_line>Permits &#x2013; Conditions.</catch_line><url>/62.46/</url><token>62.46</token></unit><unit id="622"><structure_id>36</structure_id><section_number>62.47</section_number><catch_line>Permits &#x2013; Revocation.</catch_line><url>/62.47/</url><token>62.47</token></unit><unit id="1871"><structure_id>36</structure_id><section_number>62.48</section_number><catch_line>Revocation Of Permits &#x2013; Work To Cease.</catch_line><url>/62.48/</url><token>62.48</token></unit><unit id="1616"><structure_id>36</structure_id><section_number>62.49</section_number><catch_line>Building Material &#x2013; Deposit In Streets.</catch_line><url>/62.49/</url><token>62.49</token></unit><unit id="1540"><structure_id>36</structure_id><section_number>62.50</section_number><catch_line>Building Material &#x2013; Illumination.</catch_line><url>/62.50/</url><token>62.50</token></unit><unit id="2758"><structure_id>36</structure_id><section_number>62.51</section_number><catch_line>Building Material Deposits &#x2013; Cranes &#x2013; Restrictions.</catch_line><url>/62.51/</url><token>62.51</token></unit><unit id="4183"><structure_id>36</structure_id><section_number>62.52</section_number><catch_line>Plaster &#x2013; Mixing On Street.</catch_line><url>/62.52/</url><token>62.52</token></unit><unit id="1409"><structure_id>36</structure_id><section_number>62.53</section_number><catch_line>Permit To Be Exhibited.</catch_line><url>/62.53/</url><token>62.53</token></unit><unit id="3602"><structure_id>36</structure_id><section_number>62.54</section_number><catch_line>Building Material &#x2013; Removal Of.</catch_line><url>/62.54/</url><token>62.54</token></unit><unit id="1162"><structure_id>36</structure_id><section_number>62.55</section_number><catch_line>Permits &#x2013; Duration Of.</catch_line><url>/62.55/</url><token>62.55</token></unit><unit id="3343"><structure_id>36</structure_id><section_number>62.56</section_number><catch_line>Building Material Permit Fees Exemptions.</catch_line><url>/62.56/</url><token>62.56</token></unit><unit id="191"><structure_id>36</structure_id><section_number>62.57</section_number><catch_line>Elevated Sidewalks &#x2013; Permits.</catch_line><url>/62.57/</url><token>62.57</token></unit><unit id="2130"><structure_id>36</structure_id><section_number>62.58</section_number><catch_line>Elevated Sidewalks &#x2013; Application.</catch_line><url>/62.58/</url><token>62.58</token></unit><unit id="838"><structure_id>36</structure_id><section_number>62.59</section_number><catch_line>Elevated Sidewalks &#x2013; Where Permitted.</catch_line><url>/62.59/</url><token>62.59</token></unit><unit id="1596"><structure_id>36</structure_id><section_number>62.60</section_number><catch_line>Revocation Of Permits.</catch_line><url>/62.60/</url><token>62.60</token></unit><unit id="2885"><structure_id>36</structure_id><section_number>62.61</section_number><catch_line>Work Within Or On A Public Street Or Right-Of-Way, Obstruction Of A Public Street Or Right-Of-Way &#x2013; Permit Required, Regulations, Penalties For Non-Compliance.</catch_line><url>/62.61/</url><token>62.61</token></unit><unit id="2100"><structure_id>36</structure_id><section_number>62.62</section_number><catch_line>Electric Wires On Streets &#x2013; Permit Required.</catch_line><url>/62.62/</url><token>62.62</token></unit><unit id="1747"><structure_id>36</structure_id><section_number>62.63</section_number><catch_line>Electric Wires On Streets &#x2013; Power Of Board Over.</catch_line><url>/62.63/</url><token>62.63</token></unit><unit id="629"><structure_id>36</structure_id><section_number>62.64</section_number><catch_line>Permit &#x2013; Contents Of.</catch_line><url>/62.64/</url><token>62.64</token></unit><unit id="3887"><structure_id>36</structure_id><section_number>62.65</section_number><catch_line>Electric Wiring Must Be Safe.</catch_line><url>/62.65/</url><token>62.65</token></unit><unit id="2167"><structure_id>36</structure_id><section_number>62.66</section_number><catch_line>Board &#x2013; Power To Decide Questions.</catch_line><url>/62.66/</url><token>62.66</token></unit><unit id="2632"><structure_id>36</structure_id><section_number>62.67</section_number><catch_line>Permits &#x2013; Duration Of.</catch_line><url>/62.67/</url><token>62.67</token></unit><unit id="348"><structure_id>36</structure_id><section_number>62.68</section_number><catch_line>Exemption &#x2013; Franchises.</catch_line><url>/62.68/</url><token>62.68</token></unit><unit id="2456"><structure_id>36</structure_id><section_number>62.69</section_number><catch_line>Oil Pipe Lines &#x2013; Permits.</catch_line><url>/62.69/</url><token>62.69</token></unit><unit id="1850"><structure_id>36</structure_id><section_number>62.70</section_number><catch_line>Oil Pipe Line &#x2013; Permit Application.</catch_line><url>/62.70/</url><token>62.70</token></unit><unit id="270"><structure_id>36</structure_id><section_number>62.71</section_number><catch_line>Oil Pipe Line &#x2013; Permit &#x2013; Contents.</catch_line><url>/62.71/</url><token>62.71</token></unit><unit id="1310"><structure_id>36</structure_id><section_number>62.72</section_number><catch_line>Oil Pipe Lines &#x2013; Regulations.</catch_line><url>/62.72/</url><token>62.72</token></unit><unit id="2994"><structure_id>36</structure_id><section_number>62.73</section_number><catch_line>Oil Pipe Lines &#x2013; Permits &#x2013; Revocability Of.</catch_line><url>/62.73/</url><token>62.73</token></unit><unit id="228"><structure_id>36</structure_id><section_number>62.74</section_number><catch_line>Oil Cables &#x2013; Permits.</catch_line><url>/62.74/</url><token>62.74</token></unit><unit id="4158"><structure_id>36</structure_id><section_number>62.75</section_number><catch_line>Oil Cables &#x2013; Permit Applications.</catch_line><url>/62.75/</url><token>62.75</token></unit><unit id="1811"><structure_id>36</structure_id><section_number>62.76</section_number><catch_line>Oil Cables &#x2013; Permit Contents.</catch_line><url>/62.76/</url><token>62.76</token></unit><unit id="3117"><structure_id>36</structure_id><section_number>62.77</section_number><catch_line>Oil Cables &#x2013; Regulations.</catch_line><url>/62.77/</url><token>62.77</token></unit><unit id="4063"><structure_id>36</structure_id><section_number>62.78</section_number><catch_line>Oil Cables &#x2013; Permits &#x2013; Revocability Of.</catch_line><url>/62.78/</url><token>62.78</token></unit><unit id="1489"><structure_id>36</structure_id><section_number>62.79</section_number><catch_line>Oil &#x2013; Spilling On Streets.</catch_line><url>/62.79/</url><token>62.79</token></unit><unit id="1472"><structure_id>36</structure_id><section_number>62.80</section_number><catch_line>Drainage Of Water Into Streets.</catch_line><url>/62.80/</url><token>62.80</token></unit><unit id="644"><structure_id>36</structure_id><section_number>62.81</section_number><catch_line>Washing Private Alleys.</catch_line><url>/62.81/</url><token>62.81</token></unit><unit id="3007"><structure_id>36</structure_id><section_number>62.82</section_number><catch_line>Public Utility Defined.</catch_line><url>/62.82/</url><token>62.82</token></unit><unit id="61"><structure_id>36</structure_id><section_number>62.83.1</section_number><catch_line>House Movers &#x2013; Permits &#x2013; Conditions.</catch_line><url>/62.83.1/</url><token>62.83.1</token></unit><unit id="3081"><structure_id>36</structure_id><section_number>62.84</section_number><catch_line>Board Of Public Works &#x2013; House Movers&#x2019; Permit/Issuance.</catch_line><url>/62.84/</url><token>62.84</token></unit><unit id="2544"><structure_id>36</structure_id><section_number>62.85</section_number><catch_line>House Movers &#x2013; Compensation To Public Utilities.</catch_line><url>/62.85/</url><token>62.85</token></unit><unit id="232"><structure_id>36</structure_id><section_number>62.86</section_number><catch_line>House Movers &#x2013; Interference With Utility Property.</catch_line><url>/62.86/</url><token>62.86</token></unit><unit id="4029"><structure_id>36</structure_id><section_number>62.87</section_number><catch_line>House Mover &#x2013; Must Pay License.</catch_line><url>/62.87/</url><token>62.87</token></unit><unit id="3156"><structure_id>36</structure_id><section_number>62.88</section_number><catch_line>House Movers &#x2013; Deposits.</catch_line><url>/62.88/</url><token>62.88</token></unit><unit id="2079"><structure_id>36</structure_id><section_number>62.89</section_number><catch_line>House Movers &#x2013; Inspection.</catch_line><url>/62.89/</url><token>62.89</token></unit><unit id="783"><structure_id>36</structure_id><section_number>62.90</section_number><catch_line>House Movers &#x2013; Methods Of Moving &#x2013; Rules And Regulations.</catch_line><url>/62.90/</url><token>62.90</token></unit><unit id="193"><structure_id>36</structure_id><section_number>62.90.1</section_number><catch_line>House Movers &#x2013; Posting Of Relocation Permit.</catch_line><url>/62.90.1/</url><token>62.90.1</token></unit><unit id="988"><structure_id>36</structure_id><section_number>62.91</section_number><catch_line>House Movers &#x2013; Damage To Streets.</catch_line><url>/62.91/</url><token>62.91</token></unit><unit id="2327"><structure_id>36</structure_id><section_number>62.92</section_number><catch_line>House Movers - Deposit Deductions.</catch_line><url>/62.92/</url><token>62.92</token></unit><unit id="3755"><structure_id>36</structure_id><section_number>62.93</section_number><catch_line>Housemoving &#x2013; Lights Required.</catch_line><url>/62.93/</url><token>62.93</token></unit><unit id="942"><structure_id>36</structure_id><section_number>62.94</section_number><catch_line>Protection Of Sidewalks.</catch_line><url>/62.94/</url><token>62.94</token></unit><unit id="1875"><structure_id>36</structure_id><section_number>62.94.1</section_number><catch_line>Protection Of Streets &#x2013; Tractors, Etc. Prohibited On.</catch_line><url>/62.94.1/</url><token>62.94.1</token></unit><unit id="1051"><structure_id>36</structure_id><section_number>62.95</section_number><catch_line>Animals &#x2013; Driving On Streets &#x2013; Permit.</catch_line><url>/62.95/</url><token>62.95</token></unit><unit id="1583"><structure_id>36</structure_id><section_number>62.95.1</section_number><catch_line>Horseback Riding Prohibited On Medians.</catch_line><url>/62.95.1/</url><token>62.95.1</token></unit><unit id="87"><structure_id>36</structure_id><section_number>62.96</section_number><catch_line>Painting House Numbers On Curbs &#x2013; Permit Required.</catch_line><url>/62.96/</url><token>62.96</token></unit><unit id="161"><structure_id>36</structure_id><section_number>62.97</section_number><catch_line>Vibroseis Surveys In Public Streets.</catch_line><url>/62.97/</url><token>62.97</token></unit><unit id="1526"><structure_id>36</structure_id><section_number>62.103</section_number><catch_line>Parkways In Commercial And Industrial Zones &#x2013; Paving.</catch_line><url>/62.103/</url><token>62.103</token></unit><unit id="1564"><structure_id>36</structure_id><section_number>62.104</section_number><catch_line>Curb And Sidewalk Repairs.</catch_line><url>/62.104/</url><token>62.104</token></unit><unit id="973"><structure_id>36</structure_id><section_number>62.105</section_number><catch_line>Streets, Sidewalks And Other Improvements &#x2013; Permits Required.</catch_line><url>/62.105/</url><token>62.105</token></unit><unit id="3155"><structure_id>36</structure_id><section_number>62.105.1</section_number><catch_line>Locations Of Driveway Approaches.</catch_line><url>/62.105.1/</url><token>62.105.1</token></unit><unit id="130"><structure_id>36</structure_id><section_number>62.105.2</section_number><catch_line>Width Of Driveway Approach Apron.</catch_line><url>/62.105.2/</url><token>62.105.2</token></unit><unit id="1025"><structure_id>36</structure_id><section_number>62.105.3</section_number><catch_line>Length Of Curb Space.</catch_line><url>/62.105.3/</url><token>62.105.3</token></unit><unit id="1464"><structure_id>36</structure_id><section_number>62.105.4</section_number><catch_line>Slope Of Driveway Approaches.</catch_line><url>/62.105.4/</url><token>62.105.4</token></unit><unit id="3309"><structure_id>36</structure_id><section_number>62.105.5</section_number><catch_line>Application For Deviations From The Provisions Of Sections 62.105.1(A), (B), (C) And (D), 62.105.2, 62.105.3 And 62.105.4.</catch_line><url>/62.105.5/</url><token>62.105.5</token></unit><unit id="613"><structure_id>36</structure_id><section_number>62.105.6</section_number><catch_line>Testing And Analysis Of Materials Products, Services, Processes And Technologies.</catch_line><url>/62.105.6/</url><token>62.105.6</token></unit><unit id="2114"><structure_id>36</structure_id><section_number>62.106</section_number><catch_line>Permits &#x2013; Classification Of.</catch_line><url>/62.106/</url><token>62.106</token></unit><unit id="3562"><structure_id>36</structure_id><section_number>62.106.1</section_number><catch_line>Fees Charges For Preparation Of Required Reports By The City Engineer In Conjunction With Land Use Reviews.</catch_line><url>/62.106.1/</url><token>62.106.1</token></unit><unit id="2722"><structure_id>36</structure_id><section_number>62.107</section_number><catch_line>Work Requirements.</catch_line><url>/62.107/</url><token>62.107</token></unit><unit id="2384"><structure_id>36</structure_id><section_number>62.108</section_number><catch_line>Application &#x2013; Contents Of.</catch_line><url>/62.108/</url><token>62.108</token></unit><unit id="2745"><structure_id>36</structure_id><section_number>62.109</section_number><catch_line>Class &#x201C;A&#x201D; Permit Fees.</catch_line><url>/62.109/</url><token>62.109</token></unit><unit id="124"><structure_id>36</structure_id><section_number>62.109.1</section_number><catch_line>Class &#x201C;A&#x201D; Permit &#x2013; Fee Waiver Program.</catch_line><url>/62.109.1/</url><token>62.109.1</token></unit><unit id="1573"><structure_id>36</structure_id><section_number>62.110</section_number><catch_line>Class &#x201C;B&#x201D; Permit Fees.</catch_line><url>/62.110/</url><token>62.110</token></unit><unit id="1129"><structure_id>36</structure_id><section_number>62.111</section_number><catch_line>Class &#x201C;B&#x201D; Permits &#x2013; Plans &#x2013; Bonds &#x2013; Insurance.</catch_line><url>/62.111/</url><token>62.111</token></unit><unit id="924"><structure_id>36</structure_id><section_number>62.112</section_number><catch_line>Inspector &#x2013; Application For.</catch_line><url>/62.112/</url><token>62.112</token></unit><unit id="1202"><structure_id>36</structure_id><section_number>62.113</section_number><catch_line>Completion Of Work &#x2013; Certificate Of Acceptance.</catch_line><url>/62.113/</url><token>62.113</token></unit><unit id="1519"><structure_id>36</structure_id><section_number>62.114</section_number><catch_line>Permits &#x2013; Duration &#x2013; Expiration &#x2013;Cancellation.</catch_line><url>/62.114/</url><token>62.114</token></unit><unit id="562"><structure_id>36</structure_id><section_number>62.115</section_number><catch_line>Class "A" Permit Fee Refunds.</catch_line><url>/62.115/</url><token>62.115</token></unit><unit id="2116"><structure_id>36</structure_id><section_number>62.116</section_number><catch_line>Permits &#x2013; Amount Of Work Allowed.</catch_line><url>/62.116/</url><token>62.116</token></unit><unit id="118"><structure_id>36</structure_id><section_number>62.117</section_number><catch_line>Removal Of Debris.</catch_line><url>/62.117/</url><token>62.117</token></unit><unit id="2659"><structure_id>36</structure_id><section_number>62.118</section_number><catch_line>Exemptions.</catch_line><url>/62.118/</url><token>62.118</token></unit><unit id="1429"><structure_id>36</structure_id><section_number>62.118.1</section_number><catch_line>Special Improvements &#x2013; Payment &#x2013; Performance By Department.</catch_line><url>/62.118.1/</url><token>62.118.1</token></unit><unit id="3549"><structure_id>36</structure_id><section_number>62.118.2</section_number><catch_line>Improvement In Public Streets &#x2013; Issuance Of Revocable Permits.</catch_line><url>/62.118.2/</url><token>62.118.2</token></unit><unit id="1962"><structure_id>36</structure_id><section_number>62.119</section_number><catch_line>Railroads &#x2013; Street Paving.</catch_line><url>/62.119/</url><token>62.119</token></unit><unit id="1726"><structure_id>36</structure_id><section_number>62.120</section_number><catch_line>Railroads &#x2013; Manner Of Asphalt Paving.</catch_line><url>/62.120/</url><token>62.120</token></unit><unit id="766"><structure_id>36</structure_id><section_number>62.121</section_number><catch_line>Railroads &#x2013; Manner Of Improving Streets.</catch_line><url>/62.121/</url><token>62.121</token></unit><unit id="337"><structure_id>36</structure_id><section_number>62.122</section_number><catch_line>Railroads &#x2013; Type Of Rails.</catch_line><url>/62.122/</url><token>62.122</token></unit><unit id="3298"><structure_id>36</structure_id><section_number>62.123</section_number><catch_line>Railroads &#x2013; Change Of Rails.</catch_line><url>/62.123/</url><token>62.123</token></unit><unit id="496"><structure_id>36</structure_id><section_number>62.124</section_number><catch_line>Railroad Rails &#x2013; Exemptions.</catch_line><url>/62.124/</url><token>62.124</token></unit><unit id="2368"><structure_id>36</structure_id><section_number>62.125</section_number><catch_line>Railroads &#x2013; Time Of Completion Of Work.</catch_line><url>/62.125/</url><token>62.125</token></unit><unit id="3356"><structure_id>36</structure_id><section_number>62.126</section_number><catch_line>Railroads &#x2013; Procedure For Replacing Rails.</catch_line><url>/62.126/</url><token>62.126</token></unit><unit id="1331"><structure_id>36</structure_id><section_number>62.127</section_number><catch_line>Railroad &#x2013; Board May Order Repairs To Roadbed.</catch_line><url>/62.127/</url><token>62.127</token></unit><unit id="4163"><structure_id>36</structure_id><section_number>62.128</section_number><catch_line>Railroads &#x2013; Hours Of Repair In Central Traffic District.</catch_line><url>/62.128/</url><token>62.128</token></unit><unit id="819"><structure_id>36</structure_id><section_number>62.129</section_number><catch_line>Public Boulevards &#x2013; Use Of.</catch_line><url>/62.129/</url><token>62.129</token></unit><unit id="1141"><structure_id>36</structure_id><section_number>62.130</section_number><catch_line>Sand &#x2013; Gravel On Streets.</catch_line><url>/62.130/</url><token>62.130</token></unit><unit id="1057"><structure_id>36</structure_id><section_number>62.131</section_number><catch_line>Decorative Lights Over Streets And Sidewalks.</catch_line><url>/62.131/</url><token>62.131</token></unit><unit id="3417"><structure_id>36</structure_id><section_number>62.132</section_number><catch_line>Street Banners.</catch_line><url>/62.132/</url><token>62.132</token></unit><unit id="105"><structure_id>36</structure_id><section_number>62.133</section_number><catch_line>Canopies.</catch_line><url>/62.133/</url><token>62.133</token></unit><unit id="292"><structure_id>36</structure_id><section_number>62.135</section_number><catch_line>Overloads &#x2013; Definitions.</catch_line><url>/62.135/</url><token>62.135</token></unit><unit id="2082"><structure_id>36</structure_id><section_number>62.136</section_number><catch_line>Overloads &#x2013; Permits Required.</catch_line><url>/62.136/</url><token>62.136</token></unit><unit id="3499"><structure_id>36</structure_id><section_number>62.137</section_number><catch_line>Overloads &#x2013; When Unlawful To Move Without Inspection.</catch_line><url>/62.137/</url><token>62.137</token></unit><unit id="1358"><structure_id>36</structure_id><section_number>62.138</section_number><catch_line>Overloads, When Unlawful To Move In Any Event.</catch_line><url>/62.138/</url><token>62.138</token></unit><unit id="906"><structure_id>36</structure_id><section_number>62.139</section_number><catch_line>Unattended Parking &#x2013; Prohibited.</catch_line><url>/62.139/</url><token>62.139</token></unit><unit id="1829"><structure_id>36</structure_id><section_number>62.140</section_number><catch_line>Overloads &#x2013; Night Moving.</catch_line><url>/62.140/</url><token>62.140</token></unit><unit id="631"><structure_id>36</structure_id><section_number>62.141</section_number><catch_line>Overloads &#x2013; Application For Permits.</catch_line><url>/62.141/</url><token>62.141</token></unit><unit id="3115"><structure_id>36</structure_id><section_number>62.142</section_number><catch_line>Overloads &#x2013; Issuance Of Permits.</catch_line><url>/62.142/</url><token>62.142</token></unit><unit id="850"><structure_id>36</structure_id><section_number>62.143</section_number><catch_line>Overloads &#x2013; 30 Day And Annual Permits.</catch_line><url>/62.143/</url><token>62.143</token></unit><unit id="1705"><structure_id>36</structure_id><section_number>62.144</section_number><catch_line>Overloads &#x2013; Permits &#x2013; Limitations And Requirements.</catch_line><url>/62.144/</url><token>62.144</token></unit><unit id="723"><structure_id>36</structure_id><section_number>62.145</section_number><catch_line>Overloads &#x2013; Insurance &#x2013; Bonds.</catch_line><url>/62.145/</url><token>62.145</token></unit><unit id="2533"><structure_id>36</structure_id><section_number>62.146</section_number><catch_line>Overloads - Inspection.</catch_line><url>/62.146/</url><token>62.146</token></unit><unit id="3149"><structure_id>36</structure_id><section_number>62.147</section_number><catch_line>Overloads &#x2013; Assignment Of Inspectors.</catch_line><url>/62.147/</url><token>62.147</token></unit><unit id="2718"><structure_id>36</structure_id><section_number>62.148</section_number><catch_line>Overloads &#x2013; Displacement Of Property Of Public Utility.</catch_line><url>/62.148/</url><token>62.148</token></unit><unit id="2719"><structure_id>36</structure_id><section_number>62.149</section_number><catch_line>Overloads &#x2013; Movement Of By Governmental Authorities.</catch_line><url>/62.149/</url><token>62.149</token></unit><unit id="1939"><structure_id>36</structure_id><section_number>62.150</section_number><catch_line>Overloads &#x2013; Where Exceptions Are Permissible.</catch_line><url>/62.150/</url><token>62.150</token></unit><unit id="997"><structure_id>36</structure_id><section_number>62.151</section_number><catch_line>Overloads &#x2013; Special Engineering Services For Large Or Heavy Loads.</catch_line><url>/62.151/</url><token>62.151</token></unit><unit id="2405"><structure_id>36</structure_id><section_number>62.161</section_number><catch_line>Planting, Maintenance And Care Of Plants In City Streets &#x2013; Jurisdiction Of Board.</catch_line><url>/62.161/</url><token>62.161</token></unit><unit id="2498"><structure_id>36</structure_id><section_number>62.162</section_number><catch_line>Power To Plant, Maintain And Issue Permits.</catch_line><url>/62.162/</url><token>62.162</token></unit><unit id="887"><structure_id>36</structure_id><section_number>62.163</section_number><catch_line>Duties Regarding Maintenance Of Plants.</catch_line><url>/62.163/</url><token>62.163</token></unit><unit id="3453"><structure_id>36</structure_id><section_number>62.164</section_number><catch_line>Tree Planting Records &#x2013; Plans.</catch_line><url>/62.164/</url><token>62.164</token></unit><unit id="390"><structure_id>36</structure_id><section_number>62.165</section_number><catch_line>Board To Prepare Reports.</catch_line><url>/62.165/</url><token>62.165</token></unit><unit id="696"><structure_id>36</structure_id><section_number>62.166</section_number><catch_line>Street Obstructions By Trees &#x2013; Jurisdiction.</catch_line><url>/62.166/</url><token>62.166</token></unit><unit id="2766"><structure_id>36</structure_id><section_number>62.167</section_number><catch_line>Assessment Levy For Planting.</catch_line><url>/62.167/</url><token>62.167</token></unit><unit id="2022"><structure_id>36</structure_id><section_number>62.168</section_number><catch_line>Removal Of Obstructing Plants.</catch_line><url>/62.168/</url><token>62.168</token></unit><unit id="1418"><structure_id>36</structure_id><section_number>62.169</section_number><catch_line>Permit Required To Plant In Streets.</catch_line><url>/62.169/</url><token>62.169</token></unit><unit id="2735"><structure_id>36</structure_id><section_number>62.170</section_number><catch_line>Conditional Permit To Remove Or Destroy Trees.</catch_line><url>/62.170/</url><token>62.170</token></unit><unit id="2494"><structure_id>36</structure_id><section_number>62.171</section_number><catch_line>Permit Fees For Tree Removal.</catch_line><url>/62.171/</url><token>62.171</token></unit><unit id="1068"><structure_id>36</structure_id><section_number>62.172</section_number><catch_line>House Moving &#x2013; Permit.</catch_line><url>/62.172/</url><token>62.172</token></unit><unit id="3134"><structure_id>36</structure_id><section_number>62.173</section_number><catch_line>Tree Stakes Or Guards.</catch_line><url>/62.173/</url><token>62.173</token></unit><unit id="2703"><structure_id>36</structure_id><section_number>62.174</section_number><catch_line>Injury To Trees.</catch_line><url>/62.174/</url><token>62.174</token></unit><unit id="917"><structure_id>36</structure_id><section_number>62.175</section_number><catch_line>Tree Maintenance.</catch_line><url>/62.175/</url><token>62.175</token></unit><unit id="1236"><structure_id>36</structure_id><section_number>62.176</section_number><catch_line>Street Maintenance Fee.</catch_line><url>/62.176/</url><token>62.176</token></unit><unit id="623"><structure_id>36</structure_id><section_number>62.200</section_number><catch_line>Street Intersections &#x2013; Obstructions To Visibility.</catch_line><url>/62.200/</url><token>62.200</token></unit><unit id="2162"><structure_id>36</structure_id><section_number>62.201</section_number><catch_line>Import And Export Of Earth Materials &#x2013; Fees Required.</catch_line><url>/62.201/</url><token>62.201</token></unit><unit id="2172"><structure_id>36</structure_id><section_number>62.202</section_number><catch_line>Import And Export Of Earth Materials &#x2013; Bonded Requirement.</catch_line><url>/62.202/</url><token>62.202</token></unit><unit id="2628"><structure_id>36</structure_id><section_number>62.203</section_number><catch_line>Special Event Permit Procedure For Westwood
Village.</catch_line><url>/62.203/</url><token>62.203</token></unit></structure_contents><next_section id="4158"><structure_id>36</structure_id><section_number>62.75</section_number><catch_line>Oil Cables &#x2013; Permit Applications.</catch_line><url>/62.75/</url><token>62.75</token></next_section><metadata></metadata><references></references><url>/62.74/</url><token>62.74</token><formats><txt>/62.74.txt</txt><json>/62.74.xml</json></formats><dublin_core><Title>Oil Cables &#x2013; Permits.</Title><Type>Text</Type><Format>text/html</Format><Identifier>&#xA7; 62.74</Identifier><Relation>Los Angeles Municipal Code</Relation></dublin_core><plain_text>                            LOS ANGELES MUNICIPAL CODE

OIL CABLES &#x2013; PERMITS. (&#xA7; 62.74)

&#xA0; OIL CABLES &#x2013; PERMITS.	No person shall erect, maintain or operate any rope,
wire or cable over or across any street for the purpose of pumping oil from oil
wells, without first applying for and receiving a written permit therefor from
the Board.
</plain_text><html>
					&lt;section&gt;&lt;p&gt;&#xA0; OIL CABLES &#x2013; PERMITS.&lt;br /&gt;&lt;br /&gt;	No person shall erect, maintain or operate any rope, wire or cable over or across any street for the purpose of pumping oil from oil wells, without first applying for and receiving a written permit therefor from the Board.&lt;/p&gt;&lt;/section&gt;</html><previous_section id="2994"><structure_id>36</structure_id><section_number>62.73</section_number><catch_line>Oil Pipe Lines &#x2013; Permits &#x2013; Revocability Of.</catch_line><url>/62.73/</url><token>62.73</token></previous_section><text><unit id="225" prefix=""><text>&#xA0; OIL CABLES &#x2013; PERMITS.	No person shall erect, maintain or operate any rope, wire or cable over or across any street for the purpose of pumping oil from oil wells, without first applying for and receiving a written permit therefor from the Board.</text><type>section</type><prefixes><unit></unit></prefixes><entire_prefix></entire_prefix><prefix_anchor></prefix_anchor><level>1</level></unit></text></law>
