<?xml version="1.0"?>
<law><section_number>63.113</section_number><edition_id>1</edition_id><section_id>95</section_id><structure_id>32</structure_id><catch_line>Street Address Numbers &#x2013; Responsibility Therefor, Designation, Location, Size, Maintenance, Change And Removal.</catch_line><history></history><full_text>&#xA0; STREET ADDRESS NUMBERS &#x2013; RESPONSIBILITY THEREFOR, DESIGNATION, LOCATION, SIZE, MAINTENANCE, CHANGE AND REMOVAL.
	(Amended by Ord. No. 144,527, Eff. 4/19/73.)

	(a)	Every person exercising or having ownership, possession, custody, control, or charge of any building, structure or parking lot shall have and maintain the established street address number thereon upon or near each entrance from a street of the City, and from any other public access way, in the manner and location designated by the City Engineer. &#x201C;Access way,&#x201D; shall include, but not be limited to, any alley, waterway, stairway, driveway or walkway. (Amended by Ord. No. 161,786, Eff. 1/9/87.)

	(b)	Installation, change, substitution or removal of any existing or subsequently-designated street address number shall be completed within five (5) days after receipt by the owner, occupant, lessee, tenant, subtenant, fiduciary, or custodian of such building, structure or parking lot, or any person or agent in charge thereof, of a written notice containing appropriate instructions therefor, from the City Engineer.

	(c)	The minimum dimensions of any street address number designated by the City Engineer on or after June 1, 1973, shall be as follows:

	i.	The height in inches of any number or figure therein shall be the sum of one-tenth (1/10) of the distance in feet of the number from the boundary of the property (upon which the building, structure or parking lot is situated) abutting the street, plus two (2), providing that every number shall not be less than four inches in height.

	ii.	The overall width of any figure in or comprising the number shall be one-half (1/2) of its height.

	iii.	The width of any portion of a figure in or comprising the number shall be one-tenth (1/10) of its height.

	(d)	Design (including shape and style) as well as location of the street address numbers shall be such that they are legible and easily readable. The City Engineer may prescribe a street address number larger in size than the dimensions stated at Subparagraph (c) hereinabove when he determines that due to lighting conditions, building locations, shadows, background, or other reasons, street address numbers of minimum dimensions will not be easily readable from the street or approach to the entrance. A street address number of unusual design or placement may not be employed without prior written approval of the City Engineer.

	(e)	The City Engineer shall adopt such reasonable rules and regulations as are necessary to implement the street address numbers provisions of this article.</full_text><order_by>113</order_by><ancestry><unit id="32" label="article"><name>Public Parks, Playgrounds, Beaches And Other Property</name><identifier>3</identifier><url>/6/3/</url></unit><unit id="5" label="chapter"><name>Public Works and Property</name><identifier>6</identifier><url>/6/</url></unit></ancestry><structure_contents><unit id="1515"><structure_id>32</structure_id><section_number>63.00</section_number><catch_line>Definitions.</catch_line><url>/63.00/</url><token>63.00</token></unit><unit id="2679"><structure_id>32</structure_id><section_number>63.00.1</section_number><catch_line>Board Of Recreation And Park Commissioners And Department Of Recreation And Parks Defined.</catch_line><url>/63.00.1/</url><token>63.00.1</token></unit><unit id="2791"><structure_id>32</structure_id><section_number>63.01</section_number><catch_line>Playground And Recreation Department &#x2013; Jurisdiction.</catch_line><url>/63.01/</url><token>63.01</token></unit><unit id="1886"><structure_id>32</structure_id><section_number>63.02</section_number><catch_line>Beach Lands &#x2013; Jurisdiction And Authority.</catch_line><url>/63.02/</url><token>63.02</token></unit><unit id="1076"><structure_id>32</structure_id><section_number>63.03</section_number><catch_line>Playground And Recreation Department &#x2013; Power To Issue Permits.</catch_line><url>/63.03/</url><token>63.03</token></unit><unit id="48"><structure_id>32</structure_id><section_number>63.04</section_number><catch_line>Jurisdiction Over Groins, Etc.</catch_line><url>/63.04/</url><token>63.04</token></unit><unit id="1703"><structure_id>32</structure_id><section_number>63.05</section_number><catch_line>Power To Renew Grants.</catch_line><url>/63.05/</url><token>63.05</token></unit><unit id="1058"><structure_id>32</structure_id><section_number>63.06</section_number><catch_line>Rules Governing Exhibitions.</catch_line><url>/63.06/</url><token>63.06</token></unit><unit id="1638"><structure_id>32</structure_id><section_number>63.07</section_number><catch_line>Forfeiture Of Grants.</catch_line><url>/63.07/</url><token>63.07</token></unit><unit id="4007"><structure_id>32</structure_id><section_number>63.08</section_number><catch_line>Grant Required For Structures.</catch_line><url>/63.08/</url><token>63.08</token></unit><unit id="1066"><structure_id>32</structure_id><section_number>63.09</section_number><catch_line>Public Sewers And Storm Drains Exempt.</catch_line><url>/63.09/</url><token>63.09</token></unit><unit id="1150"><structure_id>32</structure_id><section_number>63.10</section_number><catch_line>Application For Grants, Contents.</catch_line><url>/63.10/</url><token>63.10</token></unit><unit id="593"><structure_id>32</structure_id><section_number>63.11</section_number><catch_line>Repairs Not To Affect Current Or Drift.</catch_line><url>/63.11/</url><token>63.11</token></unit><unit id="4154"><structure_id>32</structure_id><section_number>63.12</section_number><catch_line>Filing Fee.</catch_line><url>/63.12/</url><token>63.12</token></unit><unit id="3594"><structure_id>32</structure_id><section_number>63.13</section_number><catch_line>Board To Investigate.</catch_line><url>/63.13/</url><token>63.13</token></unit><unit id="3013"><structure_id>32</structure_id><section_number>63.14</section_number><catch_line>Board &#x2013; Power To Grant Permit.</catch_line><url>/63.14/</url><token>63.14</token></unit><unit id="2425"><structure_id>32</structure_id><section_number>63.15</section_number><catch_line>Revocation Of Grants.</catch_line><url>/63.15/</url><token>63.15</token></unit><unit id="1345"><structure_id>32</structure_id><section_number>63.16</section_number><catch_line>Grants &#x2013; May Impose Conditions.</catch_line><url>/63.16/</url><token>63.16</token></unit><unit id="4126"><structure_id>32</structure_id><section_number>63.17</section_number><catch_line>Board May Deny Grants.</catch_line><url>/63.17/</url><token>63.17</token></unit><unit id="3185"><structure_id>32</structure_id><section_number>63.18</section_number><catch_line>Renewal Of Grants &#x2013; Existing Structures.</catch_line><url>/63.18/</url><token>63.18</token></unit><unit id="1218"><structure_id>32</structure_id><section_number>63.19</section_number><catch_line>Grants &#x2013; What To Prescribe.</catch_line><url>/63.19/</url><token>63.19</token></unit><unit id="1793"><structure_id>32</structure_id><section_number>63.20</section_number><catch_line>Waiver Required.</catch_line><url>/63.20/</url><token>63.20</token></unit><unit id="2004"><structure_id>32</structure_id><section_number>63.21</section_number><catch_line>Board To Determine If Repair Will Alter The Current.</catch_line><url>/63.21/</url><token>63.21</token></unit><unit id="194"><structure_id>32</structure_id><section_number>63.22</section_number><catch_line>Natural Accretions.</catch_line><url>/63.22/</url><token>63.22</token></unit><unit id="1637"><structure_id>32</structure_id><section_number>63.23</section_number><catch_line>Council To Approve Certain Grants.</catch_line><url>/63.23/</url><token>63.23</token></unit><unit id="3934"><structure_id>32</structure_id><section_number>63.24</section_number><catch_line>Harbor Department &#x2013; Jurisdiction.</catch_line><url>/63.24/</url><token>63.24</token></unit><unit id="3986"><structure_id>32</structure_id><section_number>63.25</section_number><catch_line>Building Permits Required.</catch_line><url>/63.25/</url><token>63.25</token></unit><unit id="2303"><structure_id>32</structure_id><section_number>63.41</section_number><catch_line>Park Rangers: Authorization To Arrest.</catch_line><url>/63.41/</url><token>63.41</token></unit><unit id="3080"><structure_id>32</structure_id><section_number>63.44</section_number><catch_line>Regulations Affecting Park And Recreation Areas.</catch_line><url>/63.44/</url><token>63.44</token></unit><unit id="2555"><structure_id>32</structure_id><section_number>63.45</section_number><catch_line>Emergency Park Closure.</catch_line><url>/63.45/</url><token>63.45</token></unit><unit id="2275"><structure_id>32</structure_id><section_number>63.46</section_number><catch_line>Designation Of Drug-Free Zones.</catch_line><url>/63.46/</url><token>63.46</token></unit><unit id="1646"><structure_id>32</structure_id><section_number>63.50</section_number><catch_line>Power Boat Prohibition On The Venice Canals.</catch_line><url>/63.50/</url><token>63.50</token></unit><unit id="92"><structure_id>32</structure_id><section_number>63.92.1</section_number><catch_line>Charges For Handling Aviation Enginefuels, Lubricants And Solvents At Los Angeles International Airport.</catch_line><url>/63.92.1/</url><token>63.92.1</token></unit><unit id="3527"><structure_id>32</structure_id><section_number>63.93</section_number><catch_line>Library Regulations.</catch_line><url>/63.93/</url><token>63.93</token></unit><unit id="3730"><structure_id>32</structure_id><section_number>63.94</section_number><catch_line>School Grounds &#x2013; Trespass On.</catch_line><url>/63.94/</url><token>63.94</token></unit><unit id="216"><structure_id>32</structure_id><section_number>63.95</section_number><catch_line>City Records &#x2013; Removal Of.</catch_line><url>/63.95/</url><token>63.95</token></unit><unit id="4012"><structure_id>32</structure_id><section_number>63.96</section_number><catch_line>City Records &#x2013; Safe Keeping &#x2013; Exemptions.</catch_line><url>/63.96/</url><token>63.96</token></unit><unit id="2232"><structure_id>32</structure_id><section_number>63.97</section_number><catch_line>Vehicles &#x2013; Fire Signs On.</catch_line><url>/63.97/</url><token>63.97</token></unit><unit id="1379"><structure_id>32</structure_id><section_number>63.98</section_number><catch_line>City Vehicles &#x2013; Use Of Seal.</catch_line><url>/63.98/</url><token>63.98</token></unit><unit id="3471"><structure_id>32</structure_id><section_number>63.99</section_number><catch_line>City Vehicles &#x2013; Director Of The Office Of Administrative And Research Services May Exempt Use Of Seal.</catch_line><url>/63.99/</url><token>63.99</token></unit><unit id="794"><structure_id>32</structure_id><section_number>63.100</section_number><catch_line>City Trucks &#x2013; Use Of Seal.</catch_line><url>/63.100/</url><token>63.100</token></unit><unit id="4079"><structure_id>32</structure_id><section_number>63.101</section_number><catch_line>Exemptions.</catch_line><url>/63.101/</url><token>63.101</token></unit><unit id="2389"><structure_id>32</structure_id><section_number>63.101.1</section_number><catch_line>55 Mph Speed Limit Bumper Stickers On City Vehicles.</catch_line><url>/63.101.1/</url><token>63.101.1</token></unit><unit id="4122"><structure_id>32</structure_id><section_number>63.101.2</section_number><catch_line>Back To School Bumper Stickers On City Vehicles.</catch_line><url>/63.101.2/</url><token>63.101.2</token></unit><unit id="4162"><structure_id>32</structure_id><section_number>63.101.3</section_number><catch_line>Bumper Stickers &#x2013; Smog Checks.</catch_line><url>/63.101.3/</url><token>63.101.3</token></unit><unit id="3101"><structure_id>32</structure_id><section_number>63.101.4</section_number><catch_line>Department Of Transportation Parking Management Program Vehicle Identifiers.</catch_line><url>/63.101.4/</url><token>63.101.4</token></unit><unit id="1263"><structure_id>32</structure_id><section_number>63.101.5</section_number><catch_line>Police Department Vehicles &#x2013; Drug Abuse Resistance Education Program.</catch_line><url>/63.101.5/</url><token>63.101.5</token></unit><unit id="3530"><structure_id>32</structure_id><section_number>63.101.6</section_number><catch_line>Bumper Stickers: City Vehicles &#x2013; Drug Abuse Resistance Education Program.</catch_line><url>/63.101.6/</url><token>63.101.6</token></unit><unit id="2066"><structure_id>32</structure_id><section_number>63.102</section_number><catch_line>City Vehicles &#x2013; Report To Be Made To Council.</catch_line><url>/63.102/</url><token>63.102</token></unit><unit id="3307"><structure_id>32</structure_id><section_number>63.103</section_number><catch_line>Registration Plates &#x2013; Assignment Of.</catch_line><url>/63.103/</url><token>63.103</token></unit><unit id="668"><structure_id>32</structure_id><section_number>63.104</section_number><catch_line>Change Of Ownership &#x2013; Removal Of Plates.</catch_line><url>/63.104/</url><token>63.104</token></unit><unit id="4111"><structure_id>32</structure_id><section_number>63.105</section_number><catch_line>Transfer Of Registration Plates.</catch_line><url>/63.105/</url><token>63.105</token></unit><unit id="2565"><structure_id>32</structure_id><section_number>63.106</section_number><catch_line>City Vehicles &#x2013; Private Use Prohibited.</catch_line><url>/63.106/</url><token>63.106</token></unit><unit id="54"><structure_id>32</structure_id><section_number>63.107</section_number><catch_line>Display Of Official Seal.</catch_line><url>/63.107/</url><token>63.107</token></unit><unit id="1535"><structure_id>32</structure_id><section_number>63.108</section_number><catch_line>City Seal - Imitating.</catch_line><url>/63.108/</url><token>63.108</token></unit><unit id="3404"><structure_id>32</structure_id><section_number>63.109.1</section_number><catch_line>Employees Forbidden To Cash Checks, Etc.</catch_line><url>/63.109.1/</url><token>63.109.1</token></unit><unit id="707"><structure_id>32</structure_id><section_number>63.110</section_number><catch_line>Disobedience Of Charter Subpoenas.</catch_line><url>/63.110/</url><token>63.110</token></unit><unit id="490"><structure_id>32</structure_id><section_number>63.111</section_number><catch_line>Election Supplies &#x2013; Return Of.</catch_line><url>/63.111/</url><token>63.111</token></unit><unit id="2258"><structure_id>32</structure_id><section_number>63.112</section_number><catch_line>Street Address Numbers &#x2013; Authority And Duty Of City Engineer.</catch_line><url>/63.112/</url><token>63.112</token></unit><unit id="95"><structure_id>32</structure_id><section_number>63.113</section_number><catch_line>Street Address Numbers &#x2013; Responsibility Therefor, Designation, Location, Size, Maintenance, Change And Removal.</catch_line><url>/63.113/</url><token>63.113</token></unit><unit id="3248"><structure_id>32</structure_id><section_number>63.114</section_number><catch_line>Base Lines.</catch_line><url>/63.114/</url><token>63.114</token></unit><unit id="1193"><structure_id>32</structure_id><section_number>63.115</section_number><catch_line>Street Address Numbers &#x2013; Odd And Even Numbers.</catch_line><url>/63.115/</url><token>63.115</token></unit><unit id="2601"><structure_id>32</structure_id><section_number>63.116</section_number><catch_line>Block Numbers And Spacing.</catch_line><url>/63.116/</url><token>63.116</token></unit><unit id="3466"><structure_id>32</structure_id><section_number>63.117</section_number><catch_line>Communications Systems &#x2013; Possession Of Keys For.</catch_line><url>/63.117/</url><token>63.117</token></unit><unit id="3130"><structure_id>32</structure_id><section_number>63.118</section_number><catch_line>Communications System &#x2013; Obstruction.</catch_line><url>/63.118/</url><token>63.118</token></unit><unit id="4174"><structure_id>32</structure_id><section_number>63.119</section_number><catch_line>Communications Systems &#x2013; Stringing Wires Near.</catch_line><url>/63.119/</url><token>63.119</token></unit><unit id="912"><structure_id>32</structure_id><section_number>63.119.5</section_number><catch_line>Communications Systems &#x2013; Automatic Calling Devices.</catch_line><url>/63.119.5/</url><token>63.119.5</token></unit><unit id="3996"><structure_id>32</structure_id><section_number>63.120</section_number><catch_line>Communications Systems &#x2013; Tree Obstruction.</catch_line><url>/63.120/</url><token>63.120</token></unit><unit id="1858"><structure_id>32</structure_id><section_number>63.122</section_number><catch_line>False Alarms &#x2013; Reward.</catch_line><url>/63.122/</url><token>63.122</token></unit><unit id="3747"><structure_id>32</structure_id><section_number>63.123</section_number><catch_line>Hitching Animals To Signal Systems.</catch_line><url>/63.123/</url><token>63.123</token></unit><unit id="4189"><structure_id>32</structure_id><section_number>63.124</section_number><catch_line>Excavation Of Natural Deposits &#x2013; Permit.</catch_line><url>/63.124/</url><token>63.124</token></unit><unit id="158"><structure_id>32</structure_id><section_number>63.125</section_number><catch_line>Board To Adopt Rules For Excavating Sand, Etc.</catch_line><url>/63.125/</url><token>63.125</token></unit><unit id="1201"><structure_id>32</structure_id><section_number>63.126</section_number><catch_line>Board To Issue Permits.</catch_line><url>/63.126/</url><token>63.126</token></unit><unit id="3165"><structure_id>32</structure_id><section_number>63.127</section_number><catch_line>Depth Of Excavations.</catch_line><url>/63.127/</url><token>63.127</token></unit><unit id="3758"><structure_id>32</structure_id><section_number>63.128</section_number><catch_line>Excavations &#x2013; Tujunga Wash.</catch_line><url>/63.128/</url><token>63.128</token></unit><unit id="2288"><structure_id>32</structure_id><section_number>63.130</section_number><catch_line>Trespassing Forbidden Upon Certain Public Plants, Yards, Etc.</catch_line><url>/63.130/</url><token>63.130</token></unit><unit id="93"><structure_id>32</structure_id><section_number>63.131</section_number><catch_line>Police Department Property &#x2013; Trespass On.</catch_line><url>/63.131/</url><token>63.131</token></unit><unit id="894"><structure_id>32</structure_id><section_number>63.132</section_number><catch_line>Fire Department Property &#x2013; Trespass On.</catch_line><url>/63.132/</url><token>63.132</token></unit></structure_contents><next_section id="3248"><structure_id>32</structure_id><section_number>63.114</section_number><catch_line>Base Lines.</catch_line><url>/63.114/</url><token>63.114</token></next_section><metadata></metadata><references></references><url>/63.113/</url><token>63.113</token><formats><txt>/63.113.txt</txt><json>/63.113.xml</json></formats><dublin_core><Title>Street Address Numbers &#x2013; Responsibility Therefor, Designation, Location, Size, Maintenance, Change And Removal.</Title><Type>Text</Type><Format>text/html</Format><Identifier>&#xA7; 63.113</Identifier><Relation>Los Angeles Municipal Code</Relation></dublin_core><plain_text>                            LOS ANGELES MUNICIPAL CODE

STREET ADDRESS NUMBERS &#x2013; RESPONSIBILITY THEREFOR, DESIGNATION, LOCATION, SIZE,
MAINTENANCE, CHANGE AND REMOVAL. (&#xA7; 63.113)

&#xA0; STREET ADDRESS NUMBERS &#x2013; RESPONSIBILITY THEREFOR, DESIGNATION, LOCATION,
SIZE, MAINTENANCE, CHANGE AND REMOVAL.
	(Amended by Ord. No. 144,527, Eff. 4/19/73.)	(a)	Every person exercising or
having ownership, possession, custody, control, or charge of any building,
structure or parking lot shall have and maintain the established street address
number thereon upon or near each entrance from a street of the City, and from
any other public access way, in the manner and location designated by the City
Engineer. &#x201C;Access way,&#x201D; shall include, but not be limited to, any alley,
waterway, stairway, driveway or walkway. (Amended by Ord. No. 161,786, Eff.
1/9/87.)	(b)	Installation, change, substitution or removal of any existing or
subsequently-designated street address number shall be completed within five (5)
days after receipt by the owner, occupant, lessee, tenant, subtenant, fiduciary,
or custodian of such building, structure or parking lot, or any person or agent
in charge thereof, of a written notice containing appropriate instructions
therefor, from the City Engineer.	(c)	The minimum dimensions of any street
address number designated by the City Engineer on or after June 1, 1973, shall
be as follows:	i.	The height in inches of any number or figure therein shall be
the sum of one-tenth (1/10) of the distance in feet of the number from the
boundary of the property (upon which the building, structure or parking lot is
situated) abutting the street, plus two (2), providing that every number shall
not be less than four inches in height.	ii.	The overall width of any figure in
or comprising the number shall be one-half (1/2) of its height.	iii.	The width
of any portion of a figure in or comprising the number shall be one-tenth (1/10)
of its height.	(d)	Design (including shape and style) as well as location of the
street address numbers shall be such that they are legible and easily readable.
The City Engineer may prescribe a street address number larger in size than the
dimensions stated at Subparagraph (c) hereinabove when he determines that due to
lighting conditions, building locations, shadows, background, or other reasons,
street address numbers of minimum dimensions will not be easily readable from
the street or approach to the entrance. A street address number of unusual
design or placement may not be employed without prior written approval of the
City Engineer.	(e)	The City Engineer shall adopt such reasonable rules and
regulations as are necessary to implement the street address numbers provisions
of this article.
</plain_text><html>
					&lt;section&gt;&lt;p&gt;&#xA0; STREET ADDRESS NUMBERS &#x2013; RESPONSIBILITY THEREFOR, DESIGNATION, LOCATION, SIZE, MAINTENANCE, CHANGE AND REMOVAL.
	(Amended by Ord. No. 144,527, Eff. 4/19/73.)&lt;br /&gt;&lt;br /&gt;	(a)	Every person exercising or having ownership, &lt;span class="dictionary"&gt;possession&lt;/span&gt;, &lt;span class="dictionary"&gt;custody&lt;/span&gt;, control, or charge of any building, structure or parking lot shall have and maintain the established street address number thereon upon or near each entrance from a street of the City, and from any other public access way, in the manner and location designated by the City Engineer. &#x201C;Access way,&#x201D; shall include, but not be limited to, any alley, waterway, stairway, driveway or walkway. (Amended by Ord. No. 161,786, Eff. 1/9/87.)&lt;br /&gt;&lt;br /&gt;	(b)	Installation, change, substitution or removal of any existing or subsequently-designated street address number shall be completed within five (5) days after receipt by the owner, occupant, lessee, tenant, subtenant, fiduciary, or custodian of such building, structure or parking lot, or any person or agent in charge thereof, of a written notice containing appropriate instructions therefor, from the City Engineer.&lt;br /&gt;&lt;br /&gt;	(c)	The minimum dimensions of any street address number designated by the City Engineer on or after June 1, 1973, shall be as follows:&lt;br /&gt;&lt;br /&gt;	i.	The height in inches of any number or figure therein shall be the sum of one-tenth (1/10) of the distance in feet of the number from the boundary of the property (upon which the building, structure or parking lot is situated) abutting the street, plus two (2), providing that every number shall not be less than four inches in height.&lt;br /&gt;&lt;br /&gt;	ii.	The overall width of any figure in or comprising the number shall be one-half (1/2) of its height.&lt;br /&gt;&lt;br /&gt;	iii.	The width of any portion of a figure in or comprising the number shall be one-tenth (1/10) of its height.&lt;br /&gt;&lt;br /&gt;	(d)	Design (including shape and style) as well as location of the street address numbers shall be such that they are legible and easily readable. The City Engineer may prescribe a street address number larger in size than the dimensions stated at Subparagraph (c) hereinabove when he determines that due to lighting conditions, building locations, shadows, background, or other reasons, street address numbers of minimum dimensions will not be easily readable from the street or approach to the entrance. A street address number of unusual design or placement may not be employed without prior written approval of the City Engineer.&lt;br /&gt;&lt;br /&gt;	(e)	The City Engineer shall adopt such reasonable rules and regulations as are necessary to implement the street address numbers provisions of this article.&lt;/p&gt;&lt;/section&gt;</html><previous_section id="2258"><structure_id>32</structure_id><section_number>63.112</section_number><catch_line>Street Address Numbers &#x2013; Authority And Duty Of City Engineer.</catch_line><url>/63.112/</url><token>63.112</token></previous_section><text><unit id="95" prefix=""><text>&#xA0; STREET ADDRESS NUMBERS &#x2013; RESPONSIBILITY THEREFOR, DESIGNATION, LOCATION, SIZE, MAINTENANCE, CHANGE AND REMOVAL.
	(Amended by Ord. No. 144,527, Eff. 4/19/73.)	(a)	Every person exercising or having ownership, possession, custody, control, or charge of any building, structure or parking lot shall have and maintain the established street address number thereon upon or near each entrance from a street of the City, and from any other public access way, in the manner and location designated by the City Engineer. &#x201C;Access way,&#x201D; shall include, but not be limited to, any alley, waterway, stairway, driveway or walkway. (Amended by Ord. No. 161,786, Eff. 1/9/87.)	(b)	Installation, change, substitution or removal of any existing or subsequently-designated street address number shall be completed within five (5) days after receipt by the owner, occupant, lessee, tenant, subtenant, fiduciary, or custodian of such building, structure or parking lot, or any person or agent in charge thereof, of a written notice containing appropriate instructions therefor, from the City Engineer.	(c)	The minimum dimensions of any street address number designated by the City Engineer on or after June 1, 1973, shall be as follows:	i.	The height in inches of any number or figure therein shall be the sum of one-tenth (1/10) of the distance in feet of the number from the boundary of the property (upon which the building, structure or parking lot is situated) abutting the street, plus two (2), providing that every number shall not be less than four inches in height.	ii.	The overall width of any figure in or comprising the number shall be one-half (1/2) of its height.	iii.	The width of any portion of a figure in or comprising the number shall be one-tenth (1/10) of its height.	(d)	Design (including shape and style) as well as location of the street address numbers shall be such that they are legible and easily readable. The City Engineer may prescribe a street address number larger in size than the dimensions stated at Subparagraph (c) hereinabove when he determines that due to lighting conditions, building locations, shadows, background, or other reasons, street address numbers of minimum dimensions will not be easily readable from the street or approach to the entrance. A street address number of unusual design or placement may not be employed without prior written approval of the City Engineer.	(e)	The City Engineer shall adopt such reasonable rules and regulations as are necessary to implement the street address numbers provisions of this article.</text><type>section</type><prefixes><unit></unit></prefixes><entire_prefix></entire_prefix><prefix_anchor></prefix_anchor><level>1</level></unit></text></law>
