<?xml version="1.0"?>
<law><section_number>64.01</section_number><edition_id>1</edition_id><section_id>126</section_id><structure_id>41</structure_id><catch_line>(None)</catch_line><history></history><full_text>&#xA0; (NONE)
	(Deleted by Ord. No. 172,118, Eff. 8/31/98.)</full_text><order_by>01</order_by><ancestry><unit id="41" label="article"><name>Sewers, Water Courses And Drains</name><identifier>4</identifier><url>/6/4/</url></unit><unit id="5" label="chapter"><name>Public Works and Property</name><identifier>6</identifier><url>/6/</url></unit></ancestry><structure_contents><unit id="1060"><structure_id>41</structure_id><section_number>64.03</section_number><catch_line>

</catch_line><url>/64.03/</url><token>64.03</token></unit><unit id="3546"><structure_id>41</structure_id><section_number>64.00</section_number><catch_line>Definitions And Abbreviations.</catch_line><url>/64.00/</url><token>64.00</token></unit><unit id="126"><structure_id>41</structure_id><section_number>64.01</section_number><catch_line>(None)</catch_line><url>/64.01/</url><token>64.01</token></unit><unit id="3226"><structure_id>41</structure_id><section_number>64.02</section_number><catch_line>(None)</catch_line><url>/64.02/</url><token>64.02</token></unit><unit id="1795"><structure_id>41</structure_id><section_number>64.04</section_number><catch_line>(None)</catch_line><url>/64.04/</url><token>64.04</token></unit><unit id="1023"><structure_id>41</structure_id><section_number>64.05</section_number><catch_line>(None)</catch_line><url>/64.05/</url><token>64.05</token></unit><unit id="2848"><structure_id>41</structure_id><section_number>64.06</section_number><catch_line>Water Supply &#x2013; Contamination Of.</catch_line><url>/64.06/</url><token>64.06</token></unit><unit id="2171"><structure_id>41</structure_id><section_number>64.06.1</section_number><catch_line>Water Supply &#x2013; Sanitary Standards.</catch_line><url>/64.06.1/</url><token>64.06.1</token></unit><unit id="541"><structure_id>41</structure_id><section_number>64.07</section_number><catch_line>Water Course Obstruction &#x2013; Permits.</catch_line><url>/64.07/</url><token>64.07</token></unit><unit id="297"><structure_id>41</structure_id><section_number>64.08</section_number><catch_line>Water Course Structures &#x2013; Permits.</catch_line><url>/64.08/</url><token>64.08</token></unit><unit id="661"><structure_id>41</structure_id><section_number>64.09</section_number><catch_line>Water Courses &#x2013; Interference With.</catch_line><url>/64.09/</url><token>64.09</token></unit><unit id="1662"><structure_id>41</structure_id><section_number>64.10</section_number><catch_line>Water Courses.</catch_line><url>/64.10/</url><token>64.10</token></unit><unit id="2110"><structure_id>41</structure_id><section_number>64.11</section_number><catch_line>Sewers &#x2013; Undedicated Streets.</catch_line><url>/64.11/</url><token>64.11</token></unit><unit id="3759"><structure_id>41</structure_id><section_number>64.11.1</section_number><catch_line>House Connection Sewer.</catch_line><url>/64.11.1/</url><token>64.11.1</token></unit><unit id="1653"><structure_id>41</structure_id><section_number>64.11.2</section_number><catch_line>Sewage Facilities Charge For New Tracts.</catch_line><url>/64.11.2/</url><token>64.11.2</token></unit><unit id="3269"><structure_id>41</structure_id><section_number>64.11.3</section_number><catch_line>Basis For Sewerage Facilities Charge.</catch_line><url>/64.11.3/</url><token>64.11.3</token></unit><unit id="3029"><structure_id>41</structure_id><section_number>64.11.4</section_number><catch_line>Disposition Of Sewerage Facilities Charge.</catch_line><url>/64.11.4/</url><token>64.11.4</token></unit><unit id="3995"><structure_id>41</structure_id><section_number>64.11.5</section_number><catch_line>Temporary Waiver Of Sewer Facilities Charge Due To 1994 Northridge Earthquake.</catch_line><url>/64.11.5/</url><token>64.11.5</token></unit><unit id="1174"><structure_id>41</structure_id><section_number>64.12</section_number><catch_line>House Sewer Connection &#x2013; Permit.</catch_line><url>/64.12/</url><token>64.12</token></unit><unit id="307"><structure_id>41</structure_id><section_number>64.13</section_number><catch_line>Permit Exemptions.</catch_line><url>/64.13/</url><token>64.13</token></unit><unit id="4117"><structure_id>41</structure_id><section_number>64.14</section_number><catch_line>Duration And Revocation Of Permits.</catch_line><url>/64.14/</url><token>64.14</token></unit><unit id="4148"><structure_id>41</structure_id><section_number>64.15</section_number><catch_line>Permit And Inspection Fees.</catch_line><url>/64.15/</url><token>64.15</token></unit><unit id="406"><structure_id>41</structure_id><section_number>64.15.1</section_number><catch_line>Liability Insurance And Deposit Requirements.</catch_line><url>/64.15.1/</url><token>64.15.1</token></unit><unit id="934"><structure_id>41</structure_id><section_number>64.16</section_number><catch_line>Exemptions From Liability Insurance And Deposit Requirements.</catch_line><url>/64.16/</url><token>64.16</token></unit><unit id="3953"><structure_id>41</structure_id><section_number>64.16.1</section_number><catch_line>Sewerage Facilities Charge For Sewer Connection.</catch_line><url>/64.16.1/</url><token>64.16.1</token></unit><unit id="3246"><structure_id>41</structure_id><section_number>64.16.2</section_number><catch_line>Transfer Of Industrial Flow Sewerage Facilities Charge Credits Within Or Between Revitalization, Enterprise Or Empowerment Zones.</catch_line><url>/64.16.2/</url><token>64.16.2</token></unit><unit id="1757"><structure_id>41</structure_id><section_number>64.17</section_number><catch_line>Sewer Connection Regulations.</catch_line><url>/64.17/</url><token>64.17</token></unit><unit id="3368"><structure_id>41</structure_id><section_number>64.18</section_number><catch_line>Bonded Sewers &#x2013; Fees.</catch_line><url>/64.18/</url><token>64.18</token></unit><unit id="2478"><structure_id>41</structure_id><section_number>64.19</section_number><catch_line>Refund Of Sewer Fees.</catch_line><url>/64.19/</url><token>64.19</token></unit><unit id="834"><structure_id>41</structure_id><section_number>64.19.1</section_number><catch_line>Sewerage Facilities Fund.</catch_line><url>/64.19.1/</url><token>64.19.1</token></unit><unit id="1102"><structure_id>41</structure_id><section_number>64.19.2</section_number><catch_line>Sewer Construction And Maintenance Fund.</catch_line><url>/64.19.2/</url><token>64.19.2</token></unit><unit id="1762"><structure_id>41</structure_id><section_number>64.19.3</section_number><catch_line>Sewer Operation And Maintenance Fund.</catch_line><url>/64.19.3/</url><token>64.19.3</token></unit><unit id="2815"><structure_id>41</structure_id><section_number>64.19.4</section_number><catch_line>Sewer Capital Fund.</catch_line><url>/64.19.4/</url><token>64.19.4</token></unit><unit id="2746"><structure_id>41</structure_id><section_number>64.20</section_number><catch_line>Tapping Sewers, Storm Drains And Catch Basins.</catch_line><url>/64.20/</url><token>64.20</token></unit><unit id="209"><structure_id>41</structure_id><section_number>64.21</section_number><catch_line>Emergency Work.</catch_line><url>/64.21/</url><token>64.21</token></unit><unit id="2947"><structure_id>41</structure_id><section_number>64.22</section_number><catch_line>Board To Keep Accounts.</catch_line><url>/64.22/</url><token>64.22</token></unit><unit id="1491"><structure_id>41</structure_id><section_number>64.22.1</section_number><catch_line>Permit Fee Exemptions.</catch_line><url>/64.22.1/</url><token>64.22.1</token></unit><unit id="1759"><structure_id>41</structure_id><section_number>64.23</section_number><catch_line>Drains, Sewers, Etc. &#x2013; Notice Of Abandonment.</catch_line><url>/64.23/</url><token>64.23</token></unit><unit id="186"><structure_id>41</structure_id><section_number>64.25</section_number><catch_line>Investigation On Private Property.</catch_line><url>/64.25/</url><token>64.25</token></unit><unit id="72"><structure_id>41</structure_id><section_number>64.26</section_number><catch_line>Mandatory Abandonment Of Private Sewage Disposal Systems.</catch_line><url>/64.26/</url><token>64.26</token></unit><unit id="3949"><structure_id>41</structure_id><section_number>64.30</section_number><catch_line>Industrial Wastewater Disposal.</catch_line><url>/64.30/</url><token>64.30</token></unit><unit id="2242"><structure_id>41</structure_id><section_number>64.30.1</section_number><catch_line>Industrial Wastes Treated By County Sanitation Districts Of Los Angeles County (Csdla).</catch_line><url>/64.30.1/</url><token>64.30.1</token></unit><unit id="1956"><structure_id>41</structure_id><section_number>64.31</section_number><catch_line>Septage Disposal Control.</catch_line><url>/64.31/</url><token>64.31</token></unit><unit id="250"><structure_id>41</structure_id><section_number>64.32</section_number><catch_line>Privies &#x2013; Prohibited.</catch_line><url>/64.32/</url><token>64.32</token></unit><unit id="2517"><structure_id>41</structure_id><section_number>64.33</section_number><catch_line>Testing And Analysis Of Materials, Products, Services,
Processes And Technologies.</catch_line><url>/64.33/</url><token>64.33</token></unit></structure_contents><previous_section id="3546"><structure_id>41</structure_id><section_number>64.00</section_number><catch_line>Definitions And Abbreviations.</catch_line><url>/64.00/</url><token>64.00</token></previous_section><next_section id="3226"><structure_id>41</structure_id><section_number>64.02</section_number><catch_line>(None)</catch_line><url>/64.02/</url><token>64.02</token></next_section><metadata></metadata><references></references><url>/64.01/</url><token>64.01</token><formats><txt>/64.01.txt</txt><json>/64.01.xml</json></formats><dublin_core><Title>(None)</Title><Type>Text</Type><Format>text/html</Format><Identifier>&#xA7; 64.01</Identifier><Relation>Los Angeles Municipal Code</Relation></dublin_core><plain_text>                            LOS ANGELES MUNICIPAL CODE

(NONE) (&#xA7; 64.01)

&#xA0; (NONE)
	(Deleted by Ord. No. 172,118, Eff. 8/31/98.)
</plain_text><html>
					&lt;section&gt;&lt;p&gt;&#xA0; (NONE)
	(Deleted by Ord. No. 172,118, Eff. 8/31/98.)&lt;/p&gt;&lt;/section&gt;</html><text><unit id="125" prefix=""><text>&#xA0; (NONE)
	(Deleted by Ord. No. 172,118, Eff. 8/31/98.)</text><type>section</type><prefixes><unit></unit></prefixes><entire_prefix></entire_prefix><prefix_anchor></prefix_anchor><level>1</level></unit></text></law>
