<?xml version="1.0"?>
<law><section_number>66.01</section_number><edition_id>1</edition_id><section_id>168</section_id><structure_id>54</structure_id><catch_line>Garbage Collection.</catch_line><history></history><full_text>&#xA0; GARBAGE COLLECTION.

	No person shall remove or convey any garbage upon or along any street in this City; provide, however, that the provisions of this section shall not apply&#xA0; any person in the employ of this City who shall be assigned by the Board to the work of garbage disposal or to any person with whom this City has entered into, or may hereafter enter into, a contract for the collection, removal and disposal of garbage or to any employee of such contractor during the time his contract shall be in force, and provided further that refuse collection and disposal contractors serving neighboring municipalities, County garbage districts, State or Federal institutions, or any person in the employ of any such governmental agency may haul garbage over the streets of this City&#xA0; after having first obtained a permit therefor from the Board of Public Works.</full_text><order_by>01</order_by><ancestry><unit id="54" label="article"><name>Garbage, Refuse Collection</name><identifier>6</identifier><url>/6/6/</url></unit><unit id="5" label="chapter"><name>Public Works and Property</name><identifier>6</identifier><url>/6/</url></unit></ancestry><structure_contents><unit id="1163"><structure_id>54</structure_id><section_number>66.00</section_number><catch_line>Definitions.</catch_line><url>/66.00/</url><token>66.00</token></unit><unit id="630"><structure_id>54</structure_id><section_number>66.00.1</section_number><catch_line>Refuse Service &#x2013; Refuse Collection.</catch_line><url>/66.00.1/</url><token>66.00.1</token></unit><unit id="168"><structure_id>54</structure_id><section_number>66.01</section_number><catch_line>Garbage Collection.</catch_line><url>/66.01/</url><token>66.01</token></unit><unit id="3396"><structure_id>54</structure_id><section_number>66.01.1</section_number><catch_line>Food Plant Waste &#x2013; Transportation &#x2013; Permit Required.</catch_line><url>/66.01.1/</url><token>66.01.1</token></unit><unit id="564"><structure_id>54</structure_id><section_number>66.02</section_number><catch_line>Garbage Receptacles Specifications.</catch_line><url>/66.02/</url><token>66.02</token></unit><unit id="4112"><structure_id>54</structure_id><section_number>66.04</section_number><catch_line>Deposit Of Garbage On Streets.</catch_line><url>/66.04/</url><token>66.04</token></unit><unit id="1041"><structure_id>54</structure_id><section_number>66.06</section_number><catch_line>Garbage Disposal &#x2013; Permits.</catch_line><url>/66.06/</url><token>66.06</token></unit><unit id="2446"><structure_id>54</structure_id><section_number>66.07</section_number><catch_line>Epidemics &#x2013; Heating Garbage.</catch_line><url>/66.07/</url><token>66.07</token></unit><unit id="3065"><structure_id>54</structure_id><section_number>66.08</section_number><catch_line>Combustible Rubbish And Market Waste &#x2013; Permits To Haul.</catch_line><url>/66.08/</url><token>66.08</token></unit><unit id="2410"><structure_id>54</structure_id><section_number>66.08.1</section_number><catch_line>Franchises Or Contracts To Collect Or Dispose Of Rubbish.</catch_line><url>/66.08.1/</url><token>66.08.1</token></unit><unit id="2155"><structure_id>54</structure_id><section_number>66.08.2</section_number><catch_line>Definitions - Refuse Disposal Facility.</catch_line><url>/66.08.2/</url><token>66.08.2</token></unit><unit id="2737"><structure_id>54</structure_id><section_number>66.08.3</section_number><catch_line>Operation Of Refuse Disposal Facilities.</catch_line><url>/66.08.3/</url><token>66.08.3</token></unit><unit id="2472"><structure_id>54</structure_id><section_number>66.08.4</section_number><catch_line>Franchise Terms And Conditions.</catch_line><url>/66.08.4/</url><token>66.08.4</token></unit><unit id="778"><structure_id>54</structure_id><section_number>66.08.5</section_number><catch_line>Franchise Fees.</catch_line><url>/66.08.5/</url><token>66.08.5</token></unit><unit id="1008"><structure_id>54</structure_id><section_number>66.08.6</section_number><catch_line>Other Franchise Provisions.</catch_line><url>/66.08.6/</url><token>66.08.6</token></unit><unit id="4014"><structure_id>54</structure_id><section_number>66.08.7</section_number><catch_line>Alternative To Landfilling Fee.</catch_line><url>/66.08.7/</url><token>66.08.7</token></unit><unit id="2380"><structure_id>54</structure_id><section_number>66.09</section_number><catch_line>Notice To Customers Of Location Of Equipment.</catch_line><url>/66.09/</url><token>66.09</token></unit><unit id="3267"><structure_id>54</structure_id><section_number>66.10</section_number><catch_line>Permits &#x2013; Revocation Of.</catch_line><url>/66.10/</url><token>66.10</token></unit><unit id="2453"><structure_id>54</structure_id><section_number>66.12</section_number><catch_line>Combustible Rubbish And Market Refuse Vehicles.</catch_line><url>/66.12/</url><token>66.12</token></unit><unit id="3146"><structure_id>54</structure_id><section_number>66.13</section_number><catch_line>Combustible Rubbish And Market Refuse &#x2013; Place Of Disposal.</catch_line><url>/66.13/</url><token>66.13</token></unit><unit id="1340"><structure_id>54</structure_id><section_number>66.13.01</section_number><catch_line>Solid Waste Enforcement Program.</catch_line><url>/66.13.01/</url><token>66.13.01</token></unit><unit id="828"><structure_id>54</structure_id><section_number>66.13.02</section_number><catch_line>Supplemental Fee For Period Between August 1, 1992 To June 30, 1993.</catch_line><url>/66.13.02/</url><token>66.13.02</token></unit><unit id="2725"><structure_id>54</structure_id><section_number>66.13.03</section_number><catch_line>Solid Waste Facility Application Permit Review Fees.</catch_line><url>/66.13.03/</url><token>66.13.03</token></unit><unit id="1384"><structure_id>54</structure_id><section_number>66.13.04</section_number><catch_line>Solid Waste Facility Permit Modification Review Fees.</catch_line><url>/66.13.04/</url><token>66.13.04</token></unit><unit id="2640"><structure_id>54</structure_id><section_number>66.13.05</section_number><catch_line>Solid Waste Facility Inspection Fee.</catch_line><url>/66.13.05/</url><token>66.13.05</token></unit><unit id="3807"><structure_id>54</structure_id><section_number>66.13.1</section_number><catch_line>Solid Waste Transfer/Processing Station Permit.</catch_line><url>/66.13.1/</url><token>66.13.1</token></unit><unit id="2058"><structure_id>54</structure_id><section_number>66.13.2</section_number><catch_line>Composting Facility Permit.</catch_line><url>/66.13.2/</url><token>66.13.2</token></unit><unit id="820"><structure_id>54</structure_id><section_number>66.14.1</section_number><catch_line>Nonhazardous Contaminated Soil Transfer/Processing Operation.</catch_line><url>/66.14.1/</url><token>66.14.1</token></unit><unit id="3561"><structure_id>54</structure_id><section_number>66.14.2</section_number><catch_line>Nonhazardous Contaminated Soil Disposal Facility.</catch_line><url>/66.14.2/</url><token>66.14.2</token></unit><unit id="3495"><structure_id>54</structure_id><section_number>66.15</section_number><catch_line>Combustible Rubbish &#x2013; Sanitary Landfill.</catch_line><url>/66.15/</url><token>66.15</token></unit><unit id="815"><structure_id>54</structure_id><section_number>66.15.1</section_number><catch_line>Sanitary Landfill Additional Monitoring Fee.</catch_line><url>/66.15.1/</url><token>66.15.1</token></unit><unit id="2842"><structure_id>54</structure_id><section_number>66.15.2</section_number><catch_line>Sanitary Landfill Closed Site Development Plan Review Fee.</catch_line><url>/66.15.2/</url><token>66.15.2</token></unit><unit id="1248"><structure_id>54</structure_id><section_number>66.16</section_number><catch_line>Permit Transfers.</catch_line><url>/66.16/</url><token>66.16</token></unit><unit id="3786"><structure_id>54</structure_id><section_number>66.16.1</section_number><catch_line>Non-Operating Landfills.</catch_line><url>/66.16.1/</url><token>66.16.1</token></unit><unit id="3690"><structure_id>54</structure_id><section_number>66.16.2</section_number><catch_line>Solid Waste Collection Vehicle Yards.</catch_line><url>/66.16.2/</url><token>66.16.2</token></unit><unit id="1205"><structure_id>54</structure_id><section_number>66.16.3</section_number><catch_line>Solid Waste Collection Vehicles.</catch_line><url>/66.16.3/</url><token>66.16.3</token></unit><unit id="1720"><structure_id>54</structure_id><section_number>66.16.4</section_number><catch_line>Annual Fee Adjustments</catch_line><url>/66.16.4/</url><token>66.16.4</token></unit><unit id="993"><structure_id>54</structure_id><section_number>66.17</section_number><catch_line>Containers &#x2013; Commercial And Residential.</catch_line><url>/66.17/</url><token>66.17</token></unit><unit id="3223"><structure_id>54</structure_id><section_number>66.17.1</section_number><catch_line>Proof Of Rubbish Service.</catch_line><url>/66.17.1/</url><token>66.17.1</token></unit><unit id="3486"><structure_id>54</structure_id><section_number>66.18</section_number><catch_line>Noncombustible Rubbish &#x2013; Permit.</catch_line><url>/66.18/</url><token>66.18</token></unit><unit id="3983"><structure_id>54</structure_id><section_number>66.19</section_number><catch_line>Application &#x2013; Contents Of.</catch_line><url>/66.19/</url><token>66.19</token></unit><unit id="1233"><structure_id>54</structure_id><section_number>66.21</section_number><catch_line>Permits Not Transferable.</catch_line><url>/66.21/</url><token>66.21</token></unit><unit id="574"><structure_id>54</structure_id><section_number>66.22</section_number><catch_line>Permits &#x2013; Revocation Of.</catch_line><url>/66.22/</url><token>66.22</token></unit><unit id="1222"><structure_id>54</structure_id><section_number>66.23</section_number><catch_line>Garbage, Etc., Vehicles &#x2013; Use Of Streets.</catch_line><url>/66.23/</url><token>66.23</token></unit><unit id="353"><structure_id>54</structure_id><section_number>66.24</section_number><catch_line>Replacing Fallen Material.</catch_line><url>/66.24/</url><token>66.24</token></unit><unit id="2244"><structure_id>54</structure_id><section_number>66.25</section_number><catch_line>Depositing Noncombustible Rubbish.</catch_line><url>/66.25/</url><token>66.25</token></unit><unit id="3564"><structure_id>54</structure_id><section_number>66.26</section_number><catch_line>Cleaning Rubbish Vehicles.</catch_line><url>/66.26/</url><token>66.26</token></unit><unit id="1239"><structure_id>54</structure_id><section_number>66.27</section_number><catch_line>Rules And Regulations &#x2013; Effect Of Non-Compliance With.</catch_line><url>/66.27/</url><token>66.27</token></unit><unit id="1498"><structure_id>54</structure_id><section_number>66.28</section_number><catch_line>Refuse &#x2013; Rubbish And Salvage &#x2013; Tampering With.</catch_line><url>/66.28/</url><token>66.28</token></unit><unit id="2292"><structure_id>54</structure_id><section_number>66.29</section_number><catch_line>Employees &#x2013; Use Of Rubbish.</catch_line><url>/66.29/</url><token>66.29</token></unit><unit id="2282"><structure_id>54</structure_id><section_number>66.30</section_number><catch_line>Construction Of Article.</catch_line><url>/66.30/</url><token>66.30</token></unit><unit id="2991"><structure_id>54</structure_id><section_number>66.31</section_number><catch_line>Used Container Salvage Yard.</catch_line><url>/66.31/</url><token>66.31</token></unit><unit id="874"><structure_id>54</structure_id><section_number>66.32</section_number><catch_line>Purpose And Definitions.</catch_line><url>/66.32/</url><token>66.32</token></unit><unit id="718"><structure_id>54</structure_id><section_number>66.32.1</section_number><catch_line>Solid Waste Hauler Permit Requirements.</catch_line><url>/66.32.1/</url><token>66.32.1</token></unit><unit id="3939"><structure_id>54</structure_id><section_number>66.32.2</section_number><catch_line>Ab 939 Compliance Fees.</catch_line><url>/66.32.2/</url><token>66.32.2</token></unit><unit id="2260"><structure_id>54</structure_id><section_number>66.32.3</section_number><catch_line>Violations, Penalties, And Permit Suspension And Revocation.</catch_line><url>/66.32.3/</url><token>66.32.3</token></unit><unit id="134"><structure_id>54</structure_id><section_number>66.32.4</section_number><catch_line>Compliance Permit Terms And Conditions.</catch_line><url>/66.32.4/</url><token>66.32.4</token></unit><unit id="2878"><structure_id>54</structure_id><section_number>66.32.5</section_number><catch_line>Indemnification.</catch_line><url>/66.32.5/</url><token>66.32.5</token></unit><unit id="2409"><structure_id>54</structure_id><section_number>66.32.6</section_number><catch_line>Violations And Revocation Of Permit.</catch_line><url>/66.32.6/</url><token>66.32.6</token></unit><unit id="1404"><structure_id>54</structure_id><section_number>66.32.7</section_number><catch_line>Confidential Character Of Information Obtained &#x2013; Disclosure Unlawful.</catch_line><url>/66.32.7/</url><token>66.32.7</token></unit><unit id="4070"><structure_id>54</structure_id><section_number>66.32.8</section_number><catch_line>Indemnification.</catch_line><url>/66.32.8/</url><token>66.32.8</token></unit></structure_contents><next_section id="3396"><structure_id>54</structure_id><section_number>66.01.1</section_number><catch_line>Food Plant Waste &#x2013; Transportation &#x2013; Permit Required.</catch_line><url>/66.01.1/</url><token>66.01.1</token></next_section><metadata></metadata><references></references><url>/66.01/</url><token>66.01</token><formats><txt>/66.01.txt</txt><json>/66.01.xml</json></formats><dublin_core><Title>Garbage Collection.</Title><Type>Text</Type><Format>text/html</Format><Identifier>&#xA7; 66.01</Identifier><Relation>Los Angeles Municipal Code</Relation></dublin_core><plain_text>                            LOS ANGELES MUNICIPAL CODE

GARBAGE COLLECTION. (&#xA7; 66.01)

&#xA0; GARBAGE COLLECTION.	No person shall remove or convey any garbage upon or
along any street in this City; provide, however, that the provisions of this
section shall not apply&#xA0; any person in the employ of this City who shall be
assigned by the Board to the work of garbage disposal or to any person with whom
this City has entered into, or may hereafter enter into, a contract for the
collection, removal and disposal of garbage or to any employee of such
contractor during the time his contract shall be in force, and provided further
that refuse collection and disposal contractors serving neighboring
municipalities, County garbage districts, State or Federal institutions, or any
person in the employ of any such governmental agency may haul garbage over the
streets of this City&#xA0; after having first obtained a permit therefor from the
Board of Public Works.
</plain_text><html>
					&lt;section&gt;&lt;p&gt;&#xA0; GARBAGE COLLECTION.&lt;br /&gt;&lt;br /&gt;	No person shall remove or convey any garbage upon or along any street in this City; provide, however, that the provisions of this section shall not apply&#xA0; any person in the employ of this City who shall be assigned by the Board to the work of garbage disposal or to any person with whom this City has entered into, or may hereafter enter into, a &lt;span class="dictionary"&gt;contract&lt;/span&gt; for the collection, removal and disposal of garbage or to any employee of such contractor during the time his &lt;span class="dictionary"&gt;contract&lt;/span&gt; shall be in force, and provided further that refuse collection and disposal contractors serving neighboring municipalities, County garbage districts, State or Federal institutions, or any person in the employ of any such governmental agency may haul garbage over the streets of this City&#xA0; after having first obtained a permit therefor from the Board of Public Works.&lt;/p&gt;&lt;/section&gt;</html><previous_section id="630"><structure_id>54</structure_id><section_number>66.00.1</section_number><catch_line>Refuse Service &#x2013; Refuse Collection.</catch_line><url>/66.00.1/</url><token>66.00.1</token></previous_section><text><unit id="166" prefix=""><text>&#xA0; GARBAGE COLLECTION.	No person shall remove or convey any garbage upon or along any street in this City; provide, however, that the provisions of this section shall not apply&#xA0; any person in the employ of this City who shall be assigned by the Board to the work of garbage disposal or to any person with whom this City has entered into, or may hereafter enter into, a contract for the collection, removal and disposal of garbage or to any employee of such contractor during the time his contract shall be in force, and provided further that refuse collection and disposal contractors serving neighboring municipalities, County garbage districts, State or Federal institutions, or any person in the employ of any such governmental agency may haul garbage over the streets of this City&#xA0; after having first obtained a permit therefor from the Board of Public Works.</text><type>section</type><prefixes><unit></unit></prefixes><entire_prefix></entire_prefix><prefix_anchor></prefix_anchor><level>1</level></unit></text></law>
