<?xml version="1.0"?>
<law><section_number>69.00</section_number><edition_id>1</edition_id><section_id>115</section_id><structure_id>23</structure_id><catch_line>Finding.</catch_line><history></history><full_text>&#xA0; FINDING.

	The Council of the City of Los Angeles hereby finds that the Marina del Rey Entrance Channel is a unique portion of the City of Los Angeles and requires special rules and regulations which cannot properly be applicable to any other portion of the City of Los Angeles. The reason for said uniqueness is that the Marina del Rey Entrance Channel is owned by the County of Los Angeles but is located within the City of Los Angeles. It is the means whereby small boats traverse from the Pacific Ocean into the Marina del Rey, a small boat harbor owned and operated by the County of Los Angeles and located within unincorporated territory. The provisions of this article shall be applicable only to the Marina del Rey Entrance Channel.</full_text><order_by>00</order_by><text><unit id="114" prefix=""><text>&#xA0; FINDING.

	The Council of the City of Los Angeles hereby finds that the Marina del Rey Entrance Channel is a unique portion of the City of Los Angeles and requires special rules and regulations which cannot properly be applicable to any other portion of the City of Los Angeles. The reason for said uniqueness is that the Marina del Rey Entrance Channel is owned by the County of Los Angeles but is located within the City of Los Angeles. It is the means whereby small boats traverse from the Pacific Ocean into the Marina del Rey, a small boat harbor owned and operated by the County of Los Angeles and located within unincorporated territory. The provisions of this article shall be applicable only to the Marina del Rey Entrance Channel.</text><type>section</type><prefixes><unit></unit></prefixes><entire_prefix></entire_prefix><prefix_anchor></prefix_anchor><level>1</level></unit></text><ancestry><unit id="23" label="article"><name>Marina Del Rey Entrance Channel</name><identifier>9</identifier><url>/6/9/</url></unit><unit id="5" label="chapter"><name>Public Works and Property</name><identifier>6</identifier><url>/6/</url></unit></ancestry><structure_contents><unit id="115"><structure_id>23</structure_id><section_number>69.00</section_number><catch_line>Finding.</catch_line><url>/69.00/</url><token>69.00</token></unit><unit id="2378"><structure_id>23</structure_id><section_number>69.01</section_number><catch_line>Description.</catch_line><url>/69.01/</url><token>69.01</token></unit><unit id="2844"><structure_id>23</structure_id><section_number>69.02</section_number><catch_line>Authority For Enforcement.</catch_line><url>/69.02/</url><token>69.02</token></unit><unit id="3950"><structure_id>23</structure_id><section_number>69.03</section_number><catch_line>Definitions.</catch_line><url>/69.03/</url><token>69.03</token></unit><unit id="398"><structure_id>23</structure_id><section_number>69.04</section_number><catch_line>Traffic Control Authority.</catch_line><url>/69.04/</url><token>69.04</token></unit><unit id="2823"><structure_id>23</structure_id><section_number>69.05</section_number><catch_line>Basic Speed Law.</catch_line><url>/69.05/</url><token>69.05</token></unit><unit id="28"><structure_id>23</structure_id><section_number>69.06</section_number><catch_line>Permits For Races And Special Events.</catch_line><url>/69.06/</url><token>69.06</token></unit><unit id="1322"><structure_id>23</structure_id><section_number>69.07</section_number><catch_line>Reverse Gears.</catch_line><url>/69.07/</url><token>69.07</token></unit><unit id="2824"><structure_id>23</structure_id><section_number>69.08</section_number><catch_line>Launching Or Recovering Vessels.</catch_line><url>/69.08/</url><token>69.08</token></unit><unit id="1788"><structure_id>23</structure_id><section_number>69.09</section_number><catch_line>Permits, Suspensions, Or Revocations.</catch_line><url>/69.09/</url><token>69.09</token></unit><unit id="2606"><structure_id>23</structure_id><section_number>69.10</section_number><catch_line>Lost And Found Property.</catch_line><url>/69.10/</url><token>69.10</token></unit><unit id="1190"><structure_id>23</structure_id><section_number>69.11</section_number><catch_line>Underwater Diving.</catch_line><url>/69.11/</url><token>69.11</token></unit><unit id="2580"><structure_id>23</structure_id><section_number>69.12</section_number><catch_line>Prohibited Swimming.</catch_line><url>/69.12/</url><token>69.12</token></unit><unit id="1421"><structure_id>23</structure_id><section_number>69.13</section_number><catch_line>Hazardous Lights.</catch_line><url>/69.13/</url><token>69.13</token></unit><unit id="3350"><structure_id>23</structure_id><section_number>69.14</section_number><catch_line>Anchoring Or Mooring In Entrance Channel.</catch_line><url>/69.14/</url><token>69.14</token></unit><unit id="3612"><structure_id>23</structure_id><section_number>69.15</section_number><catch_line>Illegally Moored Or Abandoned Vessels.</catch_line><url>/69.15/</url><token>69.15</token></unit><unit id="2807"><structure_id>23</structure_id><section_number>69.16</section_number><catch_line>Fees Incidental To Recovery, Movement And Storage.</catch_line><url>/69.16/</url><token>69.16</token></unit><unit id="2001"><structure_id>23</structure_id><section_number>69.17</section_number><catch_line>Dangerous Vessels, Sunken Vessels, Or Obstruction Of Channels.</catch_line><url>/69.17/</url><token>69.17</token></unit><unit id="862"><structure_id>23</structure_id><section_number>69.18</section_number><catch_line>Duty Upon Collision.</catch_line><url>/69.18/</url><token>69.18</token></unit><unit id="1183"><structure_id>23</structure_id><section_number>69.19</section_number><catch_line>Commercial Activities Prohibited.</catch_line><url>/69.19/</url><token>69.19</token></unit><unit id="676"><structure_id>23</structure_id><section_number>69.20</section_number><catch_line>Bait Tanks.</catch_line><url>/69.20/</url><token>69.20</token></unit><unit id="3045"><structure_id>23</structure_id><section_number>69.21</section_number><catch_line>Sanitation Regulations.</catch_line><url>/69.21/</url><token>69.21</token></unit><unit id="1042"><structure_id>23</structure_id><section_number>69.22</section_number><catch_line>Prohibited Operation Upon Waters Of The Channel.</catch_line><url>/69.22/</url><token>69.22</token></unit><unit id="2730"><structure_id>23</structure_id><section_number>69.23</section_number><catch_line>Prohibited Activities Upon Areas Abutting The Entrance Channel.</catch_line><url>/69.23/</url><token>69.23</token></unit></structure_contents><next_section id="2378"><structure_id>23</structure_id><section_number>69.01</section_number><catch_line>Description.</catch_line><url>/69.01/</url><token>69.01</token></next_section><metadata></metadata><references></references><url>/69.00/</url><token>69.00</token><formats><txt>/69.00.txt</txt><json>/69.00.xml</json></formats><dublin_core><Title>Finding.</Title><Type>Text</Type><Format>text/html</Format><Identifier>&#xA7; 69.00</Identifier><Relation>Los Angeles Municipal Code</Relation></dublin_core><plain_text>                            LOS ANGELES MUNICIPAL CODE

FINDING. (&#xA7; 69.00)

&#xA0; FINDING.

	The Council of the City of Los Angeles hereby finds that the Marina del Rey
Entrance Channel is a unique portion of the City of Los Angeles and requires
special rules and regulations which cannot properly be applicable to any other
portion of the City of Los Angeles. The reason for said uniqueness is that the
Marina del Rey Entrance Channel is owned by the County of Los Angeles but is
located within the City of Los Angeles. It is the means whereby small boats
traverse from the Pacific Ocean into the Marina del Rey, a small boat harbor
owned and operated by the County of Los Angeles and located within
unincorporated territory. The provisions of this article shall be applicable
only to the Marina del Rey Entrance Channel.
</plain_text><html></html></law>
