<?xml version="1.0"?>
<law><section_number>71.02.2</section_number><edition_id>1</edition_id><section_id>323</section_id><structure_id>51</structure_id><catch_line>Monetary Penalties For Taxicab Operators.</catch_line><history></history><full_text>&#xA0; MONETARY PENALTIES FOR TAXICAB OPERATORS.
	(Amended by Ord. No. 170,068, Eff. 11/18/94.)

	(a)	The Board may levy monetary penalties in addition to or in lieu of suspension of franchise or operating permit pursuant to 71.02 above.&#xA0; Monetary penalties may be levied on a per violation, a per day or an accumulated penalty point basis and may escalate on a first, second, or third violation basis.&#xA0; Deficiencies in operations which endanger the public health, welfare, and/or safety shall receive the maximum penalties.

	(b)	The Board shall adopt by resolution a schedule of monetary penalties, a procedure for assessing monetary penalties or penalty points for specific driver and/or operator violations, and an appeal procedure.&#xA0; Monetary penalties for taxicab operators shall be no more than $1,000 for each penalty point over an established limit, or for each day, as appropriate, up to a maximum of $25,000 in monetary penalties for penalty points accumulated in a calendar quarter; except penalties assessed on a per day basis for failure to correct operator deficiencies shall accumulate without limit for each day that the violation exists.&#xA0; Any single penalty assessment that exceeds $30,000 is subject to appeal to the City Council.

	(c)	Payment of a monetary penalty or the serving of a suspension shall constitute a waiver of the right to further appeal of any monetary penalty or suspension to the City Council or Superior Court.

	(d)	Judicial review of an action by the Board levying such monetary penalty or of an action of the City Council in denying an appeal, as provided for herein, shall be available only if a petition for a writ of mandate is filed in the Superior Court not later than the 90th day following the date upon which the decision of the Board or City Council becomes final, which shall be the expiration of the period during which reconsideration can be sought, provided that if reconsideration is sought the decision is final for the purposes of this section on the date that reconsideration is rejected.

	(e)	The total monetary penalty payment is due by the date established by the Board or 30 days after the end of the month in which payment has accrued, whichever comes first.&#xA0; The payment is delinquent if not paid on or before the due date.

	(f)	A penalty of 10% of the amount of the payment shall be assessed on any payment which has become delinquent.&#xA0; Failure to pay any delinquent payment on or before the last day of the fourth month following the date on which the payment first became delinquent will result in the assessment of a second penalty of 10% of the amount of the payment in addition to the amount of the payment and the 10% penalty first imposed.

	(g)	In addition to the penalties imposed above, failure to pay any payment required by ordinance and by the franchise or operating permit will result in the assessment of interest charges at the rate of 1-1/2% per month, or fraction thereof, on the amount of the payment, exclusive of penalties, from the date on which the payment first became delinquent until it is paid.</full_text><order_by>02.2</order_by><ancestry><unit id="51" label="article"><name>Public Transportation</name><identifier>1</identifier><url>/7/1/</url></unit><unit id="50" label="chapter"><name>Transporation</name><identifier>7</identifier><url>/7/</url></unit></ancestry><structure_contents><unit id="699"><structure_id>51</structure_id><section_number>71.00</section_number><catch_line>Scope And Definitions.</catch_line><url>/71.00/</url><token>71.00</token></unit><unit id="2322"><structure_id>51</structure_id><section_number>71.01</section_number><catch_line>Authority Of Board To Adopt Rules.</catch_line><url>/71.01/</url><token>71.01</token></unit><unit id="239"><structure_id>51</structure_id><section_number>71.01.1</section_number><catch_line>Authority Of Designated Employees Of The Department Of Transportation To Make Arrests And Issue Citations.</catch_line><url>/71.01.1/</url><token>71.01.1</token></unit><unit id="3617"><structure_id>51</structure_id><section_number>71.01.2</section_number><catch_line>Authority Of Designated Employees Of The Department Of Transportation To Have Access To Local Summary Criminal History Information.</catch_line><url>/71.01.2/</url><token>71.01.2</token></unit><unit id="3076"><structure_id>51</structure_id><section_number>71.02</section_number><catch_line>Operation Of Vehicles &#x2013; Permits Or Franchises Required.</catch_line><url>/71.02/</url><token>71.02</token></unit><unit id="3039"><structure_id>51</structure_id><section_number>71.02.1</section_number><catch_line>Suspension Of Taxicab Franchise.</catch_line><url>/71.02.1/</url><token>71.02.1</token></unit><unit id="323"><structure_id>51</structure_id><section_number>71.02.2</section_number><catch_line>Monetary Penalties For Taxicab Operators.</catch_line><url>/71.02.2/</url><token>71.02.2</token></unit><unit id="3389"><structure_id>51</structure_id><section_number>71.02.3</section_number><catch_line>Use Of Public Rights-Of-Way.</catch_line><url>/71.02.3/</url><token>71.02.3</token></unit><unit id="385"><structure_id>51</structure_id><section_number>71.03</section_number><catch_line>Driving Of Vehicles &#x2013; Permits Required.</catch_line><url>/71.03/</url><token>71.03</token></unit><unit id="2667"><structure_id>51</structure_id><section_number>71.04</section_number><catch_line>Ambulance Attendants &#x2013; Permits Required.</catch_line><url>/71.04/</url><token>71.04</token></unit><unit id="3720"><structure_id>51</structure_id><section_number>71.04.1</section_number><catch_line>Non-Ambulatory Passenger Vehicle Attendants &#x2013; Permits Required.</catch_line><url>/71.04.1/</url><token>71.04.1</token></unit><unit id="335"><structure_id>51</structure_id><section_number>71.05</section_number><catch_line>Application And Annual Or Monthly Fee For Vehicle Permits.</catch_line><url>/71.05/</url><token>71.05</token></unit><unit id="2648"><structure_id>51</structure_id><section_number>71.06</section_number><catch_line>Application For Driver And Ambulance Attendant Permits.</catch_line><url>/71.06/</url><token>71.06</token></unit><unit id="1462"><structure_id>51</structure_id><section_number>71.06.1</section_number><catch_line>Application Processing And Other Fees.</catch_line><url>/71.06.1/</url><token>71.06.1</token></unit><unit id="1241"><structure_id>51</structure_id><section_number>71.06.2</section_number><catch_line>Fees For Services Provided Outside Of Normal Working Hours.</catch_line><url>/71.06.2/</url><token>71.06.2</token></unit><unit id="2133"><structure_id>51</structure_id><section_number>71.06.3</section_number><catch_line>Review Of Fees For Service.</catch_line><url>/71.06.3/</url><token>71.06.3</token></unit><unit id="816"><structure_id>51</structure_id><section_number>71.07</section_number><catch_line>The Board&#x2019;S Power To Revoke Or Suspend Driver, Attendant, Or Vehicle Permits.</catch_line><url>/71.07/</url><token>71.07</token></unit><unit id="774"><structure_id>51</structure_id><section_number>71.08</section_number><catch_line>Grounds For Denial, Revocation, Suspension Or Cancellation Of Permit.</catch_line><url>/71.08/</url><token>71.08</token></unit><unit id="2553"><structure_id>51</structure_id><section_number>71.09</section_number><catch_line>Procedures For Denial, Revocation, Suspension Or Cancellation Of Permits By The General Manager Or His Authorized Representative.</catch_line><url>/71.09/</url><token>71.09</token></unit><unit id="1644"><structure_id>51</structure_id><section_number>71.09.1</section_number><catch_line>Rehearing.</catch_line><url>/71.09.1/</url><token>71.09.1</token></unit><unit id="1715"><structure_id>51</structure_id><section_number>71.09.2</section_number><catch_line>Monetary Penalties For Driver, Vehicle And Attendant Permittees.</catch_line><url>/71.09.2/</url><token>71.09.2</token></unit><unit id="1434"><structure_id>51</structure_id><section_number>71.10</section_number><catch_line>Regulations During Suspension Period.</catch_line><url>/71.10/</url><token>71.10</token></unit><unit id="113"><structure_id>51</structure_id><section_number>71.11</section_number><catch_line>Duration And Renewal Of Permits.</catch_line><url>/71.11/</url><token>71.11</token></unit><unit id="2286"><structure_id>51</structure_id><section_number>71.12</section_number><catch_line>Requirements Of Public Convenience And Necessity.</catch_line><url>/71.12/</url><token>71.12</token></unit><unit id="893"><structure_id>51</structure_id><section_number>71.13</section_number><catch_line>Specific Findings Required.</catch_line><url>/71.13/</url><token>71.13</token></unit><unit id="3131"><structure_id>51</structure_id><section_number>71.14</section_number><catch_line>Insurance Or Bond Required.</catch_line><url>/71.14/</url><token>71.14</token></unit><unit id="3671"><structure_id>51</structure_id><section_number>71.15</section_number><catch_line>Contracts Between Owners And Employees.</catch_line><url>/71.15/</url><token>71.15</token></unit><unit id="142"><structure_id>51</structure_id><section_number>71.16</section_number><catch_line>Taxicab Identification.</catch_line><url>/71.16/</url><token>71.16</token></unit><unit id="3504"><structure_id>51</structure_id><section_number>71.16.1</section_number><catch_line>Vehicle Identification.</catch_line><url>/71.16.1/</url><token>71.16.1</token></unit><unit id="525"><structure_id>51</structure_id><section_number>71.17</section_number><catch_line>Licenses.</catch_line><url>/71.17/</url><token>71.17</token></unit><unit id="1101"><structure_id>51</structure_id><section_number>71.18</section_number><catch_line>Permitted Vehicle Zones.</catch_line><url>/71.18/</url><token>71.18</token></unit><unit id="275"><structure_id>51</structure_id><section_number>71.19</section_number><catch_line>Vehicle Signs.</catch_line><url>/71.19/</url><token>71.19</token></unit><unit id="3717"><structure_id>51</structure_id><section_number>71.20</section_number><catch_line>Taxicab Signs.</catch_line><url>/71.20/</url><token>71.20</token></unit><unit id="3676"><structure_id>51</structure_id><section_number>71.21</section_number><catch_line>Other Signs &#x2013; Permit Required.</catch_line><url>/71.21/</url><token>71.21</token></unit><unit id="2865"><structure_id>51</structure_id><section_number>71.22</section_number><catch_line>Taximeters.</catch_line><url>/71.22/</url><token>71.22</token></unit><unit id="2772"><structure_id>51</structure_id><section_number>71.23</section_number><catch_line>Circuitous Routes.</catch_line><url>/71.23/</url><token>71.23</token></unit><unit id="1116"><structure_id>51</structure_id><section_number>71.24</section_number><catch_line>Excess Charges.</catch_line><url>/71.24/</url><token>71.24</token></unit><unit id="1738"><structure_id>51</structure_id><section_number>71.25</section_number><catch_line>Authority Of Board To Establish Rates.</catch_line><url>/71.25/</url><token>71.25</token></unit><unit id="2098"><structure_id>51</structure_id><section_number>71.26</section_number><catch_line>Transportation Regulation And Enforcement Trust Fund.</catch_line><url>/71.26/</url><token>71.26</token></unit><unit id="2727"><structure_id>51</structure_id><section_number>71.27</section_number><catch_line>Inspection Of Limousine Waybills.</catch_line><url>/71.27/</url><token>71.27</token></unit></structure_contents><next_section id="3389"><structure_id>51</structure_id><section_number>71.02.3</section_number><catch_line>Use Of Public Rights-Of-Way.</catch_line><url>/71.02.3/</url><token>71.02.3</token></next_section><metadata></metadata><references></references><url>/71.02.2/</url><token>71.02.2</token><formats><txt>/71.02.2.txt</txt><json>/71.02.2.xml</json></formats><dublin_core><Title>Monetary Penalties For Taxicab Operators.</Title><Type>Text</Type><Format>text/html</Format><Identifier>&#xA7; 71.02.2</Identifier><Relation>Los Angeles Municipal Code</Relation></dublin_core><plain_text>                            LOS ANGELES MUNICIPAL CODE

MONETARY PENALTIES FOR TAXICAB OPERATORS. (&#xA7; 71.02.2)

&#xA0; MONETARY PENALTIES FOR TAXICAB OPERATORS.
	(Amended by Ord. No. 170,068, Eff. 11/18/94.)	(a)	The Board may levy monetary
penalties in addition to or in lieu of suspension of franchise or operating
permit pursuant to 71.02 above.&#xA0; Monetary penalties may be levied on a per
violation, a per day or an accumulated penalty point basis and may escalate on a
first, second, or third violation basis.&#xA0; Deficiencies in operations which
endanger the public health, welfare, and/or safety shall receive the maximum
penalties.	(b)	The Board shall adopt by resolution a schedule of monetary
penalties, a procedure for assessing monetary penalties or penalty points for
specific driver and/or operator violations, and an appeal procedure.&#xA0; Monetary
penalties for taxicab operators shall be no more than $1,000 for each penalty
point over an established limit, or for each day, as appropriate, up to a
maximum of $25,000 in monetary penalties for penalty points accumulated in a
calendar quarter; except penalties assessed on a per day basis for failure to
correct operator deficiencies shall accumulate without limit for each day that
the violation exists.&#xA0; Any single penalty assessment that exceeds $30,000 is
subject to appeal to the City Council.	(c)	Payment of a monetary penalty or the
serving of a suspension shall constitute a waiver of the right to further appeal
of any monetary penalty or suspension to the City Council or Superior
Court.	(d)	Judicial review of an action by the Board levying such monetary
penalty or of an action of the City Council in denying an appeal, as provided
for herein, shall be available only if a petition for a writ of mandate is filed
in the Superior Court not later than the 90th day following the date upon which
the decision of the Board or City Council becomes final, which shall be the
expiration of the period during which reconsideration can be sought, provided
that if reconsideration is sought the decision is final for the purposes of this
section on the date that reconsideration is rejected.	(e)	The total monetary
penalty payment is due by the date established by the Board or 30 days after the
end of the month in which payment has accrued, whichever comes first.&#xA0; The
payment is delinquent if not paid on or before the due date.	(f)	A penalty of
10% of the amount of the payment shall be assessed on any payment which has
become delinquent.&#xA0; Failure to pay any delinquent payment on or before the last
day of the fourth month following the date on which the payment first became
delinquent will result in the assessment of a second penalty of 10% of the
amount of the payment in addition to the amount of the payment and the 10%
penalty first imposed.	(g)	In addition to the penalties imposed above, failure
to pay any payment required by ordinance and by the franchise or operating
permit will result in the assessment of interest charges at the rate of 1-1/2%
per month, or fraction thereof, on the amount of the payment, exclusive of
penalties, from the date on which the payment first became delinquent until it
is paid.
</plain_text><html>
					&lt;section&gt;&lt;p&gt;&#xA0; MONETARY PENALTIES FOR TAXICAB OPERATORS.
	(Amended by Ord. No. 170,068, Eff. 11/18/94.)&lt;br /&gt;&lt;br /&gt;	(a)	The Board may &lt;span class="dictionary"&gt;levy&lt;/span&gt; monetary penalties in addition to or in lieu of suspension of franchise or operating permit pursuant to 71.02 above.&#xA0; Monetary penalties may be levied on a per violation, a per day or an accumulated &lt;span class="dictionary"&gt;penalty&lt;/span&gt; point basis and may escalate on a first, second, or third violation basis.&#xA0; Deficiencies in operations which endanger the public health, welfare, and/or safety shall receive the maximum penalties.&lt;br /&gt;&lt;br /&gt;	(b)	The Board shall adopt by resolution a schedule of monetary penalties, a procedure for assessing monetary penalties or &lt;span class="dictionary"&gt;penalty&lt;/span&gt; points for specific driver and/or operator violations, and an &lt;span class="dictionary"&gt;appeal&lt;/span&gt; procedure.&#xA0; Monetary penalties for taxicab operators shall be no more than $1,000 for each &lt;span class="dictionary"&gt;penalty&lt;/span&gt; point over an established limit, or for each day, as appropriate, up to a maximum of $25,000 in monetary penalties for &lt;span class="dictionary"&gt;penalty&lt;/span&gt; points accumulated in a calendar quarter; except penalties assessed on a per day basis for failure to correct operator deficiencies shall accumulate without limit for each day that the violation exists.&#xA0; Any single &lt;span class="dictionary"&gt;penalty&lt;/span&gt; assessment that exceeds $30,000 is subject to &lt;span class="dictionary"&gt;appeal&lt;/span&gt; to the City Council.&lt;br /&gt;&lt;br /&gt;	(c)	Payment of a monetary &lt;span class="dictionary"&gt;penalty&lt;/span&gt; or the serving of a suspension shall constitute a &lt;span class="dictionary"&gt;waiver&lt;/span&gt; of the right to further &lt;span class="dictionary"&gt;appeal&lt;/span&gt; of any monetary &lt;span class="dictionary"&gt;penalty&lt;/span&gt; or suspension to the City Council or Superior &lt;span class="dictionary"&gt;Court&lt;/span&gt;.&lt;br /&gt;&lt;br /&gt;	(d)	Judicial review of an action by the Board levying such monetary &lt;span class="dictionary"&gt;penalty&lt;/span&gt; or of an action of the City Council in denying an &lt;span class="dictionary"&gt;appeal&lt;/span&gt;, as provided for herein, shall be available only if a &lt;span class="dictionary"&gt;petition&lt;/span&gt; for a &lt;span class="dictionary"&gt;writ&lt;/span&gt; of &lt;span class="dictionary"&gt;mandate&lt;/span&gt; is filed in the Superior &lt;span class="dictionary"&gt;Court&lt;/span&gt; not later than the 90th day following the date upon which the decision of the Board or City Council becomes final, which shall be the expiration of the period during which reconsideration can be sought, provided that if reconsideration is sought the decision is final for the purposes of this section on the date that reconsideration is rejected.&lt;br /&gt;&lt;br /&gt;	(e)	The total monetary &lt;span class="dictionary"&gt;penalty&lt;/span&gt; payment is due by the date established by the Board or 30 days after the end of the month in which payment has accrued, whichever comes first.&#xA0; The payment is delinquent if not paid on or before the due date.&lt;br /&gt;&lt;br /&gt;	(f)	A &lt;span class="dictionary"&gt;penalty&lt;/span&gt; of 10% of the amount of the payment shall be assessed on any payment which has become delinquent.&#xA0; Failure to pay any delinquent payment on or before the last day of the fourth month following the date on which the payment first became delinquent will result in the assessment of a second &lt;span class="dictionary"&gt;penalty&lt;/span&gt; of 10% of the amount of the payment in addition to the amount of the payment and the 10% &lt;span class="dictionary"&gt;penalty&lt;/span&gt; first imposed.&lt;br /&gt;&lt;br /&gt;	(g)	In addition to the penalties imposed above, failure to pay any payment required by &lt;span class="dictionary"&gt;ordinance&lt;/span&gt; and by the franchise or operating permit will result in the assessment of interest charges at the rate of 1-1/2% per month, or fraction thereof, on the amount of the payment, exclusive of penalties, from the date on which the payment first became delinquent until it is paid.&lt;/p&gt;&lt;/section&gt;</html><previous_section id="3039"><structure_id>51</structure_id><section_number>71.02.1</section_number><catch_line>Suspension Of Taxicab Franchise.</catch_line><url>/71.02.1/</url><token>71.02.1</token></previous_section><text><unit id="319" prefix=""><text>&#xA0; MONETARY PENALTIES FOR TAXICAB OPERATORS.
	(Amended by Ord. No. 170,068, Eff. 11/18/94.)	(a)	The Board may levy monetary penalties in addition to or in lieu of suspension of franchise or operating permit pursuant to 71.02 above.&#xA0; Monetary penalties may be levied on a per violation, a per day or an accumulated penalty point basis and may escalate on a first, second, or third violation basis.&#xA0; Deficiencies in operations which endanger the public health, welfare, and/or safety shall receive the maximum penalties.	(b)	The Board shall adopt by resolution a schedule of monetary penalties, a procedure for assessing monetary penalties or penalty points for specific driver and/or operator violations, and an appeal procedure.&#xA0; Monetary penalties for taxicab operators shall be no more than $1,000 for each penalty point over an established limit, or for each day, as appropriate, up to a maximum of $25,000 in monetary penalties for penalty points accumulated in a calendar quarter; except penalties assessed on a per day basis for failure to correct operator deficiencies shall accumulate without limit for each day that the violation exists.&#xA0; Any single penalty assessment that exceeds $30,000 is subject to appeal to the City Council.	(c)	Payment of a monetary penalty or the serving of a suspension shall constitute a waiver of the right to further appeal of any monetary penalty or suspension to the City Council or Superior Court.	(d)	Judicial review of an action by the Board levying such monetary penalty or of an action of the City Council in denying an appeal, as provided for herein, shall be available only if a petition for a writ of mandate is filed in the Superior Court not later than the 90th day following the date upon which the decision of the Board or City Council becomes final, which shall be the expiration of the period during which reconsideration can be sought, provided that if reconsideration is sought the decision is final for the purposes of this section on the date that reconsideration is rejected.	(e)	The total monetary penalty payment is due by the date established by the Board or 30 days after the end of the month in which payment has accrued, whichever comes first.&#xA0; The payment is delinquent if not paid on or before the due date.	(f)	A penalty of 10% of the amount of the payment shall be assessed on any payment which has become delinquent.&#xA0; Failure to pay any delinquent payment on or before the last day of the fourth month following the date on which the payment first became delinquent will result in the assessment of a second penalty of 10% of the amount of the payment in addition to the amount of the payment and the 10% penalty first imposed.	(g)	In addition to the penalties imposed above, failure to pay any payment required by ordinance and by the franchise or operating permit will result in the assessment of interest charges at the rate of 1-1/2% per month, or fraction thereof, on the amount of the payment, exclusive of penalties, from the date on which the payment first became delinquent until it is paid.</text><type>section</type><prefixes><unit></unit></prefixes><entire_prefix></entire_prefix><prefix_anchor></prefix_anchor><level>1</level></unit></text></law>
