<?xml version="1.0"?>
<law><section_number>71.16</section_number><edition_id>1</edition_id><section_id>142</section_id><structure_id>51</structure_id><catch_line>Taxicab Identification.</catch_line><history></history><full_text>&#xA0; TAXICAB IDENTIFICATION.

	(a)	No taxicab shall be operated by any person without a distinctive and uniform color scheme or identification which designates the operator of said vehicle and which has been approved by the Department.&#xA0; (Amended by Ord. No. 149,526, Eff. 5/21/77.)

	(b)	No color scheme, name, monogram, or identification shall be in&#xA0; conflict with or imitate any color scheme, monogram, or name of&#xA0; identification used by another taxicab grantee in such a manner as to&#xA0; be misleading or to tend to confuse or defraud the public.&#xA0; (Amended by Ord. No. 165,491, Eff. 3/19/90.)

	(c)	Each taxicab operated under a franchise shall be identified as a City of Los Angeles authorized taxicab by decals or other suitable means as adopted by the Board.&#xA0; Identifying decals shall be provided by the Board for such purpose upon payment of the Taxicab Vehicle Decal fee specified in Section 71.06.1.&#xA0; No person shall identify any vehicle by means of such decal, or any facsimile thereof, unless authorized to do so by the regulations of the Board.&#xA0; (Amended by Ord. No. 174,058, Eff. 8/9/01.) &#xA0;

	(d)	No person shall identify any vehicle by means of a City of Los Angeles decal or facsimile thereof unless authorized to do so by the Board.&#xA0; (Added by Ord. No. 175,004, Eff. 1/26/03.)</full_text><order_by>16</order_by><ancestry><unit id="51" label="article"><name>Public Transportation</name><identifier>1</identifier><url>/7/1/</url></unit><unit id="50" label="chapter"><name>Transporation</name><identifier>7</identifier><url>/7/</url></unit></ancestry><structure_contents><unit id="699"><structure_id>51</structure_id><section_number>71.00</section_number><catch_line>Scope And Definitions.</catch_line><url>/71.00/</url><token>71.00</token></unit><unit id="2322"><structure_id>51</structure_id><section_number>71.01</section_number><catch_line>Authority Of Board To Adopt Rules.</catch_line><url>/71.01/</url><token>71.01</token></unit><unit id="239"><structure_id>51</structure_id><section_number>71.01.1</section_number><catch_line>Authority Of Designated Employees Of The Department Of Transportation To Make Arrests And Issue Citations.</catch_line><url>/71.01.1/</url><token>71.01.1</token></unit><unit id="3617"><structure_id>51</structure_id><section_number>71.01.2</section_number><catch_line>Authority Of Designated Employees Of The Department Of Transportation To Have Access To Local Summary Criminal History Information.</catch_line><url>/71.01.2/</url><token>71.01.2</token></unit><unit id="3076"><structure_id>51</structure_id><section_number>71.02</section_number><catch_line>Operation Of Vehicles &#x2013; Permits Or Franchises Required.</catch_line><url>/71.02/</url><token>71.02</token></unit><unit id="3039"><structure_id>51</structure_id><section_number>71.02.1</section_number><catch_line>Suspension Of Taxicab Franchise.</catch_line><url>/71.02.1/</url><token>71.02.1</token></unit><unit id="323"><structure_id>51</structure_id><section_number>71.02.2</section_number><catch_line>Monetary Penalties For Taxicab Operators.</catch_line><url>/71.02.2/</url><token>71.02.2</token></unit><unit id="3389"><structure_id>51</structure_id><section_number>71.02.3</section_number><catch_line>Use Of Public Rights-Of-Way.</catch_line><url>/71.02.3/</url><token>71.02.3</token></unit><unit id="385"><structure_id>51</structure_id><section_number>71.03</section_number><catch_line>Driving Of Vehicles &#x2013; Permits Required.</catch_line><url>/71.03/</url><token>71.03</token></unit><unit id="2667"><structure_id>51</structure_id><section_number>71.04</section_number><catch_line>Ambulance Attendants &#x2013; Permits Required.</catch_line><url>/71.04/</url><token>71.04</token></unit><unit id="3720"><structure_id>51</structure_id><section_number>71.04.1</section_number><catch_line>Non-Ambulatory Passenger Vehicle Attendants &#x2013; Permits Required.</catch_line><url>/71.04.1/</url><token>71.04.1</token></unit><unit id="335"><structure_id>51</structure_id><section_number>71.05</section_number><catch_line>Application And Annual Or Monthly Fee For Vehicle Permits.</catch_line><url>/71.05/</url><token>71.05</token></unit><unit id="2648"><structure_id>51</structure_id><section_number>71.06</section_number><catch_line>Application For Driver And Ambulance Attendant Permits.</catch_line><url>/71.06/</url><token>71.06</token></unit><unit id="1462"><structure_id>51</structure_id><section_number>71.06.1</section_number><catch_line>Application Processing And Other Fees.</catch_line><url>/71.06.1/</url><token>71.06.1</token></unit><unit id="1241"><structure_id>51</structure_id><section_number>71.06.2</section_number><catch_line>Fees For Services Provided Outside Of Normal Working Hours.</catch_line><url>/71.06.2/</url><token>71.06.2</token></unit><unit id="2133"><structure_id>51</structure_id><section_number>71.06.3</section_number><catch_line>Review Of Fees For Service.</catch_line><url>/71.06.3/</url><token>71.06.3</token></unit><unit id="816"><structure_id>51</structure_id><section_number>71.07</section_number><catch_line>The Board&#x2019;S Power To Revoke Or Suspend Driver, Attendant, Or Vehicle Permits.</catch_line><url>/71.07/</url><token>71.07</token></unit><unit id="774"><structure_id>51</structure_id><section_number>71.08</section_number><catch_line>Grounds For Denial, Revocation, Suspension Or Cancellation Of Permit.</catch_line><url>/71.08/</url><token>71.08</token></unit><unit id="2553"><structure_id>51</structure_id><section_number>71.09</section_number><catch_line>Procedures For Denial, Revocation, Suspension Or Cancellation Of Permits By The General Manager Or His Authorized Representative.</catch_line><url>/71.09/</url><token>71.09</token></unit><unit id="1644"><structure_id>51</structure_id><section_number>71.09.1</section_number><catch_line>Rehearing.</catch_line><url>/71.09.1/</url><token>71.09.1</token></unit><unit id="1715"><structure_id>51</structure_id><section_number>71.09.2</section_number><catch_line>Monetary Penalties For Driver, Vehicle And Attendant Permittees.</catch_line><url>/71.09.2/</url><token>71.09.2</token></unit><unit id="1434"><structure_id>51</structure_id><section_number>71.10</section_number><catch_line>Regulations During Suspension Period.</catch_line><url>/71.10/</url><token>71.10</token></unit><unit id="113"><structure_id>51</structure_id><section_number>71.11</section_number><catch_line>Duration And Renewal Of Permits.</catch_line><url>/71.11/</url><token>71.11</token></unit><unit id="2286"><structure_id>51</structure_id><section_number>71.12</section_number><catch_line>Requirements Of Public Convenience And Necessity.</catch_line><url>/71.12/</url><token>71.12</token></unit><unit id="893"><structure_id>51</structure_id><section_number>71.13</section_number><catch_line>Specific Findings Required.</catch_line><url>/71.13/</url><token>71.13</token></unit><unit id="3131"><structure_id>51</structure_id><section_number>71.14</section_number><catch_line>Insurance Or Bond Required.</catch_line><url>/71.14/</url><token>71.14</token></unit><unit id="3671"><structure_id>51</structure_id><section_number>71.15</section_number><catch_line>Contracts Between Owners And Employees.</catch_line><url>/71.15/</url><token>71.15</token></unit><unit id="142"><structure_id>51</structure_id><section_number>71.16</section_number><catch_line>Taxicab Identification.</catch_line><url>/71.16/</url><token>71.16</token></unit><unit id="3504"><structure_id>51</structure_id><section_number>71.16.1</section_number><catch_line>Vehicle Identification.</catch_line><url>/71.16.1/</url><token>71.16.1</token></unit><unit id="525"><structure_id>51</structure_id><section_number>71.17</section_number><catch_line>Licenses.</catch_line><url>/71.17/</url><token>71.17</token></unit><unit id="1101"><structure_id>51</structure_id><section_number>71.18</section_number><catch_line>Permitted Vehicle Zones.</catch_line><url>/71.18/</url><token>71.18</token></unit><unit id="275"><structure_id>51</structure_id><section_number>71.19</section_number><catch_line>Vehicle Signs.</catch_line><url>/71.19/</url><token>71.19</token></unit><unit id="3717"><structure_id>51</structure_id><section_number>71.20</section_number><catch_line>Taxicab Signs.</catch_line><url>/71.20/</url><token>71.20</token></unit><unit id="3676"><structure_id>51</structure_id><section_number>71.21</section_number><catch_line>Other Signs &#x2013; Permit Required.</catch_line><url>/71.21/</url><token>71.21</token></unit><unit id="2865"><structure_id>51</structure_id><section_number>71.22</section_number><catch_line>Taximeters.</catch_line><url>/71.22/</url><token>71.22</token></unit><unit id="2772"><structure_id>51</structure_id><section_number>71.23</section_number><catch_line>Circuitous Routes.</catch_line><url>/71.23/</url><token>71.23</token></unit><unit id="1116"><structure_id>51</structure_id><section_number>71.24</section_number><catch_line>Excess Charges.</catch_line><url>/71.24/</url><token>71.24</token></unit><unit id="1738"><structure_id>51</structure_id><section_number>71.25</section_number><catch_line>Authority Of Board To Establish Rates.</catch_line><url>/71.25/</url><token>71.25</token></unit><unit id="2098"><structure_id>51</structure_id><section_number>71.26</section_number><catch_line>Transportation Regulation And Enforcement Trust Fund.</catch_line><url>/71.26/</url><token>71.26</token></unit><unit id="2727"><structure_id>51</structure_id><section_number>71.27</section_number><catch_line>Inspection Of Limousine Waybills.</catch_line><url>/71.27/</url><token>71.27</token></unit></structure_contents><next_section id="3504"><structure_id>51</structure_id><section_number>71.16.1</section_number><catch_line>Vehicle Identification.</catch_line><url>/71.16.1/</url><token>71.16.1</token></next_section><metadata></metadata><references></references><url>/71.16/</url><token>71.16</token><formats><txt>/71.16.txt</txt><json>/71.16.xml</json></formats><dublin_core><Title>Taxicab Identification.</Title><Type>Text</Type><Format>text/html</Format><Identifier>&#xA7; 71.16</Identifier><Relation>Los Angeles Municipal Code</Relation></dublin_core><plain_text>                            LOS ANGELES MUNICIPAL CODE

TAXICAB IDENTIFICATION. (&#xA7; 71.16)

&#xA0; TAXICAB IDENTIFICATION.	(a)	No taxicab shall be operated by any person
without a distinctive and uniform color scheme or identification which
designates the operator of said vehicle and which has been approved by the
Department.&#xA0; (Amended by Ord. No. 149,526, Eff. 5/21/77.)	(b)	No color scheme,
name, monogram, or identification shall be in&#xA0; conflict with or imitate any
color scheme, monogram, or name of&#xA0; identification used by another taxicab
grantee in such a manner as to&#xA0; be misleading or to tend to confuse or defraud
the public.&#xA0; (Amended by Ord. No. 165,491, Eff. 3/19/90.)	(c)	Each taxicab
operated under a franchise shall be identified as a City of Los Angeles
authorized taxicab by decals or other suitable means as adopted by the Board.&#xA0;
Identifying decals shall be provided by the Board for such purpose upon payment
of the Taxicab Vehicle Decal fee specified in Section 71.06.1.&#xA0; No person shall
identify any vehicle by means of such decal, or any facsimile thereof, unless
authorized to do so by the regulations of the Board.&#xA0; (Amended by Ord. No.
174,058, Eff. 8/9/01.) &#xA0;	(d)	No person shall identify any vehicle by means of a
City of Los Angeles decal or facsimile thereof unless authorized to do so by the
Board.&#xA0; (Added by Ord. No. 175,004, Eff. 1/26/03.)
</plain_text><html>
					&lt;section&gt;&lt;p&gt;&#xA0; TAXICAB IDENTIFICATION.&lt;br /&gt;&lt;br /&gt;	(a)	No taxicab shall be operated by any person without a distinctive and uniform color scheme or identification which designates the operator of said vehicle and which has been approved by the Department.&#xA0; (Amended by Ord. No. 149,526, Eff. 5/21/77.)&lt;br /&gt;&lt;br /&gt;	(b)	No color scheme, name, monogram, or identification shall be in&#xA0; conflict with or imitate any color scheme, monogram, or name of&#xA0; identification used by another taxicab grantee in such a manner as to&#xA0; be misleading or to tend to confuse or defraud the public.&#xA0; (Amended by Ord. No. 165,491, Eff. 3/19/90.)&lt;br /&gt;&lt;br /&gt;	(c)	Each taxicab operated under a franchise shall be identified as a City of Los Angeles authorized taxicab by decals or other suitable means as adopted by the Board.&#xA0; Identifying decals shall be provided by the Board for such purpose upon payment of the Taxicab Vehicle Decal fee specified in Section 71.06.1.&#xA0; No person shall identify any vehicle by means of such decal, or any facsimile thereof, unless authorized to do so by the regulations of the Board.&#xA0; (Amended by Ord. No. 174,058, Eff. 8/9/01.) &#xA0;&lt;br /&gt;&lt;br /&gt;	(d)	No person shall identify any vehicle by means of a City of Los Angeles decal or facsimile thereof unless authorized to do so by the Board.&#xA0; (Added by Ord. No. 175,004, Eff. 1/26/03.)&lt;/p&gt;&lt;/section&gt;</html><previous_section id="3671"><structure_id>51</structure_id><section_number>71.15</section_number><catch_line>Contracts Between Owners And Employees.</catch_line><url>/71.15/</url><token>71.15</token></previous_section><text><unit id="141" prefix=""><text>&#xA0; TAXICAB IDENTIFICATION.	(a)	No taxicab shall be operated by any person without a distinctive and uniform color scheme or identification which designates the operator of said vehicle and which has been approved by the Department.&#xA0; (Amended by Ord. No. 149,526, Eff. 5/21/77.)	(b)	No color scheme, name, monogram, or identification shall be in&#xA0; conflict with or imitate any color scheme, monogram, or name of&#xA0; identification used by another taxicab grantee in such a manner as to&#xA0; be misleading or to tend to confuse or defraud the public.&#xA0; (Amended by Ord. No. 165,491, Eff. 3/19/90.)	(c)	Each taxicab operated under a franchise shall be identified as a City of Los Angeles authorized taxicab by decals or other suitable means as adopted by the Board.&#xA0; Identifying decals shall be provided by the Board for such purpose upon payment of the Taxicab Vehicle Decal fee specified in Section 71.06.1.&#xA0; No person shall identify any vehicle by means of such decal, or any facsimile thereof, unless authorized to do so by the regulations of the Board.&#xA0; (Amended by Ord. No. 174,058, Eff. 8/9/01.) &#xA0;	(d)	No person shall identify any vehicle by means of a City of Los Angeles decal or facsimile thereof unless authorized to do so by the Board.&#xA0; (Added by Ord. No. 175,004, Eff. 1/26/03.)</text><type>section</type><prefixes><unit></unit></prefixes><entire_prefix></entire_prefix><prefix_anchor></prefix_anchor><level>1</level></unit></text></law>
