<?xml version="1.0"?>
<law><section_number>72.06</section_number><edition_id>1</edition_id><section_id>431</section_id><structure_id>87</structure_id><catch_line>Trains &#x2013; Lights On.</catch_line><history></history><full_text>&#xA0; TRAINS &#x2013; LIGHTS ON.

	No person shall run, propel or operate any railroad car or train of railroad cars upon, along or across any street or across any railroad track, interurban railroad track or street railway track, during the period from one hour after sunset to one hour before sunrise, unless there is attached to such car or train on the end thereof toward the direction in which such car or train is proceeding, a bright white light visible in the direction in which such car or train is proceeding. Such light shall have a reflector equal in power to the kind usually and customarily used by car inspectors of steam railroads.

	This section and Section 72.07 shall not apply to any car or train if a competent flagman precedes such car or train carrying a bright white light visible in the direction in which such car or train is proceeding, and shall not apply to any car or train when the same is crossing any street, any railroad track, interurban track or street railway track, if such street or track is, at the time of such crossing, protected by an interlocking device or apparatus.

	Municipal Corporations may enact and enforce ordinances not inconsistent with the State law requiring lights on trains.
	7 McQuillen, Municipal Corporations, 768, Sec. 24.710.</full_text><order_by>06</order_by><text><unit id="425" prefix=""><text>&#xA0; TRAINS &#x2013; LIGHTS ON.

	No person shall run, propel or operate any railroad car or train of railroad cars upon, along or across any street or across any railroad track, interurban railroad track or street railway track, during the period from one hour after sunset to one hour before sunrise, unless there is attached to such car or train on the end thereof toward the direction in which such car or train is proceeding, a bright white light visible in the direction in which such car or train is proceeding. Such light shall have a reflector equal in power to the kind usually and customarily used by car inspectors of steam railroads.

	This section and Section 72.07 shall not apply to any car or train if a competent flagman precedes such car or train carrying a bright white light visible in the direction in which such car or train is proceeding, and shall not apply to any car or train when the same is crossing any street, any railroad track, interurban track or street railway track, if such street or track is, at the time of such crossing, protected by an interlocking device or apparatus.

	Municipal Corporations may enact and enforce ordinances not inconsistent with the State law requiring lights on trains.
	7 McQuillen, Municipal Corporations, 768, Sec. 24.710.</text><type>section</type><prefixes><unit></unit></prefixes><entire_prefix></entire_prefix><prefix_anchor></prefix_anchor><level>1</level></unit></text><ancestry><unit id="87" label="article"><name>Railroads And Railways</name><identifier>2</identifier><url>/7/2/</url></unit><unit id="50" label="chapter"><name>Transporation</name><identifier>7</identifier><url>/7/</url></unit></ancestry><structure_contents><unit id="431"><structure_id>87</structure_id><section_number>72.06</section_number><catch_line>Trains &#x2013; Lights On.</catch_line><url>/72.06/</url><token>72.06</token></unit><unit id="2212"><structure_id>87</structure_id><section_number>72.07</section_number><catch_line>Trains &#x2013; Flagman To Precede.</catch_line><url>/72.07/</url><token>72.07</token></unit><unit id="1966"><structure_id>87</structure_id><section_number>72.10</section_number><catch_line>Trains &#x2013; Speed.</catch_line><url>/72.10/</url><token>72.10</token></unit><unit id="3616"><structure_id>87</structure_id><section_number>72.10.1</section_number><catch_line>Clearing Crossings.</catch_line><url>/72.10.1/</url><token>72.10.1</token></unit><unit id="4034"><structure_id>87</structure_id><section_number>72.11</section_number><catch_line>Railroad Connections &#x2013; Permits.</catch_line><url>/72.11/</url><token>72.11</token></unit><unit id="2326"><structure_id>87</structure_id><section_number>72.12</section_number><catch_line>Regulation Of Train Whistles.</catch_line><url>/72.12/</url><token>72.12</token></unit><unit id="2164"><structure_id>87</structure_id><section_number>72.16</section_number><catch_line>Sprinkling Or Oiling Of Roadbed.</catch_line><url>/72.16/</url><token>72.16</token></unit></structure_contents><next_section id="2212"><structure_id>87</structure_id><section_number>72.07</section_number><catch_line>Trains &#x2013; Flagman To Precede.</catch_line><url>/72.07/</url><token>72.07</token></next_section><metadata></metadata><references></references><url>/72.06/</url><token>72.06</token><formats><txt>/72.06.txt</txt><json>/72.06.xml</json></formats><dublin_core><Title>Trains &#x2013; Lights On.</Title><Type>Text</Type><Format>text/html</Format><Identifier>&#xA7; 72.06</Identifier><Relation>Los Angeles Municipal Code</Relation></dublin_core><plain_text>                            LOS ANGELES MUNICIPAL CODE

TRAINS &#x2013; LIGHTS ON. (&#xA7; 72.06)

&#xA0; TRAINS &#x2013; LIGHTS ON.

	No person shall run, propel or operate any railroad car or train of railroad
cars upon, along or across any street or across any railroad track, interurban
railroad track or street railway track, during the period from one hour after
sunset to one hour before sunrise, unless there is attached to such car or train
on the end thereof toward the direction in which such car or train is
proceeding, a bright white light visible in the direction in which such car or
train is proceeding. Such light shall have a reflector equal in power to the
kind usually and customarily used by car inspectors of steam railroads.

	This section and Section 72.07 shall not apply to any car or train if a
competent flagman precedes such car or train carrying a bright white light
visible in the direction in which such car or train is proceeding, and shall not
apply to any car or train when the same is crossing any street, any railroad
track, interurban track or street railway track, if such street or track is, at
the time of such crossing, protected by an interlocking device or apparatus.

	Municipal Corporations may enact and enforce ordinances not inconsistent with
the State law requiring lights on trains.
	7 McQuillen, Municipal Corporations, 768, Sec. 24.710.
</plain_text><html></html></law>
