<?xml version="1.0"?>
<law><section_number>91.5.101</section_number><edition_id>1</edition_id><section_id>487</section_id><structure_id>96</structure_id><catch_line>Title.</catch_line><history></history><full_text>&#xA0; TITLE.

	Article 1.5 of Chapter IX of the Los Angeles Municipal Code shall collectively be known as the Los Angeles Residential Code or LARC.&#xA0; The provisions of the LARC for one- and two-family dwellings shall apply to the construction, alteration, movement, enlargement, replacement, repair, equipment, use and occupancy, location, removal and demolition of detached one- and two-family dwellings and townhouses not more than three stories above grade plane in height with a separate means of egress and their accessory structures.&#xA0; In addition to the LARC, Chapters 1, 11A, 11B, 17, 31B, 34, 63, 67, 70, 71, 72, 81, 89, 92, 93 and 96 of the Los Angeles Building Code (LABC) shall also be applicable to one- and two-family dwellings and townhouses unless stated otherwise.&#xA0; Wherever the word Code is used in this Article it shall mean the Los Angeles Building Code.

	The Los Angeles Building Code and the Los Angeles Residential Code adopt by reference portions of the California Building Code (CBC) or the California Residential Code (CRC) respectively.

	Exception:&#xA0; Live/work units complying with the requirements of Section 419 of the California Building Code shall be permitted to be built as one- and two- family dwellings or townhouses.&#xA0; Fire suppression required by Section 419.5 of the California Building Code when constructed under the California Residential Code for one- and two-family dwellings shall conform to Section 903.3.1.3 of the California Building Code.</full_text><order_by>5.101</order_by><ancestry><unit id="96" label="article"><name>Scope And Application</name><identifier>1.5.1</identifier><url>/9/1.5.1/</url></unit><unit id="3" label="chapter"><name>Building Regulations</name><identifier>9</identifier><url>/9/</url></unit></ancestry><structure_contents><unit id="1679"><structure_id>96</structure_id><section_number>91.5.100</section_number><catch_line>Basic Provisions.</catch_line><url>/91.5.100/</url><token>91.5.100</token></unit><unit id="487"><structure_id>96</structure_id><section_number>91.5.101</section_number><catch_line>Title.</catch_line><url>/91.5.101/</url><token>91.5.101</token></unit></structure_contents><next_section id="487"><structure_id>96</structure_id><section_number>91.5.101</section_number><catch_line>Title.</catch_line><url>/91.5.101/</url><token>91.5.101</token></next_section><metadata></metadata><references></references><url>/91.5.101/</url><token>91.5.101</token><formats><txt>/91.5.101.txt</txt><json>/91.5.101.xml</json></formats><dublin_core><Title>Title.</Title><Type>Text</Type><Format>text/html</Format><Identifier>&#xA7; 91.5.101</Identifier><Relation>Los Angeles Municipal Code</Relation></dublin_core><plain_text>                            LOS ANGELES MUNICIPAL CODE

TITLE. (&#xA7; 91.5.101)

&#xA0; TITLE.	Article 1.5 of Chapter IX of the Los Angeles Municipal Code shall
collectively be known as the Los Angeles Residential Code or LARC.&#xA0; The
provisions of the LARC for one- and two-family dwellings shall apply to the
construction, alteration, movement, enlargement, replacement, repair, equipment,
use and occupancy, location, removal and demolition of detached one- and
two-family dwellings and townhouses not more than three stories above grade
plane in height with a separate means of egress and their accessory
structures.&#xA0; In addition to the LARC, Chapters 1, 11A, 11B, 17, 31B, 34, 63,
67, 70, 71, 72, 81, 89, 92, 93 and 96 of the Los Angeles Building Code (LABC)
shall also be applicable to one- and two-family dwellings and townhouses unless
stated otherwise.&#xA0; Wherever the word Code is used in this Article it shall mean
the Los Angeles Building Code.	The Los Angeles Building Code and the Los Angeles
Residential Code adopt by reference portions of the California Building Code
(CBC) or the California Residential Code (CRC) respectively.	Exception:&#xA0;
Live/work units complying with the requirements of Section 419 of the California
Building Code shall be permitted to be built as one- and two- family dwellings
or townhouses.&#xA0; Fire suppression required by Section 419.5 of the California
Building Code when constructed under the California Residential Code for one-
and two-family dwellings shall conform to Section 903.3.1.3 of the California
Building Code.
</plain_text><html>
					&lt;section&gt;&lt;p&gt;&#xA0; TITLE.&lt;br /&gt;&lt;br /&gt;	Article 1.5 of Chapter IX of the Los Angeles Municipal Code shall collectively be known as the Los Angeles Residential Code or LARC.&#xA0; The provisions of the LARC for one- and two-family dwellings shall apply to the construction, alteration, movement, enlargement, replacement, repair, equipment, use and occupancy, location, removal and demolition of detached one- and two-family dwellings and townhouses not more than three stories above grade plane in height with a separate means of egress and their &lt;span class="dictionary"&gt;accessory&lt;/span&gt; structures.&#xA0; In addition to the LARC, Chapters 1, 11A, 11B, 17, 31B, 34, 63, 67, 70, 71, 72, 81, 89, 92, 93 and 96 of the Los Angeles Building Code (LABC) shall also be applicable to one- and two-family dwellings and townhouses unless stated otherwise.&#xA0; Wherever the word Code is used in this Article it shall mean the Los Angeles Building Code.&lt;br /&gt;&lt;br /&gt;	The Los Angeles Building Code and the Los Angeles Residential Code adopt by reference portions of the California Building Code (CBC) or the California Residential Code (CRC) respectively.&lt;br /&gt;&lt;br /&gt;	Exception:&#xA0; Live/work units complying with the requirements of Section 419 of the California Building Code shall be permitted to be built as one- and two- family dwellings or townhouses.&#xA0; Fire suppression required by Section 419.5 of the California Building Code when constructed under the California Residential Code for one- and two-family dwellings shall conform to Section 903.3.1.3 of the California Building Code.&lt;/p&gt;&lt;/section&gt;</html><text><unit id="480" prefix=""><text>&#xA0; TITLE.	Article 1.5 of Chapter IX of the Los Angeles Municipal Code shall collectively be known as the Los Angeles Residential Code or LARC.&#xA0; The provisions of the LARC for one- and two-family dwellings shall apply to the construction, alteration, movement, enlargement, replacement, repair, equipment, use and occupancy, location, removal and demolition of detached one- and two-family dwellings and townhouses not more than three stories above grade plane in height with a separate means of egress and their accessory structures.&#xA0; In addition to the LARC, Chapters 1, 11A, 11B, 17, 31B, 34, 63, 67, 70, 71, 72, 81, 89, 92, 93 and 96 of the Los Angeles Building Code (LABC) shall also be applicable to one- and two-family dwellings and townhouses unless stated otherwise.&#xA0; Wherever the word Code is used in this Article it shall mean the Los Angeles Building Code.	The Los Angeles Building Code and the Los Angeles Residential Code adopt by reference portions of the California Building Code (CBC) or the California Residential Code (CRC) respectively.	Exception:&#xA0; Live/work units complying with the requirements of Section 419 of the California Building Code shall be permitted to be built as one- and two- family dwellings or townhouses.&#xA0; Fire suppression required by Section 419.5 of the California Building Code when constructed under the California Residential Code for one- and two-family dwellings shall conform to Section 903.3.1.3 of the California Building Code.</text><type>section</type><prefixes><unit></unit></prefixes><entire_prefix></entire_prefix><prefix_anchor></prefix_anchor><level>1</level></unit></text><previous_section id="1679"><structure_id>96</structure_id><section_number>91.5.100</section_number><catch_line>Basic Provisions.</catch_line><url>/91.5.100/</url><token>91.5.100</token></previous_section></law>
