<?xml version="1.0"?>
<law><section_number>92.0133</section_number><edition_id>1</edition_id><section_id>313</section_id><structure_id>74</structure_id><catch_line>Approvals.</catch_line><history></history><full_text>&#xA0; APPROVALS.

	All elevator equipment, including controls, doors, interlocks, machinery, governor, safety devices, switches and any other devices designed for the operation of the equipment governed by this Code shall be approved by the Superintendent of Building before they may be in stalled or used. The Superintendent of Building shall have the authority to establish rules and regulations in connection therewith.</full_text><order_by>0133</order_by><ancestry><unit id="74" label="article"><name>Elevator Code</name><identifier>2</identifier><url>/9/2/</url></unit><unit id="3" label="chapter"><name>Building Regulations</name><identifier>9</identifier><url>/9/</url></unit></ancestry><structure_contents><unit id="3418"><structure_id>74</structure_id><section_number>92.0101</section_number><catch_line>Title.</catch_line><url>/92.0101/</url><token>92.0101</token></unit><unit id="3666"><structure_id>74</structure_id><section_number>92.0102</section_number><catch_line>Purpose.</catch_line><url>/92.0102/</url><token>92.0102</token></unit><unit id="2852"><structure_id>74</structure_id><section_number>92.0103</section_number><catch_line>Scope.</catch_line><url>/92.0103/</url><token>92.0103</token></unit><unit id="3097"><structure_id>74</structure_id><section_number>92.0104</section_number><catch_line>Interpretation.</catch_line><url>/92.0104/</url><token>92.0104</token></unit><unit id="2794"><structure_id>74</structure_id><section_number>92.0105</section_number><catch_line>Reports Of Elevator Safety Engineers.</catch_line><url>/92.0105/</url><token>92.0105</token></unit><unit id="3845"><structure_id>74</structure_id><section_number>92.0106</section_number><catch_line>Equipment Found Unsafe.</catch_line><url>/92.0106/</url><token>92.0106</token></unit><unit id="1192"><structure_id>74</structure_id><section_number>92.0107</section_number><catch_line>Power To Seal Equipment Out Of Service And Stop Work.</catch_line><url>/92.0107/</url><token>92.0107</token></unit><unit id="3164"><structure_id>74</structure_id><section_number>92.0108</section_number><catch_line>Reserved.</catch_line><url>/92.0108/</url><token>92.0108</token></unit><unit id="2281"><structure_id>74</structure_id><section_number>92.0109</section_number><catch_line>Required Elevators.</catch_line><url>/92.0109/</url><token>92.0109</token></unit><unit id="672"><structure_id>74</structure_id><section_number>92.0110</section_number><catch_line>Test Of New Equipment.</catch_line><url>/92.0110/</url><token>92.0110</token></unit><unit id="3700"><structure_id>74</structure_id><section_number>92.0111</section_number><catch_line>Approval Of Plans And Equipment.</catch_line><url>/92.0111/</url><token>92.0111</token></unit><unit id="1164"><structure_id>74</structure_id><section_number>92.0112</section_number><catch_line>Retroactive Provisions.</catch_line><url>/92.0112/</url><token>92.0112</token></unit><unit id="2920"><structure_id>74</structure_id><section_number>92.0113</section_number><catch_line>Authority To Enter Building Or Premise.</catch_line><url>/92.0113/</url><token>92.0113</token></unit><unit id="3629"><structure_id>74</structure_id><section_number>92.0114</section_number><catch_line>Certificate Of Inspection (Operating Permit).</catch_line><url>/92.0114/</url><token>92.0114</token></unit><unit id="2650"><structure_id>74</structure_id><section_number>92.0115</section_number><catch_line>Request For Inspection.</catch_line><url>/92.0115/</url><token>92.0115</token></unit><unit id="3944"><structure_id>74</structure_id><section_number>92.0116</section_number><catch_line>Accidents &#x2013; Reports &#x2013; Repair.</catch_line><url>/92.0116/</url><token>92.0116</token></unit><unit id="306"><structure_id>74</structure_id><section_number>92.0117</section_number><catch_line>Enforcement.</catch_line><url>/92.0117/</url><token>92.0117</token></unit><unit id="1993"><structure_id>74</structure_id><section_number>92.0118</section_number><catch_line>Certificate Of Registration.</catch_line><url>/92.0118/</url><token>92.0118</token></unit><unit id="677"><structure_id>74</structure_id><section_number>92.0119</section_number><catch_line>Journey-Level Elevator Mechanic &#x2013; Certificate Required.</catch_line><url>/92.0119/</url><token>92.0119</token></unit><unit id="735"><structure_id>74</structure_id><section_number>92.0120</section_number><catch_line>Application For Journey-Level Elevator Mechanic.</catch_line><url>/92.0120/</url><token>92.0120</token></unit><unit id="1987"><structure_id>74</structure_id><section_number>92.0121</section_number><catch_line>Helpers Or Apprentices.</catch_line><url>/92.0121/</url><token>92.0121</token></unit><unit id="477"><structure_id>74</structure_id><section_number>92.0122</section_number><catch_line>Expiration Of Certificate.</catch_line><url>/92.0122/</url><token>92.0122</token></unit><unit id="1836"><structure_id>74</structure_id><section_number>92.0123</section_number><catch_line>Renewal Certificate Fees.</catch_line><url>/92.0123/</url><token>92.0123</token></unit><unit id="1362"><structure_id>74</structure_id><section_number>92.0126</section_number><catch_line>Inspection And Inspection Fees.</catch_line><url>/92.0126/</url><token>92.0126</token></unit><unit id="1353"><structure_id>74</structure_id><section_number>92.0127</section_number><catch_line>Special Enforcement Of Procedures Fees.</catch_line><url>/92.0127/</url><token>92.0127</token></unit><unit id="3670"><structure_id>74</structure_id><section_number>92.0128</section_number><catch_line>Investigation Fee.</catch_line><url>/92.0128/</url><token>92.0128</token></unit><unit id="3480"><structure_id>74</structure_id><section_number>92.0129</section_number><catch_line>Installation Permit Fees.</catch_line><url>/92.0129/</url><token>92.0129</token></unit><unit id="282"><structure_id>74</structure_id><section_number>92.0130</section_number><catch_line>Fees For Plan Checking.</catch_line><url>/92.0130/</url><token>92.0130</token></unit><unit id="3032"><structure_id>74</structure_id><section_number>92.0131</section_number><catch_line>Off Hours Inspections.</catch_line><url>/92.0131/</url><token>92.0131</token></unit><unit id="2962"><structure_id>74</structure_id><section_number>92.0132</section_number><catch_line>Permit Fees For Repair, Replacement, Alteration, Or Modification.</catch_line><url>/92.0132/</url><token>92.0132</token></unit><unit id="2427"><structure_id>74</structure_id><section_number>92.0132.1</section_number><catch_line>Fees For Additional Inspections.</catch_line><url>/92.0132.1/</url><token>92.0132.1</token></unit><unit id="313"><structure_id>74</structure_id><section_number>92.0133</section_number><catch_line>Approvals.</catch_line><url>/92.0133/</url><token>92.0133</token></unit><unit id="4064"><structure_id>74</structure_id><section_number>92.0134</section_number><catch_line>Responsibility Of Owners, Lessees, Managers, Etc.</catch_line><url>/92.0134/</url><token>92.0134</token></unit><unit id="1750"><structure_id>74</structure_id><section_number>92.0135</section_number><catch_line>Powers Of Department And Board.</catch_line><url>/92.0135/</url><token>92.0135</token></unit><unit id="4004"><structure_id>74</structure_id><section_number>92.0136</section_number><catch_line>Appeals.</catch_line><url>/92.0136/</url><token>92.0136</token></unit><unit id="3482"><structure_id>74</structure_id><section_number>92.0137</section_number><catch_line>Expiration Of Permit And Plan Check.</catch_line><url>/92.0137/</url><token>92.0137</token></unit><unit id="3959"><structure_id>74</structure_id><section_number>92.0138</section_number><catch_line>Scope Of Permits.</catch_line><url>/92.0138/</url><token>92.0138</token></unit><unit id="717"><structure_id>74</structure_id><section_number>92.0139</section_number><catch_line>Non-Responsibility Of City.</catch_line><url>/92.0139/</url><token>92.0139</token></unit><unit id="1774"><structure_id>74</structure_id><section_number>92.0140</section_number><catch_line>Procedure For Revocation Or Suspension.</catch_line><url>/92.0140/</url><token>92.0140</token></unit><unit id="656"><structure_id>74</structure_id><section_number>92.0141</section_number><catch_line>Alternate Materials And Methods Of Construction.</catch_line><url>/92.0141/</url><token>92.0141</token></unit><unit id="2870"><structure_id>74</structure_id><section_number>92.0201</section_number><catch_line>Reserved.</catch_line><url>/92.0201/</url><token>92.0201</token></unit><unit id="3645"><structure_id>74</structure_id><section_number>92.0202</section_number><catch_line>General.</catch_line><url>/92.0202/</url><token>92.0202</token></unit><unit id="1105"><structure_id>74</structure_id><section_number>92.0203</section_number><catch_line>Sections Not Adopted From The California Code Of Regulations.</catch_line><url>/92.0203/</url><token>92.0203</token></unit><unit id="1780"><structure_id>74</structure_id><section_number>92.0204</section_number><catch_line>Reserved.</catch_line><url>/92.0204/</url><token>92.0204</token></unit><unit id="1017"><structure_id>74</structure_id><section_number>92.0205</section_number><catch_line>Retroactive Provisions.</catch_line><url>/92.0205/</url><token>92.0205</token></unit><unit id="2265"><structure_id>74</structure_id><section_number>92.0206</section_number><catch_line>Mechanical Locks And Electric Contacts.</catch_line><url>/92.0206/</url><token>92.0206</token></unit><unit id="2697"><structure_id>74</structure_id><section_number>92.0207</section_number><catch_line>Additional Requirements.</catch_line><url>/92.0207/</url><token>92.0207</token></unit><unit id="3993"><structure_id>74</structure_id><section_number>92.0301</section_number><catch_line>Scope.</catch_line><url>/92.0301/</url><token>92.0301</token></unit><unit id="3796"><structure_id>74</structure_id><section_number>92.0302</section_number><catch_line>Private Residence Inclined Elevators.</catch_line><url>/92.0302/</url><token>92.0302</token></unit><unit id="1453"><structure_id>74</structure_id><section_number>92.0303</section_number><catch_line>Private Residence Inclined Stairway Chairlifts And Inclined And Vertical Wheelchair Lifts.</catch_line><url>/92.0303/</url><token>92.0303</token></unit><unit id="314"><structure_id>74</structure_id><section_number>92.0304</section_number><catch_line>Private Residence Elevators.</catch_line><url>/92.0304/</url><token>92.0304</token></unit><unit id="2970"><structure_id>74</structure_id><section_number>92.0305</section_number><catch_line>Car Enclosure.</catch_line><url>/92.0305/</url><token>92.0305</token></unit><unit id="3968"><structure_id>74</structure_id><section_number>92.0306</section_number><catch_line>Machine And Controls.</catch_line><url>/92.0306/</url><token>92.0306</token></unit><unit id="3634"><structure_id>74</structure_id><section_number>92.0307</section_number><catch_line>Car Doors And Gates.</catch_line><url>/92.0307/</url><token>92.0307</token></unit><unit id="557"><structure_id>74</structure_id><section_number>92.0312</section_number><catch_line>Nameplate.</catch_line><url>/92.0312/</url><token>92.0312</token></unit><unit id="274"><structure_id>74</structure_id><section_number>92.0313</section_number><catch_line>Maintenance.</catch_line><url>/92.0313/</url><token>92.0313</token></unit><unit id="3915"><structure_id>74</structure_id><section_number>92.0401</section_number><catch_line>Scope.</catch_line><url>/92.0401/</url><token>92.0401</token></unit><unit id="3981"><structure_id>74</structure_id><section_number>92.0402</section_number><catch_line>General.</catch_line><url>/92.0402/</url><token>92.0402</token></unit></structure_contents><next_section id="4064"><structure_id>74</structure_id><section_number>92.0134</section_number><catch_line>Responsibility Of Owners, Lessees, Managers, Etc.</catch_line><url>/92.0134/</url><token>92.0134</token></next_section><metadata></metadata><references></references><url>/92.0133/</url><token>92.0133</token><formats><txt>/92.0133.txt</txt><json>/92.0133.xml</json></formats><dublin_core><Title>Approvals.</Title><Type>Text</Type><Format>text/html</Format><Identifier>&#xA7; 92.0133</Identifier><Relation>Los Angeles Municipal Code</Relation></dublin_core><plain_text>                            LOS ANGELES MUNICIPAL CODE

APPROVALS. (&#xA7; 92.0133)

&#xA0; APPROVALS.	All elevator equipment, including controls, doors, interlocks,
machinery, governor, safety devices, switches and any other devices designed for
the operation of the equipment governed by this Code shall be approved by the
Superintendent of Building before they may be in stalled or used. The
Superintendent of Building shall have the authority to establish rules and
regulations in connection therewith.
</plain_text><html>
					&lt;section&gt;&lt;p&gt;&#xA0; APPROVALS.&lt;br /&gt;&lt;br /&gt;	All elevator equipment, including controls, doors, interlocks, machinery, governor, safety devices, switches and any other devices designed for the operation of the equipment governed by this Code shall be approved by the Superintendent of Building before they may be in stalled or used. The Superintendent of Building shall have the authority to establish rules and regulations in connection therewith.&lt;/p&gt;&lt;/section&gt;</html><previous_section id="2427"><structure_id>74</structure_id><section_number>92.0132.1</section_number><catch_line>Fees For Additional Inspections.</catch_line><url>/92.0132.1/</url><token>92.0132.1</token></previous_section><text><unit id="309" prefix=""><text>&#xA0; APPROVALS.	All elevator equipment, including controls, doors, interlocks, machinery, governor, safety devices, switches and any other devices designed for the operation of the equipment governed by this Code shall be approved by the Superintendent of Building before they may be in stalled or used. The Superintendent of Building shall have the authority to establish rules and regulations in connection therewith.</text><type>section</type><prefixes><unit></unit></prefixes><entire_prefix></entire_prefix><prefix_anchor></prefix_anchor><level>1</level></unit></text></law>
