<?xml version="1.0"?>
<law><section_number>93.0217</section_number><edition_id>1</edition_id><section_id>2</section_id><structure_id>4</structure_id><catch_line>Fees For Fire Warning Alarm, Communications, Control Systems And Smoke Detectors.</catch_line><history></history><full_text>&#xA0; FEES FOR FIRE WARNING ALARM, COMMUNICATIONS, CONTROL SYSTEMS AND SMOKE DETECTORS.
	(Amended by Ord. No. 180,868, Eff. 10/22/09.)

	(a)	The fees for installing, replacing or relocating each fire warning alarm system, communication, control or signal system equipment, or portion thereof, shall be as follows:


  
    
      
        Number or Devices
      
      
        Fees
      
    
    
      
        1 to 10 total devices
      
      
        $48.00
      
    
    
      
        11 to 40 devices
      
      
        4.00 each
      
    
    
      
        41 or more devices
      
      
        3.00 each
      
    
    
      
        Each control panel, standby power supply panel, annunciator panel or similar main piece of control equipment for one of the above systems
      
      
        36.00
      
    
  


	For the purpose of this subsection, devices shall include all signaling equipment, stations, power equipment such as damper actuators or door holding devices, communication jacks or outlets, control sensors, or switches or remote indicators, and smoke detectors that are part of fire alarm systems or process control systems.

	EXCEPTION:&#xA0; Communications equipment installed, owned or operated and maintained by a communications public utility and exempt under the provisions of Section 93.0108(c).

	(b)	The fees for installing, replacing or relocating individual smoke detectors in residential units which are energized from the building wiring shall be as follows:


  
    
      
        1 residential unit
      
      
        $15.00
      
    
    
      
        Each additional residential unit in a multiple dwelling occupancy
      
      
        12.00
      
    
    
      
        	Each additional residential unit over 20 in a hotel, motel, boarding house or lodge
      
      
        7.00
      
    
  


	For the purpose of this subsection, a residential unit shall include a single family dwelling, every dwelling unit in a multiple dwelling and every guest room in a hotel, motel, boarding house or lodge.</full_text><order_by>0217</order_by><ancestry><unit id="4" label="article"><name>Electrical Code</name><identifier>3</identifier><url>/9/3/</url></unit><unit id="3" label="chapter"><name>Building Regulations</name><identifier>9</identifier><url>/9/</url></unit></ancestry><structure_contents><unit id="1278"><structure_id>4</structure_id><section_number>93.0101</section_number><catch_line>Title.</catch_line><url>/93.0101/</url><token>93.0101</token></unit><unit id="952"><structure_id>4</structure_id><section_number>93.0102</section_number><catch_line>Purpose.</catch_line><url>/93.0102/</url><token>93.0102</token></unit><unit id="2747"><structure_id>4</structure_id><section_number>93.0103</section_number><catch_line>Scope.</catch_line><url>/93.0103/</url><token>93.0103</token></unit><unit id="1251"><structure_id>4</structure_id><section_number>93.0104</section_number><catch_line>Prohibited Acts.</catch_line><url>/93.0104/</url><token>93.0104</token></unit><unit id="2611"><structure_id>4</structure_id><section_number>93.0105</section_number><catch_line>Interpretation.</catch_line><url>/93.0105/</url><token>93.0105</token></unit><unit id="1835"><structure_id>4</structure_id><section_number>93.0106</section_number><catch_line>Other Limitations.</catch_line><url>/93.0106/</url><token>93.0106</token></unit><unit id="2913"><structure_id>4</structure_id><section_number>93.0107</section_number><catch_line>Distracting, Confusing Or Nuisance Lighting Viewed From Public Streets, Highways Or Other Public Thoroughfares Used By Vehicular Traffic.</catch_line><url>/93.0107/</url><token>93.0107</token></unit><unit id="3200"><structure_id>4</structure_id><section_number>93.0108</section_number><catch_line>Exempted From Code.</catch_line><url>/93.0108/</url><token>93.0108</token></unit><unit id="1007"><structure_id>4</structure_id><section_number>93.0109</section_number><catch_line>Existing Construction.</catch_line><url>/93.0109/</url><token>93.0109</token></unit><unit id="3261"><structure_id>4</structure_id><section_number>93.0110</section_number><catch_line>Relocated Buildings.</catch_line><url>/93.0110/</url><token>93.0110</token></unit><unit id="3635"><structure_id>4</structure_id><section_number>93.0111</section_number><catch_line>Change Of Occupancies.</catch_line><url>/93.0111/</url><token>93.0111</token></unit><unit id="1370"><structure_id>4</structure_id><section_number>93.0112</section_number><catch_line>Effective Date.</catch_line><url>/93.0112/</url><token>93.0112</token></unit><unit id="1492"><structure_id>4</structure_id><section_number>93.0113</section_number><catch_line>Referred Documents &#x2013; Copies.</catch_line><url>/93.0113/</url><token>93.0113</token></unit><unit id="1204"><structure_id>4</structure_id><section_number>93.0114</section_number><catch_line>Right Of Entry.</catch_line><url>/93.0114/</url><token>93.0114</token></unit><unit id="3369"><structure_id>4</structure_id><section_number>93.0115</section_number><catch_line>Code Arrangement.</catch_line><url>/93.0115/</url><token>93.0115</token></unit><unit id="2855"><structure_id>4</structure_id><section_number>93.0117</section_number><catch_line>Outdoor Lighting Affecting Residential Property.</catch_line><url>/93.0117/</url><token>93.0117</token></unit><unit id="772"><structure_id>4</structure_id><section_number>93.0201</section_number><catch_line>Permit Required.</catch_line><url>/93.0201/</url><token>93.0201</token></unit><unit id="2767"><structure_id>4</structure_id><section_number>93.0202</section_number><catch_line>Exceptions, Permits Not Required.</catch_line><url>/93.0202/</url><token>93.0202</token></unit><unit id="4171"><structure_id>4</structure_id><section_number>93.0203</section_number><catch_line>Scope Of Permit.</catch_line><url>/93.0203/</url><token>93.0203</token></unit><unit id="2432"><structure_id>4</structure_id><section_number>93.0204</section_number><catch_line>Permit Applications.</catch_line><url>/93.0204/</url><token>93.0204</token></unit><unit id="1628"><structure_id>4</structure_id><section_number>93.0206</section_number><catch_line>Plans And Specifications.</catch_line><url>/93.0206/</url><token>93.0206</token></unit><unit id="3089"><structure_id>4</structure_id><section_number>93.0207</section_number><catch_line>Information Required On Plans Or Specifications.</catch_line><url>/93.0207/</url><token>93.0207</token></unit><unit id="3135"><structure_id>4</structure_id><section_number>93.0208</section_number><catch_line>Transfer Of Permits And Plan Checks.</catch_line><url>/93.0208/</url><token>93.0208</token></unit><unit id="1132"><structure_id>4</structure_id><section_number>93.0209</section_number><catch_line>Revocation Of Permits.</catch_line><url>/93.0209/</url><token>93.0209</token></unit><unit id="2684"><structure_id>4</structure_id><section_number>93.0210</section_number><catch_line>Separate Permits Required.</catch_line><url>/93.0210/</url><token>93.0210</token></unit><unit id="15"><structure_id>4</structure_id><section_number>93.0211</section_number><catch_line>Expiration Of Permits.</catch_line><url>/93.0211/</url><token>93.0211</token></unit><unit id="1134"><structure_id>4</structure_id><section_number>93.0212</section_number><catch_line>Investigation Fee.</catch_line><url>/93.0212/</url><token>93.0212</token></unit><unit id="1782"><structure_id>4</structure_id><section_number>93.0213</section_number><catch_line>Fees Required.</catch_line><url>/93.0213/</url><token>93.0213</token></unit><unit id="2883"><structure_id>4</structure_id><section_number>93.0214</section_number><catch_line>Fees For New General Use Branch Circuits.</catch_line><url>/93.0214/</url><token>93.0214</token></unit><unit id="3895"><structure_id>4</structure_id><section_number>93.0215</section_number><catch_line>Fees For Adding Lighting Fixtures, And Other Loads To Existing Branch Circuits, And For Lampholding Devices.</catch_line><url>/93.0215/</url><token>93.0215</token></unit><unit id="2830"><structure_id>4</structure_id><section_number>93.0216</section_number><catch_line>Fees For Motors, Transformers, Heating Appliances, Studio Effects Lighting And Miscellaneous Equipment Or Appliances.</catch_line><url>/93.0216/</url><token>93.0216</token></unit><unit id="2"><structure_id>4</structure_id><section_number>93.0217</section_number><catch_line>Fees For Fire Warning Alarm, Communications, Control Systems And Smoke Detectors.</catch_line><url>/93.0217/</url><token>93.0217</token></unit><unit id="1121"><structure_id>4</structure_id><section_number>93.0218</section_number><catch_line>Fees For Services And Switchboard Sections.</catch_line><url>/93.0218/</url><token>93.0218</token></unit><unit id="1817"><structure_id>4</structure_id><section_number>93.0219</section_number><catch_line>Fees For Busways, Power Duct, Trolley Duct, Cable Trays, Cable Bus And Similar Equipment.</catch_line><url>/93.0219/</url><token>93.0219</token></unit><unit id="376"><structure_id>4</structure_id><section_number>93.0220</section_number><catch_line>Minimum Inspection Fee.</catch_line><url>/93.0220/</url><token>93.0220</token></unit><unit id="1350"><structure_id>4</structure_id><section_number>93.0222</section_number><catch_line>Fees For Gas Tube Lighting, Signs And Sign Flashers.</catch_line><url>/93.0222/</url><token>93.0222</token></unit><unit id="393"><structure_id>4</structure_id><section_number>93.0223</section_number><catch_line>Fees For Swimming Pools.</catch_line><url>/93.0223/</url><token>93.0223</token></unit><unit id="1261"><structure_id>4</structure_id><section_number>93.0224</section_number><catch_line>Fee For Miscellaneous Permit</catch_line><url>/93.0224/</url><token>93.0224</token></unit><unit id="198"><structure_id>4</structure_id><section_number>93.0227</section_number><catch_line>Fees For Changing Address.</catch_line><url>/93.0227/</url><token>93.0227</token></unit><unit id="1669"><structure_id>4</structure_id><section_number>93.0228</section_number><catch_line>Fees For Moved Buildings And Structures.</catch_line><url>/93.0228/</url><token>93.0228</token></unit><unit id="857"><structure_id>4</structure_id><section_number>93.0229</section_number><catch_line>Fees For Additional Inspections.</catch_line><url>/93.0229/</url><token>93.0229</token></unit><unit id="1736"><structure_id>4</structure_id><section_number>93.0230</section_number><catch_line>Special Inspections.</catch_line><url>/93.0230/</url><token>93.0230</token></unit><unit id="3994"><structure_id>4</structure_id><section_number>93.0233</section_number><catch_line>Fees For Plan Checking.</catch_line><url>/93.0233/</url><token>93.0233</token></unit><unit id="1497"><structure_id>4</structure_id><section_number>93.0235</section_number><catch_line>Fees For Witnessing Tests Of Emergency Systems And Fire Warning Systems.</catch_line><url>/93.0235/</url><token>93.0235</token></unit><unit id="3407"><structure_id>4</structure_id><section_number>93.0240</section_number><catch_line>Fees For Registration Of Premises Covered By A Maintenance Certificate Of Registration.</catch_line><url>/93.0240/</url><token>93.0240</token></unit><unit id="3685"><structure_id>4</structure_id><section_number>93.0242</section_number><catch_line>Fees For Certificate Of Qualifications.</catch_line><url>/93.0242/</url><token>93.0242</token></unit><unit id="1749"><structure_id>4</structure_id><section_number>93.0243</section_number><catch_line>Inspection Fees For Off-Site Inspections.</catch_line><url>/93.0243/</url><token>93.0243</token></unit><unit id="1285"><structure_id>4</structure_id><section_number>93.0301</section_number><catch_line>Powers Of Department And Board.</catch_line><url>/93.0301/</url><token>93.0301</token></unit><unit id="1342"><structure_id>4</structure_id><section_number>93.0302</section_number><catch_line>Appeals.</catch_line><url>/93.0302/</url><token>93.0302</token></unit><unit id="1914"><structure_id>4</structure_id><section_number>93.0303</section_number><catch_line>New Materials And Methods Of Construction.</catch_line><url>/93.0303/</url><token>93.0303</token></unit><unit id="2436"><structure_id>4</structure_id><section_number>93.0304</section_number><catch_line>Inspections.</catch_line><url>/93.0304/</url><token>93.0304</token></unit><unit id="1053"><structure_id>4</structure_id><section_number>93.0305</section_number><catch_line>Request For Inspection.</catch_line><url>/93.0305/</url><token>93.0305</token></unit><unit id="2070"><structure_id>4</structure_id><section_number>93.0306</section_number><catch_line>Inspection Of Electrical Wiring And Equipment Installation.</catch_line><url>/93.0306/</url><token>93.0306</token></unit><unit id="2729"><structure_id>4</structure_id><section_number>93.0307</section_number><catch_line>Reinspection Of Electric Wiring.</catch_line><url>/93.0307/</url><token>93.0307</token></unit><unit id="3829"><structure_id>4</structure_id><section_number>93.0308</section_number><catch_line>Temporary Use Of Current.</catch_line><url>/93.0308/</url><token>93.0308</token></unit><unit id="781"><structure_id>4</structure_id><section_number>93.0310</section_number><catch_line>Power To Stop Work.</catch_line><url>/93.0310/</url><token>93.0310</token></unit><unit id="255"><structure_id>4</structure_id><section_number>93.0311</section_number><catch_line>Authority To Condemn Installations.</catch_line><url>/93.0311/</url><token>93.0311</token></unit><unit id="1623"><structure_id>4</structure_id><section_number>93.0312</section_number><catch_line>Abandoned Wiring.</catch_line><url>/93.0312/</url><token>93.0312</token></unit><unit id="230"><structure_id>4</structure_id><section_number>93.0314</section_number><catch_line>Responsibility For Compliance.</catch_line><url>/93.0314/</url><token>93.0314</token></unit><unit id="302"><structure_id>4</structure_id><section_number>93.0315</section_number><catch_line>Non-Responsibility Of City.</catch_line><url>/93.0315/</url><token>93.0315</token></unit><unit id="1530"><structure_id>4</structure_id><section_number>93.0401</section_number><catch_line>Power To Regulate.</catch_line><url>/93.0401/</url><token>93.0401</token></unit><unit id="1346"><structure_id>4</structure_id><section_number>93.0402</section_number><catch_line>Sale, Installation And Use.</catch_line><url>/93.0402/</url><token>93.0402</token></unit><unit id="3355"><structure_id>4</structure_id><section_number>93.0403</section_number><catch_line>Used Equipment.</catch_line><url>/93.0403/</url><token>93.0403</token></unit><unit id="2610"><structure_id>4</structure_id><section_number>93.0501</section_number><catch_line>Qualified Installer.</catch_line><url>/93.0501/</url><token>93.0501</token></unit><unit id="2323"><structure_id>4</structure_id><section_number>93.0502</section_number><catch_line>Certificate Of Registration.</catch_line><url>/93.0502/</url><token>93.0502</token></unit><unit id="3614"><structure_id>4</structure_id><section_number>93.0503</section_number><catch_line>Maintenance Certificate Of Registration.</catch_line><url>/93.0503/</url><token>93.0503</token></unit><unit id="2036"><structure_id>4</structure_id><section_number>93.0505</section_number><catch_line>Certificate Of Qualification.</catch_line><url>/93.0505/</url><token>93.0505</token></unit><unit id="2209"><structure_id>4</structure_id><section_number>93.0600</section_number><catch_line>Basic Provisions.</catch_line><url>/93.0600/</url><token>93.0600</token></unit><unit id="2143"><structure_id>4</structure_id><section_number>93.0700</section_number><catch_line>The California Electrical Code.</catch_line><url>/93.0700/</url><token>93.0700</token></unit></structure_contents><next_section id="1121"><structure_id>4</structure_id><section_number>93.0218</section_number><catch_line>Fees For Services And Switchboard Sections.</catch_line><url>/93.0218/</url><token>93.0218</token></next_section><metadata></metadata><references></references><url>/93.0217/</url><token>93.0217</token><formats><txt>/93.0217.txt</txt><json>/93.0217.xml</json></formats><dublin_core><Title>Fees For Fire Warning Alarm, Communications, Control Systems And Smoke Detectors.</Title><Type>Text</Type><Format>text/html</Format><Identifier>&#xA7; 93.0217</Identifier><Relation>Los Angeles Municipal Code</Relation></dublin_core><plain_text>                            LOS ANGELES MUNICIPAL CODE

FEES FOR FIRE WARNING ALARM, COMMUNICATIONS, CONTROL SYSTEMS AND SMOKE
DETECTORS. (&#xA7; 93.0217)

&#xA0; FEES FOR FIRE WARNING ALARM, COMMUNICATIONS, CONTROL SYSTEMS AND SMOKE
DETECTORS.
	(Amended by Ord. No. 180,868, Eff. 10/22/09.)	(a)	The fees for installing,
replacing or relocating each fire warning alarm system, communication, control
or signal system equipment, or portion thereof, shall be as follows:
  
    
      
        Number or Devices
      
      
        Fees
      
    
    
      
        1 to 10 total devices
      
      
        $48.00
      
    
    
      
        11 to 40 devices
      
      
        4.00 each
      
    
    
      
        41 or more devices
      
      
        3.00 each
      
    
    
      
        Each control panel, standby power supply panel, annunciator panel or
similar main piece of control equipment for one of the above systems
      
      
        36.00
      
    
  
	For the purpose of this subsection, devices shall include all signaling
equipment, stations, power equipment such as damper actuators or door holding
devices, communication jacks or outlets, control sensors, or switches or remote
indicators, and smoke detectors that are part of fire alarm systems or process
control systems.	EXCEPTION:&#xA0; Communications equipment installed, owned or
operated and maintained by a communications public utility and exempt under the
provisions of Section 93.0108(c).	(b)	The fees for installing, replacing or
relocating individual smoke detectors in residential units which are energized
from the building wiring shall be as follows:
  
    
      
        1 residential unit
      
      
        $15.00
      
    
    
      
        Each additional residential unit in a multiple dwelling occupancy
      
      
        12.00
      
    
    
      
        	Each additional residential unit over 20 in a hotel, motel, boarding
house or lodge
      
      
        7.00
      
    
  
	For the purpose of this subsection, a residential unit shall include a single
family dwelling, every dwelling unit in a multiple dwelling and every guest room
in a hotel, motel, boarding house or lodge.
</plain_text><html>
					&lt;section&gt;&lt;p&gt;&#xA0; FEES FOR FIRE WARNING ALARM, COMMUNICATIONS, CONTROL SYSTEMS AND SMOKE DETECTORS.
	(Amended by Ord. No. 180,868, Eff. 10/22/09.)&lt;br /&gt;&lt;br /&gt;	(a)	The fees for installing, replacing or relocating each fire warning alarm system, communication, control or signal system equipment, or portion thereof, shall be as follows:&lt;br /&gt;&lt;br /&gt;
  
    
      
        Number or Devices
      
      
        Fees
      
    
    
      
        1 to 10 total devices
      
      
        $48.00
      
    
    
      
        11 to 40 devices
      
      
        4.00 each
      
    
    
      
        41 or more devices
      
      
        3.00 each
      
    
    
      
        Each control &lt;span class="dictionary"&gt;panel&lt;/span&gt;, standby power supply &lt;span class="dictionary"&gt;panel&lt;/span&gt;, annunciator &lt;span class="dictionary"&gt;panel&lt;/span&gt; or similar main piece of control equipment for one of the above systems
      
      
        36.00
      
    
  &lt;br /&gt;&lt;br /&gt;
	For the purpose of this subsection, devices shall include all signaling equipment, stations, power equipment such as damper actuators or door holding devices, communication jacks or outlets, control sensors, or switches or remote indicators, and smoke detectors that are part of fire alarm systems or process control systems.&lt;br /&gt;&lt;br /&gt;	EXCEPTION:&#xA0; Communications equipment installed, owned or operated and maintained by a communications public utility and exempt under the provisions of Section 93.0108(c).&lt;br /&gt;&lt;br /&gt;	(b)	The fees for installing, replacing or relocating individual smoke detectors in residential units which are energized from the building wiring shall be as follows:&lt;br /&gt;&lt;br /&gt;
  
    
      
        1 residential unit
      
      
        $15.00
      
    
    
      
        Each additional residential unit in a multiple dwelling occupancy
      
      
        12.00
      
    
    
      
        	Each additional residential unit over 20 in a hotel, motel, boarding house or lodge
      
      
        7.00
      
    
  &lt;br /&gt;&lt;br /&gt;
	For the purpose of this subsection, a residential unit shall include a single family dwelling, every dwelling unit in a multiple dwelling and every guest room in a hotel, motel, boarding house or lodge.&lt;/p&gt;&lt;/section&gt;</html><previous_section id="2830"><structure_id>4</structure_id><section_number>93.0216</section_number><catch_line>Fees For Motors, Transformers, Heating Appliances, Studio Effects Lighting And Miscellaneous Equipment Or Appliances.</catch_line><url>/93.0216/</url><token>93.0216</token></previous_section><text><unit id="2" prefix=""><text>&#xA0; FEES FOR FIRE WARNING ALARM, COMMUNICATIONS, CONTROL SYSTEMS AND SMOKE DETECTORS.
	(Amended by Ord. No. 180,868, Eff. 10/22/09.)	(a)	The fees for installing, replacing or relocating each fire warning alarm system, communication, control or signal system equipment, or portion thereof, shall be as follows:
  
    
      
        Number or Devices
      
      
        Fees
      
    
    
      
        1 to 10 total devices
      
      
        $48.00
      
    
    
      
        11 to 40 devices
      
      
        4.00 each
      
    
    
      
        41 or more devices
      
      
        3.00 each
      
    
    
      
        Each control panel, standby power supply panel, annunciator panel or similar main piece of control equipment for one of the above systems
      
      
        36.00
      
    
  
	For the purpose of this subsection, devices shall include all signaling equipment, stations, power equipment such as damper actuators or door holding devices, communication jacks or outlets, control sensors, or switches or remote indicators, and smoke detectors that are part of fire alarm systems or process control systems.	EXCEPTION:&#xA0; Communications equipment installed, owned or operated and maintained by a communications public utility and exempt under the provisions of Section 93.0108(c).	(b)	The fees for installing, replacing or relocating individual smoke detectors in residential units which are energized from the building wiring shall be as follows:
  
    
      
        1 residential unit
      
      
        $15.00
      
    
    
      
        Each additional residential unit in a multiple dwelling occupancy
      
      
        12.00
      
    
    
      
        	Each additional residential unit over 20 in a hotel, motel, boarding house or lodge
      
      
        7.00
      
    
  
	For the purpose of this subsection, a residential unit shall include a single family dwelling, every dwelling unit in a multiple dwelling and every guest room in a hotel, motel, boarding house or lodge.</text><type>section</type><prefixes><unit></unit></prefixes><entire_prefix></entire_prefix><prefix_anchor></prefix_anchor><level>1</level></unit></text></law>
