<?xml version="1.0"?>
<law><section_number>94.207.0</section_number><edition_id>1</edition_id><section_id>151</section_id><structure_id>42</structure_id><catch_line>E.</catch_line><history></history><full_text>&#xA0; 

	Section 207 of the C.P.C. is hereby adopted by reference with the following additions and amendments.

	Energy Star&#xAE;.&#xA0; A joint program of the U.S. Environmental Protection Agency and the U.S. Department of Energy. ENERGY STAR is a voluntary program designed to identify and promote energy-efficient products and practices.&#xA0; (Added by Ord. No. 181,757, Eff. 7/6/11.)

	Equipment.&#xA0; A general term including materials, fittings, devices, appliances, fixtures or apparatus used in connection with installations covered in this Code.</full_text><order_by>207.0</order_by><ancestry><unit id="42" label="article"><name>Plumbing Code</name><identifier>4</identifier><url>/9/4/</url></unit><unit id="3" label="chapter"><name>Building Regulations</name><identifier>9</identifier><url>/9/</url></unit></ancestry><structure_contents><unit id="2313"><structure_id>42</structure_id><section_number>94.100.0</section_number><catch_line>

</catch_line><url>/94.100.0/</url><token>94.100.0</token></unit><unit id="1849"><structure_id>42</structure_id><section_number>94.101.0</section_number><catch_line>Title, Scope And General.</catch_line><url>/94.101.0/</url><token>94.101.0</token></unit><unit id="3861"><structure_id>42</structure_id><section_number>94.102.0</section_number><catch_line>Organization And Enforcement.</catch_line><url>/94.102.0/</url><token>94.102.0</token></unit><unit id="246"><structure_id>42</structure_id><section_number>94.103.0</section_number><catch_line>Permits And Inspections.</catch_line><url>/94.103.0/</url><token>94.103.0</token></unit><unit id="2850"><structure_id>42</structure_id><section_number>94.201.0</section_number><catch_line>General.</catch_line><url>/94.201.0/</url><token>94.201.0</token></unit><unit id="711"><structure_id>42</structure_id><section_number>94.202.0</section_number><catch_line>Definition Of Terms.</catch_line><url>/94.202.0/</url><token>94.202.0</token></unit><unit id="750"><structure_id>42</structure_id><section_number>94.203.0</section_number><catch_line>A.</catch_line><url>/94.203.0/</url><token>94.203.0</token></unit><unit id="336"><structure_id>42</structure_id><section_number>94.204.0</section_number><catch_line>B.</catch_line><url>/94.204.0/</url><token>94.204.0</token></unit><unit id="3752"><structure_id>42</structure_id><section_number>94.205.0</section_number><catch_line>C.</catch_line><url>/94.205.0/</url><token>94.205.0</token></unit><unit id="1300"><structure_id>42</structure_id><section_number>94.206.0</section_number><catch_line>D.</catch_line><url>/94.206.0/</url><token>94.206.0</token></unit><unit id="151"><structure_id>42</structure_id><section_number>94.207.0</section_number><catch_line>E.</catch_line><url>/94.207.0/</url><token>94.207.0</token></unit><unit id="1665"><structure_id>42</structure_id><section_number>94.208.0</section_number><catch_line>F.</catch_line><url>/94.208.0/</url><token>94.208.0</token></unit><unit id="3619"><structure_id>42</structure_id><section_number>94.209.0</section_number><catch_line>G.</catch_line><url>/94.209.0/</url><token>94.209.0</token></unit><unit id="426"><structure_id>42</structure_id><section_number>94.210.0</section_number><catch_line>H.</catch_line><url>/94.210.0/</url><token>94.210.0</token></unit><unit id="1815"><structure_id>42</structure_id><section_number>94.211.0</section_number><catch_line>I.</catch_line><url>/94.211.0/</url><token>94.211.0</token></unit><unit id="2548"><structure_id>42</structure_id><section_number>94.212.0</section_number><catch_line>J.</catch_line><url>/94.212.0/</url><token>94.212.0</token></unit><unit id="4155"><structure_id>42</structure_id><section_number>94.213.0</section_number><catch_line>K.</catch_line><url>/94.213.0/</url><token>94.213.0</token></unit><unit id="472"><structure_id>42</structure_id><section_number>94.214.0</section_number><catch_line>L.</catch_line><url>/94.214.0/</url><token>94.214.0</token></unit><unit id="709"><structure_id>42</structure_id><section_number>94.215.0</section_number><catch_line>M.</catch_line><url>/94.215.0/</url><token>94.215.0</token></unit><unit id="1581"><structure_id>42</structure_id><section_number>94.216.0</section_number><catch_line>N.</catch_line><url>/94.216.0/</url><token>94.216.0</token></unit><unit id="4125"><structure_id>42</structure_id><section_number>94.217.0</section_number><catch_line>O.</catch_line><url>/94.217.0/</url><token>94.217.0</token></unit><unit id="478"><structure_id>42</structure_id><section_number>94.218.0</section_number><catch_line>P.</catch_line><url>/94.218.0/</url><token>94.218.0</token></unit><unit id="1539"><structure_id>42</structure_id><section_number>94.219.0</section_number><catch_line>Q.</catch_line><url>/94.219.0/</url><token>94.219.0</token></unit><unit id="832"><structure_id>42</structure_id><section_number>94.220.0</section_number><catch_line>R.</catch_line><url>/94.220.0/</url><token>94.220.0</token></unit><unit id="2012"><structure_id>42</structure_id><section_number>94.221.0</section_number><catch_line>S.</catch_line><url>/94.221.0/</url><token>94.221.0</token></unit><unit id="4152"><structure_id>42</structure_id><section_number>94.222.0</section_number><catch_line>T.</catch_line><url>/94.222.0/</url><token>94.222.0</token></unit><unit id="441"><structure_id>42</structure_id><section_number>94.223.0</section_number><catch_line>U.</catch_line><url>/94.223.0/</url><token>94.223.0</token></unit><unit id="2778"><structure_id>42</structure_id><section_number>94.224.0</section_number><catch_line>V.</catch_line><url>/94.224.0/</url><token>94.224.0</token></unit><unit id="1589"><structure_id>42</structure_id><section_number>94.225.0</section_number><catch_line>W.</catch_line><url>/94.225.0/</url><token>94.225.0</token></unit><unit id="1737"><structure_id>42</structure_id><section_number>94.226.0</section_number><catch_line>X.</catch_line><url>/94.226.0/</url><token>94.226.0</token></unit><unit id="3331"><structure_id>42</structure_id><section_number>94.227.0</section_number><catch_line>Y.</catch_line><url>/94.227.0/</url><token>94.227.0</token></unit><unit id="771"><structure_id>42</structure_id><section_number>94.228.0</section_number><catch_line>Z.</catch_line><url>/94.228.0/</url><token>94.228.0</token></unit><unit id="132"><structure_id>42</structure_id><section_number>94.300.0</section_number><catch_line>Basic Provisions.</catch_line><url>/94.300.0/</url><token>94.300.0</token></unit><unit id="3599"><structure_id>42</structure_id><section_number>94.400.0</section_number><catch_line>Basic Provisions.</catch_line><url>/94.400.0/</url><token>94.400.0</token></unit><unit id="3140"><structure_id>42</structure_id><section_number>94.500.0</section_number><catch_line>Basic Provisions.</catch_line><url>/94.500.0/</url><token>94.500.0</token></unit><unit id="422"><structure_id>42</structure_id><section_number>94.600.0</section_number><catch_line>Basic Provisions.</catch_line><url>/94.600.0/</url><token>94.600.0</token></unit><unit id="1461"><structure_id>42</structure_id><section_number>94.700.0</section_number><catch_line>Basic Provisions.</catch_line><url>/94.700.0/</url><token>94.700.0</token></unit><unit id="4129"><structure_id>42</structure_id><section_number>94.800.0</section_number><catch_line>Basic Provisions.</catch_line><url>/94.800.0/</url><token>94.800.0</token></unit><unit id="1613"><structure_id>42</structure_id><section_number>94.900.0</section_number><catch_line>Basic Provisions.</catch_line><url>/94.900.0/</url><token>94.900.0</token></unit><unit id="3387"><structure_id>42</structure_id><section_number>94.1000.0</section_number><catch_line>General.</catch_line><url>/94.1000.0/</url><token>94.1000.0</token></unit><unit id="2213"><structure_id>42</structure_id><section_number>94.1100.0</section_number><catch_line>Basic Provisions.</catch_line><url>/94.1100.0/</url><token>94.1100.0</token></unit><unit id="555"><structure_id>42</structure_id><section_number>94.1201.0</section_number><catch_line>General.</catch_line><url>/94.1201.0/</url><token>94.1201.0</token></unit><unit id="3675"><structure_id>42</structure_id><section_number>94.1202.0</section_number><catch_line>Definitions.</catch_line><url>/94.1202.0/</url><token>94.1202.0</token></unit><unit id="3335"><structure_id>42</structure_id><section_number>94.1203.0</section_number><catch_line>Workmanship.</catch_line><url>/94.1203.0/</url><token>94.1203.0</token></unit><unit id="1585"><structure_id>42</structure_id><section_number>94.1204.0</section_number><catch_line>Inspection.</catch_line><url>/94.1204.0/</url><token>94.1204.0</token></unit><unit id="2649"><structure_id>42</structure_id><section_number>94.1205.0</section_number><catch_line>Certificate Of Inspection.</catch_line><url>/94.1205.0/</url><token>94.1205.0</token></unit><unit id="2473"><structure_id>42</structure_id><section_number>94.1206.0</section_number><catch_line>Authority To Render Gas Service.</catch_line><url>/94.1206.0/</url><token>94.1206.0</token></unit><unit id="73"><structure_id>42</structure_id><section_number>94.1207.0</section_number><catch_line>Authority To Disconnect.</catch_line><url>/94.1207.0/</url><token>94.1207.0</token></unit><unit id="3574"><structure_id>42</structure_id><section_number>94.1208.0</section_number><catch_line>Temporary Use Of Gas.</catch_line><url>/94.1208.0/</url><token>94.1208.0</token></unit><unit id="3819"><structure_id>42</structure_id><section_number>94.1209.0</section_number><catch_line>Gas Meter Locations.</catch_line><url>/94.1209.0/</url><token>94.1209.0</token></unit><unit id="2338"><structure_id>42</structure_id><section_number>94.1210.0</section_number><catch_line>Material For Gas Piping.</catch_line><url>/94.1210.0/</url><token>94.1210.0</token></unit><unit id="3388"><structure_id>42</structure_id><section_number>94.1211.0</section_number><catch_line>Installation Of Gas Piping.</catch_line><url>/94.1211.0/</url><token>94.1211.0</token></unit><unit id="1729"><structure_id>42</structure_id><section_number>94.1212.0</section_number><catch_line>Appliance Connectors.</catch_line><url>/94.1212.0/</url><token>94.1212.0</token></unit><unit id="3825"><structure_id>42</structure_id><section_number>94.1213.0</section_number><catch_line>Liquified Petroleum Gas Facilities And Piping.</catch_line><url>/94.1213.0/</url><token>94.1213.0</token></unit><unit id="2043"><structure_id>42</structure_id><section_number>94.1214.0</section_number><catch_line>Leaks.</catch_line><url>/94.1214.0/</url><token>94.1214.0</token></unit><unit id="837"><structure_id>42</structure_id><section_number>94.1215.0</section_number><catch_line>Interconnection Of Gas Piping Systems.</catch_line><url>/94.1215.0/</url><token>94.1215.0</token></unit><unit id="566"><structure_id>42</structure_id><section_number>94.1216.0</section_number><catch_line>Required Gas Supply.</catch_line><url>/94.1216.0/</url><token>94.1216.0</token></unit><unit id="3127"><structure_id>42</structure_id><section_number>94.1217.0</section_number><catch_line>Required Gas Piping Size.</catch_line><url>/94.1217.0/</url><token>94.1217.0</token></unit><unit id="4184"><structure_id>42</structure_id><section_number>94.1218.0</section_number><catch_line>Medium Pressure Gas Piping Systems.</catch_line><url>/94.1218.0/</url><token>94.1218.0</token></unit><unit id="2329"><structure_id>42</structure_id><section_number>94.1219.0</section_number><catch_line>Seismic Gas And Excess Flow Shut Off Valves.</catch_line><url>/94.1219.0/</url><token>94.1219.0</token></unit><unit id="2698"><structure_id>42</structure_id><section_number>94.1300.0</section_number><catch_line>Basic Provisions.</catch_line><url>/94.1300.0/</url><token>94.1300.0</token></unit><unit id="3808"><structure_id>42</structure_id><section_number>94.1400.0</section_number><catch_line>Basic Provisions.</catch_line><url>/94.1400.0/</url><token>94.1400.0</token></unit><unit id="2125"><structure_id>42</structure_id><section_number>94.1500.0</section_number><catch_line>General.</catch_line><url>/94.1500.0/</url><token>94.1500.0</token></unit><unit id="2706"><structure_id>42</structure_id><section_number>94.1600.0</section_number><catch_line>Basic Provisions.</catch_line><url>/94.1600.0/</url><token>94.1600.0</token></unit><unit id="96"><structure_id>42</structure_id><section_number>94.1700.0</section_number><catch_line>Basic Provisions.</catch_line><url>/94.1700.0/</url><token>94.1700.0</token></unit><unit id="84"><structure_id>42</structure_id><section_number>94.1800.0</section_number><catch_line>Basic Provisions.</catch_line><url>/94.1800.0/</url><token>94.1800.0</token></unit><unit id="690"><structure_id>42</structure_id><section_number>94.2000.0</section_number><catch_line>General.</catch_line><url>/94.2000.0/</url><token>94.2000.0</token></unit><unit id="2939"><structure_id>42</structure_id><section_number>94.2001.0</section_number><catch_line>Scope.</catch_line><url>/94.2001.0/</url><token>94.2001.0</token></unit><unit id="3531"><structure_id>42</structure_id><section_number>94.2002.0</section_number><catch_line>Adopted Standards.</catch_line><url>/94.2002.0/</url><token>94.2002.0</token></unit><unit id="1125"><structure_id>42</structure_id><section_number>94.2003.0</section_number><catch_line>Definitions.</catch_line><url>/94.2003.0/</url><token>94.2003.0</token></unit><unit id="551"><structure_id>42</structure_id><section_number>94.2004.0</section_number><catch_line>Material And Devices, All Fire Protection Systems.</catch_line><url>/94.2004.0/</url><token>94.2004.0</token></unit><unit id="2485"><structure_id>42</structure_id><section_number>94.2005.0</section_number><catch_line>Location.</catch_line><url>/94.2005.0/</url><token>94.2005.0</token></unit><unit id="3293"><structure_id>42</structure_id><section_number>94.2006.0</section_number><catch_line>Protection From Mechanical Damage.</catch_line><url>/94.2006.0/</url><token>94.2006.0</token></unit><unit id="1044"><structure_id>42</structure_id><section_number>94.2007.0</section_number><catch_line>Drainage Requirement Fire Protection Systems.</catch_line><url>/94.2007.0/</url><token>94.2007.0</token></unit><unit id="3447"><structure_id>42</structure_id><section_number>94.2010.0</section_number><catch_line>Nfpa-13.</catch_line><url>/94.2010.0/</url><token>94.2010.0</token></unit><unit id="3193"><structure_id>42</structure_id><section_number>94.2011.0</section_number><catch_line>Pilot Heads.</catch_line><url>/94.2011.0/</url><token>94.2011.0</token></unit><unit id="1398"><structure_id>42</structure_id><section_number>94.2012.0</section_number><catch_line>Compact Storage (Moveable Files).</catch_line><url>/94.2012.0/</url><token>94.2012.0</token></unit><unit id="3327"><structure_id>42</structure_id><section_number>94.2013.0</section_number><catch_line>Nfpa-13-R.</catch_line><url>/94.2013.0/</url><token>94.2013.0</token></unit><unit id="3911"><structure_id>42</structure_id><section_number>94.2014.0</section_number><catch_line>Nfpa-13-D.</catch_line><url>/94.2014.0/</url><token>94.2014.0</token></unit><unit id="1773"><structure_id>42</structure_id><section_number>94.2020.0</section_number><catch_line>Nfpa-14.</catch_line><url>/94.2020.0/</url><token>94.2020.0</token></unit><unit id="3682"><structure_id>42</structure_id><section_number>94.2021.0</section_number><catch_line>Class H Standpipes.</catch_line><url>/94.2021.0/</url><token>94.2021.0</token></unit><unit id="2337"><structure_id>42</structure_id><section_number>94.2030.0</section_number><catch_line>Fire Pumps And Drivers.</catch_line><url>/94.2030.0/</url><token>94.2030.0</token></unit><unit id="2751"><structure_id>42</structure_id><section_number>94.2040.0</section_number><catch_line>Underground Fire Protection Piping.</catch_line><url>/94.2040.0/</url><token>94.2040.0</token></unit><unit id="2558"><structure_id>42</structure_id><section_number>94.2050.0</section_number><catch_line>Fire Protection Tanks.</catch_line><url>/94.2050.0/</url><token>94.2050.0</token></unit><unit id="2707"><structure_id>42</structure_id><section_number>94.2060.0</section_number><catch_line>High-Rise Buildings.</catch_line><url>/94.2060.0/</url><token>94.2060.0</token></unit></structure_contents><previous_section id="1300"><structure_id>42</structure_id><section_number>94.206.0</section_number><catch_line>D.</catch_line><url>/94.206.0/</url><token>94.206.0</token></previous_section><next_section id="1665"><structure_id>42</structure_id><section_number>94.208.0</section_number><catch_line>F.</catch_line><url>/94.208.0/</url><token>94.208.0</token></next_section><metadata></metadata><references></references><url>/94.207.0/</url><token>94.207.0</token><formats><txt>/94.207.0.txt</txt><json>/94.207.0.xml</json></formats><dublin_core><Title>E.</Title><Type>Text</Type><Format>text/html</Format><Identifier>&#xA7; 94.207.0</Identifier><Relation>Los Angeles Municipal Code</Relation></dublin_core><plain_text>                            LOS ANGELES MUNICIPAL CODE

E. (&#xA7; 94.207.0)

&#xA0; 	Section 207 of the C.P.C. is hereby adopted by reference with the following
additions and amendments.	Energy Star&#xAE;.&#xA0; A joint program of the U.S.
Environmental Protection Agency and the U.S. Department of Energy. ENERGY STAR
is a voluntary program designed to identify and promote energy-efficient
products and practices.&#xA0; (Added by Ord. No. 181,757, Eff. 7/6/11.)	Equipment.&#xA0;
A general term including materials, fittings, devices, appliances, fixtures or
apparatus used in connection with installations covered in this Code.
</plain_text><html>
					&lt;section&gt;&lt;p&gt;&#xA0; &lt;br /&gt;&lt;br /&gt;	Section 207 of the C.P.C. is hereby adopted by reference with the following additions and amendments.&lt;br /&gt;&lt;br /&gt;	Energy Star&#xAE;.&#xA0; A joint program of the U.S. Environmental Protection Agency and the U.S. Department of Energy. ENERGY STAR is a voluntary program designed to identify and promote energy-efficient products and practices.&#xA0; (Added by Ord. No. 181,757, Eff. 7/6/11.)&lt;br /&gt;&lt;br /&gt;	Equipment.&#xA0; A general term including &lt;span class="dictionary"&gt;materials&lt;/span&gt;, fittings, devices, appliances, fixtures or apparatus used in connection with installations covered in this Code.&lt;/p&gt;&lt;/section&gt;</html><text><unit id="150" prefix=""><text>&#xA0; 	Section 207 of the C.P.C. is hereby adopted by reference with the following additions and amendments.	Energy Star&#xAE;.&#xA0; A joint program of the U.S. Environmental Protection Agency and the U.S. Department of Energy. ENERGY STAR is a voluntary program designed to identify and promote energy-efficient products and practices.&#xA0; (Added by Ord. No. 181,757, Eff. 7/6/11.)	Equipment.&#xA0; A general term including materials, fittings, devices, appliances, fixtures or apparatus used in connection with installations covered in this Code.</text><type>section</type><prefixes><unit></unit></prefixes><entire_prefix></entire_prefix><prefix_anchor></prefix_anchor><level>1</level></unit></text></law>
