<?xml version="1.0"?>
<law><section_number>95.113</section_number><edition_id>1</edition_id><section_id>446</section_id><structure_id>73</structure_id><catch_line>Application For Permit.</catch_line><history></history><full_text>&#xA0; APPLICATION FOR PERMIT.
	(Amended by Ord. No. 174,827, Eff. 10/27/02, Oper. 11/1/02.)

95.113.1.&#xA0; APPLICATIONS.

	1.	To obtain a permit, the applicant shall file an application on forms furnished by the Department.&#xA0; The application shall contain all information necessary to the lawful enforcement of the provisions of this Code.

	2.	The application shall be accompanied by approved plans and specifications when required by this Code.

	3.	When the Department determines that the information on the application is in conformance with this Code, the Department shall issue a permit upon receipt of the total fees.

95.113.2.&#xA0; PLANS AND SPECIFICATIONS.

	1.	Except for minor installations satisfactory to the Department, plans and specifications for the complete installation of comfort-heating systems, comfort-cooling systems, absorption units, ventilation systems and hoods shall be filed with the Department and approved before the issuance of any permit for the following:&#xA0; (First Paragraph Amended by Ord. No. 179,327, Eff. 12/10/07, Oper. 1/1/08.)

	A.	Comfort-Heating, Comfort-Cooling, Absorption Unit and Ventilation Systems:&#xA0; (Title Amended by Ord. No. 179,327, Eff. 12/10/07, Oper. 1/1/08.)

	1.	Installations where the aggregate Btu/h input capacity is 500,000 Btu/h (146,500 W) and over for comfort heating, or for comfort cooling, or for absorption units.&#xA0; (Amended by Bill No. 181,685, Eff. 5/2/11.)

	EXCEPTIONS:

	1.	Duct alterations.

	2.	Addition of air conditioning equipment having a rating of 5 tons or less.

	3.	Addition of general ventilation exhaust fans having a rating of 2000 cfm or less.

	4.	Replacing air conditioning equipment with the same size and type.

	2.	(Deleted by Bill No. 181,685, Eff. 5/2/11.)

	B.	Smoke-control systems.

	C.	Any comfort-cooling compressor or refrigeration compressor for any system which requires a machinery room.&#xA0; (Amended by Bill No. 181,685, Eff. 5/2/11.)

	D.	Any commercial cooking hood and ventilation system, except for approved vent-less hoods that are installed in accordance with the manufacturer&#x2019;s installation instructions and other conditions of approval as determined by the Los Angeles City Testing Laboratory.&#xA0; (Amended by Ord. No. 179,327, Eff. 12/10/07, Oper. 1/1/08.)

	E.	Product conveying ventilation systems.

	2.	One complete set of plans and specifications shall be filed for checking before approval is given by the Department.&#xA0; After approval, the plans shall be returned to the applicant.&#xA0; The approved set of plans shall be on the job site for availability during construction and inspection.&#xA0; (Amended by Ord. No. 179,327, Eff. 12/10/07, Oper. 1/1/08.)

	3.	When the plans and specifications do not comply with provisions of this Code, the necessary changes or revisions shall be made.

	4.	The information contained on the plans shall be clearly legible and specifically indicated.&#xA0; No plan shall be of a scale smaller than 1/8 inch per foot .

	5.	Specifications, when submitted, shall be legible and definitively stated, and be included either on the plans or on separate sheets.

	6.	The approval of any plans or specifications shall not be construed to sanction any violation of this Code.

	7.	No person shall materially deviate from approved plans or specifications or fail, neglect or refuse to comply with those plans or specifications unless permission to do so has first been obtained from the Department.

	8.	Plans and specifications shall be prepared by and bear the signature and registration number of a professional engineer in an appropriate discipline who is duly registered by the State of California Board of Registration for Professional Engineers and Land Surveyors, except as provided by the State of California Business and Professions Code.&#xA0;

95.113.3.&#xA0; INFORMATION ON PLANS AND SPECIFICATIONS.

	1.	The plans or specifications shall show all of the following:&#xA0; (Amended by Ord. No. 179,327, Eff. 12/10/07, Oper. 1/1/08.)

	A.	The layout for each floor with dimensions of all working spaces and a legend of all symbols used;

	B.	The location, size and materials of all air ducts, air inlets and air outlets;

	C.	The location of all fans, warm-air furnaces, boilers, absorption units, refrigerant compressors and condensers;

	D.	The rated capacity or horsepower of all boilers, warm-air furnaces, heat exchangers, blower fans, refrigerant compressors and absorption units;

	E.	The location, size and materials of all combustion products, vents and chimneys;

	F.	The location and area of all ventilation and combustion-air openings and ducts;

	G.	The location of all air dampers, fire dampers, smoke-control dampers and combustion-products-type smoke detectors;

	H.	The information necessary to show compliance of the mechanical equipment with the state energy standards;

	I.	The occupancy of each area served by any heating, air-conditioning or ventilation system;

	J.	The location of all required fire- resistive separations that are penetrated by ducts or openings of any heating, air-conditioning or ventilation system;

	K.	The complete drawings of all commercial hoods and ventilation systems, including the cooking appliances served by the hoods, and verify:

	1.	The interconnection of the fire- extinguishing system and fuel shutoff devices;

	2.	Compliance with Health Department requirements; and

	3.	Compliance with South Coast Air Quality Management District requirements.

	L.	The weight of the equipment.&#xA0; (Amended by Bill No. 181,685, Eff. 5/2/11.)

	2.	All plans and specifications required by this section shall be drawn with indelible pencil or drawn or printed in ink, or made by reproduction process which produces a permanent print.&#xA0; Every sheet of each set of plans and specifications shall show the address of the proposed work and the name and address of the owner or lessee of the premises.

	The plans and specifications shall be of sufficient clarity to show that the proposed installation will conform to the provisions of this Code and of all applicable laws, ordinances, rules, regulations and orders.

95.113.4.&#xA0; QUALIFIED INSTALLER.&#xA0; It is unlawful for any person who is not a qualified installer to install, alter, reconstruct or repair any equipment regulated by this Code unless the person is under the direct supervision of a qualified installer.

	A qualified installer is: &#xA0;

	1.	A person who holds a valid contractor&#x2019;s license in the proper classification issued by the State of California; or

	2.	A person who holds a valid Maintenance Certificate of Registration issued pursuant to the provisions of this Code; or

	3.	A person who is the owner of a single-family dwelling and has demonstrated to the satisfaction of the Department his or her qualifications to satisfactorily perform mechanical work in the dwelling which is occupied by the owner, and their accessory buildings, provided that all of the following conditions are met:

	A.	The work is performed prior to sale of the dwelling.&#xA0;

	B.	The home owner has actually resided in the residence for the 12 months prior to completion of the work.&#xA0;

	C.	The homeowner has not availed himself or herself of this exemption on more than two structures during any three year period.&#xA0;

	4.	A person who is employed by a governmental agency that is required to comply with the provisions of this Code, and who is qualified, as determined by the Department, to supervise or control any work regulated by this Code.</full_text><order_by>113</order_by><ancestry><unit id="73" label="article"><name>Mechanical Code</name><identifier>5</identifier><url>/9/5/</url></unit><unit id="3" label="chapter"><name>Building Regulations</name><identifier>9</identifier><url>/9/</url></unit></ancestry><structure_contents><unit id="361"><structure_id>73</structure_id><section_number>95.101</section_number><catch_line>Title.</catch_line><url>/95.101/</url><token>95.101</token></unit><unit id="266"><structure_id>73</structure_id><section_number>95.102</section_number><catch_line>Purpose.</catch_line><url>/95.102/</url><token>95.102</token></unit><unit id="3770"><structure_id>73</structure_id><section_number>95.103</section_number><catch_line>Scope.</catch_line><url>/95.103/</url><token>95.103</token></unit><unit id="1894"><structure_id>73</structure_id><section_number>95.104</section_number><catch_line>Application To Existing Mechanical Systems.</catch_line><url>/95.104/</url><token>95.104</token></unit><unit id="3181"><structure_id>73</structure_id><section_number>95.105</section_number><catch_line>Alternate Materials And Methods Of Construction.</catch_line><url>/95.105/</url><token>95.105</token></unit><unit id="4187"><structure_id>73</structure_id><section_number>95.106</section_number><catch_line>Modifications.</catch_line><url>/95.106/</url><token>95.106</token></unit><unit id="3533"><structure_id>73</structure_id><section_number>95.107</section_number><catch_line>Tests.</catch_line><url>/95.107/</url><token>95.107</token></unit><unit id="3910"><structure_id>73</structure_id><section_number>95.108</section_number><catch_line>Powers And Duties Of The Department.</catch_line><url>/95.108/</url><token>95.108</token></unit><unit id="1431"><structure_id>73</structure_id><section_number>95.109</section_number><catch_line>Unsafe Equipment.</catch_line><url>/95.109/</url><token>95.109</token></unit><unit id="3067"><structure_id>73</structure_id><section_number>95.110</section_number><catch_line>Appeals.</catch_line><url>/95.110/</url><token>95.110</token></unit><unit id="3023"><structure_id>73</structure_id><section_number>95.111</section_number><catch_line>Prohibited Acts.</catch_line><url>/95.111/</url><token>95.111</token></unit><unit id="1702"><structure_id>73</structure_id><section_number>95.112</section_number><catch_line>Permits.</catch_line><url>/95.112/</url><token>95.112</token></unit><unit id="446"><structure_id>73</structure_id><section_number>95.113</section_number><catch_line>Application For Permit.</catch_line><url>/95.113/</url><token>95.113</token></unit><unit id="1506"><structure_id>73</structure_id><section_number>95.114</section_number><catch_line>Permit Issuance.</catch_line><url>/95.114/</url><token>95.114</token></unit><unit id="2820"><structure_id>73</structure_id><section_number>95.115</section_number><catch_line>Permit Fees.</catch_line><url>/95.115/</url><token>95.115</token></unit><unit id="4077"><structure_id>73</structure_id><section_number>95.116</section_number><catch_line>Inspections.</catch_line><url>/95.116/</url><token>95.116</token></unit><unit id="1522"><structure_id>73</structure_id><section_number>95.117</section_number><catch_line>Connection Approval.</catch_line><url>/95.117/</url><token>95.117</token></unit><unit id="2137"><structure_id>73</structure_id><section_number>95.118</section_number><catch_line>Registration.</catch_line><url>/95.118/</url><token>95.118</token></unit><unit id="3673"><structure_id>73</structure_id><section_number>95.119</section_number><catch_line>Format.</catch_line><url>/95.119/</url><token>95.119</token></unit><unit id="515"><structure_id>73</structure_id><section_number>95.120</section_number><catch_line>Validity.</catch_line><url>/95.120/</url><token>95.120</token></unit><unit id="471"><structure_id>73</structure_id><section_number>95.121</section_number><catch_line>Standard Reference Documents.</catch_line><url>/95.121/</url><token>95.121</token></unit><unit id="1801"><structure_id>73</structure_id><section_number>95.201</section_number><catch_line>General.</catch_line><url>/95.201/</url><token>95.201</token></unit><unit id="1896"><structure_id>73</structure_id><section_number>95.202</section_number><catch_line>Accepted Meanings.</catch_line><url>/95.202/</url><token>95.202</token></unit><unit id="3871"><structure_id>73</structure_id><section_number>95.203.0</section_number><catch_line>A.</catch_line><url>/95.203.0/</url><token>95.203.0</token></unit><unit id="1744"><structure_id>73</structure_id><section_number>95.204.0</section_number><catch_line>B.</catch_line><url>/95.204.0/</url><token>95.204.0</token></unit><unit id="1469"><structure_id>73</structure_id><section_number>95.205.0</section_number><catch_line>C.</catch_line><url>/95.205.0/</url><token>95.205.0</token></unit><unit id="540"><structure_id>73</structure_id><section_number>95.206.0</section_number><catch_line>D.</catch_line><url>/95.206.0/</url><token>95.206.0</token></unit><unit id="3626"><structure_id>73</structure_id><section_number>95.207.0</section_number><catch_line>E.</catch_line><url>/95.207.0/</url><token>95.207.0</token></unit><unit id="619"><structure_id>73</structure_id><section_number>95.208.0</section_number><catch_line>F.</catch_line><url>/95.208.0/</url><token>95.208.0</token></unit><unit id="4132"><structure_id>73</structure_id><section_number>95.209.0</section_number><catch_line>G.</catch_line><url>/95.209.0/</url><token>95.209.0</token></unit><unit id="3291"><structure_id>73</structure_id><section_number>95.210.0</section_number><catch_line>H.</catch_line><url>/95.210.0/</url><token>95.210.0</token></unit><unit id="344"><structure_id>73</structure_id><section_number>95.211.0</section_number><catch_line>I.</catch_line><url>/95.211.0/</url><token>95.211.0</token></unit><unit id="849"><structure_id>73</structure_id><section_number>95.212.0</section_number><catch_line>J.</catch_line><url>/95.212.0/</url><token>95.212.0</token></unit><unit id="3992"><structure_id>73</structure_id><section_number>95.213.0</section_number><catch_line>K.</catch_line><url>/95.213.0/</url><token>95.213.0</token></unit><unit id="879"><structure_id>73</structure_id><section_number>95.214.0</section_number><catch_line>L.</catch_line><url>/95.214.0/</url><token>95.214.0</token></unit><unit id="3353"><structure_id>73</structure_id><section_number>95.215.0</section_number><catch_line>M.</catch_line><url>/95.215.0/</url><token>95.215.0</token></unit><unit id="1349"><structure_id>73</structure_id><section_number>95.216.0</section_number><catch_line>N.</catch_line><url>/95.216.0/</url><token>95.216.0</token></unit><unit id="3595"><structure_id>73</structure_id><section_number>95.217.0</section_number><catch_line>O.</catch_line><url>/95.217.0/</url><token>95.217.0</token></unit><unit id="2243"><structure_id>73</structure_id><section_number>95.218.0</section_number><catch_line>P.</catch_line><url>/95.218.0/</url><token>95.218.0</token></unit><unit id="3788"><structure_id>73</structure_id><section_number>95.219.0</section_number><catch_line>Q.</catch_line><url>/95.219.0/</url><token>95.219.0</token></unit><unit id="2347"><structure_id>73</structure_id><section_number>95.220.0</section_number><catch_line>R.</catch_line><url>/95.220.0/</url><token>95.220.0</token></unit><unit id="3141"><structure_id>73</structure_id><section_number>95.221.0</section_number><catch_line>S.</catch_line><url>/95.221.0/</url><token>95.221.0</token></unit><unit id="4159"><structure_id>73</structure_id><section_number>95.222.0</section_number><catch_line>T.</catch_line><url>/95.222.0/</url><token>95.222.0</token></unit><unit id="561"><structure_id>73</structure_id><section_number>95.223.0</section_number><catch_line>U.</catch_line><url>/95.223.0/</url><token>95.223.0</token></unit><unit id="624"><structure_id>73</structure_id><section_number>95.224.0</section_number><catch_line>V.</catch_line><url>/95.224.0/</url><token>95.224.0</token></unit><unit id="1719"><structure_id>73</structure_id><section_number>95.225.0</section_number><catch_line>W.</catch_line><url>/95.225.0/</url><token>95.225.0</token></unit><unit id="3858"><structure_id>73</structure_id><section_number>95.226.0</section_number><catch_line>X.</catch_line><url>/95.226.0/</url><token>95.226.0</token></unit><unit id="2935"><structure_id>73</structure_id><section_number>95.227.0</section_number><catch_line>Y.</catch_line><url>/95.227.0/</url><token>95.227.0</token></unit><unit id="955"><structure_id>73</structure_id><section_number>95.228.0</section_number><catch_line>Z.</catch_line><url>/95.228.0/</url><token>95.228.0</token></unit><unit id="3644"><structure_id>73</structure_id><section_number>95.300</section_number><catch_line>Basic Provisions.</catch_line><url>/95.300/</url><token>95.300</token></unit><unit id="2894"><structure_id>73</structure_id><section_number>95.312</section_number><catch_line>Water Supply.</catch_line><url>/95.312/</url><token>95.312</token></unit><unit id="883"><structure_id>73</structure_id><section_number>95.400</section_number><catch_line>Basic Provisions.</catch_line><url>/95.400/</url><token>95.400</token></unit><unit id="423"><structure_id>73</structure_id><section_number>95.500</section_number><catch_line>Basic Provisions.</catch_line><url>/95.500/</url><token>95.500</token></unit><unit id="3524"><structure_id>73</structure_id><section_number>95.600</section_number><catch_line>Basic Provisions.</catch_line><url>/95.600/</url><token>95.600</token></unit><unit id="2330"><structure_id>73</structure_id><section_number>95.700</section_number><catch_line>Basic Provisions.</catch_line><url>/95.700/</url><token>95.700</token></unit><unit id="2795"><structure_id>73</structure_id><section_number>95.800</section_number><catch_line>Basic Provisions.</catch_line><url>/95.800/</url><token>95.800</token></unit><unit id="2081"><structure_id>73</structure_id><section_number>95.900</section_number><catch_line>Basic Provisions.</catch_line><url>/95.900/</url><token>95.900</token></unit><unit id="2141"><structure_id>73</structure_id><section_number>95.1000</section_number><catch_line>Basic Provisions.</catch_line><url>/95.1000/</url><token>95.1000</token></unit><unit id="1634"><structure_id>73</structure_id><section_number>95.1100</section_number><catch_line>Basic Provisions.</catch_line><url>/95.1100/</url><token>95.1100</token></unit><unit id="1424"><structure_id>73</structure_id><section_number>95.1200</section_number><catch_line>Basic Provisions.</catch_line><url>/95.1200/</url><token>95.1200</token></unit><unit id="703"><structure_id>73</structure_id><section_number>95.1300</section_number><catch_line>Basic Provisions.</catch_line><url>/95.1300/</url><token>95.1300</token></unit><unit id="3818"><structure_id>73</structure_id><section_number>95.1400</section_number><catch_line>Basic Provisions.</catch_line><url>/95.1400/</url><token>95.1400</token></unit><unit id="2018"><structure_id>73</structure_id><section_number>95.1500</section_number><catch_line>Basic Provisions.</catch_line><url>/95.1500/</url><token>95.1500</token></unit><unit id="1574"><structure_id>73</structure_id><section_number>95.1600</section_number><catch_line>Basic Provisions.</catch_line><url>/95.1600/</url><token>95.1600</token></unit><unit id="598"><structure_id>73</structure_id><section_number>95.1700</section_number><catch_line>Basic Provisions.</catch_line><url>/95.1700/</url><token>95.1700</token></unit><unit id="3197"><structure_id>73</structure_id><section_number>95.1800</section_number><catch_line>Basic Provisions.</catch_line><url>/95.1800/</url><token>95.1800</token></unit></structure_contents><previous_section id="1702"><structure_id>73</structure_id><section_number>95.112</section_number><catch_line>Permits.</catch_line><url>/95.112/</url><token>95.112</token></previous_section><next_section id="1506"><structure_id>73</structure_id><section_number>95.114</section_number><catch_line>Permit Issuance.</catch_line><url>/95.114/</url><token>95.114</token></next_section><metadata></metadata><references></references><url>/95.113/</url><token>95.113</token><formats><txt>/95.113.txt</txt><json>/95.113.xml</json></formats><dublin_core><Title>Application For Permit.</Title><Type>Text</Type><Format>text/html</Format><Identifier>&#xA7; 95.113</Identifier><Relation>Los Angeles Municipal Code</Relation></dublin_core><plain_text>                            LOS ANGELES MUNICIPAL CODE

APPLICATION FOR PERMIT. (&#xA7; 95.113)

&#xA0; APPLICATION FOR PERMIT.
	(Amended by Ord. No. 174,827, Eff. 10/27/02, Oper. 11/1/02.)95.113.1.&#xA0;
APPLICATIONS.	1.	To obtain a permit, the applicant shall file an application on
forms furnished by the Department.&#xA0; The application shall contain all
information necessary to the lawful enforcement of the provisions of this
Code.	2.	The application shall be accompanied by approved plans and
specifications when required by this Code.	3.	When the Department determines
that the information on the application is in conformance with this Code, the
Department shall issue a permit upon receipt of the total fees.95.113.2.&#xA0; PLANS
AND SPECIFICATIONS.	1.	Except for minor installations satisfactory to the
Department, plans and specifications for the complete installation of
comfort-heating systems, comfort-cooling systems, absorption units, ventilation
systems and hoods shall be filed with the Department and approved before the
issuance of any permit for the following:&#xA0; (First Paragraph Amended by Ord. No.
179,327, Eff. 12/10/07, Oper. 1/1/08.)	A.	Comfort-Heating, Comfort-Cooling,
Absorption Unit and Ventilation Systems:&#xA0; (Title Amended by Ord. No. 179,327,
Eff. 12/10/07, Oper. 1/1/08.)	1.	Installations where the aggregate Btu/h input
capacity is 500,000 Btu/h (146,500 W) and over for comfort heating, or for
comfort cooling, or for absorption units.&#xA0; (Amended by Bill No. 181,685, Eff.
5/2/11.)	EXCEPTIONS:	1.	Duct alterations.	2.	Addition of air conditioning
equipment having a rating of 5 tons or less.	3.	Addition of general ventilation
exhaust fans having a rating of 2000 cfm or less.	4.	Replacing air conditioning
equipment with the same size and type.	2.	(Deleted by Bill No. 181,685, Eff.
5/2/11.)	B.	Smoke-control systems.	C.	Any comfort-cooling compressor or
refrigeration compressor for any system which requires a machinery room.&#xA0;
(Amended by Bill No. 181,685, Eff. 5/2/11.)	D.	Any commercial cooking hood and
ventilation system, except for approved vent-less hoods that are installed in
accordance with the manufacturer&#x2019;s installation instructions and other
conditions of approval as determined by the Los Angeles City Testing
Laboratory.&#xA0; (Amended by Ord. No. 179,327, Eff. 12/10/07, Oper.
1/1/08.)	E.	Product conveying ventilation systems.	2.	One complete set of plans
and specifications shall be filed for checking before approval is given by the
Department.&#xA0; After approval, the plans shall be returned to the applicant.&#xA0;
The approved set of plans shall be on the job site for availability during
construction and inspection.&#xA0; (Amended by Ord. No. 179,327, Eff. 12/10/07,
Oper. 1/1/08.)	3.	When the plans and specifications do not comply with
provisions of this Code, the necessary changes or revisions shall be
made.	4.	The information contained on the plans shall be clearly legible and
specifically indicated.&#xA0; No plan shall be of a scale smaller than 1/8 inch per
foot .	5.	Specifications, when submitted, shall be legible and definitively
stated, and be included either on the plans or on separate sheets.	6.	The
approval of any plans or specifications shall not be construed to sanction any
violation of this Code.	7.	No person shall materially deviate from approved
plans or specifications or fail, neglect or refuse to comply with those plans or
specifications unless permission to do so has first been obtained from the
Department.	8.	Plans and specifications shall be prepared by and bear the
signature and registration number of a professional engineer in an appropriate
discipline who is duly registered by the State of California Board of
Registration for Professional Engineers and Land Surveyors, except as provided
by the State of California Business and Professions Code.&#xA0;95.113.3.&#xA0;
INFORMATION ON PLANS AND SPECIFICATIONS.	1.	The plans or specifications shall
show all of the following:&#xA0; (Amended by Ord. No. 179,327, Eff. 12/10/07, Oper.
1/1/08.)	A.	The layout for each floor with dimensions of all working spaces and
a legend of all symbols used;	B.	The location, size and materials of all air
ducts, air inlets and air outlets;	C.	The location of all fans, warm-air
furnaces, boilers, absorption units, refrigerant compressors and
condensers;	D.	The rated capacity or horsepower of all boilers, warm-air
furnaces, heat exchangers, blower fans, refrigerant compressors and absorption
units;	E.	The location, size and materials of all combustion products, vents and
chimneys;	F.	The location and area of all ventilation and combustion-air
openings and ducts;	G.	The location of all air dampers, fire dampers,
smoke-control dampers and combustion-products-type smoke detectors;	H.	The
information necessary to show compliance of the mechanical equipment with the
state energy standards;	I.	The occupancy of each area served by any heating,
air-conditioning or ventilation system;	J.	The location of all required fire-
resistive separations that are penetrated by ducts or openings of any heating,
air-conditioning or ventilation system;	K.	The complete drawings of all
commercial hoods and ventilation systems, including the cooking appliances
served by the hoods, and verify:	1.	The interconnection of the fire-
extinguishing system and fuel shutoff devices;	2.	Compliance with Health
Department requirements; and	3.	Compliance with South Coast Air Quality
Management District requirements.	L.	The weight of the equipment.&#xA0; (Amended by
Bill No. 181,685, Eff. 5/2/11.)	2.	All plans and specifications required by this
section shall be drawn with indelible pencil or drawn or printed in ink, or made
by reproduction process which produces a permanent print.&#xA0; Every sheet of each
set of plans and specifications shall show the address of the proposed work and
the name and address of the owner or lessee of the premises.	The plans and
specifications shall be of sufficient clarity to show that the proposed
installation will conform to the provisions of this Code and of all applicable
laws, ordinances, rules, regulations and orders.95.113.4.&#xA0; QUALIFIED
INSTALLER.&#xA0; It is unlawful for any person who is not a qualified installer to
install, alter, reconstruct or repair any equipment regulated by this Code
unless the person is under the direct supervision of a qualified installer.	A
qualified installer is: &#xA0;	1.	A person who holds a valid contractor&#x2019;s license
in the proper classification issued by the State of California; or	2.	A person
who holds a valid Maintenance Certificate of Registration issued pursuant to the
provisions of this Code; or	3.	A person who is the owner of a single-family
dwelling and has demonstrated to the satisfaction of the Department his or her
qualifications to satisfactorily perform mechanical work in the dwelling which
is occupied by the owner, and their accessory buildings, provided that all of
the following conditions are met:	A.	The work is performed prior to sale of the
dwelling.&#xA0;	B.	The home owner has actually resided in the residence for the 12
months prior to completion of the work.&#xA0;	C.	The homeowner has not availed
himself or herself of this exemption on more than two structures during any
three year period.&#xA0;	4.	A person who is employed by a governmental agency that
is required to comply with the provisions of this Code, and who is qualified, as
determined by the Department, to supervise or control any work regulated by this
Code.
</plain_text><html>
					&lt;section&gt;&lt;p&gt;&#xA0; APPLICATION FOR PERMIT.
	(Amended by Ord. No. 174,827, Eff. 10/27/02, Oper. 11/1/02.)&lt;br /&gt;&lt;br /&gt;95.113.1.&#xA0; APPLICATIONS.&lt;br /&gt;&lt;br /&gt;	1.	To obtain a permit, the applicant shall file an application on forms furnished by the Department.&#xA0; The application shall contain all information necessary to the lawful enforcement of the provisions of this Code.&lt;br /&gt;&lt;br /&gt;	2.	The application shall be accompanied by approved plans and specifications when required by this Code.&lt;br /&gt;&lt;br /&gt;	3.	When the Department determines that the information on the application is in conformance with this Code, the Department shall &lt;span class="dictionary"&gt;issue&lt;/span&gt; a permit upon receipt of the total fees.&lt;br /&gt;&lt;br /&gt;95.113.2.&#xA0; PLANS AND SPECIFICATIONS.&lt;br /&gt;&lt;br /&gt;	1.	Except for &lt;span class="dictionary"&gt;minor&lt;/span&gt; installations satisfactory to the Department, plans and specifications for the complete installation of comfort-heating systems, comfort-cooling systems, absorption units, ventilation systems and hoods shall be filed with the Department and approved before the issuance of any permit for the following:&#xA0; (First Paragraph Amended by Ord. No. 179,327, Eff. 12/10/07, Oper. 1/1/08.)&lt;br /&gt;&lt;br /&gt;	A.	Comfort-Heating, Comfort-Cooling, Absorption Unit and Ventilation Systems:&#xA0; (Title Amended by Ord. No. 179,327, Eff. 12/10/07, Oper. 1/1/08.)&lt;br /&gt;&lt;br /&gt;	1.	Installations where the aggregate Btu/h input capacity is 500,000 Btu/h (146,500 W) and over for comfort heating, or for comfort cooling, or for absorption units.&#xA0; (Amended by Bill No. 181,685, Eff. 5/2/11.)&lt;br /&gt;&lt;br /&gt;	EXCEPTIONS:&lt;br /&gt;&lt;br /&gt;	1.	Duct alterations.&lt;br /&gt;&lt;br /&gt;	2.	Addition of air conditioning equipment having a rating of 5 tons or less.&lt;br /&gt;&lt;br /&gt;	3.	Addition of general ventilation exhaust fans having a rating of 2000 cfm or less.&lt;br /&gt;&lt;br /&gt;	4.	Replacing air conditioning equipment with the same size and type.&lt;br /&gt;&lt;br /&gt;	2.	(Deleted by Bill No. 181,685, Eff. 5/2/11.)&lt;br /&gt;&lt;br /&gt;	B.	Smoke-control systems.&lt;br /&gt;&lt;br /&gt;	C.	Any comfort-cooling compressor or refrigeration compressor for any system which requires a machinery room.&#xA0; (Amended by Bill No. 181,685, Eff. 5/2/11.)&lt;br /&gt;&lt;br /&gt;	D.	Any commercial cooking hood and ventilation system, except for approved vent-less hoods that are installed in accordance with the manufacturer&#x2019;s installation instructions and other conditions of approval as determined by the Los Angeles City Testing Laboratory.&#xA0; (Amended by Ord. No. 179,327, Eff. 12/10/07, Oper. 1/1/08.)&lt;br /&gt;&lt;br /&gt;	E.	Product conveying ventilation systems.&lt;br /&gt;&lt;br /&gt;	2.	One complete set of plans and specifications shall be filed for checking before approval is given by the Department.&#xA0; After approval, the plans shall be returned to the applicant.&#xA0; The approved set of plans shall be on the job site for availability during construction and inspection.&#xA0; (Amended by Ord. No. 179,327, Eff. 12/10/07, Oper. 1/1/08.)&lt;br /&gt;&lt;br /&gt;	3.	When the plans and specifications do not comply with provisions of this Code, the necessary changes or revisions shall be made.&lt;br /&gt;&lt;br /&gt;	4.	The information contained on the plans shall be clearly legible and specifically indicated.&#xA0; No plan shall be of a scale smaller than 1/8 inch per foot .&lt;br /&gt;&lt;br /&gt;	5.	Specifications, when submitted, shall be legible and definitively stated, and be included either on the plans or on separate sheets.&lt;br /&gt;&lt;br /&gt;	6.	The approval of any plans or specifications shall not be construed to &lt;span class="dictionary"&gt;sanction&lt;/span&gt; any violation of this Code.&lt;br /&gt;&lt;br /&gt;	7.	No person shall materially deviate from approved plans or specifications or fail, neglect or refuse to comply with those plans or specifications unless permission to do so has first been obtained from the Department.&lt;br /&gt;&lt;br /&gt;	8.	Plans and specifications shall be prepared by and bear the signature and registration number of a professional engineer in an appropriate discipline who is duly registered by the State of California Board of Registration for Professional Engineers and Land Surveyors, except as provided by the State of California Business and Professions Code.&#xA0;&lt;br /&gt;&lt;br /&gt;95.113.3.&#xA0; INFORMATION ON PLANS AND SPECIFICATIONS.&lt;br /&gt;&lt;br /&gt;	1.	The plans or specifications shall show all of the following:&#xA0; (Amended by Ord. No. 179,327, Eff. 12/10/07, Oper. 1/1/08.)&lt;br /&gt;&lt;br /&gt;	A.	The layout for each floor with dimensions of all working spaces and a legend of all symbols used;&lt;br /&gt;&lt;br /&gt;	B.	The location, size and &lt;span class="dictionary"&gt;materials&lt;/span&gt; of all air ducts, air inlets and air outlets;&lt;br /&gt;&lt;br /&gt;	C.	The location of all fans, warm-air furnaces, boilers, absorption units, refrigerant compressors and condensers;&lt;br /&gt;&lt;br /&gt;	D.	The rated capacity or horsepower of all boilers, warm-air furnaces, heat exchangers, blower fans, refrigerant compressors and absorption units;&lt;br /&gt;&lt;br /&gt;	E.	The location, size and &lt;span class="dictionary"&gt;materials&lt;/span&gt; of all combustion products, vents and chimneys;&lt;br /&gt;&lt;br /&gt;	F.	The location and area of all ventilation and combustion-air openings and ducts;&lt;br /&gt;&lt;br /&gt;	G.	The location of all air dampers, fire dampers, smoke-control dampers and combustion-products-type smoke detectors;&lt;br /&gt;&lt;br /&gt;	H.	The information necessary to show compliance of the mechanical equipment with the state energy standards;&lt;br /&gt;&lt;br /&gt;	I.	The occupancy of each area served by any heating, air-conditioning or ventilation system;&lt;br /&gt;&lt;br /&gt;	J.	The location of all required fire- resistive separations that are penetrated by ducts or openings of any heating, air-conditioning or ventilation system;&lt;br /&gt;&lt;br /&gt;	K.	The complete drawings of all commercial hoods and ventilation systems, including the cooking appliances served by the hoods, and verify:&lt;br /&gt;&lt;br /&gt;	1.	The interconnection of the fire- extinguishing system and fuel shutoff devices;&lt;br /&gt;&lt;br /&gt;	2.	Compliance with Health Department requirements; and&lt;br /&gt;&lt;br /&gt;	3.	Compliance with South Coast Air Quality Management District requirements.&lt;br /&gt;&lt;br /&gt;	L.	The weight of the equipment.&#xA0; (Amended by Bill No. 181,685, Eff. 5/2/11.)&lt;br /&gt;&lt;br /&gt;	2.	All plans and specifications required by this section shall be drawn with indelible pencil or drawn or printed in ink, or made by reproduction process which produces a permanent print.&#xA0; Every sheet of each set of plans and specifications shall show the address of the proposed work and the name and address of the owner or lessee of the premises.&lt;br /&gt;&lt;br /&gt;	The plans and specifications shall be of sufficient clarity to show that the proposed installation will conform to the provisions of this Code and of all applicable &lt;span class="dictionary"&gt;laws&lt;/span&gt;, &lt;span class="dictionary"&gt;ordinances&lt;/span&gt;, rules, regulations and &lt;span class="dictionary"&gt;orders&lt;/span&gt;.&lt;br /&gt;&lt;br /&gt;95.113.4.&#xA0; QUALIFIED INSTALLER.&#xA0; It is unlawful for any person who is not a qualified installer to install, alter, reconstruct or repair any equipment regulated by this Code unless the person is under the direct supervision of a qualified installer.&lt;br /&gt;&lt;br /&gt;	A qualified installer is: &#xA0;&lt;br /&gt;&lt;br /&gt;	1.	A person who holds a valid contractor&#x2019;s license in the proper classification issued by the State of California; or&lt;br /&gt;&lt;br /&gt;	2.	A person who holds a valid Maintenance Certificate of Registration issued pursuant to the provisions of this Code; or&lt;br /&gt;&lt;br /&gt;	3.	A person who is the owner of a single-family dwelling and has demonstrated to the satisfaction of the Department his or her qualifications to satisfactorily perform mechanical work in the dwelling which is occupied by the owner, and their &lt;span class="dictionary"&gt;accessory&lt;/span&gt; buildings, provided that all of the following conditions are met:&lt;br /&gt;&lt;br /&gt;	A.	The work is performed prior to sale of the dwelling.&#xA0;&lt;br /&gt;&lt;br /&gt;	B.	The home owner has actually resided in the residence for the 12 months prior to completion of the work.&#xA0;&lt;br /&gt;&lt;br /&gt;	C.	The homeowner has not availed himself or herself of this exemption on more than two structures during any three year period.&#xA0;&lt;br /&gt;&lt;br /&gt;	4.	A person who is employed by a governmental agency that is required to comply with the provisions of this Code, and who is qualified, as determined by the Department, to supervise or control any work regulated by this Code.&lt;/p&gt;&lt;/section&gt;</html><text><unit id="439" prefix=""><text>&#xA0; APPLICATION FOR PERMIT.
	(Amended by Ord. No. 174,827, Eff. 10/27/02, Oper. 11/1/02.)95.113.1.&#xA0; APPLICATIONS.	1.	To obtain a permit, the applicant shall file an application on forms furnished by the Department.&#xA0; The application shall contain all information necessary to the lawful enforcement of the provisions of this Code.	2.	The application shall be accompanied by approved plans and specifications when required by this Code.	3.	When the Department determines that the information on the application is in conformance with this Code, the Department shall issue a permit upon receipt of the total fees.95.113.2.&#xA0; PLANS AND SPECIFICATIONS.	1.	Except for minor installations satisfactory to the Department, plans and specifications for the complete installation of comfort-heating systems, comfort-cooling systems, absorption units, ventilation systems and hoods shall be filed with the Department and approved before the issuance of any permit for the following:&#xA0; (First Paragraph Amended by Ord. No. 179,327, Eff. 12/10/07, Oper. 1/1/08.)	A.	Comfort-Heating, Comfort-Cooling, Absorption Unit and Ventilation Systems:&#xA0; (Title Amended by Ord. No. 179,327, Eff. 12/10/07, Oper. 1/1/08.)	1.	Installations where the aggregate Btu/h input capacity is 500,000 Btu/h (146,500 W) and over for comfort heating, or for comfort cooling, or for absorption units.&#xA0; (Amended by Bill No. 181,685, Eff. 5/2/11.)	EXCEPTIONS:	1.	Duct alterations.	2.	Addition of air conditioning equipment having a rating of 5 tons or less.	3.	Addition of general ventilation exhaust fans having a rating of 2000 cfm or less.	4.	Replacing air conditioning equipment with the same size and type.	2.	(Deleted by Bill No. 181,685, Eff. 5/2/11.)	B.	Smoke-control systems.	C.	Any comfort-cooling compressor or refrigeration compressor for any system which requires a machinery room.&#xA0; (Amended by Bill No. 181,685, Eff. 5/2/11.)	D.	Any commercial cooking hood and ventilation system, except for approved vent-less hoods that are installed in accordance with the manufacturer&#x2019;s installation instructions and other conditions of approval as determined by the Los Angeles City Testing Laboratory.&#xA0; (Amended by Ord. No. 179,327, Eff. 12/10/07, Oper. 1/1/08.)	E.	Product conveying ventilation systems.	2.	One complete set of plans and specifications shall be filed for checking before approval is given by the Department.&#xA0; After approval, the plans shall be returned to the applicant.&#xA0; The approved set of plans shall be on the job site for availability during construction and inspection.&#xA0; (Amended by Ord. No. 179,327, Eff. 12/10/07, Oper. 1/1/08.)	3.	When the plans and specifications do not comply with provisions of this Code, the necessary changes or revisions shall be made.	4.	The information contained on the plans shall be clearly legible and specifically indicated.&#xA0; No plan shall be of a scale smaller than 1/8 inch per foot .	5.	Specifications, when submitted, shall be legible and definitively stated, and be included either on the plans or on separate sheets.	6.	The approval of any plans or specifications shall not be construed to sanction any violation of this Code.	7.	No person shall materially deviate from approved plans or specifications or fail, neglect or refuse to comply with those plans or specifications unless permission to do so has first been obtained from the Department.	8.	Plans and specifications shall be prepared by and bear the signature and registration number of a professional engineer in an appropriate discipline who is duly registered by the State of California Board of Registration for Professional Engineers and Land Surveyors, except as provided by the State of California Business and Professions Code.&#xA0;95.113.3.&#xA0; INFORMATION ON PLANS AND SPECIFICATIONS.	1.	The plans or specifications shall show all of the following:&#xA0; (Amended by Ord. No. 179,327, Eff. 12/10/07, Oper. 1/1/08.)	A.	The layout for each floor with dimensions of all working spaces and a legend of all symbols used;	B.	The location, size and materials of all air ducts, air inlets and air outlets;	C.	The location of all fans, warm-air furnaces, boilers, absorption units, refrigerant compressors and condensers;	D.	The rated capacity or horsepower of all boilers, warm-air furnaces, heat exchangers, blower fans, refrigerant compressors and absorption units;	E.	The location, size and materials of all combustion products, vents and chimneys;	F.	The location and area of all ventilation and combustion-air openings and ducts;	G.	The location of all air dampers, fire dampers, smoke-control dampers and combustion-products-type smoke detectors;	H.	The information necessary to show compliance of the mechanical equipment with the state energy standards;	I.	The occupancy of each area served by any heating, air-conditioning or ventilation system;	J.	The location of all required fire- resistive separations that are penetrated by ducts or openings of any heating, air-conditioning or ventilation system;	K.	The complete drawings of all commercial hoods and ventilation systems, including the cooking appliances served by the hoods, and verify:	1.	The interconnection of the fire- extinguishing system and fuel shutoff devices;	2.	Compliance with Health Department requirements; and	3.	Compliance with South Coast Air Quality Management District requirements.	L.	The weight of the equipment.&#xA0; (Amended by Bill No. 181,685, Eff. 5/2/11.)	2.	All plans and specifications required by this section shall be drawn with indelible pencil or drawn or printed in ink, or made by reproduction process which produces a permanent print.&#xA0; Every sheet of each set of plans and specifications shall show the address of the proposed work and the name and address of the owner or lessee of the premises.	The plans and specifications shall be of sufficient clarity to show that the proposed installation will conform to the provisions of this Code and of all applicable laws, ordinances, rules, regulations and orders.95.113.4.&#xA0; QUALIFIED INSTALLER.&#xA0; It is unlawful for any person who is not a qualified installer to install, alter, reconstruct or repair any equipment regulated by this Code unless the person is under the direct supervision of a qualified installer.	A qualified installer is: &#xA0;	1.	A person who holds a valid contractor&#x2019;s license in the proper classification issued by the State of California; or	2.	A person who holds a valid Maintenance Certificate of Registration issued pursuant to the provisions of this Code; or	3.	A person who is the owner of a single-family dwelling and has demonstrated to the satisfaction of the Department his or her qualifications to satisfactorily perform mechanical work in the dwelling which is occupied by the owner, and their accessory buildings, provided that all of the following conditions are met:	A.	The work is performed prior to sale of the dwelling.&#xA0;	B.	The home owner has actually resided in the residence for the 12 months prior to completion of the work.&#xA0;	C.	The homeowner has not availed himself or herself of this exemption on more than two structures during any three year period.&#xA0;	4.	A person who is employed by a governmental agency that is required to comply with the provisions of this Code, and who is qualified, as determined by the Department, to supervise or control any work regulated by this Code.</text><type>section</type><prefixes><unit></unit></prefixes><entire_prefix></entire_prefix><prefix_anchor></prefix_anchor><level>1</level></unit></text></law>
