<?xml version="1.0"?>
<law><section_number>95.101</section_number><edition_id>1</edition_id><section_id>361</section_id><structure_id>73</structure_id><catch_line>Title.</catch_line><history></history><full_text>&#xA0; TITLE.

	This article is a portion of the Los Angeles Municipal Code and shall be know as the Los Angeles Mechanical Code.&#xA0; Whenever the word &#x201C;Code&#x201D; is used in this article, it shall mean the Los Angeles Mechanical Code unless it is apparent from the context that another code is intended and applicable.

	Section number references are to the Los Angeles Municipal Code unless otherwise indicated.</full_text><order_by>101</order_by><ancestry><unit id="73" label="article"><name>Mechanical Code</name><identifier>5</identifier><url>/9/5/</url></unit><unit id="3" label="chapter"><name>Building Regulations</name><identifier>9</identifier><url>/9/</url></unit></ancestry><structure_contents><unit id="361"><structure_id>73</structure_id><section_number>95.101</section_number><catch_line>Title.</catch_line><url>/95.101/</url><token>95.101</token></unit><unit id="266"><structure_id>73</structure_id><section_number>95.102</section_number><catch_line>Purpose.</catch_line><url>/95.102/</url><token>95.102</token></unit><unit id="3770"><structure_id>73</structure_id><section_number>95.103</section_number><catch_line>Scope.</catch_line><url>/95.103/</url><token>95.103</token></unit><unit id="1894"><structure_id>73</structure_id><section_number>95.104</section_number><catch_line>Application To Existing Mechanical Systems.</catch_line><url>/95.104/</url><token>95.104</token></unit><unit id="3181"><structure_id>73</structure_id><section_number>95.105</section_number><catch_line>Alternate Materials And Methods Of Construction.</catch_line><url>/95.105/</url><token>95.105</token></unit><unit id="4187"><structure_id>73</structure_id><section_number>95.106</section_number><catch_line>Modifications.</catch_line><url>/95.106/</url><token>95.106</token></unit><unit id="3533"><structure_id>73</structure_id><section_number>95.107</section_number><catch_line>Tests.</catch_line><url>/95.107/</url><token>95.107</token></unit><unit id="3910"><structure_id>73</structure_id><section_number>95.108</section_number><catch_line>Powers And Duties Of The Department.</catch_line><url>/95.108/</url><token>95.108</token></unit><unit id="1431"><structure_id>73</structure_id><section_number>95.109</section_number><catch_line>Unsafe Equipment.</catch_line><url>/95.109/</url><token>95.109</token></unit><unit id="3067"><structure_id>73</structure_id><section_number>95.110</section_number><catch_line>Appeals.</catch_line><url>/95.110/</url><token>95.110</token></unit><unit id="3023"><structure_id>73</structure_id><section_number>95.111</section_number><catch_line>Prohibited Acts.</catch_line><url>/95.111/</url><token>95.111</token></unit><unit id="1702"><structure_id>73</structure_id><section_number>95.112</section_number><catch_line>Permits.</catch_line><url>/95.112/</url><token>95.112</token></unit><unit id="446"><structure_id>73</structure_id><section_number>95.113</section_number><catch_line>Application For Permit.</catch_line><url>/95.113/</url><token>95.113</token></unit><unit id="1506"><structure_id>73</structure_id><section_number>95.114</section_number><catch_line>Permit Issuance.</catch_line><url>/95.114/</url><token>95.114</token></unit><unit id="2820"><structure_id>73</structure_id><section_number>95.115</section_number><catch_line>Permit Fees.</catch_line><url>/95.115/</url><token>95.115</token></unit><unit id="4077"><structure_id>73</structure_id><section_number>95.116</section_number><catch_line>Inspections.</catch_line><url>/95.116/</url><token>95.116</token></unit><unit id="1522"><structure_id>73</structure_id><section_number>95.117</section_number><catch_line>Connection Approval.</catch_line><url>/95.117/</url><token>95.117</token></unit><unit id="2137"><structure_id>73</structure_id><section_number>95.118</section_number><catch_line>Registration.</catch_line><url>/95.118/</url><token>95.118</token></unit><unit id="3673"><structure_id>73</structure_id><section_number>95.119</section_number><catch_line>Format.</catch_line><url>/95.119/</url><token>95.119</token></unit><unit id="515"><structure_id>73</structure_id><section_number>95.120</section_number><catch_line>Validity.</catch_line><url>/95.120/</url><token>95.120</token></unit><unit id="471"><structure_id>73</structure_id><section_number>95.121</section_number><catch_line>Standard Reference Documents.</catch_line><url>/95.121/</url><token>95.121</token></unit><unit id="1801"><structure_id>73</structure_id><section_number>95.201</section_number><catch_line>General.</catch_line><url>/95.201/</url><token>95.201</token></unit><unit id="1896"><structure_id>73</structure_id><section_number>95.202</section_number><catch_line>Accepted Meanings.</catch_line><url>/95.202/</url><token>95.202</token></unit><unit id="3871"><structure_id>73</structure_id><section_number>95.203.0</section_number><catch_line>A.</catch_line><url>/95.203.0/</url><token>95.203.0</token></unit><unit id="1744"><structure_id>73</structure_id><section_number>95.204.0</section_number><catch_line>B.</catch_line><url>/95.204.0/</url><token>95.204.0</token></unit><unit id="1469"><structure_id>73</structure_id><section_number>95.205.0</section_number><catch_line>C.</catch_line><url>/95.205.0/</url><token>95.205.0</token></unit><unit id="540"><structure_id>73</structure_id><section_number>95.206.0</section_number><catch_line>D.</catch_line><url>/95.206.0/</url><token>95.206.0</token></unit><unit id="3626"><structure_id>73</structure_id><section_number>95.207.0</section_number><catch_line>E.</catch_line><url>/95.207.0/</url><token>95.207.0</token></unit><unit id="619"><structure_id>73</structure_id><section_number>95.208.0</section_number><catch_line>F.</catch_line><url>/95.208.0/</url><token>95.208.0</token></unit><unit id="4132"><structure_id>73</structure_id><section_number>95.209.0</section_number><catch_line>G.</catch_line><url>/95.209.0/</url><token>95.209.0</token></unit><unit id="3291"><structure_id>73</structure_id><section_number>95.210.0</section_number><catch_line>H.</catch_line><url>/95.210.0/</url><token>95.210.0</token></unit><unit id="344"><structure_id>73</structure_id><section_number>95.211.0</section_number><catch_line>I.</catch_line><url>/95.211.0/</url><token>95.211.0</token></unit><unit id="849"><structure_id>73</structure_id><section_number>95.212.0</section_number><catch_line>J.</catch_line><url>/95.212.0/</url><token>95.212.0</token></unit><unit id="3992"><structure_id>73</structure_id><section_number>95.213.0</section_number><catch_line>K.</catch_line><url>/95.213.0/</url><token>95.213.0</token></unit><unit id="879"><structure_id>73</structure_id><section_number>95.214.0</section_number><catch_line>L.</catch_line><url>/95.214.0/</url><token>95.214.0</token></unit><unit id="3353"><structure_id>73</structure_id><section_number>95.215.0</section_number><catch_line>M.</catch_line><url>/95.215.0/</url><token>95.215.0</token></unit><unit id="1349"><structure_id>73</structure_id><section_number>95.216.0</section_number><catch_line>N.</catch_line><url>/95.216.0/</url><token>95.216.0</token></unit><unit id="3595"><structure_id>73</structure_id><section_number>95.217.0</section_number><catch_line>O.</catch_line><url>/95.217.0/</url><token>95.217.0</token></unit><unit id="2243"><structure_id>73</structure_id><section_number>95.218.0</section_number><catch_line>P.</catch_line><url>/95.218.0/</url><token>95.218.0</token></unit><unit id="3788"><structure_id>73</structure_id><section_number>95.219.0</section_number><catch_line>Q.</catch_line><url>/95.219.0/</url><token>95.219.0</token></unit><unit id="2347"><structure_id>73</structure_id><section_number>95.220.0</section_number><catch_line>R.</catch_line><url>/95.220.0/</url><token>95.220.0</token></unit><unit id="3141"><structure_id>73</structure_id><section_number>95.221.0</section_number><catch_line>S.</catch_line><url>/95.221.0/</url><token>95.221.0</token></unit><unit id="4159"><structure_id>73</structure_id><section_number>95.222.0</section_number><catch_line>T.</catch_line><url>/95.222.0/</url><token>95.222.0</token></unit><unit id="561"><structure_id>73</structure_id><section_number>95.223.0</section_number><catch_line>U.</catch_line><url>/95.223.0/</url><token>95.223.0</token></unit><unit id="624"><structure_id>73</structure_id><section_number>95.224.0</section_number><catch_line>V.</catch_line><url>/95.224.0/</url><token>95.224.0</token></unit><unit id="1719"><structure_id>73</structure_id><section_number>95.225.0</section_number><catch_line>W.</catch_line><url>/95.225.0/</url><token>95.225.0</token></unit><unit id="3858"><structure_id>73</structure_id><section_number>95.226.0</section_number><catch_line>X.</catch_line><url>/95.226.0/</url><token>95.226.0</token></unit><unit id="2935"><structure_id>73</structure_id><section_number>95.227.0</section_number><catch_line>Y.</catch_line><url>/95.227.0/</url><token>95.227.0</token></unit><unit id="955"><structure_id>73</structure_id><section_number>95.228.0</section_number><catch_line>Z.</catch_line><url>/95.228.0/</url><token>95.228.0</token></unit><unit id="3644"><structure_id>73</structure_id><section_number>95.300</section_number><catch_line>Basic Provisions.</catch_line><url>/95.300/</url><token>95.300</token></unit><unit id="2894"><structure_id>73</structure_id><section_number>95.312</section_number><catch_line>Water Supply.</catch_line><url>/95.312/</url><token>95.312</token></unit><unit id="883"><structure_id>73</structure_id><section_number>95.400</section_number><catch_line>Basic Provisions.</catch_line><url>/95.400/</url><token>95.400</token></unit><unit id="423"><structure_id>73</structure_id><section_number>95.500</section_number><catch_line>Basic Provisions.</catch_line><url>/95.500/</url><token>95.500</token></unit><unit id="3524"><structure_id>73</structure_id><section_number>95.600</section_number><catch_line>Basic Provisions.</catch_line><url>/95.600/</url><token>95.600</token></unit><unit id="2330"><structure_id>73</structure_id><section_number>95.700</section_number><catch_line>Basic Provisions.</catch_line><url>/95.700/</url><token>95.700</token></unit><unit id="2795"><structure_id>73</structure_id><section_number>95.800</section_number><catch_line>Basic Provisions.</catch_line><url>/95.800/</url><token>95.800</token></unit><unit id="2081"><structure_id>73</structure_id><section_number>95.900</section_number><catch_line>Basic Provisions.</catch_line><url>/95.900/</url><token>95.900</token></unit><unit id="2141"><structure_id>73</structure_id><section_number>95.1000</section_number><catch_line>Basic Provisions.</catch_line><url>/95.1000/</url><token>95.1000</token></unit><unit id="1634"><structure_id>73</structure_id><section_number>95.1100</section_number><catch_line>Basic Provisions.</catch_line><url>/95.1100/</url><token>95.1100</token></unit><unit id="1424"><structure_id>73</structure_id><section_number>95.1200</section_number><catch_line>Basic Provisions.</catch_line><url>/95.1200/</url><token>95.1200</token></unit><unit id="703"><structure_id>73</structure_id><section_number>95.1300</section_number><catch_line>Basic Provisions.</catch_line><url>/95.1300/</url><token>95.1300</token></unit><unit id="3818"><structure_id>73</structure_id><section_number>95.1400</section_number><catch_line>Basic Provisions.</catch_line><url>/95.1400/</url><token>95.1400</token></unit><unit id="2018"><structure_id>73</structure_id><section_number>95.1500</section_number><catch_line>Basic Provisions.</catch_line><url>/95.1500/</url><token>95.1500</token></unit><unit id="1574"><structure_id>73</structure_id><section_number>95.1600</section_number><catch_line>Basic Provisions.</catch_line><url>/95.1600/</url><token>95.1600</token></unit><unit id="598"><structure_id>73</structure_id><section_number>95.1700</section_number><catch_line>Basic Provisions.</catch_line><url>/95.1700/</url><token>95.1700</token></unit><unit id="3197"><structure_id>73</structure_id><section_number>95.1800</section_number><catch_line>Basic Provisions.</catch_line><url>/95.1800/</url><token>95.1800</token></unit></structure_contents><previous_section id="2081"><structure_id>73</structure_id><section_number>95.900</section_number><catch_line>Basic Provisions.</catch_line><url>/95.900/</url><token>95.900</token></previous_section><next_section id="266"><structure_id>73</structure_id><section_number>95.102</section_number><catch_line>Purpose.</catch_line><url>/95.102/</url><token>95.102</token></next_section><metadata></metadata><references></references><url>/95.101/</url><token>95.101</token><formats><txt>/95.101.txt</txt><json>/95.101.xml</json></formats><dublin_core><Title>Title.</Title><Type>Text</Type><Format>text/html</Format><Identifier>&#xA7; 95.101</Identifier><Relation>Los Angeles Municipal Code</Relation></dublin_core><plain_text>                            LOS ANGELES MUNICIPAL CODE

TITLE. (&#xA7; 95.101)

&#xA0; TITLE.	This article is a portion of the Los Angeles Municipal Code and shall
be know as the Los Angeles Mechanical Code.&#xA0; Whenever the word &#x201C;Code&#x201D; is
used in this article, it shall mean the Los Angeles Mechanical Code unless it is
apparent from the context that another code is intended and applicable.	Section
number references are to the Los Angeles Municipal Code unless otherwise
indicated.
</plain_text><html>
					&lt;section&gt;&lt;p&gt;&#xA0; TITLE.&lt;br /&gt;&lt;br /&gt;	This article is a portion of the Los Angeles Municipal Code and shall be know as the Los Angeles Mechanical Code.&#xA0; Whenever the word &#x201C;Code&#x201D; is used in this article, it shall mean the Los Angeles Mechanical Code unless it is apparent from the context that another code is intended and applicable.&lt;br /&gt;&lt;br /&gt;	Section number references are to the Los Angeles Municipal Code unless otherwise indicated.&lt;/p&gt;&lt;/section&gt;</html><text><unit id="356" prefix=""><text>&#xA0; TITLE.	This article is a portion of the Los Angeles Municipal Code and shall be know as the Los Angeles Mechanical Code.&#xA0; Whenever the word &#x201C;Code&#x201D; is used in this article, it shall mean the Los Angeles Mechanical Code unless it is apparent from the context that another code is intended and applicable.	Section number references are to the Los Angeles Municipal Code unless otherwise indicated.</text><type>section</type><prefixes><unit></unit></prefixes><entire_prefix></entire_prefix><prefix_anchor></prefix_anchor><level>1</level></unit></text></law>
