<?xml version="1.0"?>
<law><section_number>96.305</section_number><edition_id>1</edition_id><section_id>208</section_id><structure_id>45</structure_id><catch_line>Fee For Reports.</catch_line><history></history><full_text>&#xA0; FEE FOR REPORTS.
	(Amended by Ord. No. 166,567, Eff. 2/18/91.)

	Every owner or agent for the owner, who applies for a Report of Residential Property Records and Pending Special Assessment Liens shall pay to the Department of Building and Safety a fee therefor in the sum of sixty-five dollars ($65.00). Of this amount, eighteen dollars ($18.00) shall be credited to the department&#x2019;s receipts of the Bureau of Engineering, Department of Public Works, and the balance shall be credited to the department receipts of the Department of Building and Safety.</full_text><order_by>305</order_by><ancestry><unit id="45" label="article"><name>Miscellaneous</name><identifier>6</identifier><url>/9/6/</url></unit><unit id="3" label="chapter"><name>Building Regulations</name><identifier>9</identifier><url>/9/</url></unit></ancestry><structure_contents><unit id="1292"><structure_id>45</structure_id><section_number>96.02</section_number><catch_line>Excavating, Depositing, Dumping &#x2013; Earth, Sand, Gravel, Etc. &#x2013; Where Prohibited.</catch_line><url>/96.02/</url><token>96.02</token></unit><unit id="3048"><structure_id>45</structure_id><section_number>96.05</section_number><catch_line>Declaring Certain Area Subject To Inundation And Prohibiting Construction Of Certain Buildings Therein.</catch_line><url>/96.05/</url><token>96.05</token></unit><unit id="3590"><structure_id>45</structure_id><section_number>96.200</section_number><catch_line>Statement Of Purpose.</catch_line><url>/96.200/</url><token>96.200</token></unit><unit id="2549"><structure_id>45</structure_id><section_number>96.201</section_number><catch_line>Definitions.</catch_line><url>/96.201/</url><token>96.201</token></unit><unit id="949"><structure_id>45</structure_id><section_number>96.203</section_number><catch_line>Scope And Effect Of Approvals.</catch_line><url>/96.203/</url><token>96.203</token></unit><unit id="1467"><structure_id>45</structure_id><section_number>96.204</section_number><catch_line>Issuance Of Approvals &#x2013; Procedures.</catch_line><url>/96.204/</url><token>96.204</token></unit><unit id="1567"><structure_id>45</structure_id><section_number>96.205</section_number><catch_line>Suspension And Revocation Of Approvals.</catch_line><url>/96.205/</url><token>96.205</token></unit><unit id="4036"><structure_id>45</structure_id><section_number>96.300</section_number><catch_line>Intent.</catch_line><url>/96.300/</url><token>96.300</token></unit><unit id="1727"><structure_id>45</structure_id><section_number>96.301</section_number><catch_line>Definitions.</catch_line><url>/96.301/</url><token>96.301</token></unit><unit id="175"><structure_id>45</structure_id><section_number>96.302</section_number><catch_line>Reports Required.</catch_line><url>/96.302/</url><token>96.302</token></unit><unit id="2492"><structure_id>45</structure_id><section_number>96.303</section_number><catch_line>Application.</catch_line><url>/96.303/</url><token>96.303</token></unit><unit id="3315"><structure_id>45</structure_id><section_number>96.304</section_number><catch_line>Contents Of Reports.</catch_line><url>/96.304/</url><token>96.304</token></unit><unit id="208"><structure_id>45</structure_id><section_number>96.305</section_number><catch_line>Fee For Reports.</catch_line><url>/96.305/</url><token>96.305</token></unit><unit id="447"><structure_id>45</structure_id><section_number>96.306</section_number><catch_line>Effective Period Of Report.</catch_line><url>/96.306/</url><token>96.306</token></unit><unit id="400"><structure_id>45</structure_id><section_number>96.307</section_number><catch_line>Delivery Of The Report.</catch_line><url>/96.307/</url><token>96.307</token></unit><unit id="1588"><structure_id>45</structure_id><section_number>96.308</section_number><catch_line>Exceptions.</catch_line><url>/96.308/</url><token>96.308</token></unit><unit id="3354"><structure_id>45</structure_id><section_number>96.309</section_number><catch_line>Non-Compliance Not To Invalidate Sale Or Exchange:Exception.</catch_line><url>/96.309/</url><token>96.309</token></unit><unit id="82"><structure_id>45</structure_id><section_number>96.309.1</section_number><catch_line>Information Furnished As Ground For Rescission.</catch_line><url>/96.309.1/</url><token>96.309.1</token></unit><unit id="1500"><structure_id>45</structure_id><section_number>96.310</section_number><catch_line>Effective Date.</catch_line><url>/96.310/</url><token>96.310</token></unit></structure_contents><next_section id="447"><structure_id>45</structure_id><section_number>96.306</section_number><catch_line>Effective Period Of Report.</catch_line><url>/96.306/</url><token>96.306</token></next_section><metadata></metadata><references></references><url>/96.305/</url><token>96.305</token><formats><txt>/96.305.txt</txt><json>/96.305.xml</json></formats><dublin_core><Title>Fee For Reports.</Title><Type>Text</Type><Format>text/html</Format><Identifier>&#xA7; 96.305</Identifier><Relation>Los Angeles Municipal Code</Relation></dublin_core><plain_text>                            LOS ANGELES MUNICIPAL CODE

FEE FOR REPORTS. (&#xA7; 96.305)

&#xA0; FEE FOR REPORTS.
	(Amended by Ord. No. 166,567, Eff. 2/18/91.)	Every owner or agent for the
owner, who applies for a Report of Residential Property Records and Pending
Special Assessment Liens shall pay to the Department of Building and Safety a
fee therefor in the sum of sixty-five dollars ($65.00). Of this amount, eighteen
dollars ($18.00) shall be credited to the department&#x2019;s receipts of the Bureau
of Engineering, Department of Public Works, and the balance shall be credited to
the department receipts of the Department of Building and Safety.
</plain_text><html>
					&lt;section&gt;&lt;p&gt;&#xA0; FEE FOR REPORTS.
	(Amended by Ord. No. 166,567, Eff. 2/18/91.)&lt;br /&gt;&lt;br /&gt;	Every owner or agent for the owner, who applies for a Report of Residential Property Records and Pending Special Assessment &lt;span class="dictionary"&gt;Liens&lt;/span&gt; shall pay to the Department of Building and Safety a fee therefor in the sum of sixty-five dollars ($65.00). Of this amount, eighteen dollars ($18.00) shall be credited to the department&#x2019;s receipts of the Bureau of Engineering, Department of Public Works, and the balance shall be credited to the department receipts of the Department of Building and Safety.&lt;/p&gt;&lt;/section&gt;</html><previous_section id="3315"><structure_id>45</structure_id><section_number>96.304</section_number><catch_line>Contents Of Reports.</catch_line><url>/96.304/</url><token>96.304</token></previous_section><text><unit id="205" prefix=""><text>&#xA0; FEE FOR REPORTS.
	(Amended by Ord. No. 166,567, Eff. 2/18/91.)	Every owner or agent for the owner, who applies for a Report of Residential Property Records and Pending Special Assessment Liens shall pay to the Department of Building and Safety a fee therefor in the sum of sixty-five dollars ($65.00). Of this amount, eighteen dollars ($18.00) shall be credited to the department&#x2019;s receipts of the Bureau of Engineering, Department of Public Works, and the balance shall be credited to the department receipts of the Department of Building and Safety.</text><type>section</type><prefixes><unit></unit></prefixes><entire_prefix></entire_prefix><prefix_anchor></prefix_anchor><level>1</level></unit></text></law>
