<?xml version="1.0"?>
<law><section_number>97.0207</section_number><edition_id>1</edition_id><section_id>29</section_id><structure_id>24</structure_id><catch_line>Steam Boiler &#x2013; Licensed Engineer To Be In Charge.</catch_line><history></history><full_text>&#xA0; STEAM BOILER &#x2013; LICENSED ENGINEER TO BE IN CHARGE.

	No person operating any steam boiler or engine under a license required by Section 97.0201 shall be absent for more than ten consecutive minutes while the steam boiler or engine is in operation, without leaving a licensed person in charge; nor shall any person, firm or corporation in control of the operation cause or permit the licensed person to be absent except as provided.

	Whenever any steam boiler or steam engine is operated within sight of the person having charge of the boiler or engine, or where the person has unobstructed access, the operation shall be deemed to comply with the requirements of this section.</full_text><order_by>0207</order_by><ancestry><unit id="24" label="article"><name>Boilers, Unfired Pressure Vessels And Other Equipment</name><identifier>7</identifier><url>/9/7/</url></unit><unit id="3" label="chapter"><name>Building Regulations</name><identifier>9</identifier><url>/9/</url></unit></ancestry><structure_contents><unit id="2373"><structure_id>24</structure_id><section_number>97.0202</section_number><catch_line>

</catch_line><url>/97.0202/</url><token>97.0202</token></unit><unit id="3449"><structure_id>24</structure_id><section_number>97.0101</section_number><catch_line>Definitions.</catch_line><url>/97.0101/</url><token>97.0101</token></unit><unit id="905"><structure_id>24</structure_id><section_number>97.0102</section_number><catch_line>Powers Of Department.</catch_line><url>/97.0102/</url><token>97.0102</token></unit><unit id="3705"><structure_id>24</structure_id><section_number>97.0103</section_number><catch_line>Duty To Examine Applicants.</catch_line><url>/97.0103/</url><token>97.0103</token></unit><unit id="2045"><structure_id>24</structure_id><section_number>97.0104</section_number><catch_line>Duty Of Enforcement.</catch_line><url>/97.0104/</url><token>97.0104</token></unit><unit id="3424"><structure_id>24</structure_id><section_number>97.0105</section_number><catch_line>Certificate Of License And Inspection.</catch_line><url>/97.0105/</url><token>97.0105</token></unit><unit id="2019"><structure_id>24</structure_id><section_number>97.0106</section_number><catch_line>Department &#x2013; Condemnation &#x2013; Notice.</catch_line><url>/97.0106/</url><token>97.0106</token></unit><unit id="2165"><structure_id>24</structure_id><section_number>97.0107</section_number><catch_line>Reserved.</catch_line><url>/97.0107/</url><token>97.0107</token></unit><unit id="1000"><structure_id>24</structure_id><section_number>97.0108</section_number><catch_line>Department &#x2013; Revocation Of License.</catch_line><url>/97.0108/</url><token>97.0108</token></unit><unit id="3961"><structure_id>24</structure_id><section_number>97.0201</section_number><catch_line>Licenses Required.</catch_line><url>/97.0201/</url><token>97.0201</token></unit><unit id="3989"><structure_id>24</structure_id><section_number>97.0203</section_number><catch_line>Examinations &#x2013; Fees &#x2013; Exemptions.</catch_line><url>/97.0203/</url><token>97.0203</token></unit><unit id="1138"><structure_id>24</structure_id><section_number>97.0204</section_number><catch_line>Minimum Experience Requirements For Examination.</catch_line><url>/97.0204/</url><token>97.0204</token></unit><unit id="3723"><structure_id>24</structure_id><section_number>97.0205</section_number><catch_line>Conduct Of Examination.</catch_line><url>/97.0205/</url><token>97.0205</token></unit><unit id="3988"><structure_id>24</structure_id><section_number>97.0206</section_number><catch_line>Posting Of License.</catch_line><url>/97.0206/</url><token>97.0206</token></unit><unit id="29"><structure_id>24</structure_id><section_number>97.0207</section_number><catch_line>Steam Boiler &#x2013; Licensed Engineer To Be In Charge.</catch_line><url>/97.0207/</url><token>97.0207</token></unit><unit id="3727"><structure_id>24</structure_id><section_number>97.0208</section_number><catch_line>Suspension Or Revocation Of Licenses.</catch_line><url>/97.0208/</url><token>97.0208</token></unit><unit id="1212"><structure_id>24</structure_id><section_number>97.0301</section_number><catch_line>Boiler Permit &#x2013; Fees.</catch_line><url>/97.0301/</url><token>97.0301</token></unit><unit id="273"><structure_id>24</structure_id><section_number>97.0302</section_number><catch_line>Qualified Installer.</catch_line><url>/97.0302/</url><token>97.0302</token></unit><unit id="2166"><structure_id>24</structure_id><section_number>97.0303</section_number><catch_line>Safety Orders.</catch_line><url>/97.0303/</url><token>97.0303</token></unit><unit id="3753"><structure_id>24</structure_id><section_number>97.0304</section_number><catch_line>Apparatus &#x2013; Operation At Excessive Pressure.</catch_line><url>/97.0304/</url><token>97.0304</token></unit><unit id="2252"><structure_id>24</structure_id><section_number>97.0305</section_number><catch_line>Safety Valve &#x2013; Installation &#x2013; Sealing.</catch_line><url>/97.0305/</url><token>97.0305</token></unit><unit id="3580"><structure_id>24</structure_id><section_number>97.0306</section_number><catch_line>Reserved.</catch_line><url>/97.0306/</url><token>97.0306</token></unit><unit id="2315"><structure_id>24</structure_id><section_number>97.0307</section_number><catch_line>Requests For Inspection.</catch_line><url>/97.0307/</url><token>97.0307</token></unit><unit id="1547"><structure_id>24</structure_id><section_number>97.0308</section_number><catch_line>Preparation For Inspection.</catch_line><url>/97.0308/</url><token>97.0308</token></unit><unit id="2071"><structure_id>24</structure_id><section_number>97.0309</section_number><catch_line>Rechecking Of Inspection.</catch_line><url>/97.0309/</url><token>97.0309</token></unit><unit id="1107"><structure_id>24</structure_id><section_number>97.0310</section_number><catch_line>Pressure Vessels And Other Equipment To Be Inspected Annually.</catch_line><url>/97.0310/</url><token>97.0310</token></unit><unit id="2600"><structure_id>24</structure_id><section_number>97.0311</section_number><catch_line>Inspection By Deputy Pressure Vessel Inspectors.</catch_line><url>/97.0311/</url><token>97.0311</token></unit><unit id="1813"><structure_id>24</structure_id><section_number>97.0313</section_number><catch_line>Deputy Inspectors &#x2013; Equipment To Inspect.</catch_line><url>/97.0313/</url><token>97.0313</token></unit><unit id="1437"><structure_id>24</structure_id><section_number>97.0314</section_number><catch_line>Inspection Fees.</catch_line><url>/97.0314/</url><token>97.0314</token></unit><unit id="3556"><structure_id>24</structure_id><section_number>97.0314.1</section_number><catch_line>Fees.</catch_line><url>/97.0314.1/</url><token>97.0314.1</token></unit><unit id="3239"><structure_id>24</structure_id><section_number>97.0315</section_number><catch_line>Payment Of Fees And Power To Discontinue The Use Of Equipment.</catch_line><url>/97.0315/</url><token>97.0315</token></unit><unit id="3907"><structure_id>24</structure_id><section_number>97.0316</section_number><catch_line>Deputy Inspector &#x2013; Appointment As City Inspector.</catch_line><url>/97.0316/</url><token>97.0316</token></unit><unit id="1969"><structure_id>24</structure_id><section_number>97.0317</section_number><catch_line>Deputy Inspectors &#x2013; Applications.</catch_line><url>/97.0317/</url><token>97.0317</token></unit><unit id="2011"><structure_id>24</structure_id><section_number>97.0318</section_number><catch_line>Deputy Inspector.</catch_line><url>/97.0318/</url><token>97.0318</token></unit><unit id="3157"><structure_id>24</structure_id><section_number>97.0319</section_number><catch_line>Deputy Inspector &#x2013; Failure To Report Inspection &#x2013; Penalty.</catch_line><url>/97.0319/</url><token>97.0319</token></unit><unit id="3362"><structure_id>24</structure_id><section_number>97.0320</section_number><catch_line>Falsifying Reports &#x2013; Penalty.</catch_line><url>/97.0320/</url><token>97.0320</token></unit><unit id="1417"><structure_id>24</structure_id><section_number>97.0321</section_number><catch_line>Injuries &#x2013; Reports &#x2013; Repairs.</catch_line><url>/97.0321/</url><token>97.0321</token></unit><unit id="1860"><structure_id>24</structure_id><section_number>97.0321.1</section_number><catch_line>Notification Of Welded Repairs.</catch_line><url>/97.0321.1/</url><token>97.0321.1</token></unit><unit id="3728"><structure_id>24</structure_id><section_number>97.0322</section_number><catch_line>Moving Of Equipment &#x2013; Permits.</catch_line><url>/97.0322/</url><token>97.0322</token></unit><unit id="938"><structure_id>24</structure_id><section_number>97.0323</section_number><catch_line>Cancellation Of Insurance &#x2013; Notice Required.</catch_line><url>/97.0323/</url><token>97.0323</token></unit><unit id="738"><structure_id>24</structure_id><section_number>97.0324</section_number><catch_line>Responsibility Ofpersons In Control.</catch_line><url>/97.0324/</url><token>97.0324</token></unit></structure_contents><previous_section id="3988"><structure_id>24</structure_id><section_number>97.0206</section_number><catch_line>Posting Of License.</catch_line><url>/97.0206/</url><token>97.0206</token></previous_section><next_section id="3727"><structure_id>24</structure_id><section_number>97.0208</section_number><catch_line>Suspension Or Revocation Of Licenses.</catch_line><url>/97.0208/</url><token>97.0208</token></next_section><metadata></metadata><references></references><url>/97.0207/</url><token>97.0207</token><formats><txt>/97.0207.txt</txt><json>/97.0207.xml</json></formats><dublin_core><Title>Steam Boiler &#x2013; Licensed Engineer To Be In Charge.</Title><Type>Text</Type><Format>text/html</Format><Identifier>&#xA7; 97.0207</Identifier><Relation>Los Angeles Municipal Code</Relation></dublin_core><plain_text>                            LOS ANGELES MUNICIPAL CODE

STEAM BOILER &#x2013; LICENSED ENGINEER TO BE IN CHARGE. (&#xA7; 97.0207)

&#xA0; STEAM BOILER &#x2013; LICENSED ENGINEER TO BE IN CHARGE.	No person operating any
steam boiler or engine under a license required by Section 97.0201 shall be
absent for more than ten consecutive minutes while the steam boiler or engine is
in operation, without leaving a licensed person in charge; nor shall any person,
firm or corporation in control of the operation cause or permit the licensed
person to be absent except as provided.	Whenever any steam boiler or steam
engine is operated within sight of the person having charge of the boiler or
engine, or where the person has unobstructed access, the operation shall be
deemed to comply with the requirements of this section.
</plain_text><html>
					&lt;section&gt;&lt;p&gt;&#xA0; STEAM BOILER &#x2013; LICENSED ENGINEER TO BE IN CHARGE.&lt;br /&gt;&lt;br /&gt;	No person operating any steam boiler or engine under a license required by Section 97.0201 shall be absent for more than ten consecutive minutes while the steam boiler or engine is in operation, without leaving a licensed person in charge; nor shall any person, firm or corporation in control of the operation cause or permit the licensed person to be absent except as provided.&lt;br /&gt;&lt;br /&gt;	Whenever any steam boiler or steam engine is operated within sight of the person having charge of the boiler or engine, or where the person has unobstructed access, the operation shall be deemed to comply with the requirements of this section.&lt;/p&gt;&lt;/section&gt;</html><text><unit id="29" prefix=""><text>&#xA0; STEAM BOILER &#x2013; LICENSED ENGINEER TO BE IN CHARGE.	No person operating any steam boiler or engine under a license required by Section 97.0201 shall be absent for more than ten consecutive minutes while the steam boiler or engine is in operation, without leaving a licensed person in charge; nor shall any person, firm or corporation in control of the operation cause or permit the licensed person to be absent except as provided.	Whenever any steam boiler or steam engine is operated within sight of the person having charge of the boiler or engine, or where the person has unobstructed access, the operation shall be deemed to comply with the requirements of this section.</text><type>section</type><prefixes><unit></unit></prefixes><entire_prefix></entire_prefix><prefix_anchor></prefix_anchor><level>1</level></unit></text></law>
