<?xml version="1.0"?>
<law><section_number>98.0709</section_number><edition_id>1</edition_id><section_id>466</section_id><structure_id>34</structure_id><catch_line>Entry Or Interference With Notice Prohibited.</catch_line><history></history><full_text>&#xA0; ENTRY OR INTERFERENCE WITH NOTICE PROHIBITED.
	(Added by Ord. No. 172,782, Eff. 9/30/99.)

	(a)	It is unlawful for any person to enter or occupy any structure or premises which has been posted pursuant to Section 91.8903.1.5, 91.8904.1, or 98.0708(e) of this Code, except to repair or demolish the structure under proper permit or for a purpose authorized by the owner.

	(b)	It is unlawful for any person to remove or deface any notice posted pursuant to Section 91.8903.1.5, 91.8904.1, 98.0708(e) or 98.0714 of this Code.</full_text><order_by>0709</order_by><ancestry><unit id="34" label="article"><name>General Administrative Provisions</name><identifier>8</identifier><url>/9/8/</url></unit><unit id="3" label="chapter"><name>Building Regulations</name><identifier>9</identifier><url>/9/</url></unit></ancestry><structure_contents><unit id="3707"><structure_id>34</structure_id><section_number>98.0101</section_number><catch_line>Scope Of Chapter.</catch_line><url>/98.0101/</url><token>98.0101</token></unit><unit id="3514"><structure_id>34</structure_id><section_number>98.0102</section_number><catch_line>Purpose And Scope Of Article.</catch_line><url>/98.0102/</url><token>98.0102</token></unit><unit id="1209"><structure_id>34</structure_id><section_number>98.0102.1</section_number><catch_line>Enforcement Authority Of The Harbor Department Within The Harbor District.</catch_line><url>/98.0102.1/</url><token>98.0102.1</token></unit><unit id="1427"><structure_id>34</structure_id><section_number>98.0103</section_number><catch_line>Definitions.</catch_line><url>/98.0103/</url><token>98.0103</token></unit><unit id="1047"><structure_id>34</structure_id><section_number>98.0104</section_number><catch_line>Conflicting Sections.</catch_line><url>/98.0104/</url><token>98.0104</token></unit><unit id="59"><structure_id>34</structure_id><section_number>98.0105</section_number><catch_line>Inspections.</catch_line><url>/98.0105/</url><token>98.0105</token></unit><unit id="1471"><structure_id>34</structure_id><section_number>98.0106</section_number><catch_line>Authority To Accept Underpayments And Overpayments.</catch_line><url>/98.0106/</url><token>98.0106</token></unit><unit id="342"><structure_id>34</structure_id><section_number>98.0107</section_number><catch_line>Contractor Permit Applicants &#x2013; Business And Payroll Expense Tax Registration Information And Certificates.</catch_line><url>/98.0107/</url><token>98.0107</token></unit><unit id="1764"><structure_id>34</structure_id><section_number>98.0108</section_number><catch_line>Posting Of Orders.</catch_line><url>/98.0108/</url><token>98.0108</token></unit><unit id="2144"><structure_id>34</structure_id><section_number>98.0109</section_number><catch_line>Express Permits.</catch_line><url>/98.0109/</url><token>98.0109</token></unit><unit id="3496"><structure_id>34</structure_id><section_number>98.0201</section_number><catch_line>Authority To Make Rules And Regulations.</catch_line><url>/98.0201/</url><token>98.0201</token></unit><unit id="4080"><structure_id>34</structure_id><section_number>98.0202</section_number><catch_line>Revocation, Suspension, Limitation Of Licenses.</catch_line><url>/98.0202/</url><token>98.0202</token></unit><unit id="2608"><structure_id>34</structure_id><section_number>98.0301</section_number><catch_line>Purpose.</catch_line><url>/98.0301/</url><token>98.0301</token></unit><unit id="1470"><structure_id>34</structure_id><section_number>98.0302</section_number><catch_line>General Provisions.</catch_line><url>/98.0302/</url><token>98.0302</token></unit><unit id="2583"><structure_id>34</structure_id><section_number>98.0303</section_number><catch_line>Accusation Re Suspension Or Revocation Of Licenses Or Permits.</catch_line><url>/98.0303/</url><token>98.0303</token></unit><unit id="2986"><structure_id>34</structure_id><section_number>98.0304</section_number><catch_line>Notice Of Defense To Accusation.</catch_line><url>/98.0304/</url><token>98.0304</token></unit><unit id="154"><structure_id>34</structure_id><section_number>98.0305</section_number><catch_line>Notice Of Hearing On Accusation.</catch_line><url>/98.0305/</url><token>98.0305</token></unit><unit id="2954"><structure_id>34</structure_id><section_number>98.0306</section_number><catch_line>Amendment Of Accusation After Submission.</catch_line><url>/98.0306/</url><token>98.0306</token></unit><unit id="1565"><structure_id>34</structure_id><section_number>98.0307</section_number><catch_line>Subpoenas.</catch_line><url>/98.0307/</url><token>98.0307</token></unit><unit id="3706"><structure_id>34</structure_id><section_number>98.0308</section_number><catch_line>Evidence.</catch_line><url>/98.0308/</url><token>98.0308</token></unit><unit id="382"><structure_id>34</structure_id><section_number>98.0309</section_number><catch_line>Official Notices.</catch_line><url>/98.0309/</url><token>98.0309</token></unit><unit id="1950"><structure_id>34</structure_id><section_number>98.0310</section_number><catch_line>Method Of Decision In Contested Cases.</catch_line><url>/98.0310/</url><token>98.0310</token></unit><unit id="3969"><structure_id>34</structure_id><section_number>98.0311</section_number><catch_line>Defaults And Uncontested Cases.</catch_line><url>/98.0311/</url><token>98.0311</token></unit><unit id="309"><structure_id>34</structure_id><section_number>98.0312</section_number><catch_line>Reconsideration.</catch_line><url>/98.0312/</url><token>98.0312</token></unit><unit id="3222"><structure_id>34</structure_id><section_number>98.0401</section_number><catch_line>Superintendent May Inspect Records.</catch_line><url>/98.0401/</url><token>98.0401</token></unit><unit id="3287"><structure_id>34</structure_id><section_number>98.0402</section_number><catch_line>Code Enforcement Costs Incurred:Investigation Costs, Fees And Fines.</catch_line><url>/98.0402/</url><token>98.0402</token></unit><unit id="469"><structure_id>34</structure_id><section_number>98.0403.1</section_number><catch_line>Powers Of The Department And The Board.</catch_line><url>/98.0403.1/</url><token>98.0403.1</token></unit><unit id="3716"><structure_id>34</structure_id><section_number>98.0403.2</section_number><catch_line>Procedures For Appeals To The Department And To The Board.</catch_line><url>/98.0403.2/</url><token>98.0403.2</token></unit><unit id="923"><structure_id>34</structure_id><section_number>98.0404</section_number><catch_line>Extra Territorial Inspections.</catch_line><url>/98.0404/</url><token>98.0404</token></unit><unit id="171"><structure_id>34</structure_id><section_number>98.0405</section_number><catch_line>Charges For Printed Materials And Miscellaneous Type Services.</catch_line><url>/98.0405/</url><token>98.0405</token></unit><unit id="3289"><structure_id>34</structure_id><section_number>98.0406</section_number><catch_line>Inspection Fees For Off Hours Inspection.</catch_line><url>/98.0406/</url><token>98.0406</token></unit><unit id="3034"><structure_id>34</structure_id><section_number>98.0407</section_number><catch_line>Special Enforcement Procedure Fees.</catch_line><url>/98.0407/</url><token>98.0407</token></unit><unit id="3618"><structure_id>34</structure_id><section_number>98.0408</section_number><catch_line>Issuance Of Citations By Designated Employees.</catch_line><url>/98.0408/</url><token>98.0408</token></unit><unit id="3098"><structure_id>34</structure_id><section_number>98.0410</section_number><catch_line>Surcharge For One-Stop Permit Center.</catch_line><url>/98.0410/</url><token>98.0410</token></unit><unit id="3077"><structure_id>34</structure_id><section_number>98.0411</section_number><catch_line>Non-Compliance Fees.</catch_line><url>/98.0411/</url><token>98.0411</token></unit><unit id="2736"><structure_id>34</structure_id><section_number>98.0412</section_number><catch_line>Inspection Fees.</catch_line><url>/98.0412/</url><token>98.0412</token></unit><unit id="1360"><structure_id>34</structure_id><section_number>98.0413</section_number><catch_line>Surcharge For Electrical And Mechanical Testing.</catch_line><url>/98.0413/</url><token>98.0413</token></unit><unit id="3259"><structure_id>34</structure_id><section_number>98.0414</section_number><catch_line>Certification Fees.</catch_line><url>/98.0414/</url><token>98.0414</token></unit><unit id="576"><structure_id>34</structure_id><section_number>98.0415</section_number><catch_line>Clerical, Issuing Or Research Fees And Miscellaneous Fees.</catch_line><url>/98.0415/</url><token>98.0415</token></unit><unit id="4001"><structure_id>34</structure_id><section_number>98.0416</section_number><catch_line>Building And Safety Systems Development Surcharge.</catch_line><url>/98.0416/</url><token>98.0416</token></unit><unit id="1307"><structure_id>34</structure_id><section_number>98.0417</section_number><catch_line>Processing Fees For Miscellaneous Certificates Of Compliance.</catch_line><url>/98.0417/</url><token>98.0417</token></unit><unit id="638"><structure_id>34</structure_id><section_number>98.0418</section_number><catch_line>Surcharges For Development Of Automated Systems And General Plan Maintenance For The Department Of City Planning.</catch_line><url>/98.0418/</url><token>98.0418</token></unit><unit id="131"><structure_id>34</structure_id><section_number>98.0419</section_number><catch_line>Waiver Of Fees For Structures Damaged In The 1994 Northridge Earthquake.</catch_line><url>/98.0419/</url><token>98.0419</token></unit><unit id="1527"><structure_id>34</structure_id><section_number>98.0420</section_number><catch_line>Refunds Of Department Fees.</catch_line><url>/98.0420/</url><token>98.0420</token></unit><unit id="2059"><structure_id>34</structure_id><section_number>98.0421</section_number><catch_line>Code Violation Inspection Fee.</catch_line><url>/98.0421/</url><token>98.0421</token></unit><unit id="2816"><structure_id>34</structure_id><section_number>98.0422</section_number><catch_line>Fees For Off Hours Plan Check And Other Services</catch_line><url>/98.0422/</url><token>98.0422</token></unit><unit id="3230"><structure_id>34</structure_id><section_number>98.0501</section_number><catch_line>Alternate Materials, Devices And Methods Of Construction.</catch_line><url>/98.0501/</url><token>98.0501</token></unit><unit id="2204"><structure_id>34</structure_id><section_number>98.0502</section_number><catch_line>Appliances, Fixtures And Equipment.</catch_line><url>/98.0502/</url><token>98.0502</token></unit><unit id="4115"><structure_id>34</structure_id><section_number>98.0503</section_number><catch_line>Testing Agencies.</catch_line><url>/98.0503/</url><token>98.0503</token></unit><unit id="571"><structure_id>34</structure_id><section_number>98.0504</section_number><catch_line>Environmental Reports.</catch_line><url>/98.0504/</url><token>98.0504</token></unit><unit id="2261"><structure_id>34</structure_id><section_number>98.0601</section_number><catch_line>Purpose.</catch_line><url>/98.0601/</url><token>98.0601</token></unit><unit id="1893"><structure_id>34</structure_id><section_number>98.0602</section_number><catch_line>Expiration Of Permits.</catch_line><url>/98.0602/</url><token>98.0602</token></unit><unit id="1514"><structure_id>34</structure_id><section_number>98.0603</section_number><catch_line>Expiration Of Plan Check.</catch_line><url>/98.0603/</url><token>98.0603</token></unit><unit id="2536"><structure_id>34</structure_id><section_number>98.0604</section_number><catch_line>Expiration Of Slight Modifications And Alternatives.</catch_line><url>/98.0604/</url><token>98.0604</token></unit><unit id="2024"><structure_id>34</structure_id><section_number>98.0605</section_number><catch_line>Time Limits Of Requests For Extension.</catch_line><url>/98.0605/</url><token>98.0605</token></unit><unit id="2532"><structure_id>34</structure_id><section_number>98.0701</section_number><catch_line>Declaration Of Purpose.</catch_line><url>/98.0701/</url><token>98.0701</token></unit><unit id="941"><structure_id>34</structure_id><section_number>98.0702</section_number><catch_line>Definitions.</catch_line><url>/98.0702/</url><token>98.0702</token></unit><unit id="2827"><structure_id>34</structure_id><section_number>98.0703</section_number><catch_line>Enforcement Authority.</catch_line><url>/98.0703/</url><token>98.0703</token></unit><unit id="3653"><structure_id>34</structure_id><section_number>98.0704</section_number><catch_line>Enforcement Remedies.</catch_line><url>/98.0704/</url><token>98.0704</token></unit><unit id="2295"><structure_id>34</structure_id><section_number>98.0705</section_number><catch_line>Strict Liability Offenses.</catch_line><url>/98.0705/</url><token>98.0705</token></unit><unit id="2570"><structure_id>34</structure_id><section_number>98.0706</section_number><catch_line>Duty To Clean, Fence And Barricade.</catch_line><url>/98.0706/</url><token>98.0706</token></unit><unit id="1423"><structure_id>34</structure_id><section_number>98.0707</section_number><catch_line>Administrative Abatement Procedures For Vacant And Unsecured Structures.</catch_line><url>/98.0707/</url><token>98.0707</token></unit><unit id="775"><structure_id>34</structure_id><section_number>98.0708</section_number><catch_line>Standards For Fencing And Barricading A Vacant Structure.</catch_line><url>/98.0708/</url><token>98.0708</token></unit><unit id="466"><structure_id>34</structure_id><section_number>98.0709</section_number><catch_line>Entry Or Interference With Notice Prohibited.</catch_line><url>/98.0709/</url><token>98.0709</token></unit><unit id="710"><structure_id>34</structure_id><section_number>98.0710</section_number><catch_line>Continuous Abatement Authority.</catch_line><url>/98.0710/</url><token>98.0710</token></unit><unit id="332"><structure_id>34</structure_id><section_number>98.0711</section_number><catch_line>Abatement Cost.</catch_line><url>/98.0711/</url><token>98.0711</token></unit><unit id="1024"><structure_id>34</structure_id><section_number>98.0712</section_number><catch_line>Continuous Public Nuisances.</catch_line><url>/98.0712/</url><token>98.0712</token></unit><unit id="2342"><structure_id>34</structure_id><section_number>98.0713</section_number><catch_line>Duty To File A Statement Of Intent.</catch_line><url>/98.0713/</url><token>98.0713</token></unit><unit id="4170"><structure_id>34</structure_id><section_number>98.0714</section_number><catch_line>Posting Name Of Responsible Person.</catch_line><url>/98.0714/</url><token>98.0714</token></unit><unit id="4058"><structure_id>34</structure_id><section_number>98.0715</section_number><catch_line>Reinspection Fee.</catch_line><url>/98.0715/</url><token>98.0715</token></unit><unit id="263"><structure_id>34</structure_id><section_number>98.0716</section_number><catch_line>Vacant Structure Penalty.</catch_line><url>/98.0716/</url><token>98.0716</token></unit><unit id="866"><structure_id>34</structure_id><section_number>98.0717</section_number><catch_line>Procedures For Barricaded And Vacant Structure Penalty.</catch_line><url>/98.0717/</url><token>98.0717</token></unit><unit id="3787"><structure_id>34</structure_id><section_number>98.0718</section_number><catch_line>Appeal Of Barricaded And Vacant Structure Penalty.</catch_line><url>/98.0718/</url><token>98.0718</token></unit><unit id="1903"><structure_id>34</structure_id><section_number>98.0719</section_number><catch_line>Administrative Enforcement Hearing.</catch_line><url>/98.0719/</url><token>98.0719</token></unit><unit id="1523"><structure_id>34</structure_id><section_number>98.0720</section_number><catch_line>Failure To Pay Penalties.</catch_line><url>/98.0720/</url><token>98.0720</token></unit><unit id="1275"><structure_id>34</structure_id><section_number>98.0721</section_number><catch_line>Allocation Of Vacant Building Penalty.</catch_line><url>/98.0721/</url><token>98.0721</token></unit></structure_contents><next_section id="710"><structure_id>34</structure_id><section_number>98.0710</section_number><catch_line>Continuous Abatement Authority.</catch_line><url>/98.0710/</url><token>98.0710</token></next_section><metadata></metadata><references></references><url>/98.0709/</url><token>98.0709</token><formats><txt>/98.0709.txt</txt><json>/98.0709.xml</json></formats><dublin_core><Title>Entry Or Interference With Notice Prohibited.</Title><Type>Text</Type><Format>text/html</Format><Identifier>&#xA7; 98.0709</Identifier><Relation>Los Angeles Municipal Code</Relation></dublin_core><plain_text>                            LOS ANGELES MUNICIPAL CODE

ENTRY OR INTERFERENCE WITH NOTICE PROHIBITED. (&#xA7; 98.0709)

&#xA0; ENTRY OR INTERFERENCE WITH NOTICE PROHIBITED.
	(Added by Ord. No. 172,782, Eff. 9/30/99.)	(a)	It is unlawful for any person to
enter or occupy any structure or premises which has been posted pursuant to
Section 91.8903.1.5, 91.8904.1, or 98.0708(e) of this Code, except to repair or
demolish the structure under proper permit or for a purpose authorized by the
owner.	(b)	It is unlawful for any person to remove or deface any notice posted
pursuant to Section 91.8903.1.5, 91.8904.1, 98.0708(e) or 98.0714 of this Code.
</plain_text><html>
					&lt;section&gt;&lt;p&gt;&#xA0; ENTRY OR INTERFERENCE WITH NOTICE PROHIBITED.
	(Added by Ord. No. 172,782, Eff. 9/30/99.)&lt;br /&gt;&lt;br /&gt;	(a)	It is unlawful for any person to enter or occupy any structure or premises which has been posted pursuant to Section 91.8903.1.5, 91.8904.1, or 98.0708(e) of this Code, except to repair or demolish the structure under proper permit or for a purpose authorized by the owner.&lt;br /&gt;&lt;br /&gt;	(b)	It is unlawful for any person to remove or deface any notice posted pursuant to Section 91.8903.1.5, 91.8904.1, 98.0708(e) or 98.0714 of this Code.&lt;/p&gt;&lt;/section&gt;</html><previous_section id="775"><structure_id>34</structure_id><section_number>98.0708</section_number><catch_line>Standards For Fencing And Barricading A Vacant Structure.</catch_line><url>/98.0708/</url><token>98.0708</token></previous_section><text><unit id="459" prefix=""><text>&#xA0; ENTRY OR INTERFERENCE WITH NOTICE PROHIBITED.
	(Added by Ord. No. 172,782, Eff. 9/30/99.)	(a)	It is unlawful for any person to enter or occupy any structure or premises which has been posted pursuant to Section 91.8903.1.5, 91.8904.1, or 98.0708(e) of this Code, except to repair or demolish the structure under proper permit or for a purpose authorized by the owner.	(b)	It is unlawful for any person to remove or deface any notice posted pursuant to Section 91.8903.1.5, 91.8904.1, 98.0708(e) or 98.0714 of this Code.</text><type>section</type><prefixes><unit></unit></prefixes><entire_prefix></entire_prefix><prefix_anchor></prefix_anchor><level>1</level></unit></text></law>
