<?xml version="1.0"?>
<law><section_number>99.10.204</section_number><edition_id>1</edition_id><section_id>182</section_id><structure_id>14</structure_id><catch_line>Prescriptive Measures.(Reserved)</catch_line><history></history><full_text>&#xA0; PRESCRIPTIVE MEASURES.&#xA0; (Reserved)</full_text><order_by>10.204</order_by><ancestry><unit id="14" label="article"><name>Green Building Code</name><identifier>9</identifier><url>/9/9/</url></unit><unit id="3" label="chapter"><name>Building Regulations</name><identifier>9</identifier><url>/9/</url></unit></ancestry><structure_contents><unit id="3542"><structure_id>14</structure_id><section_number>99.01.101</section_number><catch_line>Administration.</catch_line><url>/99.01.101/</url><token>99.01.101</token></unit><unit id="3374"><structure_id>14</structure_id><section_number>99.01.102</section_number><catch_line>Construction Documents And Installation Verification.</catch_line><url>/99.01.102/</url><token>99.01.102</token></unit><unit id="1728"><structure_id>14</structure_id><section_number>99.01.107</section_number><catch_line>Fees.</catch_line><url>/99.01.107/</url><token>99.01.107</token></unit><unit id="1142"><structure_id>14</structure_id><section_number>99.01.108</section_number><catch_line>Powers Of The Department.</catch_line><url>/99.01.108/</url><token>99.01.108</token></unit><unit id="1124"><structure_id>14</structure_id><section_number>99.02.201</section_number><catch_line>General.</catch_line><url>/99.02.201/</url><token>99.02.201</token></unit><unit id="653"><structure_id>14</structure_id><section_number>99.03.301</section_number><catch_line>General.</catch_line><url>/99.03.301/</url><token>99.03.301</token></unit><unit id="127"><structure_id>14</structure_id><section_number>99.03.303</section_number><catch_line>Phased Projects.</catch_line><url>/99.03.303/</url><token>99.03.303</token></unit><unit id="1450"><structure_id>14</structure_id><section_number>99.03.304</section_number><catch_line>Tiers.</catch_line><url>/99.03.304/</url><token>99.03.304</token></unit><unit id="1284"><structure_id>14</structure_id><section_number>99.04.106</section_number><catch_line>Storm Water Drainage And Retention During Construction.</catch_line><url>/99.04.106/</url><token>99.04.106</token></unit><unit id="1392"><structure_id>14</structure_id><section_number>99.04.201</section_number><catch_line>General.</catch_line><url>/99.04.201/</url><token>99.04.201</token></unit><unit id="2376"><structure_id>14</structure_id><section_number>99.04.202</section_number><catch_line>Definitions.</catch_line><url>/99.04.202/</url><token>99.04.202</token></unit><unit id="155"><structure_id>14</structure_id><section_number>99.04.203</section_number><catch_line>Performance Approach.(Reserved)</catch_line><url>/99.04.203/</url><token>99.04.203</token></unit><unit id="1069"><structure_id>14</structure_id><section_number>99.04.204</section_number><catch_line>Energy Reduction.</catch_line><url>/99.04.204/</url><token>99.04.204</token></unit><unit id="456"><structure_id>14</structure_id><section_number>99.04.205</section_number><catch_line>Building Envelope.(Reserved)</catch_line><url>/99.04.205/</url><token>99.04.205</token></unit><unit id="1513"><structure_id>14</structure_id><section_number>99.04.206</section_number><catch_line>Air Sealing Package.(Reserved)</catch_line><url>/99.04.206/</url><token>99.04.206</token></unit><unit id="392"><structure_id>14</structure_id><section_number>99.04.207</section_number><catch_line>Hvac Design, Equipment And Installation.(Reserved)</catch_line><url>/99.04.207/</url><token>99.04.207</token></unit><unit id="2064"><structure_id>14</structure_id><section_number>99.04.208</section_number><catch_line>Water Heating Design, Equipment And Installation.(Reserved)</catch_line><url>/99.04.208/</url><token>99.04.208</token></unit><unit id="1448"><structure_id>14</structure_id><section_number>99.04.209</section_number><catch_line>Lighting.(Reserved)</catch_line><url>/99.04.209/</url><token>99.04.209</token></unit><unit id="2932"><structure_id>14</structure_id><section_number>99.04.210</section_number><catch_line>Appliances.</catch_line><url>/99.04.210/</url><token>99.04.210</token></unit><unit id="3252"><structure_id>14</structure_id><section_number>99.04.211</section_number><catch_line>Renewable Energy.</catch_line><url>/99.04.211/</url><token>99.04.211</token></unit><unit id="891"><structure_id>14</structure_id><section_number>99.04.303</section_number><catch_line>Twenty Percent Savings.</catch_line><url>/99.04.303/</url><token>99.04.303</token></unit><unit id="76"><structure_id>14</structure_id><section_number>99.04.304</section_number><catch_line>Irrigation Controllers.</catch_line><url>/99.04.304/</url><token>99.04.304</token></unit><unit id="2139"><structure_id>14</structure_id><section_number>99.04.406</section_number><catch_line>Enhanced Durability And Reduced Maintenance.</catch_line><url>/99.04.406/</url><token>99.04.406</token></unit><unit id="2514"><structure_id>14</structure_id><section_number>99.04.407</section_number><catch_line>Water Resistance And Moisture Management.</catch_line><url>/99.04.407/</url><token>99.04.407</token></unit><unit id="1412"><structure_id>14</structure_id><section_number>99.04.408</section_number><catch_line>Construction Waste Reduction, Disposal And Recycling.</catch_line><url>/99.04.408/</url><token>99.04.408</token></unit><unit id="1420"><structure_id>14</structure_id><section_number>99.04.410</section_number><catch_line>Operation And Maintenance Manual.</catch_line><url>/99.04.410/</url><token>99.04.410</token></unit><unit id="3500"><structure_id>14</structure_id><section_number>99.04.504</section_number><catch_line>Covering Of Duct Openings And Protection Of Mechanical Equipment During Construction.</catch_line><url>/99.04.504/</url><token>99.04.504</token></unit><unit id="2529"><structure_id>14</structure_id><section_number>99.04.505</section_number><catch_line>Interior Moisture Control.</catch_line><url>/99.04.505/</url><token>99.04.505</token></unit><unit id="3581"><structure_id>14</structure_id><section_number>99.05.106</section_number><catch_line>Site Development.</catch_line><url>/99.05.106/</url><token>99.05.106</token></unit><unit id="3557"><structure_id>14</structure_id><section_number>99.05.201</section_number><catch_line>General.</catch_line><url>/99.05.201/</url><token>99.05.201</token></unit><unit id="3539"><structure_id>14</structure_id><section_number>99.05.202</section_number><catch_line>Definitions.</catch_line><url>/99.05.202/</url><token>99.05.202</token></unit><unit id="1318"><structure_id>14</structure_id><section_number>99.05.203</section_number><catch_line>Performance Approach.</catch_line><url>/99.05.203/</url><token>99.05.203</token></unit><unit id="688"><structure_id>14</structure_id><section_number>99.05.204</section_number><catch_line>Prescriptive Approach. (Reserved)</catch_line><url>/99.05.204/</url><token>99.05.204</token></unit><unit id="1842"><structure_id>14</structure_id><section_number>99.05.210</section_number><catch_line>Energy Systems.</catch_line><url>/99.05.210/</url><token>99.05.210</token></unit><unit id="4013"><structure_id>14</structure_id><section_number>99.05.211</section_number><catch_line>Renewable Energy.</catch_line><url>/99.05.211/</url><token>99.05.211</token></unit><unit id="530"><structure_id>14</structure_id><section_number>99.05.302</section_number><catch_line>Definitions.</catch_line><url>/99.05.302/</url><token>99.05.302</token></unit><unit id="1117"><structure_id>14</structure_id><section_number>99.05.303</section_number><catch_line>Meters.</catch_line><url>/99.05.303/</url><token>99.05.303</token></unit><unit id="3605"><structure_id>14</structure_id><section_number>99.05.304</section_number><catch_line>Outdoor Potable Water Use.</catch_line><url>/99.05.304/</url><token>99.05.304</token></unit><unit id="1553"><structure_id>14</structure_id><section_number>99.05.407</section_number><catch_line>Weather Protection.</catch_line><url>/99.05.407/</url><token>99.05.407</token></unit><unit id="892"><structure_id>14</structure_id><section_number>99.05.408</section_number><catch_line>Construction Waste Reduction, Disposal And Recycling.</catch_line><url>/99.05.408/</url><token>99.05.408</token></unit><unit id="3515"><structure_id>14</structure_id><section_number>99.05.410</section_number><catch_line>Recycling By Occupants.</catch_line><url>/99.05.410/</url><token>99.05.410</token></unit><unit id="925"><structure_id>14</structure_id><section_number>99.05.504</section_number><catch_line>Covering Of Duct Openings And Protection Of Mechanical Equipment During Construction.</catch_line><url>/99.05.504/</url><token>99.05.504</token></unit><unit id="693"><structure_id>14</structure_id><section_number>99.05.505</section_number><catch_line>Indoor Moisture Control.</catch_line><url>/99.05.505/</url><token>99.05.505</token></unit><unit id="1271"><structure_id>14</structure_id><section_number>99.05.507</section_number><catch_line>Exterior Noise Transmission.</catch_line><url>/99.05.507/</url><token>99.05.507</token></unit><unit id="3079"><structure_id>14</structure_id><section_number>99.06.601</section_number><catch_line>General.</catch_line><url>/99.06.601/</url><token>99.06.601</token></unit><unit id="682"><structure_id>14</structure_id><section_number>99.07.702</section_number><catch_line>Installer Training.</catch_line><url>/99.07.702/</url><token>99.07.702</token></unit><unit id="4144"><structure_id>14</structure_id><section_number>99.07.703</section_number><catch_line>Verifications.</catch_line><url>/99.07.703/</url><token>99.07.703</token></unit><unit id="2394"><structure_id>14</structure_id><section_number>99.09.100</section_number><catch_line>Scope.</catch_line><url>/99.09.100/</url><token>99.09.100</token></unit><unit id="3056"><structure_id>14</structure_id><section_number>99.09.101</section_number><catch_line>General.</catch_line><url>/99.09.101/</url><token>99.09.101</token></unit><unit id="4081"><structure_id>14</structure_id><section_number>99.09.102</section_number><catch_line>Definitions.</catch_line><url>/99.09.102/</url><token>99.09.102</token></unit><unit id="3488"><structure_id>14</structure_id><section_number>99.09.103</section_number><catch_line>Site Selection.(Reserved)</catch_line><url>/99.09.103/</url><token>99.09.103</token></unit><unit id="3432"><structure_id>14</structure_id><section_number>99.09.104</section_number><catch_line>Site Preservation.(Reserved)</catch_line><url>/99.09.104/</url><token>99.09.104</token></unit><unit id="2227"><structure_id>14</structure_id><section_number>99.09.105</section_number><catch_line>Deconstruction And Reuse Of Existing Structures.(Reserved)</catch_line><url>/99.09.105/</url><token>99.09.105</token></unit><unit id="2279"><structure_id>14</structure_id><section_number>99.09.106</section_number><catch_line>Site Development.</catch_line><url>/99.09.106/</url><token>99.09.106</token></unit><unit id="1090"><structure_id>14</structure_id><section_number>99.09.201</section_number><catch_line>General.</catch_line><url>/99.09.201/</url><token>99.09.201</token></unit><unit id="141"><structure_id>14</structure_id><section_number>99.09.202</section_number><catch_line>Definitions.</catch_line><url>/99.09.202/</url><token>99.09.202</token></unit><unit id="3608"><structure_id>14</structure_id><section_number>99.09.203</section_number><catch_line>Performance Approach.(Reserved)</catch_line><url>/99.09.203/</url><token>99.09.203</token></unit><unit id="790"><structure_id>14</structure_id><section_number>99.09.204</section_number><catch_line>Energy Reduction.</catch_line><url>/99.09.204/</url><token>99.09.204</token></unit><unit id="1135"><structure_id>14</structure_id><section_number>99.09.205</section_number><catch_line>Building Envelope.(Reserved)</catch_line><url>/99.09.205/</url><token>99.09.205</token></unit><unit id="3681"><structure_id>14</structure_id><section_number>99.09.206</section_number><catch_line>Air Sealing Package.(Reserved)</catch_line><url>/99.09.206/</url><token>99.09.206</token></unit><unit id="3121"><structure_id>14</structure_id><section_number>99.09.207</section_number><catch_line>Hvac Design, Equipment And Installation.(Reserved)</catch_line><url>/99.09.207/</url><token>99.09.207</token></unit><unit id="2013"><structure_id>14</structure_id><section_number>99.09.208</section_number><catch_line>Lighting.(Reserved)</catch_line><url>/99.09.208/</url><token>99.09.208</token></unit><unit id="2306"><structure_id>14</structure_id><section_number>99.09.209</section_number><catch_line>Appliances.</catch_line><url>/99.09.209/</url><token>99.09.209</token></unit><unit id="2760"><structure_id>14</structure_id><section_number>99.09.211</section_number><catch_line>Renewable Energy.</catch_line><url>/99.09.211/</url><token>99.09.211</token></unit><unit id="3398"><structure_id>14</structure_id><section_number>99.09.301</section_number><catch_line>General.</catch_line><url>/99.09.301/</url><token>99.09.301</token></unit><unit id="3650"><structure_id>14</structure_id><section_number>99.09.302</section_number><catch_line>Definitions.(Reserved)</catch_line><url>/99.09.302/</url><token>99.09.302</token></unit><unit id="1314"><structure_id>14</structure_id><section_number>99.09.303</section_number><catch_line>Indoor Water Use.</catch_line><url>/99.09.303/</url><token>99.09.303</token></unit><unit id="3316"><structure_id>14</structure_id><section_number>99.09.304</section_number><catch_line>Outdoor Water Use.</catch_line><url>/99.09.304/</url><token>99.09.304</token></unit><unit id="1533"><structure_id>14</structure_id><section_number>99.09.305</section_number><catch_line>Water Reuse Systems.(Reserved)</catch_line><url>/99.09.305/</url><token>99.09.305</token></unit><unit id="311"><structure_id>14</structure_id><section_number>99.09.401</section_number><catch_line>General.</catch_line><url>/99.09.401/</url><token>99.09.401</token></unit><unit id="1618"><structure_id>14</structure_id><section_number>99.09.402</section_number><catch_line>Definitions.</catch_line><url>/99.09.402/</url><token>99.09.402</token></unit><unit id="1516"><structure_id>14</structure_id><section_number>99.09.403</section_number><catch_line>Foundation Systems.(Reserved)</catch_line><url>/99.09.403/</url><token>99.09.403</token></unit><unit id="592"><structure_id>14</structure_id><section_number>99.09.404</section_number><catch_line>Efficient Framing Techniques.(Reserved)</catch_line><url>/99.09.404/</url><token>99.09.404</token></unit><unit id="4006"><structure_id>14</structure_id><section_number>99.09.405</section_number><catch_line>Material Sources.(Reserved)</catch_line><url>/99.09.405/</url><token>99.09.405</token></unit><unit id="363"><structure_id>14</structure_id><section_number>99.09.406</section_number><catch_line>Enhanced Durability And Reduced Maintenance.</catch_line><url>/99.09.406/</url><token>99.09.406</token></unit><unit id="3537"><structure_id>14</structure_id><section_number>99.09.409</section_number><catch_line>Life-Cycle Assessment.(Reserved)</catch_line><url>/99.09.409/</url><token>99.09.409</token></unit><unit id="2584"><structure_id>14</structure_id><section_number>99.09.410</section_number><catch_line>Building Maintenance And Operation.</catch_line><url>/99.09.410/</url><token>99.09.410</token></unit><unit id="1208"><structure_id>14</structure_id><section_number>99.09.501</section_number><catch_line>General.</catch_line><url>/99.09.501/</url><token>99.09.501</token></unit><unit id="573"><structure_id>14</structure_id><section_number>99.09.502</section_number><catch_line>Definitions.</catch_line><url>/99.09.502/</url><token>99.09.502</token></unit><unit id="826"><structure_id>14</structure_id><section_number>99.09.503</section_number><catch_line>Fireplaces.</catch_line><url>/99.09.503/</url><token>99.09.503</token></unit><unit id="768"><structure_id>14</structure_id><section_number>99.09.504</section_number><catch_line>Pollutant Control.</catch_line><url>/99.09.504/</url><token>99.09.504</token></unit><unit id="3919"><structure_id>14</structure_id><section_number>99.09.505</section_number><catch_line>Interior Moisture Control.</catch_line><url>/99.09.505/</url><token>99.09.505</token></unit><unit id="667"><structure_id>14</structure_id><section_number>99.09.506</section_number><catch_line>Indoor Air Quality And Exhaust.</catch_line><url>/99.09.506/</url><token>99.09.506</token></unit><unit id="259"><structure_id>14</structure_id><section_number>99.09.507</section_number><catch_line>Environmental Comfort.</catch_line><url>/99.09.507/</url><token>99.09.507</token></unit><unit id="1481"><structure_id>14</structure_id><section_number>99.09.508</section_number><catch_line>Outdoor Air Quality. (Reserved)</catch_line><url>/99.09.508/</url><token>99.09.508</token></unit><unit id="3971"><structure_id>14</structure_id><section_number>99.10.100</section_number><catch_line>No title</catch_line><url>/99.10.100/</url><token>99.10.100</token></unit><unit id="3158"><structure_id>14</structure_id><section_number>99.10.101</section_number><catch_line>General.</catch_line><url>/99.10.101/</url><token>99.10.101</token></unit><unit id="3250"><structure_id>14</structure_id><section_number>99.10.102</section_number><catch_line>Definitions.</catch_line><url>/99.10.102/</url><token>99.10.102</token></unit><unit id="1262"><structure_id>14</structure_id><section_number>99.10.103</section_number><catch_line>Site Selection.(Reserved)</catch_line><url>/99.10.103/</url><token>99.10.103</token></unit><unit id="959"><structure_id>14</structure_id><section_number>99.10.104</section_number><catch_line>Site Preservation.(Reserved)</catch_line><url>/99.10.104/</url><token>99.10.104</token></unit><unit id="326"><structure_id>14</structure_id><section_number>99.10.105</section_number><catch_line>Deconstruction And Reuse Of Existing Structures.(Reserved)</catch_line><url>/99.10.105/</url><token>99.10.105</token></unit><unit id="2673"><structure_id>14</structure_id><section_number>99.10.106</section_number><catch_line>Site Development.</catch_line><url>/99.10.106/</url><token>99.10.106</token></unit><unit id="1014"><structure_id>14</structure_id><section_number>99.10.201</section_number><catch_line>General.</catch_line><url>/99.10.201/</url><token>99.10.201</token></unit><unit id="3879"><structure_id>14</structure_id><section_number>99.10.203</section_number><catch_line>Performance Approach.</catch_line><url>/99.10.203/</url><token>99.10.203</token></unit><unit id="182"><structure_id>14</structure_id><section_number>99.10.204</section_number><catch_line>Prescriptive Measures.(Reserved)</catch_line><url>/99.10.204/</url><token>99.10.204</token></unit><unit id="3378"><structure_id>14</structure_id><section_number>99.10.210</section_number><catch_line>Energy Systems.</catch_line><url>/99.10.210/</url><token>99.10.210</token></unit><unit id="3111"><structure_id>14</structure_id><section_number>99.10.211</section_number><catch_line>Renewable Energy.</catch_line><url>/99.10.211/</url><token>99.10.211</token></unit><unit id="1351"><structure_id>14</structure_id><section_number>99.10.301</section_number><catch_line>General.</catch_line><url>/99.10.301/</url><token>99.10.301</token></unit><unit id="1304"><structure_id>14</structure_id><section_number>99.10.302</section_number><catch_line>Definitions.</catch_line><url>/99.10.302/</url><token>99.10.302</token></unit><unit id="732"><structure_id>14</structure_id><section_number>99.10.303</section_number><catch_line>Indoor Water Use.</catch_line><url>/99.10.303/</url><token>99.10.303</token></unit><unit id="625"><structure_id>14</structure_id><section_number>99.10.304</section_number><catch_line>Outdoor Water Use.</catch_line><url>/99.10.304/</url><token>99.10.304</token></unit><unit id="2700"><structure_id>14</structure_id><section_number>99.10.305</section_number><catch_line>Water Reuse Systems.(Reserved)</catch_line><url>/99.10.305/</url><token>99.10.305</token></unit><unit id="2674"><structure_id>14</structure_id><section_number>99.10.401</section_number><catch_line>General.</catch_line><url>/99.10.401/</url><token>99.10.401</token></unit><unit id="659"><structure_id>14</structure_id><section_number>99.10.402</section_number><catch_line>Definitions.</catch_line><url>/99.10.402/</url><token>99.10.402</token></unit><unit id="2200"><structure_id>14</structure_id><section_number>99.10.403</section_number><catch_line>Foundation Systems. (Reserved)</catch_line><url>/99.10.403/</url><token>99.10.403</token></unit><unit id="4145"><structure_id>14</structure_id><section_number>99.10.404</section_number><catch_line>Efficient Framing Techniques. (Reserved)</catch_line><url>/99.10.404/</url><token>99.10.404</token></unit><unit id="2061"><structure_id>14</structure_id><section_number>99.10.405</section_number><catch_line>Material Sources. (Reserved)</catch_line><url>/99.10.405/</url><token>99.10.405</token></unit><unit id="2759"><structure_id>14</structure_id><section_number>99.10.406</section_number><catch_line>Enhanced Durability And Reduced Maintenance. (Reserved)</catch_line><url>/99.10.406/</url><token>99.10.406</token></unit><unit id="3083"><structure_id>14</structure_id><section_number>99.10.407</section_number><catch_line>Water Resistance And Moisture Management.</catch_line><url>/99.10.407/</url><token>99.10.407</token></unit><unit id="694"><structure_id>14</structure_id><section_number>99.10.408</section_number><catch_line>Construction Waste Reduction, Disposal And Recycling.</catch_line><url>/99.10.408/</url><token>99.10.408</token></unit><unit id="1347"><structure_id>14</structure_id><section_number>99.10.409</section_number><catch_line>(Reserved)</catch_line><url>/99.10.409/</url><token>99.10.409</token></unit><unit id="2982"><structure_id>14</structure_id><section_number>99.10.410</section_number><catch_line>Building Maintenance And Operation.</catch_line><url>/99.10.410/</url><token>99.10.410</token></unit><unit id="2090"><structure_id>14</structure_id><section_number>99.10.501</section_number><catch_line>General.</catch_line><url>/99.10.501/</url><token>99.10.501</token></unit><unit id="3310"><structure_id>14</structure_id><section_number>99.10.502</section_number><catch_line>Definitions.</catch_line><url>/99.10.502/</url><token>99.10.502</token></unit><unit id="3231"><structure_id>14</structure_id><section_number>99.10.503</section_number><catch_line>Fireplaces.</catch_line><url>/99.10.503/</url><token>99.10.503</token></unit><unit id="3347"><structure_id>14</structure_id><section_number>99.10.504</section_number><catch_line>(Reserved)</catch_line><url>/99.10.504/</url><token>99.10.504</token></unit><unit id="2247"><structure_id>14</structure_id><section_number>99.10.505</section_number><catch_line>Indoor Moisture Control.</catch_line><url>/99.10.505/</url><token>99.10.505</token></unit><unit id="928"><structure_id>14</structure_id><section_number>99.10.506</section_number><catch_line>Indoor Air Quality.</catch_line><url>/99.10.506/</url><token>99.10.506</token></unit><unit id="1382"><structure_id>14</structure_id><section_number>99.10.507</section_number><catch_line>Environmental Comfort.</catch_line><url>/99.10.507/</url><token>99.10.507</token></unit><unit id="1207"><structure_id>14</structure_id><section_number>99.10.508</section_number><catch_line>Outdoor Air Quality.</catch_line><url>/99.10.508/</url><token>99.10.508</token></unit><unit id="12"><structure_id>14</structure_id><section_number>99.11.101</section_number><catch_line>Intent.</catch_line><url>/99.11.101/</url><token>99.11.101</token></unit><unit id="3091"><structure_id>14</structure_id><section_number>99.11.602</section_number><catch_line>City Of Los Angeles Low-Rise Residential Checklist For Newly-Constructed Buildings.</catch_line><url>/99.11.602/</url><token>99.11.602</token></unit><unit id="899"><structure_id>14</structure_id><section_number>99.12.101</section_number><catch_line>Intent.</catch_line><url>/99.12.101/</url><token>99.12.101</token></unit><unit id="1149"><structure_id>14</structure_id><section_number>99.12.508</section_number><catch_line>City Of Los Angeles Checklist For Newly- Constructed Nonresidential And High-Rise Residential Buildings.</catch_line><url>/99.12.508/</url><token>99.12.508</token></unit></structure_contents><next_section id="3378"><structure_id>14</structure_id><section_number>99.10.210</section_number><catch_line>Energy Systems.</catch_line><url>/99.10.210/</url><token>99.10.210</token></next_section><metadata></metadata><references></references><url>/99.10.204/</url><token>99.10.204</token><formats><txt>/99.10.204.txt</txt><json>/99.10.204.xml</json></formats><dublin_core><Title>Prescriptive Measures.(Reserved)</Title><Type>Text</Type><Format>text/html</Format><Identifier>&#xA7; 99.10.204</Identifier><Relation>Los Angeles Municipal Code</Relation></dublin_core><plain_text>                            LOS ANGELES MUNICIPAL CODE

PRESCRIPTIVE MEASURES.(RESERVED) (&#xA7; 99.10.204)

&#xA0; PRESCRIPTIVE MEASURES.&#xA0; (Reserved)
</plain_text><html>
					&lt;section&gt;&lt;p&gt;&#xA0; PRESCRIPTIVE MEASURES.&#xA0; (Reserved)&lt;/p&gt;&lt;/section&gt;</html><previous_section id="3879"><structure_id>14</structure_id><section_number>99.10.203</section_number><catch_line>Performance Approach.</catch_line><url>/99.10.203/</url><token>99.10.203</token></previous_section><text><unit id="180" prefix=""><text>&#xA0; PRESCRIPTIVE MEASURES.&#xA0; (Reserved)</text><type>section</type><prefixes><unit></unit></prefixes><entire_prefix></entire_prefix><prefix_anchor></prefix_anchor><level>1</level></unit></text></law>
